datetime,Open,High,Low,Close,Volume
2023-06-26 09:56:00+07:00,12.8,12.8,12.8,12.8,617000.0
2023-06-26 09:57:00+07:00,12.7,12.7,12.7,12.7,200.0
2023-06-26 09:58:00+07:00,12.8,12.8,12.8,12.8,1100.0
2023-06-26 09:59:00+07:00,12.8,12.8,12.7,12.8,2500.0
2023-06-26 10:00:00+07:00,12.8,12.8,12.8,12.8,9200.0
2023-06-26 10:01:00+07:00,12.8,13.0,12.8,13.0,2034100.0
2023-06-26 10:02:00+07:00,13.0,13.1,13.0,13.1,792300.0
2023-06-26 10:03:00+07:00,13.1,13.1,13.0,13.1,11800.0
2023-06-26 10:04:00+07:00,13.0,13.1,13.0,13.0,681600.0
2023-06-26 10:05:00+07:00,13.0,13.0,13.0,13.0,157500.0
2023-06-26 10:06:00+07:00,13.0,13.1,13.0,13.1,39200.0
2023-06-26 10:07:00+07:00,13.0,13.0,13.0,13.0,17800.0
2023-06-26 10:08:00+07:00,13.0,13.0,13.0,13.0,21600.0
2023-06-26 10:09:00+07:00,13.0,13.1,13.0,13.0,269200.0
2023-06-26 10:10:00+07:00,13.0,13.0,13.0,13.0,1200.0
2023-06-26 10:11:00+07:00,13.0,13.0,13.0,13.0,1600.0
2023-06-26 10:12:00+07:00,13.0,13.0,13.0,13.0,2800.0
2023-06-26 10:13:00+07:00,13.0,13.0,13.0,13.0,800.0
2023-06-26 10:14:00+07:00,13.0,13.0,13.0,13.0,2500.0
2023-06-26 10:15:00+07:00,13.0,13.0,13.0,13.0,100.0
2023-06-26 10:16:00+07:00,13.0,13.0,12.9,12.9,2700.0
2023-06-26 10:17:00+07:00,12.9,13.0,12.9,13.0,1500.0
2023-06-26 10:18:00+07:00,12.9,12.9,12.9,12.9,3800.0
2023-06-26 10:19:00+07:00,12.9,13.0,12.9,12.9,4700.0
2023-06-26 10:20:00+07:00,12.9,13.0,12.9,13.0,15800.0
2023-06-26 10:21:00+07:00,12.9,13.0,12.9,13.0,5800.0
2023-06-26 10:22:00+07:00,13.0,13.0,12.9,13.0,12400.0
2023-06-26 10:23:00+07:00,12.9,13.0,12.8,12.8,454300.0
2023-06-26 10:24:00+07:00,12.8,12.8,12.8,12.8,9500.0
2023-06-26 10:25:00+07:00,12.8,12.9,12.8,12.9,11000.0
2023-06-26 10:26:00+07:00,12.8,12.9,12.8,12.9,8000.0
2023-06-26 10:27:00+07:00,12.8,12.9,12.8,12.9,5200.0
2023-06-26 10:28:00+07:00,12.9,12.9,12.8,12.9,6000.0
2023-06-26 10:29:00+07:00,12.9,12.9,12.8,12.9,29200.0
2023-06-26 10:30:00+07:00,12.9,12.9,12.8,12.8,5900.0
2023-06-26 10:31:00+07:00,12.9,12.9,12.8,12.9,5300.0
2023-06-26 10:32:00+07:00,12.8,12.9,12.8,12.9,9500.0
2023-06-26 10:33:00+07:00,12.9,12.9,12.8,12.9,12200.0
2023-06-26 10:34:00+07:00,12.8,12.9,12.8,12.9,5700.0
2023-06-26 10:35:00+07:00,12.8,12.9,12.8,12.9,15300.0
2023-06-26 10:36:00+07:00,12.8,12.9,12.8,12.9,32800.0
2023-06-26 10:37:00+07:00,12.8,12.9,12.8,12.9,12000.0
2023-06-26 10:38:00+07:00,12.9,12.9,12.8,12.9,3300.0
2023-06-26 10:39:00+07:00,12.8,12.9,12.8,12.9,11700.0
2023-06-26 10:40:00+07:00,12.8,12.9,12.8,12.9,10000.0
2023-06-26 10:41:00+07:00,12.8,12.9,12.8,12.9,11600.0
2023-06-26 10:42:00+07:00,12.8,12.9,12.8,12.9,4600.0
2023-06-26 10:43:00+07:00,12.8,12.9,12.8,12.9,43000.0
2023-06-26 10:44:00+07:00,12.8,12.8,12.8,12.8,9500.0
2023-06-26 10:45:00+07:00,12.8,12.8,12.8,12.8,174300.0
2023-06-26 10:46:00+07:00,12.8,12.8,12.7,12.8,22200.0
2023-06-26 10:47:00+07:00,12.8,12.8,12.7,12.8,8500.0
2023-06-26 10:48:00+07:00,12.7,12.8,12.7,12.8,10300.0
2023-06-26 10:49:00+07:00,12.7,12.8,12.7,12.8,27200.0
2023-06-26 10:50:00+07:00,12.8,12.8,12.8,12.8,219000.0
2023-06-26 10:51:00+07:00,12.8,12.8,12.8,12.8,200.0
2023-06-26 10:52:00+07:00,12.8,12.9,12.8,12.9,190000.0
2023-06-26 10:53:00+07:00,12.9,12.9,12.9,12.9,200.0
2023-06-26 10:54:00+07:00,12.8,12.9,12.8,12.9,6300.0
2023-06-26 10:55:00+07:00,12.8,12.9,12.8,12.9,49400.0
2023-06-26 10:56:00+07:00,12.9,12.9,12.9,12.9,300.0
2023-06-26 10:58:00+07:00,12.9,12.9,12.9,12.9,2900.0
2023-06-26 10:59:00+07:00,12.9,12.9,12.8,12.9,27100.0
2023-06-26 11:00:00+07:00,12.8,12.9,12.8,12.9,6900.0
2023-06-26 11:02:00+07:00,12.9,12.9,12.9,12.9,200.0
2023-06-26 11:04:00+07:00,12.9,12.9,12.9,12.9,100.0
2023-06-26 11:05:00+07:00,12.9,12.9,12.8,12.8,332600.0
2023-06-26 11:06:00+07:00,12.8,12.8,12.7,12.7,700.0
2023-06-26 11:07:00+07:00,12.7,12.7,12.7,12.7,3500.0
2023-06-26 11:08:00+07:00,12.7,12.9,12.7,12.9,258900.0
2023-06-26 11:11:00+07:00,12.9,12.9,12.9,12.9,200.0
2023-06-26 11:12:00+07:00,12.8,12.9,12.8,12.9,26500.0
2023-06-26 11:13:00+07:00,12.9,12.9,12.8,12.9,1200.0
2023-06-26 11:14:00+07:00,12.9,12.9,12.9,12.9,200.0
2023-06-26 11:15:00+07:00,12.8,12.9,12.8,12.9,1500.0
2023-06-26 11:16:00+07:00,12.8,12.9,12.8,12.9,4500.0
2023-06-26 11:17:00+07:00,12.9,12.9,12.9,12.9,200.0
2023-06-26 11:19:00+07:00,12.8,12.9,12.8,12.9,23600.0
2023-06-26 11:20:00+07:00,12.9,12.9,12.9,12.9,200.0
2023-06-26 11:23:00+07:00,12.8,12.9,12.8,12.9,4900.0
2023-06-26 11:24:00+07:00,12.9,12.9,12.9,12.9,200.0
2023-06-26 11:25:00+07:00,12.8,12.9,12.8,12.9,19900.0
2023-06-26 11:27:00+07:00,12.9,12.9,12.9,12.9,200.0
2023-06-26 11:29:00+07:00,12.8,12.9,12.8,12.9,11200.0
2023-06-26 11:30:00+07:00,12.8,12.9,12.8,12.9,43500.0
2023-06-26 11:31:00+07:00,12.9,12.9,12.9,12.9,9400.0
2023-06-26 11:32:00+07:00,12.8,12.9,12.8,12.9,28700.0
2023-06-26 11:33:00+07:00,12.9,12.9,12.9,12.9,11900.0
2023-06-26 11:34:00+07:00,12.9,12.9,12.9,12.9,13000.0
2023-06-26 11:35:00+07:00,12.8,12.9,12.8,12.8,111500.0
2023-06-26 11:36:00+07:00,12.8,12.8,12.8,12.8,300.0
2023-06-26 11:37:00+07:00,12.8,12.9,12.8,12.9,7400.0
2023-06-26 11:38:00+07:00,12.9,12.9,12.9,12.9,2800.0
2023-06-26 11:39:00+07:00,12.8,12.9,12.8,12.9,6400.0
2023-06-26 11:40:00+07:00,12.8,12.8,12.8,12.8,213000.0
2023-06-26 11:41:00+07:00,12.7,12.8,12.7,12.8,39500.0
2023-06-26 11:45:00+07:00,12.7,12.8,12.7,12.8,11500.0
2023-06-26 11:48:00+07:00,12.7,12.8,12.7,12.8,40700.0
2023-06-26 11:50:00+07:00,12.8,12.8,12.8,12.8,100.0
2023-06-26 11:51:00+07:00,12.7,12.8,12.7,12.8,15000.0
2023-06-26 11:54:00+07:00,12.7,12.8,12.7,12.7,36400.0
2023-06-26 11:55:00+07:00,12.8,12.8,12.8,12.8,900.0
2023-06-26 11:56:00+07:00,12.7,12.8,12.7,12.8,10100.0
2023-06-26 11:57:00+07:00,12.7,12.8,12.7,12.8,3500.0
2023-06-26 11:58:00+07:00,12.7,12.8,12.7,12.8,7400.0
2023-06-26 11:59:00+07:00,12.7,12.8,12.7,12.8,23300.0
2023-06-26 12:01:00+07:00,12.7,12.8,12.7,12.8,35400.0
2023-06-26 12:02:00+07:00,12.8,12.8,12.7,12.8,19000.0
2023-06-26 12:03:00+07:00,12.7,12.8,12.7,12.8,12900.0
2023-06-26 12:05:00+07:00,12.8,12.8,12.7,12.8,12300.0
2023-06-26 12:06:00+07:00,12.8,12.8,12.7,12.8,15400.0
2023-06-26 12:07:00+07:00,12.8,12.8,12.7,12.8,31100.0
2023-06-26 12:08:00+07:00,12.7,12.8,12.7,12.7,10200.0
2023-06-26 12:09:00+07:00,12.7,12.7,12.7,12.7,4500.0
2023-06-26 12:10:00+07:00,12.7,12.8,12.7,12.8,12900.0
2023-06-26 12:11:00+07:00,12.8,12.8,12.8,12.8,10000.0
2023-06-26 12:12:00+07:00,12.8,12.8,12.7,12.7,80800.0
2023-06-26 12:13:00+07:00,12.7,12.7,12.7,12.7,5700.0
2023-06-26 12:14:00+07:00,12.7,12.8,12.7,12.8,26600.0
2023-06-26 12:15:00+07:00,12.7,12.7,12.7,12.7,4600.0
2023-06-26 12:16:00+07:00,12.8,12.8,12.7,12.7,5200.0
2023-06-26 12:17:00+07:00,12.7,12.8,12.7,12.8,8300.0
2023-06-26 12:18:00+07:00,12.7,12.7,12.6,12.7,355100.0
2023-06-26 12:19:00+07:00,12.6,12.7,12.6,12.7,274600.0
2023-06-26 12:20:00+07:00,12.7,12.7,12.6,12.7,9600.0
2023-06-26 12:21:00+07:00,12.6,12.7,12.6,12.6,30500.0
2023-06-26 12:22:00+07:00,12.6,12.7,12.6,12.6,28000.0
2023-06-26 12:23:00+07:00,12.6,12.7,12.6,12.7,9700.0
2023-06-26 12:24:00+07:00,12.7,12.7,12.7,12.7,11200.0
2023-06-26 12:25:00+07:00,12.6,12.7,12.6,12.6,4000.0
2023-06-26 12:26:00+07:00,12.6,12.7,12.6,12.6,11800.0
2023-06-26 12:27:00+07:00,12.6,12.7,12.6,12.7,23000.0
2023-06-26 12:28:00+07:00,12.6,12.7,12.6,12.7,8200.0
2023-06-26 12:29:00+07:00,12.6,12.7,12.6,12.7,700.0
2023-06-26 14:26:00+07:00,12.7,12.7,12.6,12.7,177300.0
2023-06-26 14:27:00+07:00,12.7,12.7,12.7,12.7,4500.0
2023-06-26 14:28:00+07:00,12.7,12.7,12.7,12.7,7900.0
2023-06-26 14:29:00+07:00,12.7,12.7,12.7,12.7,7900.0
2023-06-26 14:30:00+07:00,12.7,12.7,12.6,12.7,6200.0
2023-06-26 14:31:00+07:00,12.7,12.7,12.7,12.7,4200.0
2023-06-26 14:32:00+07:00,12.7,12.7,12.7,12.7,3600.0
2023-06-26 14:33:00+07:00,12.7,12.7,12.7,12.7,11300.0
2023-06-26 14:34:00+07:00,12.7,12.7,12.7,12.7,3800.0
2023-06-26 14:35:00+07:00,12.7,12.7,12.7,12.7,1700.0
2023-06-26 14:36:00+07:00,12.7,12.7,12.7,12.7,4100.0
2023-06-26 14:37:00+07:00,12.7,12.7,12.7,12.7,5200.0
2023-06-26 14:38:00+07:00,12.7,12.7,12.7,12.7,2500.0
2023-06-26 14:39:00+07:00,12.7,12.7,12.7,12.7,1700.0
2023-06-26 14:40:00+07:00,12.7,12.7,12.7,12.7,5400.0
2023-06-26 14:41:00+07:00,12.7,12.7,12.7,12.7,5200.0
2023-06-26 14:42:00+07:00,12.6,12.7,12.6,12.7,9100.0
2023-06-26 14:43:00+07:00,12.6,12.7,12.6,12.7,6500.0
2023-06-26 14:44:00+07:00,12.7,12.7,12.6,12.7,17400.0
2023-06-26 14:45:00+07:00,12.6,12.7,12.6,12.6,5600.0
2023-06-26 14:46:00+07:00,12.7,12.7,12.7,12.7,4300.0
2023-06-26 14:47:00+07:00,12.7,12.7,12.6,12.7,9100.0
2023-06-26 14:48:00+07:00,12.7,12.7,12.6,12.7,8800.0
2023-06-26 14:49:00+07:00,12.7,12.7,12.7,12.7,9200.0
2023-06-26 14:50:00+07:00,12.7,12.7,12.6,12.7,36600.0
2023-06-26 14:51:00+07:00,12.7,12.7,12.7,12.7,36200.0
2023-06-26 14:52:00+07:00,12.7,12.7,12.7,12.7,8400.0
2023-06-26 14:53:00+07:00,12.7,12.7,12.7,12.7,4600.0
2023-06-26 14:54:00+07:00,12.7,12.7,12.7,12.7,29600.0
2023-06-26 14:55:00+07:00,12.7,12.8,12.6,12.8,688900.0
2023-06-26 14:56:00+07:00,12.8,12.8,12.8,12.8,500.0
2023-06-26 14:58:00+07:00,12.8,12.8,12.8,12.8,2700.0
2023-06-26 14:59:00+07:00,12.7,12.8,12.7,12.8,13400.0
2023-06-26 15:00:00+07:00,12.8,12.8,12.8,12.8,100.0
2023-06-26 15:01:00+07:00,12.8,12.8,12.8,12.8,11900.0
2023-06-26 15:02:00+07:00,12.8,12.8,12.8,12.8,9700.0
2023-06-26 15:03:00+07:00,12.8,12.8,12.8,12.8,11200.0
2023-06-26 15:04:00+07:00,12.8,12.8,12.8,12.8,14300.0
2023-06-26 15:05:00+07:00,12.8,12.8,12.7,12.8,10400.0
2023-06-26 15:06:00+07:00,12.8,12.8,12.8,12.8,4300.0
2023-06-26 15:07:00+07:00,12.8,12.8,12.7,12.8,26500.0
2023-06-26 15:08:00+07:00,12.8,12.8,12.8,12.8,3500.0
2023-06-26 15:09:00+07:00,12.8,12.8,12.8,12.8,4700.0
2023-06-26 15:10:00+07:00,12.8,12.8,12.7,12.8,4800.0
2023-06-26 15:11:00+07:00,12.8,12.8,12.8,12.8,5000.0
2023-06-26 15:12:00+07:00,12.8,12.8,12.7,12.7,15300.0
2023-06-26 15:13:00+07:00,12.8,12.8,12.7,12.8,5800.0
2023-06-26 15:14:00+07:00,12.8,12.8,12.8,12.8,4800.0
2023-06-26 15:15:00+07:00,12.8,12.8,12.7,12.8,18600.0
2023-06-26 15:16:00+07:00,12.8,12.8,12.7,12.8,23100.0
2023-06-26 15:17:00+07:00,12.8,12.8,12.7,12.8,12300.0
2023-06-26 15:18:00+07:00,12.8,12.8,12.7,12.8,22400.0
2023-06-26 15:19:00+07:00,12.8,12.8,12.7,12.8,12100.0
2023-06-26 15:20:00+07:00,12.8,12.8,12.7,12.8,19200.0
2023-06-26 15:21:00+07:00,12.8,12.8,12.8,12.8,3500.0
2023-06-26 15:22:00+07:00,12.8,12.8,12.7,12.8,41100.0
2023-06-26 15:23:00+07:00,12.7,12.8,12.7,12.8,12600.0
2023-06-26 15:24:00+07:00,12.7,12.8,12.7,12.8,1700.0
2023-06-26 15:25:00+07:00,12.8,12.8,12.7,12.8,10400.0
2023-06-26 15:27:00+07:00,12.7,12.8,12.7,12.7,6400.0
2023-06-26 15:28:00+07:00,12.7,12.8,12.7,12.8,2400.0
2023-06-26 15:29:00+07:00,12.8,12.8,12.7,12.8,7600.0
2023-06-26 15:30:00+07:00,12.8,12.8,12.7,12.8,6400.0
2023-06-26 15:31:00+07:00,12.8,12.8,12.7,12.8,47400.0
2023-06-26 15:32:00+07:00,12.7,12.8,12.7,12.8,25100.0
2023-06-26 15:33:00+07:00,12.7,12.8,12.7,12.8,2900.0
2023-06-26 15:34:00+07:00,12.8,12.8,12.8,12.8,2800.0
2023-06-26 15:35:00+07:00,12.8,12.8,12.7,12.8,8000.0
2023-06-26 15:36:00+07:00,12.8,12.8,12.8,12.8,2300.0
2023-06-26 15:37:00+07:00,12.8,12.8,12.7,12.8,12700.0
2023-06-26 15:38:00+07:00,12.7,12.8,12.7,12.8,15100.0
2023-06-26 15:39:00+07:00,12.7,12.8,12.7,12.7,15000.0
2023-06-26 15:40:00+07:00,12.8,12.8,12.8,12.8,4100.0
2023-06-26 15:41:00+07:00,12.8,12.8,12.7,12.8,7800.0
2023-06-26 15:42:00+07:00,12.8,12.8,12.7,12.8,4500.0
2023-06-26 15:43:00+07:00,12.7,12.8,12.7,12.7,20800.0
2023-06-26 15:44:00+07:00,12.8,12.8,12.7,12.8,5600.0
2023-06-26 15:45:00+07:00,12.8,12.8,12.7,12.8,5200.0
2023-06-26 15:46:00+07:00,12.8,12.8,12.7,12.8,39700.0
2023-06-26 15:47:00+07:00,12.8,12.8,12.7,12.8,13500.0
2023-06-26 15:48:00+07:00,12.7,12.8,12.7,12.8,8200.0
2023-06-26 15:49:00+07:00,12.8,12.8,12.7,12.8,17700.0
2023-06-26 15:50:00+07:00,12.8,12.8,12.7,12.8,9100.0
2023-06-26 15:51:00+07:00,12.8,12.8,12.8,12.8,3200.0
2023-06-26 15:52:00+07:00,12.8,12.8,12.7,12.8,7400.0
2023-06-26 15:53:00+07:00,12.8,12.8,12.8,12.8,3300.0
2023-06-26 15:54:00+07:00,12.7,12.8,12.7,12.8,14200.0
2023-06-26 15:55:00+07:00,12.8,12.8,12.7,12.8,9900.0
2023-06-26 15:56:00+07:00,12.7,12.8,12.7,12.8,60800.0
2023-06-26 15:57:00+07:00,12.7,12.8,12.7,12.8,4300.0
2023-06-26 15:58:00+07:00,12.7,12.8,12.7,12.8,85300.0
2023-06-26 15:59:00+07:00,12.7,12.8,12.7,12.8,15400.0
2023-06-26 16:00:00+07:00,12.7,12.8,12.7,12.8,15900.0
2023-06-26 16:01:00+07:00,12.8,12.8,12.7,12.8,12400.0
2023-06-26 16:02:00+07:00,12.7,12.8,12.7,12.8,16600.0
2023-06-26 16:03:00+07:00,12.8,12.8,12.7,12.8,24200.0
2023-06-26 16:04:00+07:00,12.7,12.8,12.7,12.8,8900.0
2023-06-26 16:05:00+07:00,12.7,12.8,12.7,12.7,19600.0
2023-06-26 16:06:00+07:00,12.8,12.8,12.7,12.8,14500.0
2023-06-26 16:07:00+07:00,12.7,12.8,12.6,12.6,425100.0
2023-06-26 16:08:00+07:00,12.6,12.6,12.6,12.6,6200.0
2023-06-26 16:09:00+07:00,12.7,12.7,12.6,12.6,17500.0
2023-06-26 16:10:00+07:00,12.6,12.7,12.6,12.7,9700.0
2023-06-26 16:11:00+07:00,12.7,12.7,12.6,12.7,22200.0
2023-06-26 16:12:00+07:00,12.7,12.7,12.6,12.6,63400.0
2023-06-26 16:13:00+07:00,12.7,12.7,12.6,12.6,23100.0
2023-06-26 16:14:00+07:00,12.7,12.7,12.6,12.6,15600.0
2023-06-26 16:15:00+07:00,12.7,12.7,12.6,12.7,18500.0
2023-06-26 16:16:00+07:00,12.6,12.7,12.6,12.6,18400.0
2023-06-26 16:17:00+07:00,12.6,12.6,12.6,12.6,9300.0
2023-06-26 16:18:00+07:00,12.6,12.7,12.6,12.6,25200.0
2023-06-26 16:19:00+07:00,12.6,12.7,12.6,12.6,44100.0
2023-06-26 16:20:00+07:00,12.6,12.7,12.6,12.6,25900.0
2023-06-26 16:21:00+07:00,12.7,12.7,12.6,12.6,19000.0
2023-06-26 16:22:00+07:00,12.7,12.7,12.6,12.6,21000.0
2023-06-26 16:23:00+07:00,12.6,12.7,12.6,12.6,47900.0
2023-06-26 16:24:00+07:00,12.7,12.7,12.6,12.6,25700.0
2023-06-26 16:25:00+07:00,12.7,12.7,12.6,12.7,24100.0
2023-06-26 16:26:00+07:00,12.6,12.7,12.6,12.6,41900.0
2023-06-26 16:27:00+07:00,12.7,12.7,12.6,12.7,34300.0
2023-06-26 16:28:00+07:00,12.7,12.7,12.6,12.7,33300.0
2023-06-26 16:29:00+07:00,12.6,12.7,12.6,12.7,279000.0
2023-06-26 16:39:00+07:00,12.7,12.7,12.7,12.7,811000.0
2023-06-27 09:55:00+07:00,12.7,12.7,12.7,12.7,312100.0
2023-06-27 09:59:00+07:00,12.8,12.8,12.8,12.8,100.0
2023-06-27 10:02:00+07:00,12.7,12.8,12.7,12.8,152200.0
2023-06-27 10:03:00+07:00,12.7,12.7,12.7,12.7,43400.0
2023-06-27 10:04:00+07:00,12.7,12.7,12.7,12.7,24900.0
2023-06-27 10:05:00+07:00,12.7,12.7,12.7,12.7,4500.0
2023-06-27 10:06:00+07:00,12.6,12.7,12.6,12.7,57700.0
2023-06-27 10:07:00+07:00,12.7,12.7,12.7,12.7,148200.0
2023-06-27 10:08:00+07:00,12.7,12.7,12.7,12.7,67700.0
2023-06-27 10:09:00+07:00,12.7,12.8,12.7,12.8,98000.0
2023-06-27 10:10:00+07:00,12.7,12.8,12.7,12.7,9100.0
2023-06-27 10:11:00+07:00,12.7,12.7,12.7,12.7,14100.0
2023-06-27 10:12:00+07:00,12.7,12.7,12.7,12.7,3000.0
2023-06-27 10:13:00+07:00,12.7,12.7,12.7,12.7,6800.0
2023-06-27 10:14:00+07:00,12.7,12.8,12.7,12.7,3700.0
2023-06-27 10:15:00+07:00,12.7,12.7,12.7,12.7,1100.0
2023-06-27 10:16:00+07:00,12.7,12.8,12.7,12.8,194000.0
2023-06-27 10:18:00+07:00,12.8,12.8,12.8,12.8,300.0
2023-06-27 10:19:00+07:00,12.7,12.8,12.7,12.8,5400.0
2023-06-27 10:20:00+07:00,12.8,12.8,12.8,12.8,3500.0
2023-06-27 10:21:00+07:00,12.7,12.8,12.7,12.8,6600.0
2023-06-27 10:22:00+07:00,12.7,12.8,12.7,12.8,7400.0
2023-06-27 10:23:00+07:00,12.8,12.8,12.8,12.8,6000.0
2023-06-27 10:24:00+07:00,12.8,12.8,12.8,12.8,10500.0
2023-06-27 10:25:00+07:00,12.8,12.8,12.8,12.8,12100.0
2023-06-27 10:26:00+07:00,12.8,12.8,12.8,12.8,5600.0
2023-06-27 10:27:00+07:00,12.8,12.8,12.8,12.8,7700.0
2023-06-27 10:28:00+07:00,12.8,12.8,12.7,12.8,10100.0
2023-06-27 10:29:00+07:00,12.8,12.8,12.8,12.8,9100.0
2023-06-27 10:30:00+07:00,12.8,12.8,12.7,12.7,49400.0
2023-06-27 10:31:00+07:00,12.7,12.7,12.6,12.7,206700.0
2023-06-27 10:32:00+07:00,12.7,12.7,12.6,12.6,5100.0
2023-06-27 10:35:00+07:00,12.7,12.7,12.7,12.7,500.0
2023-06-27 10:37:00+07:00,12.7,12.7,12.7,12.7,1000.0
2023-06-27 10:38:00+07:00,12.7,12.8,12.7,12.7,152800.0
2023-06-27 10:39:00+07:00,12.7,12.7,12.7,12.7,200.0
2023-06-27 10:42:00+07:00,12.7,12.7,12.7,12.7,200.0
2023-06-27 10:43:00+07:00,12.7,12.8,12.7,12.8,200.0
2023-06-27 10:45:00+07:00,12.8,12.8,12.7,12.8,48300.0
2023-06-27 10:46:00+07:00,12.7,12.8,12.7,12.8,4600.0
2023-06-27 10:47:00+07:00,12.8,12.8,12.8,12.8,1400.0
2023-06-27 10:48:00+07:00,12.8,12.8,12.8,12.8,3400.0
2023-06-27 10:49:00+07:00,12.8,12.8,12.7,12.8,10900.0
2023-06-27 10:50:00+07:00,12.8,12.8,12.8,12.8,2000.0
2023-06-27 10:51:00+07:00,12.8,12.8,12.8,12.8,1000.0
2023-06-27 10:52:00+07:00,12.8,12.8,12.8,12.8,1100.0
2023-06-27 10:53:00+07:00,12.8,12.8,12.8,12.8,2000.0
2023-06-27 10:54:00+07:00,12.8,12.8,12.8,12.8,900.0
2023-06-27 10:55:00+07:00,12.8,12.8,12.8,12.8,7100.0
2023-06-27 10:56:00+07:00,12.8,12.8,12.8,12.8,900.0
2023-06-27 10:57:00+07:00,12.8,12.8,12.8,12.8,11500.0
2023-06-27 10:59:00+07:00,12.8,12.8,12.8,12.8,2500.0
2023-06-27 11:00:00+07:00,12.8,12.8,12.8,12.8,1800.0
2023-06-27 11:01:00+07:00,12.7,12.8,12.7,12.8,66300.0
2023-06-27 11:02:00+07:00,12.8,12.8,12.8,12.8,2900.0
2023-06-27 11:03:00+07:00,12.8,12.8,12.8,12.8,2500.0
2023-06-27 11:04:00+07:00,12.8,12.8,12.8,12.8,1700.0
2023-06-27 11:05:00+07:00,12.8,12.8,12.8,12.8,900.0
2023-06-27 11:06:00+07:00,12.8,12.8,12.8,12.8,700.0
2023-06-27 11:07:00+07:00,12.8,12.8,12.7,12.7,133300.0
2023-06-27 11:09:00+07:00,12.8,12.8,12.8,12.8,1000.0
2023-06-27 11:10:00+07:00,12.7,12.8,12.7,12.8,36600.0
2023-06-27 11:12:00+07:00,12.7,12.7,12.7,12.7,300.0
2023-06-27 11:14:00+07:00,12.7,12.8,12.7,12.8,11200.0
2023-06-27 11:15:00+07:00,12.7,12.8,12.7,12.8,47400.0
2023-06-27 11:19:00+07:00,12.8,12.8,12.8,12.8,1100.0
2023-06-27 11:21:00+07:00,12.8,12.8,12.8,12.8,3000.0
2023-06-27 11:22:00+07:00,12.8,12.8,12.7,12.8,58900.0
2023-06-27 11:23:00+07:00,12.8,12.8,12.8,12.8,5900.0
2023-06-27 11:24:00+07:00,12.8,12.8,12.8,12.8,3100.0
2023-06-27 11:25:00+07:00,12.8,12.8,12.7,12.8,5700.0
2023-06-27 11:26:00+07:00,12.8,12.8,12.8,12.8,2500.0
2023-06-27 11:27:00+07:00,12.8,12.8,12.7,12.8,5800.0
2023-06-27 11:28:00+07:00,12.7,12.8,12.7,12.7,5100.0
2023-06-27 11:29:00+07:00,12.7,12.8,12.7,12.8,7500.0
2023-06-27 11:30:00+07:00,12.8,12.8,12.7,12.7,13100.0
2023-06-27 11:31:00+07:00,12.8,12.8,12.6,12.7,257800.0
2023-06-27 11:32:00+07:00,12.7,12.7,12.7,12.7,5300.0
2023-06-27 11:33:00+07:00,12.7,12.7,12.7,12.7,4400.0
2023-06-27 11:34:00+07:00,12.7,12.7,12.7,12.7,2500.0
2023-06-27 11:35:00+07:00,12.7,12.7,12.7,12.7,1800.0
2023-06-27 11:36:00+07:00,12.7,12.7,12.7,12.7,4200.0
2023-06-27 11:37:00+07:00,12.7,12.7,12.7,12.7,2100.0
2023-06-27 11:38:00+07:00,12.7,12.7,12.7,12.7,3200.0
2023-06-27 11:40:00+07:00,12.7,12.7,12.6,12.7,3400.0
2023-06-27 11:41:00+07:00,12.7,12.7,12.7,12.7,2000.0
2023-06-27 11:43:00+07:00,12.7,12.7,12.7,12.7,6300.0
2023-06-27 11:44:00+07:00,12.7,12.7,12.7,12.7,1500.0
2023-06-27 11:45:00+07:00,12.7,12.7,12.6,12.7,49900.0
2023-06-27 11:49:00+07:00,12.7,12.7,12.7,12.7,1000.0
2023-06-27 11:50:00+07:00,12.6,12.6,12.6,12.6,172500.0
2023-06-27 11:52:00+07:00,12.6,12.6,12.6,12.6,200.0
2023-06-27 11:55:00+07:00,12.7,12.7,12.7,12.7,600.0
2023-06-27 11:56:00+07:00,12.7,12.7,12.7,12.7,1000.0
2023-06-27 11:57:00+07:00,12.7,12.7,12.7,12.7,600.0
2023-06-27 11:58:00+07:00,12.7,12.7,12.6,12.6,17800.0
2023-06-27 12:00:00+07:00,12.7,12.7,12.6,12.7,48000.0
2023-06-27 12:01:00+07:00,12.7,12.7,12.7,12.7,4100.0
2023-06-27 12:02:00+07:00,12.7,12.7,12.7,12.7,6200.0
2023-06-27 12:03:00+07:00,12.7,12.7,12.7,12.7,2400.0
2023-06-27 12:04:00+07:00,12.7,12.7,12.7,12.7,8100.0
2023-06-27 12:05:00+07:00,12.7,12.7,12.7,12.7,7800.0
2023-06-27 12:06:00+07:00,12.7,12.7,12.7,12.7,12700.0
2023-06-27 12:07:00+07:00,12.7,12.7,12.7,12.7,12400.0
2023-06-27 12:08:00+07:00,12.7,12.7,12.7,12.7,10400.0
2023-06-27 12:09:00+07:00,12.7,12.7,12.7,12.7,11700.0
2023-06-27 12:10:00+07:00,12.7,12.7,12.7,12.7,12400.0
2023-06-27 12:11:00+07:00,12.7,12.7,12.7,12.7,5200.0
2023-06-27 12:12:00+07:00,12.7,12.7,12.7,12.7,10900.0
2023-06-27 12:13:00+07:00,12.7,12.7,12.7,12.7,9500.0
2023-06-27 12:14:00+07:00,12.7,12.7,12.7,12.7,33500.0
2023-06-27 12:15:00+07:00,12.7,12.7,12.6,12.7,85700.0
2023-06-27 12:16:00+07:00,12.7,12.7,12.7,12.7,3600.0
2023-06-27 12:17:00+07:00,12.7,12.7,12.7,12.7,6200.0
2023-06-27 12:18:00+07:00,12.7,12.7,12.7,12.7,9300.0
2023-06-27 12:19:00+07:00,12.7,12.7,12.7,12.7,8200.0
2023-06-27 12:20:00+07:00,12.7,12.7,12.7,12.7,3400.0
2023-06-27 12:21:00+07:00,12.7,12.7,12.7,12.7,8500.0
2023-06-27 12:22:00+07:00,12.7,12.7,12.7,12.7,7700.0
2023-06-27 12:23:00+07:00,12.7,12.7,12.7,12.7,5400.0
2023-06-27 12:24:00+07:00,12.7,12.7,12.7,12.7,10100.0
2023-06-27 12:25:00+07:00,12.7,12.7,12.6,12.6,63900.0
2023-06-27 12:26:00+07:00,12.6,12.7,12.6,12.7,16200.0
2023-06-27 12:27:00+07:00,12.6,12.6,12.6,12.6,2300.0
2023-06-27 12:28:00+07:00,12.6,12.6,12.6,12.6,3200.0
2023-06-27 12:29:00+07:00,12.6,12.7,12.6,12.7,800.0
2023-06-27 14:27:00+07:00,12.7,12.7,12.6,12.7,85700.0
2023-06-27 14:28:00+07:00,12.7,12.7,12.7,12.7,5800.0
2023-06-27 14:29:00+07:00,12.7,12.7,12.7,12.7,4200.0
2023-06-27 14:30:00+07:00,12.7,12.7,12.6,12.7,4800.0
2023-06-27 14:31:00+07:00,12.7,12.8,12.7,12.8,494700.0
2023-06-27 14:32:00+07:00,12.7,12.8,12.7,12.7,135600.0
2023-06-27 14:34:00+07:00,12.7,12.7,12.7,12.7,2100.0
2023-06-27 14:35:00+07:00,12.7,12.7,12.7,12.7,12900.0
2023-06-27 14:36:00+07:00,12.7,12.7,12.7,12.7,2200.0
2023-06-27 14:37:00+07:00,12.7,12.7,12.7,12.7,7300.0
2023-06-27 14:38:00+07:00,12.7,12.7,12.7,12.7,1600.0
2023-06-27 14:39:00+07:00,12.7,12.7,12.7,12.7,2300.0
2023-06-27 14:40:00+07:00,12.7,12.7,12.7,12.7,13600.0
2023-06-27 14:41:00+07:00,12.7,12.7,12.7,12.7,12500.0
2023-06-27 14:42:00+07:00,12.7,12.7,12.7,12.7,4700.0
2023-06-27 14:43:00+07:00,12.7,12.7,12.7,12.7,3200.0
2023-06-27 14:44:00+07:00,12.7,12.7,12.7,12.7,6600.0
2023-06-27 14:45:00+07:00,12.7,12.7,12.6,12.7,73000.0
2023-06-27 14:46:00+07:00,12.7,12.7,12.6,12.6,15800.0
2023-06-27 14:47:00+07:00,12.7,12.7,12.7,12.7,3400.0
2023-06-27 14:48:00+07:00,12.7,12.7,12.7,12.7,5500.0
2023-06-27 14:49:00+07:00,12.7,12.7,12.7,12.7,3400.0
2023-06-27 14:50:00+07:00,12.7,12.8,12.7,12.8,249500.0
2023-06-27 14:51:00+07:00,12.7,12.7,12.7,12.7,100.0
2023-06-27 14:53:00+07:00,12.7,12.8,12.7,12.7,149900.0
2023-06-27 14:54:00+07:00,12.7,12.7,12.7,12.7,200.0
2023-06-27 14:55:00+07:00,12.7,12.7,12.7,12.7,100600.0
2023-06-27 14:56:00+07:00,12.7,12.7,12.7,12.7,135500.0
2023-06-27 14:57:00+07:00,12.7,12.7,12.7,12.7,1100.0
2023-06-27 14:58:00+07:00,12.7,12.7,12.7,12.7,100.0
2023-06-27 14:59:00+07:00,12.7,12.7,12.7,12.7,41100.0
2023-06-27 15:00:00+07:00,12.7,12.7,12.7,12.7,42400.0
2023-06-27 15:01:00+07:00,12.7,12.7,12.7,12.7,6500.0
2023-06-27 15:02:00+07:00,12.7,12.7,12.7,12.7,6500.0
2023-06-27 15:03:00+07:00,12.7,12.7,12.7,12.7,6500.0
2023-06-27 15:04:00+07:00,12.7,12.7,12.7,12.7,7800.0
2023-06-27 15:05:00+07:00,12.7,12.7,12.7,12.7,15100.0
2023-06-27 15:06:00+07:00,12.7,12.7,12.7,12.7,2900.0
2023-06-27 15:07:00+07:00,12.7,12.7,12.7,12.7,3100.0
2023-06-27 15:08:00+07:00,12.7,12.7,12.7,12.7,2800.0
2023-06-27 15:09:00+07:00,12.7,12.7,12.7,12.7,8100.0
2023-06-27 15:10:00+07:00,12.7,12.7,12.7,12.7,2500.0
2023-06-27 15:11:00+07:00,12.7,12.7,12.7,12.7,2700.0
2023-06-27 15:12:00+07:00,12.7,12.7,12.7,12.7,6100.0
2023-06-27 15:13:00+07:00,12.7,12.7,12.6,12.7,8300.0
2023-06-27 15:14:00+07:00,12.7,12.7,12.7,12.7,1800.0
2023-06-27 15:15:00+07:00,12.7,12.7,12.6,12.7,59400.0
2023-06-27 15:16:00+07:00,12.7,12.7,12.6,12.7,11900.0
2023-06-27 15:17:00+07:00,12.7,12.8,12.7,12.8,206800.0
2023-06-27 15:21:00+07:00,12.7,12.8,12.7,12.8,1100.0
2023-06-27 15:25:00+07:00,12.8,12.8,12.8,12.8,1600.0
2023-06-27 15:26:00+07:00,12.8,12.8,12.7,12.8,27400.0
2023-06-27 15:27:00+07:00,12.8,12.8,12.8,12.8,3500.0
2023-06-27 15:28:00+07:00,12.8,12.8,12.8,12.8,4000.0
2023-06-27 15:29:00+07:00,12.8,12.8,12.7,12.8,8400.0
2023-06-27 15:30:00+07:00,12.8,12.8,12.7,12.8,13100.0
2023-06-27 15:31:00+07:00,12.8,12.8,12.7,12.8,68800.0
2023-06-27 15:32:00+07:00,12.7,12.8,12.7,12.8,2300.0
2023-06-27 15:33:00+07:00,12.8,12.8,12.7,12.8,6200.0
2023-06-27 15:34:00+07:00,12.8,12.8,12.7,12.8,5600.0
2023-06-27 15:35:00+07:00,12.8,12.8,12.7,12.8,17500.0
2023-06-27 15:36:00+07:00,12.8,12.8,12.7,12.8,7500.0
2023-06-27 15:37:00+07:00,12.8,12.8,12.7,12.8,11300.0
2023-06-27 15:38:00+07:00,12.8,12.8,12.7,12.8,6700.0
2023-06-27 15:39:00+07:00,12.7,12.8,12.7,12.8,12000.0
2023-06-27 15:40:00+07:00,12.8,12.8,12.7,12.8,9800.0
2023-06-27 15:41:00+07:00,12.8,12.8,12.7,12.7,495400.0
2023-06-27 15:42:00+07:00,12.6,12.7,12.6,12.6,55700.0
2023-06-27 15:43:00+07:00,12.6,12.7,12.6,12.7,814200.0
2023-06-27 15:45:00+07:00,12.6,12.7,12.6,12.7,43900.0
2023-06-27 15:48:00+07:00,12.6,12.7,12.6,12.7,22600.0
2023-06-27 15:49:00+07:00,12.6,12.7,12.6,12.7,3400.0
2023-06-27 15:51:00+07:00,12.6,12.7,12.6,12.7,2200.0
2023-06-27 15:52:00+07:00,12.7,12.7,12.7,12.7,300.0
2023-06-27 15:53:00+07:00,12.6,12.7,12.6,12.7,4500.0
2023-06-27 15:54:00+07:00,12.6,12.7,12.6,12.7,2000.0
2023-06-27 15:57:00+07:00,12.7,12.7,12.7,12.7,500.0
2023-06-27 15:58:00+07:00,12.6,12.7,12.6,12.7,5500.0
2023-06-27 15:59:00+07:00,12.6,12.7,12.6,12.7,2800.0
2023-06-27 16:00:00+07:00,12.6,12.7,12.6,12.7,50000.0
2023-06-27 16:01:00+07:00,12.7,12.7,12.6,12.7,1900.0
2023-06-27 16:02:00+07:00,12.7,12.7,12.7,12.7,1700.0
2023-06-27 16:03:00+07:00,12.7,12.7,12.7,12.7,800.0
2023-06-27 16:04:00+07:00,12.6,12.7,12.6,12.7,5400.0
2023-06-27 16:05:00+07:00,12.7,12.7,12.7,12.7,3100.0
2023-06-27 16:06:00+07:00,12.7,12.7,12.7,12.7,4000.0
2023-06-27 16:07:00+07:00,12.7,12.7,12.6,12.7,9400.0
2023-06-27 16:08:00+07:00,12.6,12.7,12.6,12.7,6600.0
2023-06-27 16:09:00+07:00,12.6,12.7,12.6,12.7,4700.0
2023-06-27 16:10:00+07:00,12.7,12.7,12.7,12.7,3300.0
2023-06-27 16:11:00+07:00,12.7,12.7,12.7,12.7,2700.0
2023-06-27 16:12:00+07:00,12.7,12.7,12.6,12.7,5500.0
2023-06-27 16:13:00+07:00,12.7,12.7,12.7,12.7,3200.0
2023-06-27 16:14:00+07:00,12.7,12.7,12.7,12.7,4300.0
2023-06-27 16:15:00+07:00,12.7,12.7,12.7,12.7,1900.0
2023-06-27 16:16:00+07:00,12.7,12.7,12.6,12.7,3000.0
2023-06-27 16:17:00+07:00,12.7,12.7,12.7,12.7,1300.0
2023-06-27 16:18:00+07:00,12.7,12.7,12.6,12.7,3800.0
2023-06-27 16:19:00+07:00,12.7,12.7,12.7,12.7,10300.0
2023-06-27 16:20:00+07:00,12.7,12.7,12.7,12.7,13800.0
2023-06-27 16:21:00+07:00,12.6,12.7,12.6,12.7,40500.0
2023-06-27 16:22:00+07:00,12.7,12.7,12.6,12.6,650000.0
2023-06-27 16:23:00+07:00,12.7,12.7,12.6,12.6,8400.0
2023-06-27 16:24:00+07:00,12.6,12.7,12.6,12.6,56300.0
2023-06-27 16:25:00+07:00,12.7,12.7,12.6,12.7,40700.0
2023-06-27 16:26:00+07:00,12.7,12.7,12.6,12.6,46800.0
2023-06-27 16:27:00+07:00,12.7,12.7,12.6,12.7,37100.0
2023-06-27 16:28:00+07:00,12.7,12.7,12.5,12.5,249400.0
2023-06-27 16:29:00+07:00,12.6,12.7,12.5,12.5,28400.0
2023-06-27 16:39:00+07:00,12.5,12.5,12.5,12.5,1057200.0
2023-06-28 09:59:00+07:00,12.6,12.6,12.6,12.6,404700.0
2023-06-28 10:00:00+07:00,12.6,12.6,12.6,12.6,174400.0
2023-06-28 10:01:00+07:00,12.6,12.7,12.6,12.7,16000.0
2023-06-28 10:02:00+07:00,12.6,12.7,12.6,12.7,10100.0
2023-06-28 10:03:00+07:00,12.7,12.7,12.7,12.7,500.0
2023-06-28 10:04:00+07:00,12.6,12.6,12.6,12.6,124800.0
2023-06-28 10:05:00+07:00,12.6,12.6,12.6,12.6,12600.0
2023-06-28 10:06:00+07:00,12.6,12.6,12.6,12.6,56300.0
2023-06-28 10:07:00+07:00,12.6,12.6,12.6,12.6,2300.0
2023-06-28 10:08:00+07:00,12.6,12.6,12.6,12.6,12800.0
2023-06-28 10:09:00+07:00,12.6,12.6,12.6,12.6,3300.0
2023-06-28 10:10:00+07:00,12.6,12.6,12.6,12.6,1000.0
2023-06-28 10:11:00+07:00,12.6,12.6,12.6,12.6,200.0
2023-06-28 10:13:00+07:00,12.6,12.6,12.6,12.6,200.0
2023-06-28 10:14:00+07:00,12.6,12.6,12.6,12.6,7900.0
2023-06-28 10:15:00+07:00,12.6,12.6,12.6,12.6,100.0
2023-06-28 10:16:00+07:00,12.6,12.6,12.6,12.6,400.0
2023-06-28 10:17:00+07:00,12.6,12.6,12.6,12.6,200.0
2023-06-28 10:20:00+07:00,12.6,12.6,12.5,12.6,75000.0
2023-06-28 10:21:00+07:00,12.5,12.6,12.5,12.6,10900.0
2023-06-28 10:23:00+07:00,12.5,12.6,12.5,12.5,1100.0
2023-06-28 10:24:00+07:00,12.5,12.6,12.5,12.6,11500.0
2023-06-28 10:27:00+07:00,12.6,12.6,12.6,12.6,21100.0
2023-06-28 10:28:00+07:00,12.6,12.6,12.6,12.6,2700.0
2023-06-28 10:30:00+07:00,12.5,12.6,12.5,12.6,3500.0
2023-06-28 10:31:00+07:00,12.5,12.6,12.5,12.6,6400.0
2023-06-28 10:32:00+07:00,12.6,12.6,12.6,12.6,52600.0
2023-06-28 10:33:00+07:00,12.5,12.6,12.5,12.6,2600.0
2023-06-28 10:34:00+07:00,12.5,12.6,12.5,12.6,8800.0
2023-06-28 10:36:00+07:00,12.6,12.6,12.5,12.6,9300.0
2023-06-28 10:37:00+07:00,12.6,12.6,12.6,12.6,1900.0
2023-06-28 10:38:00+07:00,12.5,12.6,12.5,12.5,24600.0
2023-06-28 10:39:00+07:00,12.6,12.6,12.6,12.6,1700.0
2023-06-28 10:40:00+07:00,12.5,12.6,12.5,12.6,9800.0
2023-06-28 10:41:00+07:00,12.5,12.6,12.5,12.6,7400.0
2023-06-28 10:42:00+07:00,12.5,12.6,12.5,12.6,11000.0
2023-06-28 10:43:00+07:00,12.6,12.6,12.6,12.6,8800.0
2023-06-28 10:44:00+07:00,12.5,12.6,12.5,12.6,15200.0
2023-06-28 10:45:00+07:00,12.6,12.6,12.6,12.6,6100.0
2023-06-28 10:46:00+07:00,12.6,12.6,12.5,12.6,12400.0
2023-06-28 10:47:00+07:00,12.6,12.6,12.6,12.6,6000.0
2023-06-28 10:48:00+07:00,12.6,12.6,12.5,12.6,14200.0
2023-06-28 10:49:00+07:00,12.6,12.6,12.6,12.6,9300.0
2023-06-28 10:50:00+07:00,12.6,12.6,12.5,12.5,11600.0
2023-06-28 10:51:00+07:00,12.6,12.6,12.6,12.6,19300.0
2023-06-28 10:52:00+07:00,12.6,12.6,12.5,12.6,12700.0
2023-06-28 10:53:00+07:00,12.6,12.6,12.6,12.6,6400.0
2023-06-28 10:54:00+07:00,12.5,12.6,12.5,12.6,13300.0
2023-06-28 10:55:00+07:00,12.6,12.6,12.5,12.6,15300.0
2023-06-28 10:56:00+07:00,12.6,12.6,12.5,12.6,12400.0
2023-06-28 10:57:00+07:00,12.6,12.6,12.6,12.6,4900.0
2023-06-28 10:58:00+07:00,12.6,12.6,12.5,12.6,17300.0
2023-06-28 10:59:00+07:00,12.6,12.6,12.6,12.6,4800.0
2023-06-28 11:00:00+07:00,12.5,12.6,12.5,12.6,12000.0
2023-06-28 11:01:00+07:00,12.6,12.6,12.5,12.6,8500.0
2023-06-28 11:02:00+07:00,12.5,12.6,12.5,12.6,11000.0
2023-06-28 11:03:00+07:00,12.6,12.6,12.5,12.6,7600.0
2023-06-28 11:04:00+07:00,12.6,12.6,12.5,12.6,12500.0
2023-06-28 11:05:00+07:00,12.6,12.6,12.5,12.6,9200.0
2023-06-28 11:06:00+07:00,12.6,12.6,12.5,12.6,9700.0
2023-06-28 11:07:00+07:00,12.6,12.6,12.6,12.6,6400.0
2023-06-28 11:08:00+07:00,12.6,12.6,12.5,12.6,14500.0
2023-06-28 11:09:00+07:00,12.6,12.6,12.6,12.6,5500.0
2023-06-28 11:10:00+07:00,12.5,12.6,12.5,12.6,17100.0
2023-06-28 11:11:00+07:00,12.6,12.6,12.6,12.6,3900.0
2023-06-28 11:12:00+07:00,12.6,12.6,12.5,12.6,27100.0
2023-06-28 11:13:00+07:00,12.6,12.6,12.6,12.6,6100.0
2023-06-28 11:14:00+07:00,12.6,12.6,12.5,12.6,12000.0
2023-06-28 11:15:00+07:00,12.6,12.6,12.6,12.6,4300.0
2023-06-28 11:16:00+07:00,12.6,12.6,12.5,12.6,12900.0
2023-06-28 11:17:00+07:00,12.6,12.6,12.6,12.6,33600.0
2023-06-28 11:18:00+07:00,12.6,12.6,12.5,12.6,7100.0
2023-06-28 11:19:00+07:00,12.6,12.6,12.6,12.6,2600.0
2023-06-28 11:20:00+07:00,12.5,12.6,12.5,12.6,13700.0
2023-06-28 11:21:00+07:00,12.6,12.6,12.6,12.6,7600.0
2023-06-28 11:22:00+07:00,12.6,12.6,12.5,12.6,21900.0
2023-06-28 11:24:00+07:00,12.6,12.6,12.5,12.6,7500.0
2023-06-28 11:25:00+07:00,12.6,12.6,12.6,12.6,1800.0
2023-06-28 11:26:00+07:00,12.5,12.6,12.5,12.6,43700.0
2023-06-28 11:27:00+07:00,12.5,12.6,12.5,12.5,629600.0
2023-06-28 11:28:00+07:00,12.4,12.4,12.4,12.4,9500.0
2023-06-28 11:29:00+07:00,12.4,12.5,12.4,12.5,10000.0
2023-06-28 11:30:00+07:00,12.4,12.5,12.4,12.5,8900.0
2023-06-28 11:32:00+07:00,12.4,12.4,12.4,12.4,5300.0
2023-06-28 11:33:00+07:00,12.4,12.4,12.4,12.4,20500.0
2023-06-28 11:34:00+07:00,12.4,12.4,12.4,12.4,11800.0
2023-06-28 11:36:00+07:00,12.4,12.4,12.4,12.4,5300.0
2023-06-28 11:38:00+07:00,12.4,12.4,12.4,12.4,5300.0
2023-06-28 11:40:00+07:00,12.4,12.5,12.4,12.4,23000.0
2023-06-28 11:41:00+07:00,12.4,12.4,12.4,12.4,7000.0
2023-06-28 11:42:00+07:00,12.4,12.5,12.4,12.5,60800.0
2023-06-28 11:43:00+07:00,12.4,12.4,12.4,12.4,2000.0
2023-06-28 11:44:00+07:00,12.4,12.4,12.4,12.4,5700.0
2023-06-28 11:46:00+07:00,12.4,12.5,12.4,12.4,6000.0
2023-06-28 11:48:00+07:00,12.4,12.4,12.4,12.4,5300.0
2023-06-28 11:49:00+07:00,12.4,12.4,12.4,12.4,3000.0
2023-06-28 11:50:00+07:00,12.4,12.4,12.4,12.4,5300.0
2023-06-28 11:51:00+07:00,12.4,12.5,12.4,12.4,5100.0
2023-06-28 11:52:00+07:00,12.5,12.5,12.4,12.5,8700.0
2023-06-28 11:53:00+07:00,12.5,12.5,12.5,12.5,4900.0
2023-06-28 11:54:00+07:00,12.5,12.5,12.4,12.5,8400.0
2023-06-28 11:55:00+07:00,12.5,12.5,12.5,12.5,4600.0
2023-06-28 11:56:00+07:00,12.4,12.5,12.4,12.5,10000.0
2023-06-28 11:57:00+07:00,12.5,12.5,12.5,12.5,1600.0
2023-06-28 11:58:00+07:00,12.5,12.5,12.4,12.5,27800.0
2023-06-28 11:59:00+07:00,12.5,12.5,12.5,12.5,2100.0
2023-06-28 12:00:00+07:00,12.4,12.5,12.4,12.5,7400.0
2023-06-28 12:02:00+07:00,12.4,12.4,12.4,12.4,5300.0
2023-06-28 12:03:00+07:00,12.4,12.5,12.4,12.5,9800.0
2023-06-28 12:04:00+07:00,12.4,12.5,12.4,12.5,5600.0
2023-06-28 12:05:00+07:00,12.4,12.5,12.4,12.5,3200.0
2023-06-28 12:06:00+07:00,12.4,12.5,12.4,12.5,9400.0
2023-06-28 12:07:00+07:00,12.5,12.5,12.5,12.5,3300.0
2023-06-28 12:08:00+07:00,12.5,12.5,12.4,12.5,10300.0
2023-06-28 12:09:00+07:00,12.5,12.5,12.5,12.5,3700.0
2023-06-28 12:10:00+07:00,12.5,12.5,12.4,12.5,10300.0
2023-06-28 12:11:00+07:00,12.5,12.5,12.4,12.5,5300.0
2023-06-28 12:12:00+07:00,12.5,12.5,12.4,12.5,11100.0
2023-06-28 12:13:00+07:00,12.4,12.5,12.4,12.5,7500.0
2023-06-28 12:14:00+07:00,12.5,12.5,12.4,12.5,10900.0
2023-06-28 12:15:00+07:00,12.5,12.5,12.5,12.5,8100.0
2023-06-28 12:16:00+07:00,12.5,12.5,12.4,12.5,11600.0
2023-06-28 12:17:00+07:00,12.5,12.5,12.5,12.5,2000.0
2023-06-28 12:18:00+07:00,12.5,12.5,12.4,12.5,21700.0
2023-06-28 12:19:00+07:00,12.5,12.5,12.5,12.5,2000.0
2023-06-28 12:20:00+07:00,12.4,12.5,12.4,12.5,94200.0
2023-06-28 12:21:00+07:00,12.5,12.5,12.4,12.5,8100.0
2023-06-28 12:22:00+07:00,12.4,12.5,12.4,12.5,5800.0
2023-06-28 12:23:00+07:00,12.5,12.5,12.5,12.5,2000.0
2023-06-28 12:24:00+07:00,12.5,12.5,12.4,12.5,12900.0
2023-06-28 12:25:00+07:00,12.5,12.5,12.5,12.5,2500.0
2023-06-28 12:26:00+07:00,12.5,12.5,12.4,12.5,9000.0
2023-06-28 12:27:00+07:00,12.5,12.5,12.5,12.5,4200.0
2023-06-28 12:28:00+07:00,12.4,12.5,12.4,12.5,11000.0
2023-06-28 12:29:00+07:00,12.5,12.5,12.5,12.5,6700.0
2023-06-28 14:28:00+07:00,12.5,12.5,12.5,12.5,122700.0
2023-06-28 14:29:00+07:00,12.5,12.6,12.5,12.6,241600.0
2023-06-28 14:30:00+07:00,12.5,12.6,12.5,12.6,5900.0
2023-06-28 14:31:00+07:00,12.5,12.5,12.4,12.5,168300.0
2023-06-28 14:32:00+07:00,12.4,12.5,12.4,12.5,5900.0
2023-06-28 14:33:00+07:00,12.5,12.5,12.5,12.5,10500.0
2023-06-28 14:34:00+07:00,12.4,12.5,12.4,12.5,5600.0
2023-06-28 14:35:00+07:00,12.4,12.4,12.4,12.4,1000.0
2023-06-28 14:36:00+07:00,12.4,12.5,12.4,12.5,5700.0
2023-06-28 14:38:00+07:00,12.4,12.5,12.4,12.4,16500.0
2023-06-28 14:40:00+07:00,12.4,12.5,12.4,12.5,5600.0
2023-06-28 14:41:00+07:00,12.5,12.5,12.5,12.5,1800.0
2023-06-28 14:42:00+07:00,12.5,12.5,12.4,12.5,14100.0
2023-06-28 14:43:00+07:00,12.5,12.5,12.5,12.5,5600.0
2023-06-28 14:44:00+07:00,12.5,12.5,12.4,12.5,9900.0
2023-06-28 14:45:00+07:00,12.5,12.5,12.5,12.5,5400.0
2023-06-28 14:46:00+07:00,12.5,12.5,12.4,12.5,10800.0
2023-06-28 14:47:00+07:00,12.5,12.5,12.5,12.5,4100.0
2023-06-28 14:48:00+07:00,12.5,12.5,12.4,12.5,9800.0
2023-06-28 14:49:00+07:00,12.5,12.5,12.5,12.5,37000.0
2023-06-28 14:50:00+07:00,12.5,12.5,12.4,12.5,6300.0
2023-06-28 14:51:00+07:00,12.5,12.5,12.5,12.5,600.0
2023-06-28 14:52:00+07:00,12.4,12.5,12.4,12.5,6500.0
2023-06-28 14:53:00+07:00,12.5,12.5,12.5,12.5,1200.0
2023-06-28 14:54:00+07:00,12.5,12.5,12.4,12.5,5700.0
2023-06-28 14:55:00+07:00,12.5,12.5,12.4,12.5,11200.0
2023-06-28 14:56:00+07:00,12.5,12.5,12.4,12.5,338600.0
2023-06-28 14:57:00+07:00,12.5,12.5,12.4,12.5,16400.0
2023-06-28 14:58:00+07:00,12.4,12.5,12.4,12.5,8000.0
2023-06-28 14:59:00+07:00,12.4,12.5,12.4,12.5,1900.0
2023-06-28 15:00:00+07:00,12.5,12.5,12.4,12.5,16300.0
2023-06-28 15:01:00+07:00,12.5,12.5,12.5,12.5,25500.0
2023-06-28 15:02:00+07:00,12.5,12.5,12.4,12.5,19100.0
2023-06-28 15:03:00+07:00,12.5,12.5,12.5,12.5,15300.0
2023-06-28 15:04:00+07:00,12.5,12.5,12.4,12.5,31500.0
2023-06-28 15:05:00+07:00,12.5,12.5,12.5,12.5,8700.0
2023-06-28 15:06:00+07:00,12.5,12.5,12.4,12.5,12000.0
2023-06-28 15:07:00+07:00,12.5,12.5,12.5,12.5,3500.0
2023-06-28 15:08:00+07:00,12.5,12.5,12.4,12.5,10300.0
2023-06-28 15:09:00+07:00,12.5,12.5,12.5,12.5,8700.0
2023-06-28 15:10:00+07:00,12.5,12.5,12.4,12.5,10300.0
2023-06-28 15:11:00+07:00,12.5,12.5,12.5,12.5,6000.0
2023-06-28 15:12:00+07:00,12.5,12.5,12.4,12.5,23500.0
2023-06-28 15:13:00+07:00,12.5,12.5,12.5,12.5,7300.0
2023-06-28 15:14:00+07:00,12.5,12.5,12.4,12.5,12800.0
2023-06-28 15:15:00+07:00,12.4,12.5,12.4,12.5,3700.0
2023-06-28 15:16:00+07:00,12.5,12.6,12.4,12.6,360000.0
2023-06-28 15:17:00+07:00,12.6,12.6,12.4,12.5,123000.0
2023-06-28 15:18:00+07:00,12.6,12.6,12.4,12.6,11500.0
2023-06-28 15:19:00+07:00,12.5,12.6,12.4,12.6,50500.0
2023-06-28 15:20:00+07:00,12.6,12.6,12.4,12.6,59200.0
2023-06-28 15:21:00+07:00,12.6,12.6,12.5,12.5,3600.0
2023-06-28 15:22:00+07:00,12.5,12.6,12.4,12.6,45900.0
2023-06-28 15:24:00+07:00,12.5,12.6,12.4,12.5,46200.0
2023-06-28 15:25:00+07:00,12.6,12.6,12.5,12.5,164800.0
2023-06-28 15:26:00+07:00,12.5,12.5,12.4,12.5,14300.0
2023-06-28 15:27:00+07:00,12.5,12.5,12.5,12.5,33700.0
2023-06-28 15:28:00+07:00,12.5,12.5,12.4,12.5,10500.0
2023-06-28 15:29:00+07:00,12.5,12.5,12.5,12.5,3700.0
2023-06-28 15:30:00+07:00,12.4,12.5,12.4,12.5,5600.0
2023-06-28 15:31:00+07:00,12.5,12.5,12.5,12.5,33300.0
2023-06-28 15:32:00+07:00,12.5,12.5,12.4,12.5,27400.0
2023-06-28 15:33:00+07:00,12.5,12.5,12.5,12.5,7200.0
2023-06-28 15:34:00+07:00,12.5,12.5,12.4,12.5,8100.0
2023-06-28 15:36:00+07:00,12.5,12.5,12.4,12.5,13600.0
2023-06-28 15:38:00+07:00,12.5,12.5,12.4,12.5,6800.0
2023-06-28 15:39:00+07:00,12.5,12.5,12.5,12.5,14900.0
2023-06-28 15:40:00+07:00,12.4,12.5,12.4,12.5,6800.0
2023-06-28 15:42:00+07:00,12.4,12.5,12.4,12.5,24400.0
2023-06-28 15:44:00+07:00,12.4,12.5,12.4,12.5,7100.0
2023-06-28 15:45:00+07:00,12.4,12.5,12.4,12.5,600.0
2023-06-28 15:46:00+07:00,12.4,12.5,12.3,12.5,795200.0
2023-06-28 15:47:00+07:00,12.4,12.5,12.4,12.5,331200.0
2023-06-28 15:48:00+07:00,12.4,12.4,12.4,12.4,18900.0
2023-06-28 15:49:00+07:00,12.4,12.4,12.3,12.4,24500.0
2023-06-28 15:50:00+07:00,12.4,12.4,12.4,12.4,4700.0
2023-06-28 15:51:00+07:00,12.4,12.4,12.4,12.4,200.0
2023-06-28 15:53:00+07:00,12.3,12.4,12.3,12.4,5600.0
2023-06-28 15:54:00+07:00,12.4,12.4,12.3,12.4,6600.0
2023-06-28 15:55:00+07:00,12.4,12.4,12.3,12.4,17100.0
2023-06-28 15:56:00+07:00,12.4,12.4,12.3,12.4,700.0
2023-06-28 15:57:00+07:00,12.4,12.4,12.4,12.4,500.0
2023-06-28 15:58:00+07:00,12.4,12.4,12.3,12.4,13800.0
2023-06-28 16:01:00+07:00,12.3,12.4,12.3,12.4,5200.0
2023-06-28 16:02:00+07:00,12.3,12.4,12.3,12.4,4900.0
2023-06-28 16:03:00+07:00,12.4,12.4,12.4,12.4,1000.0
2023-06-28 16:04:00+07:00,12.4,12.4,12.3,12.4,4100.0
2023-06-28 16:05:00+07:00,12.3,12.4,12.3,12.4,5800.0
2023-06-28 16:06:00+07:00,12.4,12.4,12.4,12.4,5800.0
2023-06-28 16:07:00+07:00,12.4,12.4,12.3,12.4,10700.0
2023-06-28 16:08:00+07:00,12.4,12.4,12.4,12.4,2300.0
2023-06-28 16:09:00+07:00,12.4,12.5,12.3,12.5,518500.0
2023-06-28 16:11:00+07:00,12.4,12.5,12.4,12.5,125400.0
2023-06-28 16:12:00+07:00,12.4,12.5,12.4,12.4,140800.0
2023-06-28 16:13:00+07:00,12.4,12.4,12.4,12.4,1200.0
2023-06-28 16:18:00+07:00,12.4,12.4,12.4,12.4,400.0
2023-06-28 16:19:00+07:00,12.4,12.4,12.4,12.4,187800.0
2023-06-28 16:20:00+07:00,12.5,12.5,12.5,12.5,9900.0
2023-06-28 16:21:00+07:00,12.5,12.5,12.5,12.5,300.0
2023-06-28 16:22:00+07:00,12.4,12.5,12.4,12.5,3900.0
2023-06-28 16:23:00+07:00,12.4,12.5,12.4,12.5,2500.0
2023-06-28 16:24:00+07:00,12.4,12.5,12.4,12.4,2600.0
2023-06-28 16:25:00+07:00,12.4,12.5,12.4,12.5,2700.0
2023-06-28 16:26:00+07:00,12.4,12.5,12.4,12.5,145200.0
2023-06-28 16:27:00+07:00,12.4,12.5,12.4,12.5,8400.0
2023-06-28 16:28:00+07:00,12.4,12.5,12.4,12.4,49600.0
2023-06-28 16:29:00+07:00,12.5,12.5,12.3,12.5,188800.0
2023-06-28 16:39:00+07:00,12.3,12.3,12.3,12.3,647900.0
2023-06-29 09:59:00+07:00,12.3,12.4,12.3,12.4,123600.0
2023-06-29 10:00:00+07:00,12.4,12.4,12.3,12.4,32300.0
2023-06-29 10:01:00+07:00,12.4,12.4,12.4,12.4,100.0
2023-06-29 10:02:00+07:00,12.4,12.5,12.4,12.5,123000.0
2023-06-29 10:03:00+07:00,12.5,12.5,12.5,12.5,200.0
2023-06-29 10:04:00+07:00,12.4,12.5,12.4,12.5,8400.0
2023-06-29 10:05:00+07:00,12.5,12.5,12.5,12.5,7600.0
2023-06-29 10:06:00+07:00,12.5,12.5,12.4,12.5,7000.0
2023-06-29 10:07:00+07:00,12.5,12.5,12.4,12.5,8500.0
2023-06-29 10:08:00+07:00,12.4,12.5,12.4,12.5,13500.0
2023-06-29 10:09:00+07:00,12.4,12.5,12.4,12.5,42100.0
2023-06-29 10:10:00+07:00,12.4,12.5,12.4,12.5,2200.0
2023-06-29 10:12:00+07:00,12.5,12.5,12.5,12.5,3800.0
2023-06-29 10:13:00+07:00,12.5,12.5,12.4,12.4,15200.0
2023-06-29 10:14:00+07:00,12.5,12.5,12.4,12.5,10600.0
2023-06-29 10:15:00+07:00,12.5,12.5,12.5,12.5,9600.0
2023-06-29 10:16:00+07:00,12.5,12.5,12.5,12.5,4300.0
2023-06-29 10:17:00+07:00,12.5,12.5,12.4,12.5,21500.0
2023-06-29 10:18:00+07:00,12.5,12.5,12.4,12.5,11700.0
2023-06-29 10:19:00+07:00,12.5,12.5,12.4,12.5,11400.0
2023-06-29 10:20:00+07:00,12.5,12.5,12.5,12.5,6600.0
2023-06-29 10:21:00+07:00,12.5,12.5,12.5,12.5,3200.0
2023-06-29 10:22:00+07:00,12.5,12.5,12.5,12.5,5400.0
2023-06-29 10:23:00+07:00,12.5,12.5,12.4,12.4,37900.0
2023-06-29 10:25:00+07:00,12.4,12.5,12.4,12.5,38300.0
2023-06-29 10:26:00+07:00,12.5,12.5,12.5,12.5,100.0
2023-06-29 10:27:00+07:00,12.5,12.5,12.5,12.5,6000.0
2023-06-29 10:28:00+07:00,12.5,12.5,12.4,12.5,5900.0
2023-06-29 10:29:00+07:00,12.5,12.5,12.5,12.5,200.0
2023-06-29 10:30:00+07:00,12.5,12.5,12.5,12.5,4700.0
2023-06-29 10:31:00+07:00,12.5,12.5,12.5,12.5,6500.0
2023-06-29 10:32:00+07:00,12.5,12.5,12.4,12.4,21600.0
2023-06-29 10:33:00+07:00,12.5,12.5,12.4,12.5,60500.0
2023-06-29 10:34:00+07:00,12.4,12.5,12.4,12.5,28200.0
2023-06-29 10:35:00+07:00,12.4,12.5,12.4,12.4,19500.0
2023-06-29 10:36:00+07:00,12.5,12.5,12.4,12.5,1200.0
2023-06-29 10:37:00+07:00,12.4,12.5,12.4,12.5,191100.0
2023-06-29 10:38:00+07:00,12.4,12.5,12.3,12.5,23800.0
2023-06-29 10:39:00+07:00,12.4,12.5,12.4,12.4,20500.0
2023-06-29 10:40:00+07:00,12.4,12.4,12.4,12.4,300.0
2023-06-29 10:41:00+07:00,12.3,12.5,12.3,12.5,69500.0
2023-06-29 10:43:00+07:00,12.4,12.4,12.4,12.4,1800.0
2023-06-29 10:44:00+07:00,12.5,12.5,12.4,12.5,52300.0
2023-06-29 10:45:00+07:00,12.4,12.5,12.4,12.4,400.0
2023-06-29 10:46:00+07:00,12.4,12.5,12.4,12.5,76900.0
2023-06-29 10:47:00+07:00,12.4,12.4,12.4,12.4,8700.0
2023-06-29 10:48:00+07:00,12.4,12.4,12.3,12.4,13200.0
2023-06-29 10:49:00+07:00,12.5,12.5,12.5,12.5,100.0
2023-06-29 10:51:00+07:00,12.4,12.4,12.4,12.4,300.0
2023-06-29 10:52:00+07:00,12.4,12.4,12.4,12.4,100.0
2023-06-29 10:54:00+07:00,12.4,12.4,12.4,12.4,1000.0
2023-06-29 10:55:00+07:00,12.4,12.4,12.4,12.4,500.0
2023-06-29 10:56:00+07:00,12.4,12.4,12.4,12.4,2500.0
2023-06-29 10:57:00+07:00,12.4,12.4,12.4,12.4,1400.0
2023-06-29 10:58:00+07:00,12.4,12.4,12.3,12.3,6800.0
2023-06-29 11:00:00+07:00,12.4,12.4,12.4,12.4,2300.0
2023-06-29 11:01:00+07:00,12.4,12.5,12.4,12.5,174800.0
2023-06-29 11:02:00+07:00,12.4,12.5,12.4,12.5,48600.0
2023-06-29 11:03:00+07:00,12.5,12.5,12.5,12.5,17200.0
2023-06-29 11:04:00+07:00,12.5,12.5,12.5,12.5,13600.0
2023-06-29 11:05:00+07:00,12.5,12.5,12.5,12.5,13500.0
2023-06-29 11:06:00+07:00,12.5,12.5,12.5,12.5,15700.0
2023-06-29 11:07:00+07:00,12.5,12.5,12.5,12.5,13100.0
2023-06-29 11:08:00+07:00,12.5,12.5,12.5,12.5,10600.0
2023-06-29 11:09:00+07:00,12.5,12.5,12.5,12.5,10400.0
2023-06-29 11:10:00+07:00,12.5,12.5,12.5,12.5,13100.0
2023-06-29 11:11:00+07:00,12.5,12.5,12.5,12.5,6800.0
2023-06-29 11:12:00+07:00,12.5,12.5,12.5,12.5,11900.0
2023-06-29 11:13:00+07:00,12.5,12.5,12.5,12.5,6900.0
2023-06-29 11:14:00+07:00,12.5,12.5,12.5,12.5,3000.0
2023-06-29 11:15:00+07:00,12.5,12.5,12.5,12.5,4400.0
2023-06-29 11:16:00+07:00,12.5,12.5,12.5,12.5,3000.0
2023-06-29 11:17:00+07:00,12.5,12.6,12.5,12.6,461500.0
2023-06-29 11:18:00+07:00,12.6,12.6,12.5,12.5,200.0
2023-06-29 11:19:00+07:00,12.5,12.5,12.5,12.5,3900.0
2023-06-29 11:20:00+07:00,12.6,12.6,12.6,12.6,10400.0
2023-06-29 11:21:00+07:00,12.6,12.6,12.5,12.5,10500.0
2023-06-29 11:22:00+07:00,12.5,12.6,12.5,12.6,43400.0
2023-06-29 11:28:00+07:00,12.6,12.6,12.6,12.6,1000.0
2023-06-29 11:29:00+07:00,12.6,12.6,12.6,12.6,1700.0
2023-06-29 11:30:00+07:00,12.5,12.6,12.5,12.6,42200.0
2023-06-29 11:31:00+07:00,12.6,12.6,12.6,12.6,9100.0
2023-06-29 11:32:00+07:00,12.6,12.6,12.6,12.6,12000.0
2023-06-29 11:33:00+07:00,12.6,12.7,12.6,12.6,216100.0
2023-06-29 11:34:00+07:00,12.6,12.7,12.6,12.6,7300.0
2023-06-29 11:35:00+07:00,12.6,12.7,12.6,12.7,132400.0
2023-06-29 11:36:00+07:00,12.6,12.7,12.6,12.6,82100.0
2023-06-29 11:37:00+07:00,12.6,12.7,12.6,12.7,133500.0
2023-06-29 11:38:00+07:00,12.6,12.7,12.6,12.7,15800.0
2023-06-29 11:39:00+07:00,12.6,12.7,12.6,12.7,115800.0
2023-06-29 11:40:00+07:00,12.7,12.7,12.7,12.7,200.0
2023-06-29 11:41:00+07:00,12.6,12.7,12.6,12.7,14400.0
2023-06-29 11:44:00+07:00,12.7,12.7,12.7,12.7,4100.0
2023-06-29 11:45:00+07:00,12.7,12.7,12.6,12.7,36900.0
2023-06-29 11:46:00+07:00,12.6,12.7,12.6,12.7,4200.0
2023-06-29 11:47:00+07:00,12.6,12.6,12.6,12.6,500.0
2023-06-29 11:48:00+07:00,12.6,12.7,12.6,12.7,4300.0
2023-06-29 11:49:00+07:00,12.6,12.7,12.6,12.7,21100.0
2023-06-29 11:50:00+07:00,12.6,12.7,12.6,12.7,43200.0
2023-06-29 11:52:00+07:00,12.6,12.7,12.6,12.7,10500.0
2023-06-29 11:53:00+07:00,12.7,12.7,12.6,12.7,22700.0
2023-06-29 11:56:00+07:00,12.7,12.7,12.7,12.7,1100.0
2023-06-29 11:59:00+07:00,12.7,12.7,12.7,12.7,10500.0
2023-06-29 12:00:00+07:00,12.7,12.7,12.6,12.7,170600.0
2023-06-29 12:01:00+07:00,12.6,12.6,12.6,12.6,100.0
2023-06-29 12:02:00+07:00,12.6,12.7,12.6,12.7,200.0
2023-06-29 12:03:00+07:00,12.7,12.7,12.6,12.6,57800.0
2023-06-29 12:07:00+07:00,12.6,12.6,12.6,12.6,500.0
2023-06-29 12:08:00+07:00,12.7,12.7,12.7,12.7,2200.0
2023-06-29 12:09:00+07:00,12.7,12.7,12.7,12.7,2500.0
2023-06-29 12:10:00+07:00,12.7,12.7,12.7,12.7,5400.0
2023-06-29 12:11:00+07:00,12.7,12.7,12.7,12.7,10700.0
2023-06-29 12:12:00+07:00,12.7,12.7,12.7,12.7,7600.0
2023-06-29 12:13:00+07:00,12.7,12.7,12.7,12.7,14900.0
2023-06-29 12:14:00+07:00,12.7,12.7,12.6,12.7,36300.0
2023-06-29 12:15:00+07:00,12.7,12.7,12.6,12.7,43600.0
2023-06-29 12:16:00+07:00,12.7,12.7,12.7,12.7,6500.0
2023-06-29 12:17:00+07:00,12.7,12.7,12.6,12.7,6400.0
2023-06-29 12:18:00+07:00,12.7,12.7,12.7,12.7,2800.0
2023-06-29 12:19:00+07:00,12.7,12.7,12.7,12.7,6000.0
2023-06-29 12:20:00+07:00,12.7,12.7,12.7,12.7,2900.0
2023-06-29 12:21:00+07:00,12.7,12.7,12.7,12.7,9000.0
2023-06-29 12:22:00+07:00,12.7,12.7,12.7,12.7,2800.0
2023-06-29 12:23:00+07:00,12.7,12.7,12.7,12.7,11000.0
2023-06-29 12:24:00+07:00,12.7,12.7,12.7,12.7,14100.0
2023-06-29 12:25:00+07:00,12.6,12.7,12.6,12.7,30400.0
2023-06-29 12:26:00+07:00,12.7,12.7,12.7,12.7,6900.0
2023-06-29 12:27:00+07:00,12.7,12.7,12.7,12.7,7800.0
2023-06-29 12:28:00+07:00,12.7,12.7,12.7,12.7,15300.0
2023-06-29 12:29:00+07:00,12.7,12.7,12.7,12.7,11200.0
2023-06-29 14:29:00+07:00,12.7,12.7,12.6,12.6,128300.0
2023-06-29 14:30:00+07:00,12.6,12.7,12.6,12.7,151500.0
2023-06-29 14:31:00+07:00,12.6,12.6,12.6,12.6,565200.0
2023-06-29 14:32:00+07:00,12.6,12.6,12.5,12.6,131000.0
2023-06-29 14:35:00+07:00,12.5,12.6,12.5,12.6,52600.0
2023-06-29 14:36:00+07:00,12.6,12.6,12.6,12.6,200.0
2023-06-29 14:39:00+07:00,12.6,12.6,12.6,12.6,200.0
2023-06-29 14:40:00+07:00,12.6,12.6,12.6,12.6,5300.0
2023-06-29 14:41:00+07:00,12.6,12.6,12.5,12.5,200.0
2023-06-29 14:42:00+07:00,12.6,12.6,12.6,12.6,5300.0
2023-06-29 14:43:00+07:00,12.6,12.7,12.6,12.7,530800.0
2023-06-29 14:45:00+07:00,12.6,12.7,12.6,12.7,42000.0
2023-06-29 14:50:00+07:00,12.6,12.7,12.6,12.7,73700.0
2023-06-29 14:51:00+07:00,12.7,12.7,12.6,12.7,1300.0
2023-06-29 14:53:00+07:00,12.6,12.7,12.6,12.7,143200.0
2023-06-29 14:54:00+07:00,12.7,12.7,12.7,12.7,300.0
2023-06-29 14:55:00+07:00,12.7,12.7,12.7,12.7,1500.0
2023-06-29 14:56:00+07:00,12.7,12.7,12.7,12.7,5900.0
2023-06-29 14:57:00+07:00,12.7,12.7,12.7,12.7,6500.0
2023-06-29 14:58:00+07:00,12.7,12.7,12.6,12.7,6100.0
2023-06-29 14:59:00+07:00,12.7,12.7,12.6,12.7,43800.0
2023-06-29 15:00:00+07:00,12.7,12.7,12.7,12.7,18300.0
2023-06-29 15:01:00+07:00,12.7,12.7,12.7,12.7,28500.0
2023-06-29 15:02:00+07:00,12.7,12.7,12.7,12.7,16900.0
2023-06-29 15:03:00+07:00,12.7,12.7,12.6,12.7,38700.0
2023-06-29 15:04:00+07:00,12.7,12.7,12.6,12.7,111200.0
2023-06-29 15:05:00+07:00,12.6,12.7,12.6,12.7,26400.0
2023-06-29 15:06:00+07:00,12.6,12.7,12.6,12.7,10600.0
2023-06-29 15:07:00+07:00,12.6,12.7,12.6,12.7,1900.0
2023-06-29 15:08:00+07:00,12.7,12.7,12.7,12.7,500.0
2023-06-29 15:09:00+07:00,12.7,12.7,12.7,12.7,3000.0
2023-06-29 15:10:00+07:00,12.7,12.7,12.7,12.7,7100.0
2023-06-29 15:11:00+07:00,12.7,12.7,12.7,12.7,6000.0
2023-06-29 15:12:00+07:00,12.7,12.7,12.7,12.7,6500.0
2023-06-29 15:13:00+07:00,12.7,12.7,12.7,12.7,10100.0
2023-06-29 15:14:00+07:00,12.7,12.7,12.7,12.7,16400.0
2023-06-29 15:15:00+07:00,12.7,12.7,12.6,12.7,53200.0
2023-06-29 15:16:00+07:00,12.7,12.7,12.6,12.6,335800.0
2023-06-29 15:17:00+07:00,12.6,12.6,12.6,12.6,64100.0
2023-06-29 15:18:00+07:00,12.6,12.6,12.6,12.6,100.0
2023-06-29 15:20:00+07:00,12.6,12.6,12.6,12.6,2600.0
2023-06-29 15:21:00+07:00,12.6,12.7,12.6,12.7,500.0
2023-06-29 15:22:00+07:00,12.7,12.7,12.7,12.7,1700.0
2023-06-29 15:23:00+07:00,12.7,12.7,12.7,12.7,3800.0
2023-06-29 15:24:00+07:00,12.7,12.7,12.7,12.7,3500.0
2023-06-29 15:25:00+07:00,12.7,12.7,12.6,12.7,142900.0
2023-06-29 15:26:00+07:00,12.6,12.7,12.6,12.7,168500.0
2023-06-29 15:29:00+07:00,12.7,12.7,12.7,12.7,300.0
2023-06-29 15:30:00+07:00,12.6,12.7,12.6,12.7,39800.0
2023-06-29 15:32:00+07:00,12.6,12.7,12.6,12.6,61100.0
2023-06-29 15:33:00+07:00,12.6,12.7,12.6,12.7,4100.0
2023-06-29 15:34:00+07:00,12.7,12.7,12.6,12.6,83400.0
2023-06-29 15:35:00+07:00,12.7,12.7,12.7,12.7,600.0
2023-06-29 15:37:00+07:00,12.6,12.6,12.6,12.6,300.0
2023-06-29 15:38:00+07:00,12.7,12.7,12.7,12.7,300.0
2023-06-29 15:39:00+07:00,12.6,12.7,12.6,12.7,900.0
2023-06-29 15:40:00+07:00,12.7,12.7,12.7,12.7,3500.0
2023-06-29 15:41:00+07:00,12.7,12.7,12.7,12.7,3800.0
2023-06-29 15:42:00+07:00,12.7,12.7,12.7,12.7,3700.0
2023-06-29 15:43:00+07:00,12.7,12.7,12.7,12.7,3500.0
2023-06-29 15:44:00+07:00,12.7,12.7,12.7,12.7,3000.0
2023-06-29 15:45:00+07:00,12.7,12.7,12.6,12.7,41700.0
2023-06-29 15:46:00+07:00,12.7,12.7,12.7,12.7,7800.0
2023-06-29 15:47:00+07:00,12.7,12.7,12.6,12.7,8900.0
2023-06-29 15:48:00+07:00,12.7,12.7,12.6,12.7,12300.0
2023-06-29 15:49:00+07:00,12.7,12.7,12.7,12.7,7700.0
2023-06-29 15:50:00+07:00,12.7,12.7,12.7,12.7,5700.0
2023-06-29 15:51:00+07:00,12.7,12.7,12.6,12.6,14200.0
2023-06-29 15:52:00+07:00,12.7,12.7,12.7,12.7,6600.0
2023-06-29 15:53:00+07:00,12.7,12.7,12.7,12.7,8500.0
2023-06-29 15:54:00+07:00,12.7,12.7,12.7,12.7,6000.0
2023-06-29 15:55:00+07:00,12.7,12.7,12.6,12.7,9300.0
2023-06-29 15:56:00+07:00,12.7,12.7,12.6,12.7,13700.0
2023-06-29 15:57:00+07:00,12.7,12.7,12.7,12.7,3700.0
2023-06-29 15:58:00+07:00,12.7,12.7,12.7,12.7,6400.0
2023-06-29 15:59:00+07:00,12.7,12.7,12.6,12.7,9800.0
2023-06-29 16:00:00+07:00,12.6,12.7,12.6,12.7,40600.0
2023-06-29 16:01:00+07:00,12.6,12.7,12.6,12.7,5500.0
2023-06-29 16:02:00+07:00,12.7,12.7,12.7,12.7,3900.0
2023-06-29 16:03:00+07:00,12.7,12.7,12.5,12.5,488100.0
2023-06-29 16:04:00+07:00,12.6,12.7,12.6,12.7,50800.0
2023-06-29 16:05:00+07:00,12.6,12.6,12.6,12.6,1000.0
2023-06-29 16:06:00+07:00,12.7,12.7,12.6,12.6,200.0
2023-06-29 16:07:00+07:00,12.6,12.7,12.6,12.7,10500.0
2023-06-29 16:09:00+07:00,12.6,12.7,12.6,12.7,10600.0
2023-06-29 16:10:00+07:00,12.6,12.7,12.6,12.7,110500.0
2023-06-29 16:11:00+07:00,12.6,12.6,12.6,12.6,800.0
2023-06-29 16:12:00+07:00,12.7,12.7,12.7,12.7,100.0
2023-06-29 16:13:00+07:00,12.6,12.7,12.6,12.7,5100.0
2023-06-29 16:15:00+07:00,12.6,12.7,12.6,12.7,10100.0
2023-06-29 16:16:00+07:00,12.7,12.7,12.6,12.7,10500.0
2023-06-29 16:17:00+07:00,12.7,12.7,12.6,12.7,7900.0
2023-06-29 16:18:00+07:00,12.7,12.7,12.6,12.7,111200.0
2023-06-29 16:19:00+07:00,12.7,12.7,12.7,12.7,3500.0
2023-06-29 16:20:00+07:00,12.7,12.7,12.6,12.7,11800.0
2023-06-29 16:21:00+07:00,12.6,12.7,12.6,12.7,21100.0
2023-06-29 16:22:00+07:00,12.6,12.7,12.6,12.7,306400.0
2023-06-29 16:23:00+07:00,12.7,12.7,12.6,12.6,6900.0
2023-06-29 16:24:00+07:00,12.7,12.7,12.7,12.7,6500.0
2023-06-29 16:25:00+07:00,12.7,12.7,12.7,12.7,6500.0
2023-06-29 16:26:00+07:00,12.6,12.7,12.6,12.7,9700.0
2023-06-29 16:27:00+07:00,12.7,12.8,12.7,12.7,691100.0
2023-06-29 16:28:00+07:00,12.7,12.7,12.7,12.7,37000.0
2023-06-29 16:29:00+07:00,12.7,12.8,12.6,12.8,184500.0
2023-06-29 16:36:00+07:00,12.7,12.7,12.7,12.7,591600.0
2023-06-30 09:59:00+07:00,12.5,12.5,12.5,12.5,722900.0
2023-06-30 10:00:00+07:00,12.5,12.5,12.3,12.3,1056100.0
2023-06-30 10:01:00+07:00,12.4,12.4,12.4,12.4,1592500.0
2023-06-30 10:02:00+07:00,12.4,12.4,12.3,12.3,1983100.0
2023-06-30 10:03:00+07:00,12.3,12.4,12.3,12.4,60300.0
2023-06-30 10:04:00+07:00,12.4,12.4,12.4,12.4,2700.0
2023-06-30 10:05:00+07:00,12.4,12.4,12.3,12.4,410700.0
2023-06-30 10:06:00+07:00,12.4,12.4,12.4,12.4,12300.0
2023-06-30 10:07:00+07:00,12.4,12.4,12.4,12.4,14400.0
2023-06-30 10:08:00+07:00,12.4,12.4,12.4,12.4,26200.0
2023-06-30 10:09:00+07:00,12.4,12.4,12.4,12.4,166700.0
2023-06-30 10:10:00+07:00,12.4,12.4,12.4,12.4,25800.0
2023-06-30 10:11:00+07:00,12.4,12.4,12.3,12.4,575600.0
2023-06-30 10:12:00+07:00,12.4,12.4,12.4,12.4,6600.0
2023-06-30 10:13:00+07:00,12.5,12.5,12.5,12.5,2600.0
2023-06-30 10:14:00+07:00,12.5,12.5,12.5,12.5,711100.0
2023-06-30 10:15:00+07:00,12.5,12.5,12.5,12.5,37800.0
2023-06-30 10:16:00+07:00,12.5,12.5,12.5,12.5,210900.0
2023-06-30 10:17:00+07:00,12.5,12.5,12.5,12.5,58800.0
2023-06-30 10:18:00+07:00,12.5,12.5,12.5,12.5,477400.0
2023-06-30 10:19:00+07:00,12.5,12.6,12.4,12.5,600700.0
2023-06-30 10:20:00+07:00,12.5,12.6,12.5,12.5,566300.0
2023-06-30 10:21:00+07:00,12.5,12.5,12.5,12.5,200400.0
2023-06-30 10:22:00+07:00,12.5,12.5,12.5,12.5,2000.0
2023-06-30 10:23:00+07:00,12.5,12.5,12.5,12.5,6800.0
2023-06-30 10:24:00+07:00,12.5,12.5,12.5,12.5,1100.0
2023-06-30 10:25:00+07:00,12.5,12.5,12.5,12.5,2100.0
2023-06-30 10:26:00+07:00,12.5,12.5,12.5,12.5,200.0
2023-06-30 10:27:00+07:00,12.5,12.5,12.5,12.5,10300.0
2023-06-30 10:28:00+07:00,12.5,12.5,12.5,12.5,209300.0
2023-06-30 10:29:00+07:00,12.5,12.6,12.5,12.6,400.0
2023-06-30 10:30:00+07:00,12.6,12.6,12.5,12.5,36000.0
2023-06-30 10:31:00+07:00,12.5,12.5,12.5,12.5,200.0
2023-06-30 10:32:00+07:00,12.5,12.5,12.5,12.5,95900.0
2023-06-30 10:33:00+07:00,12.5,12.6,12.5,12.6,5400.0
2023-06-30 10:34:00+07:00,12.5,12.5,12.5,12.5,39100.0
2023-06-30 10:35:00+07:00,12.5,12.5,12.5,12.5,9000.0
2023-06-30 10:36:00+07:00,12.5,12.5,12.5,12.5,40300.0
2023-06-30 10:37:00+07:00,12.5,12.5,12.5,12.5,10700.0
2023-06-30 10:38:00+07:00,12.5,12.5,12.5,12.5,11800.0
2023-06-30 10:39:00+07:00,12.5,12.5,12.5,12.5,108600.0
2023-06-30 10:40:00+07:00,12.5,12.5,12.5,12.5,157200.0
2023-06-30 10:41:00+07:00,12.6,12.6,12.5,12.5,400.0
2023-06-30 10:42:00+07:00,12.5,12.5,12.5,12.5,39400.0
2023-06-30 10:43:00+07:00,12.5,12.5,12.5,12.5,1500.0
2023-06-30 10:44:00+07:00,12.6,12.6,12.6,12.6,1400.0
2023-06-30 10:45:00+07:00,12.6,12.6,12.6,12.6,1099400.0
2023-06-30 10:46:00+07:00,12.6,12.6,12.6,12.6,1000.0
2023-06-30 10:47:00+07:00,12.7,12.7,12.6,12.6,525600.0
2023-06-30 10:48:00+07:00,12.6,12.6,12.6,12.6,360200.0
2023-06-30 10:49:00+07:00,12.6,12.6,12.6,12.6,294000.0
2023-06-30 10:50:00+07:00,12.6,12.6,12.6,12.6,88000.0
2023-06-30 10:51:00+07:00,12.7,12.7,12.6,12.6,1100.0
2023-06-30 10:52:00+07:00,12.6,12.6,12.6,12.6,200.0
2023-06-30 10:53:00+07:00,12.6,12.6,12.6,12.6,500.0
2023-06-30 10:54:00+07:00,12.6,12.6,12.6,12.6,5000.0
2023-06-30 10:55:00+07:00,12.6,12.6,12.6,12.6,200.0
2023-06-30 10:56:00+07:00,12.6,12.6,12.6,12.6,300.0
2023-06-30 10:57:00+07:00,12.6,12.7,12.6,12.7,4000.0
2023-06-30 10:59:00+07:00,12.6,12.6,12.6,12.6,65400.0
2023-06-30 11:00:00+07:00,12.6,12.6,12.6,12.6,28200.0
2023-06-30 11:01:00+07:00,12.6,12.6,12.6,12.6,34300.0
2023-06-30 11:02:00+07:00,12.6,12.7,12.6,12.6,173100.0
2023-06-30 11:03:00+07:00,12.6,12.6,12.6,12.6,198300.0
2023-06-30 11:04:00+07:00,12.5,12.5,12.5,12.5,18500.0
2023-06-30 11:05:00+07:00,12.5,12.6,12.5,12.6,84400.0
2023-06-30 11:06:00+07:00,12.6,12.6,12.5,12.5,18400.0
2023-06-30 11:07:00+07:00,12.6,12.6,12.6,12.6,144400.0
2023-06-30 11:08:00+07:00,12.6,12.6,12.6,12.6,65000.0
2023-06-30 11:09:00+07:00,12.6,12.6,12.6,12.6,512900.0
2023-06-30 11:10:00+07:00,12.6,12.6,12.6,12.6,5000.0
2023-06-30 11:11:00+07:00,12.6,12.7,12.6,12.7,1100.0
2023-06-30 11:15:00+07:00,12.6,12.7,12.6,12.7,123600.0
2023-06-30 11:16:00+07:00,12.6,12.6,12.6,12.6,153200.0
2023-06-30 11:17:00+07:00,12.6,12.6,12.6,12.6,22800.0
2023-06-30 11:19:00+07:00,12.6,12.6,12.6,12.6,27700.0
2023-06-30 11:20:00+07:00,12.6,12.6,12.6,12.6,400.0
2023-06-30 11:21:00+07:00,12.6,12.6,12.6,12.6,96100.0
2023-06-30 11:22:00+07:00,12.6,12.6,12.6,12.6,39300.0
2023-06-30 11:23:00+07:00,12.6,12.6,12.6,12.6,25700.0
2023-06-30 11:24:00+07:00,12.6,12.6,12.6,12.6,7500.0
2023-06-30 11:25:00+07:00,12.6,12.6,12.6,12.6,767000.0
2023-06-30 11:26:00+07:00,12.6,12.6,12.6,12.6,693600.0
2023-06-30 11:27:00+07:00,12.6,12.6,12.6,12.6,100.0
2023-06-30 11:28:00+07:00,12.6,12.6,12.6,12.6,200.0
2023-06-30 11:30:00+07:00,12.6,12.6,12.6,12.6,5000.0
2023-06-30 11:31:00+07:00,12.6,12.6,12.6,12.6,103200.0
2023-06-30 11:32:00+07:00,12.6,12.6,12.6,12.6,41100.0
2023-06-30 11:33:00+07:00,12.6,12.6,12.6,12.6,4200.0
2023-06-30 11:35:00+07:00,12.6,12.7,12.6,12.7,32000.0
2023-06-30 11:36:00+07:00,12.6,12.7,12.6,12.6,236700.0
2023-06-30 11:37:00+07:00,12.6,12.6,12.6,12.6,800.0
2023-06-30 11:38:00+07:00,12.6,12.6,12.6,12.6,73100.0
2023-06-30 11:39:00+07:00,12.6,12.6,12.6,12.6,353700.0
2023-06-30 11:40:00+07:00,12.6,12.6,12.6,12.6,73900.0
2023-06-30 11:41:00+07:00,12.6,12.6,12.6,12.6,234300.0
2023-06-30 11:42:00+07:00,12.6,12.6,12.6,12.6,28400.0
2023-06-30 11:43:00+07:00,12.7,12.7,12.7,12.7,10100.0
2023-06-30 11:44:00+07:00,12.7,12.7,12.6,12.6,207700.0
2023-06-30 11:45:00+07:00,12.6,12.7,12.6,12.6,24000.0
2023-06-30 11:46:00+07:00,12.6,12.6,12.6,12.6,8700.0
2023-06-30 11:47:00+07:00,12.6,12.6,12.6,12.6,11600.0
2023-06-30 11:48:00+07:00,12.6,12.6,12.6,12.6,26800.0
2023-06-30 11:49:00+07:00,12.6,12.6,12.6,12.6,7500.0
2023-06-30 11:50:00+07:00,12.6,12.7,12.6,12.6,7400.0
2023-06-30 11:51:00+07:00,12.6,12.6,12.6,12.6,182600.0
2023-06-30 11:52:00+07:00,12.6,12.6,12.6,12.6,21500.0
2023-06-30 11:53:00+07:00,12.7,12.7,12.7,12.7,100.0
2023-06-30 11:54:00+07:00,12.6,12.6,12.6,12.6,43200.0
2023-06-30 11:55:00+07:00,12.6,12.6,12.6,12.6,3400.0
2023-06-30 11:56:00+07:00,12.7,12.7,12.6,12.6,23900.0
2023-06-30 11:57:00+07:00,12.6,12.6,12.6,12.6,89200.0
2023-06-30 11:58:00+07:00,12.6,12.7,12.6,12.6,3400.0
2023-06-30 11:59:00+07:00,12.6,12.6,12.6,12.6,152700.0
2023-06-30 12:00:00+07:00,12.6,12.6,12.6,12.6,11400.0
2023-06-30 12:01:00+07:00,12.6,12.6,12.6,12.6,59600.0
2023-06-30 12:02:00+07:00,12.6,12.7,12.6,12.6,13100.0
2023-06-30 12:03:00+07:00,12.6,12.6,12.6,12.6,40800.0
2023-06-30 12:04:00+07:00,12.6,12.7,12.6,12.7,103700.0
2023-06-30 12:05:00+07:00,12.6,12.6,12.6,12.6,9000.0
2023-06-30 12:06:00+07:00,12.6,12.6,12.6,12.6,138600.0
2023-06-30 12:07:00+07:00,12.6,12.6,12.6,12.6,25400.0
2023-06-30 12:08:00+07:00,12.6,12.7,12.6,12.6,28500.0
2023-06-30 12:09:00+07:00,12.6,12.6,12.6,12.6,55300.0
2023-06-30 12:10:00+07:00,12.6,12.6,12.5,12.5,716100.0
2023-06-30 12:11:00+07:00,12.5,12.5,12.5,12.5,10800.0
2023-06-30 12:12:00+07:00,12.5,12.5,12.5,12.5,32200.0
2023-06-30 12:13:00+07:00,12.5,12.5,12.5,12.5,14600.0
2023-06-30 12:14:00+07:00,12.5,12.5,12.5,12.5,32100.0
2023-06-30 12:15:00+07:00,12.5,12.5,12.5,12.5,24200.0
2023-06-30 12:16:00+07:00,12.5,12.5,12.5,12.5,22300.0
2023-06-30 12:17:00+07:00,12.5,12.5,12.5,12.5,159900.0
2023-06-30 12:18:00+07:00,12.5,12.6,12.5,12.5,11400.0
2023-06-30 12:19:00+07:00,12.5,12.5,12.5,12.5,16700.0
2023-06-30 12:20:00+07:00,12.5,12.5,12.5,12.5,56000.0
2023-06-30 12:21:00+07:00,12.5,12.5,12.5,12.5,35700.0
2023-06-30 12:22:00+07:00,12.5,12.5,12.5,12.5,9700.0
2023-06-30 12:23:00+07:00,12.5,12.5,12.5,12.5,20100.0
2023-06-30 12:24:00+07:00,12.5,12.5,12.5,12.5,110400.0
2023-06-30 12:25:00+07:00,12.5,12.6,12.5,12.5,135600.0
2023-06-30 12:26:00+07:00,12.5,12.5,12.5,12.5,16700.0
2023-06-30 12:27:00+07:00,12.5,12.5,12.5,12.5,23100.0
2023-06-30 12:28:00+07:00,12.5,12.5,12.5,12.5,96000.0
2023-06-30 12:29:00+07:00,12.5,12.6,12.5,12.6,245900.0
2023-06-30 14:27:00+07:00,12.6,12.6,12.5,12.6,1865600.0
2023-06-30 14:28:00+07:00,12.5,12.5,12.5,12.5,111000.0
2023-06-30 14:29:00+07:00,12.6,12.6,12.6,12.6,1625400.0
2023-06-30 14:30:00+07:00,12.6,12.6,12.6,12.6,20000.0
2023-06-30 14:31:00+07:00,12.6,12.6,12.6,12.6,100.0
2023-06-30 14:33:00+07:00,12.5,12.5,12.5,12.5,71400.0
2023-06-30 14:34:00+07:00,12.5,12.5,12.5,12.5,3000.0
2023-06-30 14:36:00+07:00,12.5,12.5,12.5,12.5,120400.0
2023-06-30 14:38:00+07:00,12.5,12.5,12.5,12.5,150000.0
2023-06-30 14:39:00+07:00,12.6,12.6,12.6,12.6,501100.0
2023-06-30 14:40:00+07:00,12.6,12.6,12.6,12.6,900.0
2023-06-30 14:41:00+07:00,12.5,12.5,12.5,12.5,286300.0
2023-06-30 14:42:00+07:00,12.5,12.6,12.5,12.6,96700.0
2023-06-30 14:43:00+07:00,12.6,12.6,12.5,12.5,4900.0
2023-06-30 14:44:00+07:00,12.5,12.5,12.4,12.5,3789900.0
2023-06-30 14:45:00+07:00,12.5,12.5,12.5,12.5,168300.0
2023-06-30 14:46:00+07:00,12.5,12.5,12.5,12.5,277800.0
2023-06-30 14:47:00+07:00,12.5,12.5,12.5,12.5,500.0
2023-06-30 14:48:00+07:00,12.5,12.5,12.5,12.5,203800.0
2023-06-30 14:49:00+07:00,12.5,12.6,12.5,12.6,20600.0
2023-06-30 14:50:00+07:00,12.5,12.5,12.5,12.5,45000.0
2023-06-30 14:51:00+07:00,12.5,12.5,12.4,12.4,1005600.0
2023-06-30 14:52:00+07:00,12.5,12.5,12.4,12.4,515000.0
2023-06-30 14:53:00+07:00,12.4,12.4,12.4,12.4,15000.0
2023-06-30 14:54:00+07:00,12.4,12.5,12.4,12.5,87800.0
2023-06-30 14:55:00+07:00,12.5,12.5,12.5,12.5,4000.0
2023-06-30 14:56:00+07:00,12.4,12.4,12.4,12.4,19900.0
2023-06-30 14:57:00+07:00,12.4,12.4,12.4,12.4,2200.0
2023-06-30 14:58:00+07:00,12.5,12.6,12.5,12.6,1995000.0
2023-06-30 15:00:00+07:00,12.5,12.5,12.5,12.5,100.0
2023-06-30 15:01:00+07:00,12.5,12.5,12.5,12.5,18900.0
2023-06-30 15:02:00+07:00,12.5,12.6,12.5,12.6,125600.0
2023-06-30 15:03:00+07:00,12.5,12.6,12.5,12.6,19200.0
2023-06-30 15:04:00+07:00,12.5,12.5,12.5,12.5,79000.0
2023-06-30 15:06:00+07:00,12.5,12.5,12.5,12.5,22000.0
2023-06-30 15:07:00+07:00,12.6,12.6,12.5,12.5,4900.0
2023-06-30 15:08:00+07:00,12.5,12.5,12.5,12.5,131600.0
2023-06-30 15:09:00+07:00,12.5,12.5,12.5,12.5,211500.0
2023-06-30 15:10:00+07:00,12.5,12.5,12.5,12.5,571500.0
2023-06-30 15:11:00+07:00,12.6,12.6,12.5,12.5,77100.0
2023-06-30 15:12:00+07:00,12.5,12.5,12.5,12.5,17600.0
2023-06-30 15:13:00+07:00,12.5,12.5,12.5,12.5,232200.0
2023-06-30 15:14:00+07:00,12.5,12.5,12.5,12.5,125000.0
2023-06-30 15:15:00+07:00,12.5,12.5,12.5,12.5,82100.0
2023-06-30 15:16:00+07:00,12.5,12.5,12.5,12.5,171800.0
2023-06-30 15:17:00+07:00,12.5,12.5,12.5,12.5,265500.0
2023-06-30 15:18:00+07:00,12.5,12.5,12.5,12.5,893500.0
2023-06-30 15:19:00+07:00,12.5,12.5,12.5,12.5,94500.0
2023-06-30 15:20:00+07:00,12.5,12.5,12.5,12.5,70300.0
2023-06-30 15:21:00+07:00,12.5,12.5,12.5,12.5,211500.0
2023-06-30 15:22:00+07:00,12.5,12.5,12.5,12.5,42200.0
2023-06-30 15:23:00+07:00,12.5,12.5,12.5,12.5,197700.0
2023-06-30 15:24:00+07:00,12.5,12.5,12.5,12.5,43400.0
2023-06-30 15:25:00+07:00,12.5,12.5,12.5,12.5,57700.0
2023-06-30 15:26:00+07:00,12.5,12.5,12.5,12.5,103900.0
2023-06-30 15:27:00+07:00,12.6,12.6,12.6,12.6,900.0
2023-06-30 15:28:00+07:00,12.5,12.5,12.5,12.5,71800.0
2023-06-30 15:29:00+07:00,12.6,12.6,12.6,12.6,100.0
2023-06-30 15:30:00+07:00,12.5,12.5,12.5,12.5,3700.0
2023-06-30 15:31:00+07:00,12.5,12.6,12.5,12.5,129400.0
2023-06-30 15:32:00+07:00,12.5,12.5,12.5,12.5,30200.0
2023-06-30 15:33:00+07:00,12.5,12.5,12.5,12.5,121700.0
2023-06-30 15:34:00+07:00,12.5,12.5,12.5,12.5,30200.0
2023-06-30 15:35:00+07:00,12.5,12.5,12.5,12.5,103800.0
2023-06-30 15:36:00+07:00,12.5,12.5,12.5,12.5,27500.0
2023-06-30 15:37:00+07:00,12.5,12.5,12.5,12.5,115000.0
2023-06-30 15:38:00+07:00,12.5,12.6,12.5,12.5,143800.0
2023-06-30 15:39:00+07:00,12.5,12.5,12.5,12.5,58000.0
2023-06-30 15:40:00+07:00,12.5,12.5,12.5,12.5,61000.0
2023-06-30 15:41:00+07:00,12.5,12.6,12.5,12.5,147000.0
2023-06-30 15:42:00+07:00,12.5,12.5,12.5,12.5,35100.0
2023-06-30 15:43:00+07:00,12.5,12.6,12.5,12.5,64000.0
2023-06-30 15:44:00+07:00,12.5,12.5,12.5,12.5,87000.0
2023-06-30 15:45:00+07:00,12.5,12.5,12.5,12.5,57700.0
2023-06-30 15:46:00+07:00,12.5,12.6,12.5,12.5,23100.0
2023-06-30 15:47:00+07:00,12.5,12.6,12.5,12.5,197500.0
2023-06-30 15:48:00+07:00,12.5,12.5,12.5,12.5,257800.0
2023-06-30 15:49:00+07:00,12.5,12.5,12.5,12.5,98900.0
2023-06-30 15:50:00+07:00,12.5,12.5,12.5,12.5,55700.0
2023-06-30 15:51:00+07:00,12.5,12.6,12.5,12.5,24300.0
2023-06-30 15:52:00+07:00,12.5,12.5,12.5,12.5,471400.0
2023-06-30 15:53:00+07:00,12.5,12.5,12.5,12.5,68900.0
2023-06-30 15:54:00+07:00,12.5,12.5,12.5,12.5,92000.0
2023-06-30 15:55:00+07:00,12.5,12.5,12.5,12.5,130000.0
2023-06-30 15:56:00+07:00,12.5,12.6,12.5,12.5,47300.0
2023-06-30 15:57:00+07:00,12.5,12.5,12.5,12.5,127000.0
2023-06-30 15:58:00+07:00,12.5,12.5,12.5,12.5,41800.0
2023-06-30 15:59:00+07:00,12.5,12.6,12.5,12.6,4952700.0
2023-06-30 16:00:00+07:00,12.6,12.8,12.6,12.8,2596200.0
2023-06-30 16:01:00+07:00,12.8,12.9,12.8,12.9,1929200.0
2023-06-30 16:02:00+07:00,12.9,13.0,12.9,12.9,18600.0
2023-06-30 16:03:00+07:00,12.9,13.0,12.8,12.9,1430300.0
2023-06-30 16:04:00+07:00,12.8,12.9,12.8,12.8,2092100.0
2023-06-30 16:05:00+07:00,12.8,12.9,12.8,12.9,1430700.0
2023-06-30 16:06:00+07:00,12.9,12.9,12.8,12.9,4400.0
2023-06-30 16:07:00+07:00,12.9,12.9,12.9,12.9,30000.0
2023-06-30 16:08:00+07:00,12.9,12.9,12.8,12.8,49900.0
2023-06-30 16:09:00+07:00,12.8,12.9,12.8,12.9,2300.0
2023-06-30 16:10:00+07:00,12.8,12.8,12.8,12.8,1700.0
2023-06-30 16:11:00+07:00,12.8,12.8,12.8,12.8,11700.0
2023-06-30 16:12:00+07:00,12.8,12.8,12.8,12.8,1700.0
2023-06-30 16:13:00+07:00,12.8,12.9,12.8,12.9,320900.0
2023-06-30 16:14:00+07:00,12.9,12.9,12.9,12.9,1824500.0
2023-06-30 16:15:00+07:00,12.9,12.9,12.9,12.9,264300.0
2023-06-30 16:16:00+07:00,12.9,12.9,12.9,12.9,525200.0
2023-06-30 16:17:00+07:00,12.9,12.9,12.9,12.9,267500.0
2023-06-30 16:18:00+07:00,12.9,12.9,12.8,12.8,1700.0
2023-06-30 16:19:00+07:00,12.9,12.9,12.9,12.9,3300.0
2023-06-30 16:20:00+07:00,12.9,12.9,12.9,12.9,1261700.0
2023-06-30 16:21:00+07:00,12.9,12.9,12.9,12.9,1600.0
2023-06-30 16:22:00+07:00,12.9,12.9,12.9,12.9,2183700.0
2023-06-30 16:23:00+07:00,12.9,12.9,12.9,12.9,555200.0
2023-06-30 16:24:00+07:00,12.8,12.9,12.8,12.9,309800.0
2023-06-30 16:25:00+07:00,12.9,12.9,12.8,12.8,851000.0
2023-06-30 16:26:00+07:00,12.8,12.8,12.8,12.8,1621800.0
2023-06-30 16:27:00+07:00,12.8,12.8,12.5,12.6,5008200.0
2023-06-30 16:28:00+07:00,12.6,12.7,12.5,12.5,317600.0
2023-06-30 16:29:00+07:00,12.5,12.7,12.5,12.7,859300.0
2023-06-30 16:37:00+07:00,12.3,12.3,12.3,12.3,34830300.0
2023-07-03 09:59:00+07:00,12.1,12.1,11.9,11.9,3066800.0
2023-07-03 10:00:00+07:00,12.0,12.0,11.9,12.0,299600.0
2023-07-03 10:01:00+07:00,12.0,12.1,12.0,12.1,601700.0
2023-07-03 10:02:00+07:00,12.0,12.1,12.0,12.1,964900.0
2023-07-03 10:03:00+07:00,12.1,12.1,12.1,12.1,84800.0
2023-07-03 10:04:00+07:00,12.1,12.1,12.0,12.0,87000.0
2023-07-03 10:05:00+07:00,12.1,12.1,12.1,12.1,7100.0
2023-07-03 10:06:00+07:00,12.1,12.1,12.0,12.1,67100.0
2023-07-03 10:07:00+07:00,12.1,12.1,12.1,12.1,32700.0
2023-07-03 10:08:00+07:00,12.1,12.1,12.0,12.1,96500.0
2023-07-03 10:09:00+07:00,12.0,12.1,12.0,12.1,18100.0
2023-07-03 10:10:00+07:00,12.0,12.1,12.0,12.0,142500.0
2023-07-03 10:11:00+07:00,12.1,12.1,12.1,12.1,9100.0
2023-07-03 10:12:00+07:00,12.1,12.1,12.0,12.0,1252000.0
2023-07-03 10:13:00+07:00,11.9,11.9,11.9,11.9,1109600.0
2023-07-03 10:14:00+07:00,11.9,12.0,11.9,11.9,320500.0
2023-07-03 10:15:00+07:00,11.9,12.0,11.9,11.9,164700.0
2023-07-03 10:16:00+07:00,11.9,11.9,11.9,11.9,46700.0
2023-07-03 10:17:00+07:00,11.9,12.0,11.9,11.9,194600.0
2023-07-03 10:18:00+07:00,11.9,12.0,11.9,12.0,41300.0
2023-07-03 10:19:00+07:00,12.0,12.0,12.0,12.0,9500.0
2023-07-03 10:20:00+07:00,11.9,12.0,11.9,12.0,43800.0
2023-07-03 10:21:00+07:00,12.0,12.0,11.9,11.9,3100.0
2023-07-03 10:22:00+07:00,11.9,12.0,11.9,12.0,44500.0
2023-07-03 10:23:00+07:00,12.0,12.0,11.9,12.0,5400.0
2023-07-03 10:24:00+07:00,11.9,12.0,11.9,12.0,41900.0
2023-07-03 10:25:00+07:00,12.0,12.0,11.9,11.9,39000.0
2023-07-03 10:26:00+07:00,11.9,12.0,11.9,12.0,169500.0
2023-07-03 10:27:00+07:00,12.0,12.0,11.9,12.0,23600.0
2023-07-03 10:28:00+07:00,11.9,11.9,11.9,11.9,67300.0
2023-07-03 10:29:00+07:00,11.9,11.9,11.9,11.9,4000.0
2023-07-03 10:30:00+07:00,11.9,11.9,11.9,11.9,256800.0
2023-07-03 10:31:00+07:00,11.9,11.9,11.9,11.9,17300.0
2023-07-03 10:32:00+07:00,11.9,11.9,11.9,11.9,242300.0
2023-07-03 10:33:00+07:00,11.9,11.9,11.9,11.9,10200.0
2023-07-03 10:34:00+07:00,11.9,12.0,11.9,12.0,64000.0
2023-07-03 10:35:00+07:00,12.0,12.0,11.9,11.9,468100.0
2023-07-03 10:36:00+07:00,11.9,11.9,11.9,11.9,117200.0
2023-07-03 10:37:00+07:00,11.9,11.9,11.9,11.9,30700.0
2023-07-03 10:38:00+07:00,11.9,11.9,11.9,11.9,51100.0
2023-07-03 10:39:00+07:00,11.9,11.9,11.9,11.9,8700.0
2023-07-03 10:40:00+07:00,11.9,12.0,11.9,11.9,49000.0
2023-07-03 10:41:00+07:00,11.9,11.9,11.9,11.9,10700.0
2023-07-03 10:42:00+07:00,11.9,11.9,11.9,11.9,57700.0
2023-07-03 10:43:00+07:00,11.9,12.0,11.9,11.9,9700.0
2023-07-03 10:44:00+07:00,11.9,12.0,11.9,11.9,41700.0
2023-07-03 10:45:00+07:00,11.9,12.0,11.9,12.0,2200.0
2023-07-03 10:46:00+07:00,11.9,11.9,11.9,11.9,110300.0
2023-07-03 10:47:00+07:00,11.9,12.0,11.9,12.0,1600.0
2023-07-03 10:48:00+07:00,11.9,12.0,11.9,11.9,44400.0
2023-07-03 10:49:00+07:00,11.9,11.9,11.9,11.9,600.0
2023-07-03 10:50:00+07:00,11.9,12.0,11.9,12.0,52100.0
2023-07-03 10:51:00+07:00,12.0,12.0,12.0,12.0,2100.0
2023-07-03 10:52:00+07:00,12.0,12.0,11.9,11.9,1090700.0
2023-07-03 10:53:00+07:00,11.9,11.9,11.9,11.9,217900.0
2023-07-03 10:54:00+07:00,11.9,11.9,11.9,11.9,41900.0
2023-07-03 10:55:00+07:00,11.9,11.9,11.9,11.9,11000.0
2023-07-03 10:56:00+07:00,11.9,12.0,11.9,12.0,44500.0
2023-07-03 10:57:00+07:00,12.0,12.0,12.0,12.0,200.0
2023-07-03 10:58:00+07:00,11.9,11.9,11.9,11.9,40900.0
2023-07-03 10:59:00+07:00,11.9,11.9,11.9,11.9,43900.0
2023-07-03 11:00:00+07:00,11.9,12.0,11.9,11.9,51600.0
2023-07-03 11:01:00+07:00,11.9,12.0,11.9,11.9,578100.0
2023-07-03 11:02:00+07:00,11.9,11.9,11.9,11.9,110900.0
2023-07-03 11:03:00+07:00,11.9,11.9,11.9,11.9,21000.0
2023-07-03 11:04:00+07:00,11.9,11.9,11.9,11.9,49100.0
2023-07-03 11:05:00+07:00,11.9,11.9,11.9,11.9,1800.0
2023-07-03 11:06:00+07:00,11.9,12.0,11.9,12.0,70100.0
2023-07-03 11:08:00+07:00,11.9,11.9,11.9,11.9,42200.0
2023-07-03 11:09:00+07:00,11.9,11.9,11.9,11.9,20300.0
2023-07-03 11:10:00+07:00,11.9,11.9,11.9,11.9,61100.0
2023-07-03 11:11:00+07:00,11.9,12.0,11.9,12.0,800.0
2023-07-03 11:12:00+07:00,11.9,11.9,11.9,11.9,60100.0
2023-07-03 11:13:00+07:00,11.9,11.9,11.9,11.9,200.0
2023-07-03 11:14:00+07:00,12.0,12.0,11.9,12.0,1200.0
2023-07-03 11:15:00+07:00,11.9,11.9,11.9,11.9,20600.0
2023-07-03 11:16:00+07:00,11.9,11.9,11.9,11.9,8900.0
2023-07-03 11:17:00+07:00,12.0,12.0,11.9,11.9,4900.0
2023-07-03 11:18:00+07:00,11.9,11.9,11.9,11.9,31300.0
2023-07-03 11:20:00+07:00,11.9,11.9,11.9,11.9,500.0
2023-07-03 11:21:00+07:00,11.9,11.9,11.9,11.9,2300.0
2023-07-03 11:22:00+07:00,11.9,12.0,11.9,12.0,19400.0
2023-07-03 11:23:00+07:00,12.0,12.0,12.0,12.0,200.0
2023-07-03 11:24:00+07:00,12.0,12.0,11.9,11.9,19400.0
2023-07-03 11:25:00+07:00,11.9,11.9,11.9,11.9,2700.0
2023-07-03 11:26:00+07:00,11.9,11.9,11.9,11.9,300.0
2023-07-03 11:27:00+07:00,11.9,12.0,11.9,12.0,600.0
2023-07-03 11:30:00+07:00,12.0,12.0,11.9,11.9,45900.0
2023-07-03 11:31:00+07:00,11.9,11.9,11.9,11.9,5000.0
2023-07-03 11:32:00+07:00,11.9,11.9,11.9,11.9,300.0
2023-07-03 11:34:00+07:00,12.0,12.0,12.0,12.0,3200.0
2023-07-03 11:35:00+07:00,11.9,11.9,11.9,11.9,200.0
2023-07-03 11:36:00+07:00,12.0,12.0,12.0,12.0,100.0
2023-07-03 11:38:00+07:00,12.0,12.0,12.0,12.0,900.0
2023-07-03 11:39:00+07:00,12.0,12.0,12.0,12.0,1300.0
2023-07-03 11:40:00+07:00,12.0,12.0,12.0,12.0,13500.0
2023-07-03 11:41:00+07:00,12.0,12.0,12.0,12.0,9900.0
2023-07-03 11:42:00+07:00,12.0,12.0,12.0,12.0,101200.0
2023-07-03 11:43:00+07:00,12.0,12.0,12.0,12.0,1211300.0
2023-07-03 11:44:00+07:00,12.0,12.0,11.9,12.0,562000.0
2023-07-03 11:45:00+07:00,12.0,12.0,11.9,11.9,91700.0
2023-07-03 11:46:00+07:00,11.9,11.9,11.9,11.9,82400.0
2023-07-03 11:47:00+07:00,11.9,11.9,11.9,11.9,40800.0
2023-07-03 11:48:00+07:00,12.0,12.0,12.0,12.0,11000.0
2023-07-03 11:49:00+07:00,12.0,12.0,11.9,11.9,47900.0
2023-07-03 11:51:00+07:00,11.9,11.9,11.9,11.9,300.0
2023-07-03 11:52:00+07:00,12.0,12.0,12.0,12.0,100.0
2023-07-03 11:53:00+07:00,12.0,12.0,12.0,12.0,800.0
2023-07-03 11:54:00+07:00,12.0,12.0,12.0,12.0,1000.0
2023-07-03 11:56:00+07:00,12.0,12.0,12.0,12.0,900.0
2023-07-03 11:57:00+07:00,12.0,12.0,12.0,12.0,1000.0
2023-07-03 11:58:00+07:00,12.0,12.0,12.0,12.0,5100.0
2023-07-03 11:59:00+07:00,12.0,12.0,12.0,12.0,2100.0
2023-07-03 12:00:00+07:00,12.0,12.0,12.0,12.0,800.0
2023-07-03 12:01:00+07:00,12.0,12.0,12.0,12.0,10500.0
2023-07-03 12:02:00+07:00,12.0,12.0,12.0,12.0,1300.0
2023-07-03 12:03:00+07:00,12.0,12.0,12.0,12.0,1300.0
2023-07-03 12:04:00+07:00,12.0,12.0,11.9,11.9,16000.0
2023-07-03 12:05:00+07:00,11.9,12.0,11.9,11.9,6500.0
2023-07-03 12:06:00+07:00,11.9,11.9,11.9,11.9,6400.0
2023-07-03 12:07:00+07:00,11.9,11.9,11.9,11.9,4500.0
2023-07-03 12:08:00+07:00,12.0,12.0,11.9,11.9,7500.0
2023-07-03 12:09:00+07:00,11.9,12.0,11.9,12.0,5700.0
2023-07-03 12:10:00+07:00,11.9,11.9,11.9,11.9,2300.0
2023-07-03 12:11:00+07:00,11.9,11.9,11.9,11.9,2600.0
2023-07-03 12:12:00+07:00,12.0,12.0,11.9,11.9,103200.0
2023-07-03 12:13:00+07:00,12.0,12.0,11.9,11.9,41900.0
2023-07-03 12:14:00+07:00,11.9,11.9,11.9,11.9,2200.0
2023-07-03 12:15:00+07:00,11.9,11.9,11.9,11.9,2000.0
2023-07-03 12:16:00+07:00,11.9,12.0,11.9,11.9,72600.0
2023-07-03 12:17:00+07:00,12.0,12.0,11.9,12.0,3600.0
2023-07-03 12:18:00+07:00,11.9,12.0,11.9,12.0,7000.0
2023-07-03 12:19:00+07:00,11.9,12.0,11.9,11.9,27900.0
2023-07-03 12:20:00+07:00,11.9,11.9,11.9,11.9,7300.0
2023-07-03 12:21:00+07:00,12.0,12.0,11.9,11.9,7900.0
2023-07-03 12:22:00+07:00,11.9,12.0,11.9,11.9,65500.0
2023-07-03 12:23:00+07:00,12.0,12.0,11.9,12.0,13600.0
2023-07-03 12:24:00+07:00,12.0,12.0,11.9,11.9,15800.0
2023-07-03 12:25:00+07:00,12.0,12.0,11.9,12.0,961200.0
2023-07-03 12:26:00+07:00,12.0,12.0,11.9,12.0,107000.0
2023-07-03 12:27:00+07:00,12.0,12.0,11.9,12.0,86400.0
2023-07-03 12:28:00+07:00,11.9,11.9,11.9,11.9,40900.0
2023-07-03 12:29:00+07:00,12.0,12.0,12.0,12.0,100.0
2023-07-03 14:26:00+07:00,12.0,12.0,11.9,11.9,324800.0
2023-07-03 14:31:00+07:00,12.0,12.0,12.0,12.0,20000.0
2023-07-03 14:32:00+07:00,12.0,12.0,12.0,12.0,1000.0
2023-07-03 14:33:00+07:00,12.0,12.0,12.0,12.0,28300.0
2023-07-03 14:35:00+07:00,12.0,12.0,12.0,12.0,500.0
2023-07-03 14:36:00+07:00,11.9,12.0,11.9,12.0,10200.0
2023-07-03 14:37:00+07:00,12.0,12.0,12.0,12.0,3000.0
2023-07-03 14:39:00+07:00,12.0,12.0,12.0,12.0,33500.0
2023-07-03 14:40:00+07:00,12.0,12.0,12.0,12.0,400.0
2023-07-03 14:42:00+07:00,12.0,12.0,12.0,12.0,8400.0
2023-07-03 14:43:00+07:00,12.0,12.0,11.9,12.0,2500.0
2023-07-03 14:44:00+07:00,12.0,12.0,12.0,12.0,100.0
2023-07-03 14:45:00+07:00,11.9,11.9,11.9,11.9,6100.0
2023-07-03 14:46:00+07:00,11.9,11.9,11.9,11.9,5500.0
2023-07-03 14:47:00+07:00,11.9,11.9,11.9,11.9,4000.0
2023-07-03 14:48:00+07:00,11.9,12.0,11.9,12.0,19900.0
2023-07-03 14:49:00+07:00,11.9,11.9,11.9,11.9,4500.0
2023-07-03 14:50:00+07:00,11.9,12.0,11.9,11.9,14200.0
2023-07-03 14:51:00+07:00,11.9,11.9,11.9,11.9,53700.0
2023-07-03 14:52:00+07:00,11.9,11.9,11.9,11.9,17600.0
2023-07-03 14:53:00+07:00,11.9,11.9,11.9,11.9,10000.0
2023-07-03 14:54:00+07:00,11.9,12.0,11.9,11.9,15200.0
2023-07-03 14:55:00+07:00,11.9,12.0,11.9,11.9,16900.0
2023-07-03 14:56:00+07:00,11.9,12.0,11.9,12.0,20100.0
2023-07-03 14:57:00+07:00,11.9,11.9,11.9,11.9,16500.0
2023-07-03 14:58:00+07:00,11.9,12.0,11.9,11.9,16200.0
2023-07-03 14:59:00+07:00,11.9,11.9,11.9,11.9,8900.0
2023-07-03 15:00:00+07:00,11.9,11.9,11.9,11.9,15000.0
2023-07-03 15:01:00+07:00,11.9,12.0,11.9,12.0,13400.0
2023-07-03 15:02:00+07:00,11.9,11.9,11.9,11.9,17500.0
2023-07-03 15:03:00+07:00,11.9,12.0,11.9,11.9,9400.0
2023-07-03 15:04:00+07:00,11.9,12.0,11.9,12.0,15700.0
2023-07-03 15:05:00+07:00,11.9,11.9,11.9,11.9,16300.0
2023-07-03 15:06:00+07:00,11.9,12.0,11.9,12.0,11500.0
2023-07-03 15:07:00+07:00,11.9,12.0,11.9,12.0,57100.0
2023-07-03 15:08:00+07:00,11.9,12.0,11.9,11.9,21600.0
2023-07-03 15:09:00+07:00,12.0,12.0,11.9,11.9,12000.0
2023-07-03 15:10:00+07:00,12.0,12.0,11.9,11.9,20800.0
2023-07-03 15:11:00+07:00,12.0,12.0,11.9,11.9,18600.0
2023-07-03 15:12:00+07:00,12.0,12.0,11.9,11.9,16400.0
2023-07-03 15:13:00+07:00,12.0,12.0,11.9,11.9,16500.0
2023-07-03 15:14:00+07:00,12.0,12.0,11.9,12.0,11700.0
2023-07-03 15:15:00+07:00,11.9,12.0,11.9,12.0,21000.0
2023-07-03 15:16:00+07:00,11.9,12.0,11.9,11.9,15000.0
2023-07-03 15:17:00+07:00,11.9,12.0,11.9,12.0,15900.0
2023-07-03 15:18:00+07:00,12.0,12.0,11.9,12.0,20100.0
2023-07-03 15:19:00+07:00,11.9,12.0,11.9,12.0,15600.0
2023-07-03 15:20:00+07:00,11.9,12.0,11.9,12.0,67000.0
2023-07-03 15:21:00+07:00,11.9,12.0,11.9,12.0,20800.0
2023-07-03 15:22:00+07:00,12.0,12.0,11.9,12.0,15600.0
2023-07-03 15:23:00+07:00,11.9,12.0,11.9,11.9,18600.0
2023-07-03 15:24:00+07:00,11.9,12.0,11.9,12.0,13400.0
2023-07-03 15:25:00+07:00,11.9,12.0,11.9,12.0,12000.0
2023-07-03 15:26:00+07:00,11.9,12.0,11.9,12.0,18000.0
2023-07-03 15:27:00+07:00,11.9,12.0,11.9,11.9,18400.0
2023-07-03 15:28:00+07:00,12.0,12.0,11.9,12.0,22100.0
2023-07-03 15:29:00+07:00,11.9,12.0,11.9,11.9,15100.0
2023-07-03 15:30:00+07:00,12.0,12.0,11.9,11.9,22000.0
2023-07-03 15:31:00+07:00,11.9,12.0,11.9,11.9,28800.0
2023-07-03 15:32:00+07:00,11.9,12.0,11.9,12.0,14100.0
2023-07-03 15:33:00+07:00,11.9,12.0,11.9,11.9,57900.0
2023-07-03 15:34:00+07:00,12.0,12.0,11.9,11.9,30600.0
2023-07-03 15:35:00+07:00,12.0,12.0,11.9,12.0,19700.0
2023-07-03 15:36:00+07:00,11.9,12.0,11.9,12.0,98600.0
2023-07-03 15:37:00+07:00,12.0,12.0,11.9,12.0,12200.0
2023-07-03 15:38:00+07:00,12.0,12.1,11.9,12.1,869600.0
2023-07-03 15:39:00+07:00,12.1,12.1,12.0,12.0,84500.0
2023-07-03 15:40:00+07:00,12.0,12.0,12.0,12.0,45800.0
2023-07-03 15:41:00+07:00,12.0,12.1,12.0,12.1,15200.0
2023-07-03 15:42:00+07:00,12.1,12.1,12.1,12.1,100.0
2023-07-03 15:43:00+07:00,12.1,12.1,12.0,12.1,3800.0
2023-07-03 15:44:00+07:00,12.1,12.1,12.1,12.1,700.0
2023-07-03 15:45:00+07:00,12.1,12.1,12.1,12.1,2800.0
2023-07-03 15:46:00+07:00,12.1,12.1,12.1,12.1,4600.0
2023-07-03 15:47:00+07:00,12.1,12.1,12.1,12.1,10100.0
2023-07-03 15:48:00+07:00,12.1,12.1,12.1,12.1,56200.0
2023-07-03 15:49:00+07:00,12.1,12.1,12.1,12.1,25700.0
2023-07-03 15:50:00+07:00,12.1,12.1,12.1,12.1,1600.0
2023-07-03 15:51:00+07:00,12.0,12.0,12.0,12.0,4900.0
2023-07-03 15:52:00+07:00,12.0,12.0,11.9,11.9,466900.0
2023-07-03 15:53:00+07:00,12.0,12.0,11.9,11.9,3100.0
2023-07-03 15:54:00+07:00,12.0,12.0,12.0,12.0,100000.0
2023-07-03 15:55:00+07:00,11.9,12.0,11.9,12.0,52500.0
2023-07-03 15:56:00+07:00,12.0,12.0,12.0,12.0,5900.0
2023-07-03 15:57:00+07:00,12.0,12.0,11.9,11.9,2300.0
2023-07-03 15:58:00+07:00,11.9,11.9,11.9,11.9,100.0
2023-07-03 15:59:00+07:00,11.9,11.9,11.9,11.9,300.0
2023-07-03 16:00:00+07:00,12.0,12.0,12.0,12.0,12400.0
2023-07-03 16:01:00+07:00,11.9,12.0,11.9,12.0,1500.0
2023-07-03 16:02:00+07:00,12.0,12.0,12.0,12.0,100.0
2023-07-03 16:03:00+07:00,12.0,12.0,12.0,12.0,2100.0
2023-07-03 16:04:00+07:00,12.0,12.0,12.0,12.0,2400.0
2023-07-03 16:05:00+07:00,12.0,12.0,12.0,12.0,100.0
2023-07-03 16:06:00+07:00,12.0,12.0,11.9,12.0,9600.0
2023-07-03 16:07:00+07:00,12.0,12.0,12.0,12.0,400.0
2023-07-03 16:08:00+07:00,11.9,12.0,11.9,12.0,6500.0
2023-07-03 16:09:00+07:00,12.0,12.0,11.9,12.0,15700.0
2023-07-03 16:10:00+07:00,11.9,12.0,11.9,11.9,29900.0
2023-07-03 16:11:00+07:00,12.0,12.0,11.9,11.9,2700.0
2023-07-03 16:12:00+07:00,12.0,12.0,11.9,11.9,15400.0
2023-07-03 16:13:00+07:00,12.0,12.0,11.9,11.9,27900.0
2023-07-03 16:14:00+07:00,12.0,12.0,11.9,11.9,14100.0
2023-07-03 16:15:00+07:00,12.0,12.0,11.9,11.9,525000.0
2023-07-03 16:16:00+07:00,12.0,12.0,11.9,11.9,7000.0
2023-07-03 16:17:00+07:00,11.9,11.9,11.9,11.9,29400.0
2023-07-03 16:18:00+07:00,11.9,12.0,11.9,12.0,45100.0
2023-07-03 16:19:00+07:00,12.0,12.0,11.9,12.0,108900.0
2023-07-03 16:20:00+07:00,11.9,12.0,11.9,12.0,55600.0
2023-07-03 16:21:00+07:00,12.0,12.0,11.9,12.0,101200.0
2023-07-03 16:22:00+07:00,12.0,12.0,11.9,12.0,212900.0
2023-07-03 16:23:00+07:00,12.0,12.0,12.0,12.0,47300.0
2023-07-03 16:24:00+07:00,12.0,12.0,11.9,12.0,245400.0
2023-07-03 16:25:00+07:00,12.0,12.0,11.9,12.0,217100.0
2023-07-03 16:26:00+07:00,12.0,12.0,11.9,12.0,68100.0
2023-07-03 16:27:00+07:00,11.9,12.0,11.9,12.0,137100.0
2023-07-03 16:28:00+07:00,12.0,12.0,11.9,12.0,110300.0
2023-07-03 16:29:00+07:00,11.9,12.0,11.9,11.9,89500.0
2023-07-03 16:36:00+07:00,12.0,12.0,12.0,12.0,2004000.0
2023-07-04 09:56:00+07:00,12.0,12.0,11.9,12.0,642900.0
2023-07-04 09:57:00+07:00,12.0,12.0,11.8,11.9,423200.0
2023-07-04 09:58:00+07:00,11.9,11.9,11.8,11.8,14100.0
2023-07-04 09:59:00+07:00,11.8,11.9,11.8,11.8,53900.0
2023-07-04 10:00:00+07:00,11.8,11.9,11.8,11.9,193100.0
2023-07-04 10:01:00+07:00,11.9,11.9,11.9,11.9,64400.0
2023-07-04 10:02:00+07:00,11.8,11.9,11.8,11.9,468800.0
2023-07-04 10:03:00+07:00,11.9,11.9,11.9,11.9,62500.0
2023-07-04 10:04:00+07:00,11.8,11.9,11.8,11.9,73400.0
2023-07-04 10:05:00+07:00,11.9,11.9,11.9,11.9,57700.0
2023-07-04 10:06:00+07:00,11.8,11.9,11.8,11.9,65800.0
2023-07-04 10:07:00+07:00,11.9,11.9,11.9,11.9,24500.0
2023-07-04 10:08:00+07:00,11.8,11.9,11.8,11.9,51200.0
2023-07-04 10:09:00+07:00,11.9,11.9,11.8,11.9,19100.0
2023-07-04 10:10:00+07:00,11.8,11.9,11.8,11.9,52900.0
2023-07-04 10:11:00+07:00,11.9,11.9,11.9,11.9,26900.0
2023-07-04 10:12:00+07:00,11.8,11.9,11.8,11.9,28100.0
2023-07-04 10:13:00+07:00,11.8,11.9,11.8,11.9,57400.0
2023-07-04 10:14:00+07:00,11.8,11.9,11.8,11.8,68300.0
2023-07-04 10:15:00+07:00,11.9,11.9,11.9,11.9,36400.0
2023-07-04 10:16:00+07:00,11.8,11.9,11.8,11.9,33200.0
2023-07-04 10:17:00+07:00,11.9,11.9,11.9,11.9,57600.0
2023-07-04 10:18:00+07:00,11.8,11.9,11.8,11.9,23800.0
2023-07-04 10:19:00+07:00,11.9,11.9,11.9,11.9,76600.0
2023-07-04 10:20:00+07:00,11.8,11.9,11.8,11.9,52400.0
2023-07-04 10:21:00+07:00,11.9,11.9,11.9,11.9,18000.0
2023-07-04 10:22:00+07:00,11.8,11.9,11.8,11.9,41800.0
2023-07-04 10:23:00+07:00,11.9,11.9,11.9,11.9,2200.0
2023-07-04 10:24:00+07:00,11.8,11.9,11.8,11.9,476700.0
2023-07-04 10:25:00+07:00,11.9,11.9,11.9,11.9,117300.0
2023-07-04 10:26:00+07:00,11.8,11.9,11.8,11.9,95400.0
2023-07-04 10:27:00+07:00,11.9,11.9,11.9,11.9,360800.0
2023-07-04 10:28:00+07:00,11.9,12.0,11.9,12.0,23700.0
2023-07-04 10:30:00+07:00,11.9,12.0,11.9,12.0,44800.0
2023-07-04 10:31:00+07:00,12.0,12.0,12.0,12.0,17200.0
2023-07-04 10:32:00+07:00,11.9,11.9,11.9,11.9,21900.0
2023-07-04 10:33:00+07:00,12.0,12.0,12.0,12.0,25900.0
2023-07-04 10:34:00+07:00,11.9,12.0,11.9,12.0,24200.0
2023-07-04 10:35:00+07:00,12.0,12.0,12.0,12.0,20000.0
2023-07-04 10:36:00+07:00,11.9,12.0,11.8,11.8,366900.0
2023-07-04 10:37:00+07:00,11.9,11.9,11.9,11.9,6000.0
2023-07-04 10:38:00+07:00,11.8,11.9,11.8,11.9,29100.0
2023-07-04 10:39:00+07:00,11.9,11.9,11.9,11.9,22400.0
2023-07-04 10:40:00+07:00,11.8,11.9,11.8,11.9,32000.0
2023-07-04 10:41:00+07:00,11.9,11.9,11.9,11.9,100.0
2023-07-04 10:42:00+07:00,11.8,11.9,11.8,11.9,58800.0
2023-07-04 10:43:00+07:00,11.9,11.9,11.9,11.9,85100.0
2023-07-04 10:44:00+07:00,11.8,11.9,11.8,11.8,68500.0
2023-07-04 10:45:00+07:00,11.9,11.9,11.9,11.9,9400.0
2023-07-04 10:46:00+07:00,11.8,11.9,11.8,11.9,84900.0
2023-07-04 10:47:00+07:00,11.9,11.9,11.9,11.9,31100.0
2023-07-04 10:48:00+07:00,11.8,11.9,11.8,11.9,89600.0
2023-07-04 10:49:00+07:00,11.9,11.9,11.8,11.9,300.0
2023-07-04 10:50:00+07:00,11.8,11.9,11.8,11.9,37000.0
2023-07-04 10:51:00+07:00,11.9,11.9,11.9,11.9,500.0
2023-07-04 10:52:00+07:00,11.8,11.9,11.8,11.9,45600.0
2023-07-04 10:54:00+07:00,11.8,11.9,11.8,11.9,43100.0
2023-07-04 10:55:00+07:00,11.9,11.9,11.9,11.9,14700.0
2023-07-04 10:56:00+07:00,11.8,11.8,11.8,11.8,116900.0
2023-07-04 10:57:00+07:00,11.8,11.9,11.8,11.9,171200.0
2023-07-04 10:58:00+07:00,11.8,11.8,11.8,11.8,81100.0
2023-07-04 10:59:00+07:00,11.8,11.8,11.8,11.8,26900.0
2023-07-04 11:00:00+07:00,11.8,11.9,11.7,11.8,1431700.0
2023-07-04 11:01:00+07:00,11.8,11.8,11.8,11.8,30700.0
2023-07-04 11:02:00+07:00,11.7,11.8,11.7,11.8,25300.0
2023-07-04 11:03:00+07:00,11.8,11.8,11.7,11.8,29100.0
2023-07-04 11:04:00+07:00,11.7,11.8,11.7,11.8,122800.0
2023-07-04 11:05:00+07:00,11.8,11.8,11.6,11.7,1891600.0
2023-07-04 11:06:00+07:00,11.6,11.7,11.6,11.6,604900.0
2023-07-04 11:07:00+07:00,11.7,11.7,11.6,11.7,76500.0
2023-07-04 11:08:00+07:00,11.6,11.7,11.6,11.7,65200.0
2023-07-04 11:09:00+07:00,11.7,11.7,11.6,11.7,97600.0
2023-07-04 11:10:00+07:00,11.6,11.7,11.6,11.7,82100.0
2023-07-04 11:11:00+07:00,11.7,11.7,11.7,11.7,163100.0
2023-07-04 11:12:00+07:00,11.6,11.7,11.6,11.7,155800.0
2023-07-04 11:13:00+07:00,11.7,11.8,11.7,11.8,402000.0
2023-07-04 11:14:00+07:00,11.7,11.8,11.7,11.8,35900.0
2023-07-04 11:15:00+07:00,11.8,11.8,11.7,11.7,31300.0
2023-07-04 11:16:00+07:00,11.7,11.8,11.7,11.8,41900.0
2023-07-04 11:17:00+07:00,11.8,11.8,11.7,11.7,48400.0
2023-07-04 11:18:00+07:00,11.7,11.8,11.7,11.8,39200.0
2023-07-04 11:19:00+07:00,11.7,11.8,11.7,11.8,10900.0
2023-07-04 11:20:00+07:00,11.7,11.8,11.7,11.7,61100.0
2023-07-04 11:21:00+07:00,11.8,11.8,11.8,11.8,101200.0
2023-07-04 11:22:00+07:00,11.7,11.8,11.7,11.8,20700.0
2023-07-04 11:23:00+07:00,11.8,11.8,11.8,11.8,25900.0
2023-07-04 11:24:00+07:00,11.7,11.8,11.7,11.8,33400.0
2023-07-04 11:25:00+07:00,11.8,11.8,11.8,11.8,34500.0
2023-07-04 11:26:00+07:00,11.7,11.8,11.7,11.8,21300.0
2023-07-04 11:27:00+07:00,11.8,11.8,11.8,11.8,21000.0
2023-07-04 11:28:00+07:00,11.7,11.8,11.7,11.8,24800.0
2023-07-04 11:29:00+07:00,11.8,11.8,11.7,11.8,138100.0
2023-07-04 11:30:00+07:00,11.7,11.8,11.7,11.8,38000.0
2023-07-04 11:31:00+07:00,11.8,11.8,11.8,11.8,2000.0
2023-07-04 11:32:00+07:00,11.7,11.8,11.7,11.8,142200.0
2023-07-04 11:33:00+07:00,11.8,11.8,11.8,11.8,1800.0
2023-07-04 11:34:00+07:00,11.7,11.8,11.7,11.8,615400.0
2023-07-04 11:35:00+07:00,11.8,11.9,11.8,11.8,10900.0
2023-07-04 11:36:00+07:00,11.8,11.8,11.8,11.8,25400.0
2023-07-04 11:37:00+07:00,11.9,11.9,11.9,11.9,20100.0
2023-07-04 11:38:00+07:00,11.8,11.9,11.8,11.8,54900.0
2023-07-04 11:39:00+07:00,11.9,11.9,11.9,11.9,1400.0
2023-07-04 11:40:00+07:00,11.8,11.9,11.8,11.8,63400.0
2023-07-04 11:41:00+07:00,11.8,11.8,11.8,11.8,13000.0
2023-07-04 11:42:00+07:00,11.8,11.9,11.8,11.9,50100.0
2023-07-04 11:43:00+07:00,11.8,11.9,11.8,11.9,11000.0
2023-07-04 11:44:00+07:00,11.8,11.9,11.8,11.9,74100.0
2023-07-04 11:45:00+07:00,11.9,11.9,11.9,11.9,12700.0
2023-07-04 11:46:00+07:00,11.8,11.9,11.8,11.8,73400.0
2023-07-04 11:47:00+07:00,11.9,11.9,11.9,11.9,20000.0
2023-07-04 11:48:00+07:00,11.8,11.9,11.8,11.9,53000.0
2023-07-04 11:49:00+07:00,11.8,11.9,11.8,11.8,1199400.0
2023-07-04 11:50:00+07:00,11.8,11.8,11.8,11.8,27000.0
2023-07-04 11:51:00+07:00,11.8,11.8,11.8,11.8,17900.0
2023-07-04 11:52:00+07:00,11.8,11.8,11.8,11.8,24700.0
2023-07-04 11:53:00+07:00,11.8,11.9,11.8,11.9,72200.0
2023-07-04 11:54:00+07:00,11.8,11.9,11.8,11.9,63200.0
2023-07-04 11:55:00+07:00,11.9,11.9,11.8,11.8,10100.0
2023-07-04 11:56:00+07:00,11.8,11.9,11.8,11.9,23300.0
2023-07-04 11:57:00+07:00,11.9,11.9,11.8,11.8,42000.0
2023-07-04 11:58:00+07:00,11.8,11.8,11.8,11.8,82600.0
2023-07-04 11:59:00+07:00,11.9,11.9,11.8,11.9,57100.0
2023-07-04 12:00:00+07:00,11.8,11.9,11.8,11.8,76400.0
2023-07-04 12:01:00+07:00,11.8,11.9,11.8,11.8,30600.0
2023-07-04 12:02:00+07:00,11.8,11.8,11.8,11.8,385900.0
2023-07-04 12:03:00+07:00,11.8,11.8,11.7,11.8,14400.0
2023-07-04 12:04:00+07:00,11.7,11.8,11.7,11.8,30900.0
2023-07-04 12:05:00+07:00,11.8,11.8,11.7,11.8,430400.0
2023-07-04 12:06:00+07:00,11.8,11.9,11.8,11.8,35700.0
2023-07-04 12:07:00+07:00,11.8,11.8,11.8,11.8,92300.0
2023-07-04 12:08:00+07:00,11.7,11.8,11.7,11.8,28200.0
2023-07-04 12:09:00+07:00,11.8,11.8,11.8,11.8,44300.0
2023-07-04 12:10:00+07:00,11.7,11.8,11.7,11.8,32200.0
2023-07-04 12:11:00+07:00,11.8,11.8,11.7,11.8,98300.0
2023-07-04 12:12:00+07:00,11.7,11.8,11.7,11.8,27300.0
2023-07-04 12:13:00+07:00,11.8,11.8,11.8,11.8,33600.0
2023-07-04 12:14:00+07:00,11.7,11.8,11.7,11.8,26400.0
2023-07-04 12:15:00+07:00,11.8,11.8,11.8,11.8,19600.0
2023-07-04 12:16:00+07:00,11.7,11.8,11.7,11.8,48200.0
2023-07-04 12:17:00+07:00,11.8,11.8,11.8,11.8,29800.0
2023-07-04 12:18:00+07:00,11.7,11.8,11.7,11.8,34300.0
2023-07-04 12:19:00+07:00,11.8,11.8,11.8,11.8,25100.0
2023-07-04 12:20:00+07:00,11.7,11.8,11.7,11.8,38000.0
2023-07-04 12:21:00+07:00,11.8,11.8,11.8,11.8,22500.0
2023-07-04 12:22:00+07:00,11.7,11.8,11.7,11.7,44100.0
2023-07-04 12:23:00+07:00,11.8,11.8,11.8,11.8,13400.0
2023-07-04 12:24:00+07:00,11.7,11.8,11.7,11.8,20500.0
2023-07-04 12:25:00+07:00,11.8,11.8,11.8,11.8,28500.0
2023-07-04 12:26:00+07:00,11.7,11.8,11.7,11.8,202300.0
2023-07-04 12:27:00+07:00,11.8,11.8,11.8,11.8,2000.0
2023-07-04 12:28:00+07:00,11.7,11.8,11.7,11.8,123500.0
2023-07-04 12:29:00+07:00,11.8,11.8,11.8,11.8,67200.0
2023-07-04 14:29:00+07:00,11.8,11.8,11.7,11.8,195700.0
2023-07-04 14:30:00+07:00,11.7,11.8,11.7,11.8,137800.0
2023-07-04 14:31:00+07:00,11.7,11.8,11.7,11.8,7600.0
2023-07-04 14:32:00+07:00,11.7,11.8,11.7,11.8,35300.0
2023-07-04 14:33:00+07:00,11.8,11.8,11.8,11.8,20900.0
2023-07-04 14:34:00+07:00,11.7,11.8,11.7,11.8,22700.0
2023-07-04 14:35:00+07:00,11.8,11.8,11.8,11.8,20500.0
2023-07-04 14:36:00+07:00,11.7,11.8,11.7,11.8,67300.0
2023-07-04 14:37:00+07:00,11.8,11.8,11.8,11.8,38200.0
2023-07-04 14:38:00+07:00,11.7,11.7,11.7,11.7,19100.0
2023-07-04 14:39:00+07:00,11.7,11.8,11.7,11.8,45800.0
2023-07-04 14:40:00+07:00,11.7,11.8,11.7,11.8,76400.0
2023-07-04 14:41:00+07:00,11.8,11.8,11.8,11.8,20600.0
2023-07-04 14:42:00+07:00,11.7,11.8,11.7,11.8,54800.0
2023-07-04 14:43:00+07:00,11.8,11.8,11.7,11.8,163800.0
2023-07-04 14:44:00+07:00,11.7,11.7,11.7,11.7,20300.0
2023-07-04 14:45:00+07:00,11.8,11.8,11.7,11.7,71500.0
2023-07-04 14:46:00+07:00,11.7,11.8,11.7,11.7,53000.0
2023-07-04 14:47:00+07:00,11.7,11.7,11.7,11.7,1600.0
2023-07-04 14:48:00+07:00,11.7,11.8,11.7,11.8,64600.0
2023-07-04 14:49:00+07:00,11.7,11.8,11.6,11.6,1286700.0
2023-07-04 14:50:00+07:00,11.6,11.7,11.6,11.6,76900.0
2023-07-04 14:51:00+07:00,11.6,11.7,11.6,11.7,37000.0
2023-07-04 14:52:00+07:00,11.6,11.7,11.6,11.7,30500.0
2023-07-04 14:53:00+07:00,11.7,11.7,11.6,11.7,1873300.0
2023-07-04 14:54:00+07:00,11.6,11.7,11.6,11.7,609300.0
2023-07-04 14:55:00+07:00,11.7,11.7,11.7,11.7,3000.0
2023-07-04 14:56:00+07:00,11.7,11.8,11.7,11.8,19100.0
2023-07-04 14:57:00+07:00,11.7,11.7,11.7,11.7,4000.0
2023-07-04 14:58:00+07:00,11.7,11.8,11.7,11.8,49300.0
2023-07-04 14:59:00+07:00,11.8,11.8,11.8,11.8,200.0
2023-07-04 15:00:00+07:00,11.7,11.8,11.7,11.8,82800.0
2023-07-04 15:01:00+07:00,11.8,11.8,11.8,11.8,58700.0
2023-07-04 15:02:00+07:00,11.7,11.8,11.7,11.8,19200.0
2023-07-04 15:03:00+07:00,11.8,11.8,11.8,11.8,28200.0
2023-07-04 15:04:00+07:00,11.7,11.8,11.7,11.8,20500.0
2023-07-04 15:05:00+07:00,11.8,11.8,11.8,11.8,43800.0
2023-07-04 15:06:00+07:00,11.7,11.7,11.7,11.7,20400.0
2023-07-04 15:07:00+07:00,11.8,11.8,11.8,11.8,26400.0
2023-07-04 15:08:00+07:00,11.7,11.8,11.7,11.8,20400.0
2023-07-04 15:09:00+07:00,11.8,11.8,11.8,11.8,19700.0
2023-07-04 15:10:00+07:00,11.7,11.8,11.7,11.8,29300.0
2023-07-04 15:11:00+07:00,11.8,11.8,11.8,11.8,1500.0
2023-07-04 15:12:00+07:00,11.7,11.8,11.7,11.8,50100.0
2023-07-04 15:13:00+07:00,11.8,11.8,11.8,11.8,100.0
2023-07-04 15:14:00+07:00,11.7,11.8,11.7,11.8,19600.0
2023-07-04 15:15:00+07:00,11.8,11.8,11.8,11.8,33600.0
2023-07-04 15:16:00+07:00,11.7,11.8,11.7,11.8,42900.0
2023-07-04 15:17:00+07:00,11.8,11.8,11.7,11.8,9700.0
2023-07-04 15:18:00+07:00,11.7,11.8,11.7,11.8,61000.0
2023-07-04 15:19:00+07:00,11.8,11.8,11.8,11.8,10000.0
2023-07-04 15:20:00+07:00,11.7,11.8,11.7,11.7,360800.0
2023-07-04 15:21:00+07:00,11.7,11.7,11.7,11.7,1000.0
2023-07-04 15:22:00+07:00,11.7,11.8,11.7,11.8,41300.0
2023-07-04 15:23:00+07:00,11.8,11.8,11.8,11.8,2100.0
2023-07-04 15:24:00+07:00,11.7,11.8,11.7,11.8,81800.0
2023-07-04 15:25:00+07:00,11.8,11.8,11.8,11.8,10900.0
2023-07-04 15:26:00+07:00,11.7,11.7,11.7,11.7,50600.0
2023-07-04 15:27:00+07:00,11.8,11.8,11.7,11.7,14500.0
2023-07-04 15:28:00+07:00,11.7,11.8,11.7,11.7,109000.0
2023-07-04 15:29:00+07:00,11.7,11.8,11.7,11.7,37900.0
2023-07-04 15:30:00+07:00,11.7,11.8,11.7,11.8,40500.0
2023-07-04 15:31:00+07:00,11.7,11.8,11.7,11.8,30100.0
2023-07-04 15:32:00+07:00,11.7,11.7,11.7,11.7,45600.0
2023-07-04 15:33:00+07:00,11.7,11.7,11.7,11.7,41000.0
2023-07-04 15:34:00+07:00,11.7,11.8,11.7,11.7,59400.0
2023-07-04 15:35:00+07:00,11.7,11.8,11.7,11.8,28200.0
2023-07-04 15:36:00+07:00,11.7,11.8,11.7,11.8,19100.0
2023-07-04 15:37:00+07:00,11.8,11.8,11.7,11.7,2800.0
2023-07-04 15:38:00+07:00,11.7,11.8,11.7,11.8,70100.0
2023-07-04 15:39:00+07:00,11.8,11.8,11.7,11.7,26100.0
2023-07-04 15:40:00+07:00,11.7,11.8,11.7,11.8,72500.0
2023-07-04 15:41:00+07:00,11.7,11.8,11.7,11.8,15600.0
2023-07-04 15:42:00+07:00,11.7,11.8,11.7,11.7,40500.0
2023-07-04 15:43:00+07:00,11.7,11.8,11.6,11.6,757400.0
2023-07-04 15:44:00+07:00,11.6,11.7,11.6,11.6,28400.0
2023-07-04 15:45:00+07:00,11.7,11.7,11.6,11.6,36500.0
2023-07-04 15:46:00+07:00,11.6,11.7,11.6,11.7,84000.0
2023-07-04 15:47:00+07:00,11.7,11.7,11.6,11.7,56300.0
2023-07-04 15:48:00+07:00,11.6,11.7,11.6,11.7,59000.0
2023-07-04 15:49:00+07:00,11.6,11.7,11.6,11.6,13400.0
2023-07-04 15:50:00+07:00,11.6,11.7,11.6,11.7,49100.0
2023-07-04 15:51:00+07:00,11.7,11.7,11.6,11.7,16800.0
2023-07-04 15:52:00+07:00,11.6,11.7,11.6,11.7,61700.0
2023-07-04 15:53:00+07:00,11.7,11.7,11.6,11.7,91200.0
2023-07-04 15:54:00+07:00,11.6,11.7,11.6,11.7,35200.0
2023-07-04 15:55:00+07:00,11.6,11.7,11.6,11.6,50600.0
2023-07-04 15:56:00+07:00,11.6,11.7,11.6,11.7,50400.0
2023-07-04 15:57:00+07:00,11.6,11.7,11.6,11.6,67900.0
2023-07-04 15:58:00+07:00,11.6,11.7,11.6,11.6,29400.0
2023-07-04 15:59:00+07:00,11.7,11.7,11.6,11.7,62700.0
2023-07-04 16:00:00+07:00,11.6,11.7,11.6,11.7,48300.0
2023-07-04 16:01:00+07:00,11.6,11.7,11.6,11.6,10900.0
2023-07-04 16:02:00+07:00,11.6,11.6,11.6,11.6,27000.0
2023-07-04 16:03:00+07:00,11.6,11.7,11.6,11.7,93700.0
2023-07-04 16:04:00+07:00,11.6,11.7,11.6,11.7,41300.0
2023-07-04 16:05:00+07:00,11.6,11.7,11.6,11.6,122200.0
2023-07-04 16:06:00+07:00,11.6,11.7,11.6,11.7,53900.0
2023-07-04 16:07:00+07:00,11.7,11.7,11.6,11.6,42600.0
2023-07-04 16:08:00+07:00,11.6,11.7,11.6,11.6,42700.0
2023-07-04 16:09:00+07:00,11.7,11.7,11.6,11.7,60200.0
2023-07-04 16:10:00+07:00,11.6,11.7,11.6,11.7,113000.0
2023-07-04 16:11:00+07:00,11.7,11.7,11.6,11.6,33100.0
2023-07-04 16:12:00+07:00,11.6,11.7,11.6,11.6,56000.0
2023-07-04 16:13:00+07:00,11.6,11.6,11.6,11.6,35300.0
2023-07-04 16:14:00+07:00,11.6,11.7,11.6,11.7,80100.0
2023-07-04 16:15:00+07:00,11.7,11.7,11.6,11.6,23900.0
2023-07-04 16:16:00+07:00,11.6,11.7,11.6,11.7,30600.0
2023-07-04 16:17:00+07:00,11.7,11.7,11.6,11.7,34900.0
2023-07-04 16:18:00+07:00,11.6,11.7,11.6,11.7,23700.0
2023-07-04 16:19:00+07:00,11.7,11.7,11.6,11.7,83000.0
2023-07-04 16:20:00+07:00,11.6,11.7,11.6,11.6,55800.0
2023-07-04 16:21:00+07:00,11.6,11.7,11.6,11.6,38400.0
2023-07-04 16:22:00+07:00,11.6,11.7,11.6,11.6,169200.0
2023-07-04 16:23:00+07:00,11.7,11.7,11.6,11.6,16400.0
2023-07-04 16:24:00+07:00,11.6,11.7,11.6,11.6,150100.0
2023-07-04 16:25:00+07:00,11.7,11.7,11.6,11.7,53900.0
2023-07-04 16:26:00+07:00,11.6,11.7,11.6,11.7,260100.0
2023-07-04 16:27:00+07:00,11.7,11.7,11.6,11.6,17100.0
2023-07-04 16:28:00+07:00,11.6,11.7,11.6,11.7,98200.0
2023-07-04 16:29:00+07:00,11.7,11.7,11.6,11.7,61600.0
2023-07-04 16:37:00+07:00,11.7,11.7,11.7,11.7,2218400.0
2023-07-05 09:59:00+07:00,11.7,11.8,11.7,11.8,316400.0
2023-07-05 10:00:00+07:00,11.8,11.8,11.7,11.7,68500.0
2023-07-05 10:01:00+07:00,11.7,11.7,11.7,11.7,200.0
2023-07-05 10:02:00+07:00,11.8,11.8,11.8,11.8,1200.0
2023-07-05 10:03:00+07:00,11.8,11.8,11.8,11.8,1800.0
2023-07-05 10:04:00+07:00,11.8,11.8,11.8,11.8,10400.0
2023-07-05 10:05:00+07:00,11.8,11.8,11.8,11.8,820300.0
2023-07-05 10:06:00+07:00,11.8,11.8,11.8,11.8,252900.0
2023-07-05 10:07:00+07:00,11.8,11.8,11.8,11.8,70600.0
2023-07-05 10:08:00+07:00,11.8,11.8,11.8,11.8,7800.0
2023-07-05 10:09:00+07:00,11.8,11.8,11.8,11.8,17600.0
2023-07-05 10:10:00+07:00,11.8,11.8,11.8,11.8,12800.0
2023-07-05 10:11:00+07:00,11.8,11.8,11.8,11.8,5400.0
2023-07-05 10:12:00+07:00,11.8,11.8,11.8,11.8,40800.0
2023-07-05 10:13:00+07:00,11.8,11.8,11.8,11.8,241200.0
2023-07-05 10:14:00+07:00,11.8,11.8,11.8,11.8,86300.0
2023-07-05 10:15:00+07:00,11.8,11.8,11.8,11.8,28700.0
2023-07-05 10:16:00+07:00,11.8,11.8,11.8,11.8,36300.0
2023-07-05 10:17:00+07:00,11.8,11.8,11.8,11.8,8200.0
2023-07-05 10:18:00+07:00,11.8,11.8,11.8,11.8,4100.0
2023-07-05 10:19:00+07:00,11.8,11.8,11.8,11.8,3400.0
2023-07-05 10:20:00+07:00,11.8,11.8,11.8,11.8,6300.0
2023-07-05 10:21:00+07:00,11.8,11.8,11.8,11.8,45800.0
2023-07-05 10:22:00+07:00,11.8,11.8,11.7,11.8,523500.0
2023-07-05 10:23:00+07:00,11.7,11.8,11.7,11.8,5300.0
2023-07-05 10:24:00+07:00,11.8,11.8,11.8,11.8,9700.0
2023-07-05 10:25:00+07:00,11.8,11.8,11.7,11.7,7300.0
2023-07-05 10:26:00+07:00,11.7,11.8,11.7,11.8,3300.0
2023-07-05 10:28:00+07:00,11.8,11.8,11.8,11.8,9700.0
2023-07-05 10:29:00+07:00,11.8,11.8,11.8,11.8,21000.0
2023-07-05 10:30:00+07:00,11.8,11.8,11.8,11.8,41900.0
2023-07-05 10:31:00+07:00,11.8,11.8,11.7,11.8,31500.0
2023-07-05 10:32:00+07:00,11.8,11.8,11.8,11.8,8100.0
2023-07-05 10:33:00+07:00,11.8,11.8,11.8,11.8,14400.0
2023-07-05 10:34:00+07:00,11.8,11.8,11.8,11.8,25000.0
2023-07-05 10:35:00+07:00,11.8,11.8,11.8,11.8,45900.0
2023-07-05 10:36:00+07:00,11.8,11.8,11.8,11.8,8400.0
2023-07-05 10:37:00+07:00,11.8,11.8,11.8,11.8,54400.0
2023-07-05 10:38:00+07:00,11.8,11.8,11.8,11.8,6600.0
2023-07-05 10:39:00+07:00,11.8,11.8,11.8,11.8,6500.0
2023-07-05 10:40:00+07:00,11.8,11.8,11.8,11.8,10200.0
2023-07-05 10:41:00+07:00,11.8,11.8,11.8,11.8,200.0
2023-07-05 10:42:00+07:00,11.8,11.8,11.8,11.8,1900.0
2023-07-05 10:43:00+07:00,11.8,11.8,11.8,11.8,2100.0
2023-07-05 10:44:00+07:00,11.8,11.8,11.8,11.8,10500.0
2023-07-05 10:45:00+07:00,11.8,11.8,11.8,11.8,6900.0
2023-07-05 10:46:00+07:00,11.8,11.8,11.7,11.8,167000.0
2023-07-05 10:47:00+07:00,11.8,11.8,11.7,11.7,7700.0
2023-07-05 10:48:00+07:00,11.7,11.8,11.7,11.8,2900.0
2023-07-05 10:49:00+07:00,11.7,11.7,11.7,11.7,4300.0
2023-07-05 10:50:00+07:00,11.8,11.8,11.7,11.8,3200.0
2023-07-05 10:51:00+07:00,11.8,11.8,11.7,11.7,2300.0
2023-07-05 10:52:00+07:00,11.8,11.8,11.8,11.8,9800.0
2023-07-05 10:53:00+07:00,11.8,11.8,11.7,11.7,5600.0
2023-07-05 10:54:00+07:00,11.8,11.8,11.7,11.8,5300.0
2023-07-05 10:55:00+07:00,11.7,11.8,11.7,11.8,3800.0
2023-07-05 10:56:00+07:00,11.7,11.7,11.7,11.7,5900.0
2023-07-05 10:57:00+07:00,11.8,11.8,11.8,11.8,1900.0
2023-07-05 10:58:00+07:00,11.7,11.7,11.7,11.7,2000.0
2023-07-05 10:59:00+07:00,11.7,11.7,11.7,11.7,2700.0
2023-07-05 11:00:00+07:00,11.7,11.7,11.7,11.7,1500.0
2023-07-05 11:01:00+07:00,11.8,11.8,11.8,11.8,1900.0
2023-07-05 11:02:00+07:00,11.7,11.7,11.7,11.7,2100.0
2023-07-05 11:03:00+07:00,11.7,11.8,11.7,11.8,2400.0
2023-07-05 11:04:00+07:00,11.8,11.8,11.8,11.8,2700.0
2023-07-05 11:05:00+07:00,11.7,11.7,11.7,11.7,2500.0
2023-07-05 11:06:00+07:00,11.8,11.8,11.7,11.7,185900.0
2023-07-05 11:07:00+07:00,11.8,11.8,11.7,11.7,154800.0
2023-07-05 11:08:00+07:00,11.8,11.8,11.7,11.7,4600.0
2023-07-05 11:09:00+07:00,11.7,11.7,11.7,11.7,3400.0
2023-07-05 11:10:00+07:00,11.7,11.8,11.7,11.8,3100.0
2023-07-05 11:11:00+07:00,11.7,11.7,11.7,11.7,8500.0
2023-07-05 11:12:00+07:00,11.7,11.7,11.7,11.7,2200.0
2023-07-05 11:13:00+07:00,11.8,11.8,11.8,11.8,2900.0
2023-07-05 11:14:00+07:00,11.8,11.8,11.7,11.7,35300.0
2023-07-05 11:15:00+07:00,11.8,11.8,11.7,11.7,2300.0
2023-07-05 11:17:00+07:00,11.8,11.8,11.8,11.8,2500.0
2023-07-05 11:18:00+07:00,11.8,11.8,11.8,11.8,200.0
2023-07-05 11:19:00+07:00,11.8,11.8,11.8,11.8,10300.0
2023-07-05 11:20:00+07:00,11.8,11.8,11.8,11.8,12400.0
2023-07-05 11:21:00+07:00,11.8,11.8,11.7,11.8,13300.0
2023-07-05 11:22:00+07:00,11.8,11.8,11.8,11.8,10100.0
2023-07-05 11:23:00+07:00,11.8,11.8,11.8,11.8,2200.0
2023-07-05 11:24:00+07:00,11.8,11.8,11.8,11.8,200.0
2023-07-05 11:25:00+07:00,11.8,11.8,11.8,11.8,500.0
2023-07-05 11:26:00+07:00,11.8,11.8,11.8,11.8,3400.0
2023-07-05 11:27:00+07:00,11.8,11.8,11.8,11.8,11000.0
2023-07-05 11:28:00+07:00,11.8,11.8,11.8,11.8,1600.0
2023-07-05 11:29:00+07:00,11.8,11.8,11.8,11.8,18500.0
2023-07-05 11:30:00+07:00,11.7,11.8,11.7,11.7,6000.0
2023-07-05 11:31:00+07:00,11.7,11.8,11.7,11.7,6600.0
2023-07-05 11:32:00+07:00,11.7,11.8,11.7,11.7,3100.0
2023-07-05 11:33:00+07:00,11.7,11.8,11.7,11.7,5600.0
2023-07-05 11:34:00+07:00,11.8,11.8,11.7,11.8,26400.0
2023-07-05 11:35:00+07:00,11.7,11.8,11.7,11.8,5800.0
2023-07-05 11:36:00+07:00,11.8,11.8,11.7,11.8,3300.0
2023-07-05 11:38:00+07:00,11.7,11.8,11.7,11.8,4700.0
2023-07-05 11:39:00+07:00,11.8,11.8,11.8,11.8,100.0
2023-07-05 11:40:00+07:00,11.7,11.8,11.7,11.8,104300.0
2023-07-05 11:41:00+07:00,11.8,11.8,11.8,11.8,6000.0
2023-07-05 11:42:00+07:00,11.8,11.8,11.8,11.8,400.0
2023-07-05 11:43:00+07:00,11.8,11.8,11.8,11.8,2000.0
2023-07-05 11:44:00+07:00,11.8,11.8,11.8,11.8,2000.0
2023-07-05 11:45:00+07:00,11.8,11.8,11.7,11.7,2400.0
2023-07-05 11:46:00+07:00,11.7,11.8,11.7,11.8,12600.0
2023-07-05 11:47:00+07:00,11.8,11.8,11.8,11.8,6000.0
2023-07-05 11:48:00+07:00,11.8,11.8,11.8,11.8,900.0
2023-07-05 11:49:00+07:00,11.7,11.7,11.7,11.7,2400.0
2023-07-05 11:50:00+07:00,11.8,11.8,11.8,11.8,1900.0
2023-07-05 11:51:00+07:00,11.8,11.8,11.7,11.7,11200.0
2023-07-05 11:52:00+07:00,11.8,11.8,11.8,11.8,200.0
2023-07-05 11:53:00+07:00,11.8,11.8,11.7,11.7,1100.0
2023-07-05 11:54:00+07:00,11.7,11.8,11.7,11.8,5400.0
2023-07-05 11:55:00+07:00,11.7,11.8,11.7,11.8,11600.0
2023-07-05 11:56:00+07:00,11.8,11.8,11.7,11.8,35500.0
2023-07-05 11:57:00+07:00,11.7,11.7,11.7,11.7,2000.0
2023-07-05 11:59:00+07:00,11.8,11.8,11.8,11.8,2200.0
2023-07-05 12:00:00+07:00,11.7,11.8,11.7,11.8,72600.0
2023-07-05 12:01:00+07:00,11.7,11.8,11.7,11.8,286500.0
2023-07-05 12:02:00+07:00,11.8,11.8,11.7,11.7,3800.0
2023-07-05 12:03:00+07:00,11.7,11.7,11.7,11.7,127900.0
2023-07-05 12:05:00+07:00,11.8,11.8,11.7,11.7,3000.0
2023-07-05 12:06:00+07:00,11.8,11.8,11.7,11.7,9000.0
2023-07-05 12:08:00+07:00,11.7,11.7,11.7,11.7,1900.0
2023-07-05 12:09:00+07:00,11.7,11.7,11.7,11.7,2600.0
2023-07-05 12:10:00+07:00,11.8,11.8,11.7,11.7,1200.0
2023-07-05 12:11:00+07:00,11.8,11.8,11.7,11.8,4700.0
2023-07-05 12:12:00+07:00,11.8,11.8,11.8,11.8,27300.0
2023-07-05 12:13:00+07:00,11.8,11.8,11.7,11.8,3100.0
2023-07-05 12:14:00+07:00,11.7,11.7,11.7,11.7,1600.0
2023-07-05 12:16:00+07:00,11.7,11.7,11.7,11.7,800.0
2023-07-05 12:17:00+07:00,11.8,11.8,11.8,11.8,1500.0
2023-07-05 12:18:00+07:00,11.7,11.7,11.7,11.7,2100.0
2023-07-05 12:19:00+07:00,11.8,11.8,11.8,11.8,100.0
2023-07-05 12:20:00+07:00,11.7,11.8,11.7,11.8,2200.0
2023-07-05 12:21:00+07:00,11.7,11.8,11.7,11.7,1300.0
2023-07-05 12:22:00+07:00,11.8,11.8,11.8,11.8,2000.0
2023-07-05 12:23:00+07:00,11.8,11.8,11.8,11.8,200.0
2023-07-05 12:24:00+07:00,11.8,11.8,11.8,11.8,200.0
2023-07-05 12:25:00+07:00,11.7,11.8,11.7,11.8,4800.0
2023-07-05 12:26:00+07:00,11.7,11.8,11.7,11.7,4600.0
2023-07-05 12:27:00+07:00,11.7,11.7,11.7,11.7,2300.0
2023-07-05 12:28:00+07:00,11.8,11.8,11.7,11.7,160100.0
2023-07-05 12:29:00+07:00,11.7,11.8,11.7,11.8,3400.0
2023-07-05 14:29:00+07:00,11.8,11.8,11.7,11.7,92400.0
2023-07-05 14:30:00+07:00,11.8,11.8,11.8,11.8,400.0
2023-07-05 14:31:00+07:00,11.8,11.8,11.8,11.8,500.0
2023-07-05 14:32:00+07:00,11.8,11.8,11.8,11.8,2700.0
2023-07-05 14:33:00+07:00,11.8,11.8,11.8,11.8,800.0
2023-07-05 14:34:00+07:00,11.8,11.8,11.8,11.8,1000.0
2023-07-05 14:36:00+07:00,11.8,11.8,11.8,11.8,5000.0
2023-07-05 14:37:00+07:00,11.8,11.8,11.8,11.8,2900.0
2023-07-05 14:38:00+07:00,11.8,11.8,11.8,11.8,1600.0
2023-07-05 14:39:00+07:00,11.8,11.8,11.8,11.8,400.0
2023-07-05 14:40:00+07:00,11.7,11.8,11.7,11.8,10300.0
2023-07-05 14:41:00+07:00,11.8,11.8,11.8,11.8,800.0
2023-07-05 14:42:00+07:00,11.8,11.8,11.8,11.8,500.0
2023-07-05 14:43:00+07:00,11.8,11.8,11.8,11.8,800.0
2023-07-05 14:45:00+07:00,11.8,11.8,11.8,11.8,3700.0
2023-07-05 14:46:00+07:00,11.8,11.9,11.8,11.8,1721100.0
2023-07-05 14:47:00+07:00,11.7,11.8,11.7,11.8,67200.0
2023-07-05 14:48:00+07:00,11.8,11.8,11.8,11.8,40400.0
2023-07-05 14:49:00+07:00,11.8,11.8,11.8,11.8,1000.0
2023-07-05 14:50:00+07:00,11.8,11.8,11.8,11.8,100.0
2023-07-05 14:51:00+07:00,11.8,11.8,11.8,11.8,30100.0
2023-07-05 14:52:00+07:00,11.8,11.8,11.8,11.8,43000.0
2023-07-05 14:53:00+07:00,11.8,11.8,11.8,11.8,5200.0
2023-07-05 14:54:00+07:00,11.8,11.8,11.8,11.8,2000.0
2023-07-05 14:55:00+07:00,11.8,11.8,11.8,11.8,14300.0
2023-07-05 14:56:00+07:00,11.8,11.8,11.8,11.8,25000.0
2023-07-05 14:57:00+07:00,11.8,11.8,11.8,11.8,86100.0
2023-07-05 14:58:00+07:00,11.8,11.8,11.8,11.8,11300.0
2023-07-05 14:59:00+07:00,11.8,11.8,11.8,11.8,11400.0
2023-07-05 15:00:00+07:00,11.8,11.8,11.8,11.8,179300.0
2023-07-05 15:01:00+07:00,11.8,11.8,11.8,11.8,37800.0
2023-07-05 15:02:00+07:00,11.8,11.8,11.8,11.8,32000.0
2023-07-05 15:03:00+07:00,11.8,11.8,11.8,11.8,9500.0
2023-07-05 15:04:00+07:00,11.8,11.8,11.8,11.8,9600.0
2023-07-05 15:05:00+07:00,11.8,11.8,11.8,11.8,20500.0
2023-07-05 15:06:00+07:00,11.8,11.8,11.8,11.8,11000.0
2023-07-05 15:07:00+07:00,11.8,11.8,11.8,11.8,11900.0
2023-07-05 15:08:00+07:00,11.8,11.8,11.7,11.7,18800.0
2023-07-05 15:09:00+07:00,11.8,11.8,11.8,11.8,11200.0
2023-07-05 15:10:00+07:00,11.8,11.8,11.8,11.8,11100.0
2023-07-05 15:11:00+07:00,11.8,11.8,11.8,11.8,8900.0
2023-07-05 15:12:00+07:00,11.8,11.8,11.8,11.8,20400.0
2023-07-05 15:13:00+07:00,11.8,11.8,11.8,11.8,21300.0
2023-07-05 15:14:00+07:00,11.8,11.8,11.8,11.8,20300.0
2023-07-05 15:15:00+07:00,11.8,11.8,11.8,11.8,11500.0
2023-07-05 15:16:00+07:00,11.8,11.8,11.7,11.8,12700.0
2023-07-05 15:17:00+07:00,11.8,11.8,11.8,11.8,12200.0
2023-07-05 15:18:00+07:00,11.7,11.8,11.7,11.8,13500.0
2023-07-05 15:19:00+07:00,11.8,11.8,11.8,11.8,7700.0
2023-07-05 15:20:00+07:00,11.8,11.8,11.7,11.8,14500.0
2023-07-05 15:21:00+07:00,11.8,11.8,11.7,11.8,8700.0
2023-07-05 15:22:00+07:00,11.8,11.8,11.8,11.8,6800.0
2023-07-05 15:23:00+07:00,11.7,11.8,11.7,11.8,8700.0
2023-07-05 15:24:00+07:00,11.8,11.8,11.8,11.8,5300.0
2023-07-05 15:25:00+07:00,11.8,11.8,11.7,11.7,20900.0
2023-07-05 15:26:00+07:00,11.8,11.8,11.7,11.8,8200.0
2023-07-05 15:27:00+07:00,11.8,11.8,11.8,11.8,5700.0
2023-07-05 15:28:00+07:00,11.8,11.8,11.7,11.8,8900.0
2023-07-05 15:29:00+07:00,11.8,11.8,11.7,11.7,38400.0
2023-07-05 15:30:00+07:00,11.8,11.8,11.7,11.8,9500.0
2023-07-05 15:31:00+07:00,11.8,11.8,11.7,11.7,160400.0
2023-07-05 15:32:00+07:00,11.8,11.8,11.7,11.7,7100.0
2023-07-05 15:33:00+07:00,11.7,11.8,11.6,11.6,1971500.0
2023-07-05 15:34:00+07:00,11.7,11.7,11.6,11.7,9800.0
2023-07-05 15:35:00+07:00,11.7,11.7,11.6,11.7,4000.0
2023-07-05 15:36:00+07:00,11.7,11.7,11.6,11.7,11800.0
2023-07-05 15:37:00+07:00,11.6,11.7,11.6,11.7,21400.0
2023-07-05 15:38:00+07:00,11.7,11.7,11.6,11.6,13700.0
2023-07-05 15:39:00+07:00,11.7,11.7,11.6,11.7,15300.0
2023-07-05 15:40:00+07:00,11.7,11.7,11.7,11.7,34100.0
2023-07-05 15:41:00+07:00,11.7,11.7,11.7,11.7,11500.0
2023-07-05 15:42:00+07:00,11.7,11.7,11.7,11.7,37100.0
2023-07-05 15:43:00+07:00,11.7,11.7,11.7,11.7,6200.0
2023-07-05 15:44:00+07:00,11.7,11.7,11.7,11.7,17400.0
2023-07-05 15:45:00+07:00,11.7,11.7,11.6,11.6,10700.0
2023-07-05 15:46:00+07:00,11.6,11.7,11.6,11.7,5400.0
2023-07-05 15:47:00+07:00,11.7,11.7,11.7,11.7,19800.0
2023-07-05 15:48:00+07:00,11.7,11.7,11.6,11.7,10700.0
2023-07-05 15:49:00+07:00,11.7,11.7,11.7,11.7,34600.0
2023-07-05 15:50:00+07:00,11.7,11.7,11.7,11.7,123500.0
2023-07-05 15:51:00+07:00,11.7,11.7,11.6,11.7,14700.0
2023-07-05 15:52:00+07:00,11.7,11.7,11.7,11.7,13500.0
2023-07-05 15:53:00+07:00,11.7,11.7,11.7,11.7,8300.0
2023-07-05 15:54:00+07:00,11.7,11.7,11.7,11.7,14200.0
2023-07-05 15:55:00+07:00,11.7,11.7,11.6,11.7,15100.0
2023-07-05 15:56:00+07:00,11.7,11.7,11.6,11.7,6800.0
2023-07-05 15:57:00+07:00,11.7,11.7,11.7,11.7,13300.0
2023-07-05 15:58:00+07:00,11.7,11.7,11.7,11.7,33700.0
2023-07-05 15:59:00+07:00,11.7,11.7,11.7,11.7,61300.0
2023-07-05 16:00:00+07:00,11.7,11.7,11.7,11.7,27900.0
2023-07-05 16:01:00+07:00,11.7,11.7,11.7,11.7,7400.0
2023-07-05 16:02:00+07:00,11.7,11.7,11.7,11.7,8000.0
2023-07-05 16:03:00+07:00,11.7,11.7,11.7,11.7,10500.0
2023-07-05 16:04:00+07:00,11.7,11.7,11.7,11.7,14700.0
2023-07-05 16:05:00+07:00,11.7,11.7,11.7,11.7,4600.0
2023-07-05 16:06:00+07:00,11.7,11.7,11.7,11.7,11000.0
2023-07-05 16:07:00+07:00,11.7,11.7,11.7,11.7,6600.0
2023-07-05 16:08:00+07:00,11.7,11.7,11.7,11.7,30200.0
2023-07-05 16:09:00+07:00,11.7,11.7,11.7,11.7,275600.0
2023-07-05 16:10:00+07:00,11.7,11.7,11.7,11.7,4700.0
2023-07-05 16:11:00+07:00,11.7,11.7,11.7,11.7,184500.0
2023-07-05 16:12:00+07:00,11.7,11.7,11.7,11.7,500.0
2023-07-05 16:13:00+07:00,11.7,11.7,11.7,11.7,7000.0
2023-07-05 16:14:00+07:00,11.7,11.7,11.7,11.7,33200.0
2023-07-05 16:15:00+07:00,11.7,11.7,11.7,11.7,26100.0
2023-07-05 16:16:00+07:00,11.7,11.7,11.7,11.7,61500.0
2023-07-05 16:17:00+07:00,11.7,11.7,11.7,11.7,1000.0
2023-07-05 16:18:00+07:00,11.7,11.7,11.7,11.7,15700.0
2023-07-05 16:19:00+07:00,11.7,11.7,11.7,11.7,316200.0
2023-07-05 16:20:00+07:00,11.7,11.7,11.7,11.7,12900.0
2023-07-05 16:21:00+07:00,11.7,11.7,11.7,11.7,13200.0
2023-07-05 16:22:00+07:00,11.7,11.7,11.7,11.7,3100.0
2023-07-05 16:23:00+07:00,11.7,11.7,11.7,11.7,2300.0
2023-07-05 16:24:00+07:00,11.7,11.7,11.6,11.6,1700.0
2023-07-05 16:25:00+07:00,11.7,11.7,11.6,11.7,10400.0
2023-07-05 16:26:00+07:00,11.7,11.7,11.6,11.6,34100.0
2023-07-05 16:27:00+07:00,11.7,11.7,11.6,11.6,15900.0
2023-07-05 16:28:00+07:00,11.7,11.7,11.6,11.7,91100.0
2023-07-05 16:29:00+07:00,11.6,11.7,11.6,11.7,30000.0
2023-07-05 16:36:00+07:00,11.6,11.6,11.6,11.6,1262100.0
2023-07-06 09:55:00+07:00,11.6,11.7,11.6,11.7,167900.0
2023-07-06 09:56:00+07:00,11.6,11.6,11.6,11.6,403600.0
2023-07-06 09:57:00+07:00,11.6,11.6,11.6,11.6,262700.0
2023-07-06 09:58:00+07:00,11.6,11.6,11.6,11.6,96600.0
2023-07-06 09:59:00+07:00,11.6,11.6,11.6,11.6,15700.0
2023-07-06 10:00:00+07:00,11.6,11.7,11.6,11.7,19000.0
2023-07-06 10:01:00+07:00,11.7,11.7,11.7,11.7,1000.0
2023-07-06 10:02:00+07:00,11.6,11.6,11.6,11.6,311600.0
2023-07-06 10:03:00+07:00,11.6,11.6,11.6,11.6,5000.0
2023-07-06 10:04:00+07:00,11.6,11.6,11.5,11.5,36100.0
2023-07-06 10:05:00+07:00,11.6,11.6,11.5,11.6,48300.0
2023-07-06 10:06:00+07:00,11.6,11.6,11.6,11.6,300.0
2023-07-06 10:07:00+07:00,11.5,11.5,11.5,11.5,26200.0
2023-07-06 10:08:00+07:00,11.5,11.6,11.5,11.5,25900.0
2023-07-06 10:09:00+07:00,11.5,11.6,11.5,11.6,35100.0
2023-07-06 10:10:00+07:00,11.6,11.6,11.6,11.6,3400.0
2023-07-06 10:11:00+07:00,11.6,11.6,11.6,11.6,2400.0
2023-07-06 10:12:00+07:00,11.6,11.6,11.6,11.6,6000.0
2023-07-06 10:13:00+07:00,11.6,11.6,11.6,11.6,38300.0
2023-07-06 10:14:00+07:00,11.5,11.6,11.5,11.6,7300.0
2023-07-06 10:15:00+07:00,11.6,11.6,11.6,11.6,20300.0
2023-07-06 10:16:00+07:00,11.6,11.6,11.5,11.6,6300.0
2023-07-06 10:17:00+07:00,11.6,11.6,11.6,11.6,12100.0
2023-07-06 10:18:00+07:00,11.6,11.6,11.6,11.6,12100.0
2023-07-06 10:19:00+07:00,11.6,11.6,11.5,11.5,17600.0
2023-07-06 10:20:00+07:00,11.5,11.6,11.5,11.6,8000.0
2023-07-06 10:21:00+07:00,11.6,11.6,11.5,11.5,18800.0
2023-07-06 10:22:00+07:00,11.5,11.6,11.5,11.5,75200.0
2023-07-06 10:23:00+07:00,11.6,11.6,11.6,11.6,400.0
2023-07-06 10:24:00+07:00,11.6,11.6,11.5,11.5,159700.0
2023-07-06 10:25:00+07:00,11.5,11.6,11.5,11.6,16500.0
2023-07-06 10:26:00+07:00,11.6,11.6,11.5,11.5,5300.0
2023-07-06 10:27:00+07:00,11.6,11.6,11.6,11.6,3600.0
2023-07-06 10:28:00+07:00,11.6,11.6,11.6,11.6,7500.0
2023-07-06 10:29:00+07:00,11.6,11.6,11.6,11.6,4500.0
2023-07-06 10:30:00+07:00,11.5,11.6,11.5,11.6,20800.0
2023-07-06 10:31:00+07:00,11.6,11.6,11.5,11.6,7800.0
2023-07-06 10:32:00+07:00,11.6,11.6,11.5,11.5,5200.0
2023-07-06 10:33:00+07:00,11.6,11.6,11.5,11.5,1300.0
2023-07-06 10:34:00+07:00,11.6,11.6,11.6,11.6,200.0
2023-07-06 10:35:00+07:00,11.6,11.6,11.5,11.6,34500.0
2023-07-06 10:36:00+07:00,11.6,11.6,11.5,11.6,5300.0
2023-07-06 10:37:00+07:00,11.6,11.6,11.5,11.5,2100.0
2023-07-06 10:38:00+07:00,11.6,11.6,11.5,11.5,9200.0
2023-07-06 10:39:00+07:00,11.6,11.6,11.5,11.5,3500.0
2023-07-06 10:40:00+07:00,11.5,11.6,11.5,11.6,7300.0
2023-07-06 10:41:00+07:00,11.6,11.6,11.5,11.5,3900.0
2023-07-06 10:42:00+07:00,11.5,11.5,11.5,11.5,5400.0
2023-07-06 10:43:00+07:00,11.6,11.6,11.5,11.5,2700.0
2023-07-06 10:44:00+07:00,11.6,11.6,11.5,11.6,57000.0
2023-07-06 10:45:00+07:00,11.5,11.5,11.5,11.5,7500.0
2023-07-06 10:46:00+07:00,11.5,11.6,11.5,11.6,71900.0
2023-07-06 10:47:00+07:00,11.5,11.5,11.5,11.5,8300.0
2023-07-06 10:48:00+07:00,11.5,11.6,11.5,11.5,11600.0
2023-07-06 10:49:00+07:00,11.5,11.6,11.5,11.6,55500.0
2023-07-06 10:50:00+07:00,11.6,11.6,11.5,11.6,8400.0
2023-07-06 10:51:00+07:00,11.5,11.6,11.5,11.5,6200.0
2023-07-06 10:52:00+07:00,11.5,11.6,11.5,11.6,7500.0
2023-07-06 10:53:00+07:00,11.5,11.6,11.5,11.5,106300.0
2023-07-06 10:54:00+07:00,11.6,11.6,11.6,11.6,6200.0
2023-07-06 10:55:00+07:00,11.6,11.6,11.5,11.6,3800.0
2023-07-06 10:56:00+07:00,11.6,11.6,11.6,11.6,8000.0
2023-07-06 10:57:00+07:00,11.5,11.6,11.5,11.5,4300.0
2023-07-06 10:58:00+07:00,11.6,11.6,11.5,11.5,8300.0
2023-07-06 10:59:00+07:00,11.6,11.6,11.5,11.5,900.0
2023-07-06 11:00:00+07:00,11.5,11.6,11.5,11.5,2500.0
2023-07-06 11:01:00+07:00,11.5,11.6,11.5,11.6,15100.0
2023-07-06 11:02:00+07:00,11.5,11.6,11.5,11.6,22700.0
2023-07-06 11:03:00+07:00,11.5,11.6,11.5,11.5,6300.0
2023-07-06 11:04:00+07:00,11.6,11.6,11.5,11.6,63700.0
2023-07-06 11:05:00+07:00,11.6,11.6,11.5,11.5,76700.0
2023-07-06 11:06:00+07:00,11.5,11.6,11.5,11.6,3400.0
2023-07-06 11:07:00+07:00,11.6,11.6,11.6,11.6,1500.0
2023-07-06 11:08:00+07:00,11.6,11.6,11.5,11.6,3400.0
2023-07-06 11:09:00+07:00,11.6,11.6,11.5,11.6,1100.0
2023-07-06 11:10:00+07:00,11.6,11.6,11.5,11.5,14700.0
2023-07-06 11:11:00+07:00,11.6,11.6,11.6,11.6,15400.0
2023-07-06 11:12:00+07:00,11.5,11.6,11.5,11.5,1440100.0
2023-07-06 11:13:00+07:00,11.6,11.6,11.6,11.6,100.0
2023-07-06 11:14:00+07:00,11.5,11.5,11.5,11.5,13800.0
2023-07-06 11:15:00+07:00,11.5,11.5,11.5,11.5,20700.0
2023-07-06 11:16:00+07:00,11.5,11.6,11.5,11.6,3500.0
2023-07-06 11:17:00+07:00,11.6,11.6,11.6,11.6,1000.0
2023-07-06 11:18:00+07:00,11.5,11.5,11.4,11.4,589800.0
2023-07-06 11:19:00+07:00,11.5,11.5,11.5,11.5,87700.0
2023-07-06 11:20:00+07:00,11.5,11.5,11.4,11.4,25800.0
2023-07-06 11:21:00+07:00,11.5,11.5,11.5,11.5,12500.0
2023-07-06 11:22:00+07:00,11.5,11.5,11.4,11.4,6500.0
2023-07-06 11:23:00+07:00,11.4,11.5,11.4,11.5,13900.0
2023-07-06 11:24:00+07:00,11.5,11.5,11.5,11.5,39000.0
2023-07-06 11:25:00+07:00,11.5,11.5,11.4,11.5,63900.0
2023-07-06 11:26:00+07:00,11.5,11.5,11.4,11.5,5600.0
2023-07-06 11:27:00+07:00,11.5,11.5,11.5,11.5,8700.0
2023-07-06 11:28:00+07:00,11.4,11.5,11.4,11.5,5900.0
2023-07-06 11:29:00+07:00,11.5,11.5,11.5,11.5,12000.0
2023-07-06 11:30:00+07:00,11.5,11.5,11.4,11.4,7700.0
2023-07-06 11:31:00+07:00,11.5,11.5,11.4,11.4,4600.0
2023-07-06 11:32:00+07:00,11.4,11.5,11.4,11.5,50700.0
2023-07-06 11:33:00+07:00,11.5,11.5,11.4,11.4,35200.0
2023-07-06 11:34:00+07:00,11.5,11.5,11.5,11.5,2800.0
2023-07-06 11:35:00+07:00,11.5,11.5,11.4,11.5,150200.0
2023-07-06 11:36:00+07:00,11.5,11.5,11.4,11.4,20500.0
2023-07-06 11:37:00+07:00,11.5,11.5,11.4,11.5,37600.0
2023-07-06 11:38:00+07:00,11.5,11.5,11.5,11.5,11500.0
2023-07-06 11:39:00+07:00,11.5,11.5,11.5,11.5,2700.0
2023-07-06 11:40:00+07:00,11.5,11.5,11.4,11.5,9600.0
2023-07-06 11:42:00+07:00,11.5,11.5,11.5,11.5,1000.0
2023-07-06 11:43:00+07:00,11.4,11.5,11.4,11.5,2000.0
2023-07-06 11:44:00+07:00,11.5,11.5,11.5,11.5,300.0
2023-07-06 11:45:00+07:00,11.5,11.5,11.5,11.5,2400.0
2023-07-06 11:46:00+07:00,11.5,11.5,11.5,11.5,1200.0
2023-07-06 11:47:00+07:00,11.5,11.5,11.5,11.5,500.0
2023-07-06 11:48:00+07:00,11.5,11.5,11.5,11.5,1500.0
2023-07-06 11:49:00+07:00,11.5,11.5,11.5,11.5,4400.0
2023-07-06 11:50:00+07:00,11.5,11.5,11.5,11.5,100.0
2023-07-06 11:51:00+07:00,11.4,11.5,11.4,11.5,5500.0
2023-07-06 11:52:00+07:00,11.4,11.5,11.4,11.5,3300.0
2023-07-06 11:53:00+07:00,11.4,11.5,11.4,11.4,6300.0
2023-07-06 11:54:00+07:00,11.4,11.5,11.4,11.4,9800.0
2023-07-06 11:55:00+07:00,11.5,11.5,11.4,11.4,4800.0
2023-07-06 11:56:00+07:00,11.4,11.4,11.4,11.4,7000.0
2023-07-06 11:57:00+07:00,11.4,11.5,11.4,11.4,7800.0
2023-07-06 11:58:00+07:00,11.5,11.5,11.4,11.4,4900.0
2023-07-06 11:59:00+07:00,11.4,11.4,11.4,11.4,3800.0
2023-07-06 12:00:00+07:00,11.4,11.5,11.4,11.5,3600.0
2023-07-06 12:01:00+07:00,11.4,11.5,11.4,11.4,2600.0
2023-07-06 12:02:00+07:00,11.4,11.4,11.4,11.4,1000.0
2023-07-06 12:03:00+07:00,11.5,11.5,11.4,11.4,12200.0
2023-07-06 12:04:00+07:00,11.5,11.5,11.5,11.5,1400.0
2023-07-06 12:05:00+07:00,11.5,11.5,11.4,11.4,4900.0
2023-07-06 12:07:00+07:00,11.5,11.5,11.5,11.5,1000.0
2023-07-06 12:08:00+07:00,11.5,11.5,11.5,11.5,200.0
2023-07-06 12:09:00+07:00,11.5,11.5,11.4,11.4,2100.0
2023-07-06 12:10:00+07:00,11.4,11.5,11.4,11.5,3000.0
2023-07-06 12:11:00+07:00,11.4,11.4,11.4,11.4,1500.0
2023-07-06 12:12:00+07:00,11.4,11.5,11.4,11.5,10200.0
2023-07-06 12:13:00+07:00,11.5,11.5,11.4,11.5,74400.0
2023-07-06 12:14:00+07:00,11.4,11.5,11.4,11.5,18100.0
2023-07-06 12:15:00+07:00,11.5,11.5,11.5,11.5,2300.0
2023-07-06 12:16:00+07:00,11.4,11.4,11.4,11.4,54900.0
2023-07-06 12:17:00+07:00,11.4,11.5,11.4,11.5,5600.0
2023-07-06 12:18:00+07:00,11.4,11.4,11.4,11.4,6700.0
2023-07-06 12:19:00+07:00,11.4,11.4,11.4,11.4,5300.0
2023-07-06 12:20:00+07:00,11.5,11.5,11.5,11.5,100.0
2023-07-06 12:21:00+07:00,11.4,11.5,11.4,11.4,4300.0
2023-07-06 12:22:00+07:00,11.4,11.5,11.4,11.5,3100.0
2023-07-06 12:23:00+07:00,11.5,11.5,11.5,11.5,700.0
2023-07-06 12:24:00+07:00,11.4,11.4,11.4,11.4,52500.0
2023-07-06 12:25:00+07:00,11.4,11.4,11.4,11.4,10000.0
2023-07-06 12:26:00+07:00,11.5,11.5,11.5,11.5,10300.0
2023-07-06 12:27:00+07:00,11.5,11.5,11.4,11.5,12400.0
2023-07-06 12:28:00+07:00,11.4,11.4,11.4,11.4,8500.0
2023-07-06 12:29:00+07:00,11.4,11.5,11.4,11.5,13500.0
2023-07-06 14:25:00+07:00,11.4,11.5,11.4,11.5,157700.0
2023-07-06 14:26:00+07:00,11.5,11.5,11.5,11.5,100.0
2023-07-06 14:27:00+07:00,11.5,11.5,11.5,11.5,300.0
2023-07-06 14:29:00+07:00,11.5,11.5,11.4,11.4,400.0
2023-07-06 14:30:00+07:00,11.5,11.5,11.4,11.4,1600.0
2023-07-06 14:31:00+07:00,11.4,11.4,11.4,11.4,200.0
2023-07-06 14:32:00+07:00,11.5,11.5,11.5,11.5,2500.0
2023-07-06 14:33:00+07:00,11.5,11.5,11.5,11.5,1000.0
2023-07-06 14:34:00+07:00,11.4,11.4,11.4,11.4,1900.0
2023-07-06 14:37:00+07:00,11.5,11.5,11.5,11.5,500.0
2023-07-06 14:38:00+07:00,11.5,11.5,11.5,11.5,1400.0
2023-07-06 14:39:00+07:00,11.5,11.5,11.3,11.4,1540900.0
2023-07-06 14:40:00+07:00,11.4,11.4,11.3,11.4,14900.0
2023-07-06 14:41:00+07:00,11.4,11.4,11.3,11.4,21500.0
2023-07-06 14:42:00+07:00,11.4,11.4,11.3,11.3,34900.0
2023-07-06 14:43:00+07:00,11.4,11.4,11.4,11.4,6300.0
2023-07-06 14:44:00+07:00,11.4,11.4,11.3,11.4,6400.0
2023-07-06 14:45:00+07:00,11.4,11.4,11.3,11.3,26200.0
2023-07-06 14:46:00+07:00,11.4,11.4,11.4,11.4,100.0
2023-07-06 14:47:00+07:00,11.4,11.4,11.4,11.4,5200.0
2023-07-06 14:48:00+07:00,11.4,11.4,11.3,11.4,7400.0
2023-07-06 14:49:00+07:00,11.4,11.4,11.3,11.4,10600.0
2023-07-06 14:50:00+07:00,11.4,11.4,11.3,11.3,8900.0
2023-07-06 14:51:00+07:00,11.4,11.4,11.3,11.3,8300.0
2023-07-06 14:52:00+07:00,11.4,11.4,11.3,11.4,21300.0
2023-07-06 14:53:00+07:00,11.4,11.4,11.3,11.4,5000.0
2023-07-06 14:54:00+07:00,11.4,11.4,11.3,11.4,18100.0
2023-07-06 14:55:00+07:00,11.4,11.4,11.3,11.4,12500.0
2023-07-06 14:56:00+07:00,11.4,11.4,11.3,11.3,14700.0
2023-07-06 14:57:00+07:00,11.4,11.4,11.3,11.3,4300.0
2023-07-06 14:58:00+07:00,11.4,11.4,11.3,11.4,4900.0
2023-07-06 14:59:00+07:00,11.3,11.4,11.3,11.4,49200.0
2023-07-06 15:00:00+07:00,11.4,11.4,11.3,11.3,10000.0
2023-07-06 15:01:00+07:00,11.4,11.4,11.3,11.4,9800.0
2023-07-06 15:02:00+07:00,11.4,11.4,11.3,11.3,9600.0
2023-07-06 15:03:00+07:00,11.3,11.3,11.3,11.3,6900.0
2023-07-06 15:04:00+07:00,11.3,11.4,11.3,11.4,5600.0
2023-07-06 15:05:00+07:00,11.4,11.4,11.3,11.4,6400.0
2023-07-06 15:06:00+07:00,11.3,11.4,11.3,11.3,12400.0
2023-07-06 15:07:00+07:00,11.3,11.4,11.3,11.4,14000.0
2023-07-06 15:08:00+07:00,11.4,11.4,11.3,11.3,198800.0
2023-07-06 15:09:00+07:00,11.3,11.3,11.3,11.3,13400.0
2023-07-06 15:10:00+07:00,11.4,11.4,11.3,11.3,9400.0
2023-07-06 15:11:00+07:00,11.3,11.4,11.3,11.3,21800.0
2023-07-06 15:12:00+07:00,11.4,11.4,11.3,11.3,19900.0
2023-07-06 15:13:00+07:00,11.3,11.3,11.3,11.3,3800.0
2023-07-06 15:14:00+07:00,11.4,11.4,11.3,11.3,9900.0
2023-07-06 15:15:00+07:00,11.3,11.3,11.3,11.3,204000.0
2023-07-06 15:16:00+07:00,11.3,11.3,11.3,11.3,26900.0
2023-07-06 15:17:00+07:00,11.4,11.4,11.3,11.4,10800.0
2023-07-06 15:18:00+07:00,11.3,11.4,11.3,11.3,6200.0
2023-07-06 15:19:00+07:00,11.3,11.4,11.3,11.4,4500.0
2023-07-06 15:20:00+07:00,11.4,11.4,11.3,11.3,7500.0
2023-07-06 15:21:00+07:00,11.4,11.4,11.3,11.4,18800.0
2023-07-06 15:22:00+07:00,11.4,11.4,11.3,11.3,5900.0
2023-07-06 15:23:00+07:00,11.3,11.3,11.3,11.3,728900.0
2023-07-06 15:24:00+07:00,11.4,11.4,11.3,11.3,11900.0
2023-07-06 15:25:00+07:00,11.3,11.3,11.3,11.3,457500.0
2023-07-06 15:26:00+07:00,11.3,11.4,11.3,11.4,19000.0
2023-07-06 15:27:00+07:00,11.3,11.4,11.3,11.4,4500.0
2023-07-06 15:28:00+07:00,11.4,11.4,11.3,11.3,12700.0
2023-07-06 15:29:00+07:00,11.3,11.4,11.3,11.3,10200.0
2023-07-06 15:30:00+07:00,11.3,11.4,11.3,11.4,10300.0
2023-07-06 15:31:00+07:00,11.4,11.4,11.3,11.4,6100.0
2023-07-06 15:32:00+07:00,11.4,11.4,11.3,11.4,6800.0
2023-07-06 15:33:00+07:00,11.4,11.4,11.3,11.3,3500.0
2023-07-06 15:34:00+07:00,11.4,11.4,11.4,11.4,200.0
2023-07-06 15:35:00+07:00,11.4,11.4,11.3,11.3,5300.0
2023-07-06 15:36:00+07:00,11.4,11.4,11.4,11.4,300.0
2023-07-06 15:37:00+07:00,11.4,11.4,11.4,11.4,200.0
2023-07-06 15:39:00+07:00,11.3,11.4,11.3,11.3,3400.0
2023-07-06 15:40:00+07:00,11.3,11.4,11.3,11.4,2200.0
2023-07-06 15:41:00+07:00,11.4,11.4,11.3,11.4,12900.0
2023-07-06 15:42:00+07:00,11.3,11.3,11.3,11.3,6800.0
2023-07-06 15:43:00+07:00,11.3,11.4,11.3,11.4,7300.0
2023-07-06 15:44:00+07:00,11.4,11.4,11.3,11.3,34100.0
2023-07-06 15:45:00+07:00,11.3,11.3,11.3,11.3,20300.0
2023-07-06 15:46:00+07:00,11.3,11.3,11.3,11.3,18200.0
2023-07-06 15:47:00+07:00,11.4,11.4,11.3,11.3,197100.0
2023-07-06 15:48:00+07:00,11.3,11.4,11.3,11.4,21100.0
2023-07-06 15:49:00+07:00,11.4,11.4,11.3,11.3,34000.0
2023-07-06 15:50:00+07:00,11.3,11.3,11.3,11.3,14600.0
2023-07-06 15:51:00+07:00,11.4,11.4,11.3,11.3,37600.0
2023-07-06 15:52:00+07:00,11.3,11.3,11.3,11.3,11200.0
2023-07-06 15:53:00+07:00,11.3,11.3,11.3,11.3,7300.0
2023-07-06 15:54:00+07:00,11.3,11.4,11.3,11.4,5500.0
2023-07-06 15:55:00+07:00,11.4,11.4,11.3,11.3,6700.0
2023-07-06 15:56:00+07:00,11.3,11.4,11.3,11.3,7400.0
2023-07-06 15:57:00+07:00,11.3,11.4,11.3,11.3,6500.0
2023-07-06 15:58:00+07:00,11.3,11.4,11.3,11.4,4600.0
2023-07-06 15:59:00+07:00,11.4,11.4,11.4,11.4,3400.0
2023-07-06 16:00:00+07:00,11.3,11.4,11.3,11.3,181300.0
2023-07-06 16:01:00+07:00,11.4,11.4,11.3,11.4,13800.0
2023-07-06 16:02:00+07:00,11.3,11.4,11.3,11.4,3700.0
2023-07-06 16:03:00+07:00,11.3,11.3,11.3,11.3,6300.0
2023-07-06 16:04:00+07:00,11.3,11.3,11.2,11.3,1391600.0
2023-07-06 16:05:00+07:00,11.2,11.3,11.2,11.3,48900.0
2023-07-06 16:06:00+07:00,11.3,11.3,11.2,11.2,68800.0
2023-07-06 16:07:00+07:00,11.3,11.3,11.2,11.3,4800.0
2023-07-06 16:08:00+07:00,11.2,11.3,11.2,11.3,4900.0
2023-07-06 16:09:00+07:00,11.2,11.3,11.2,11.2,10600.0
2023-07-06 16:10:00+07:00,11.3,11.3,11.2,11.2,34000.0
2023-07-06 16:11:00+07:00,11.2,11.3,11.2,11.3,24300.0
2023-07-06 16:12:00+07:00,11.2,11.3,11.2,11.2,19400.0
2023-07-06 16:13:00+07:00,11.3,11.3,11.2,11.3,50800.0
2023-07-06 16:14:00+07:00,11.2,11.3,11.2,11.3,81500.0
2023-07-06 16:15:00+07:00,11.2,11.3,11.2,11.2,89900.0
2023-07-06 16:16:00+07:00,11.2,11.3,11.2,11.2,52800.0
2023-07-06 16:17:00+07:00,11.3,11.3,11.2,11.2,44800.0
2023-07-06 16:18:00+07:00,11.2,11.3,11.2,11.2,72700.0
2023-07-06 16:19:00+07:00,11.2,11.3,11.2,11.2,53200.0
2023-07-06 16:20:00+07:00,11.2,11.3,11.2,11.3,87900.0
2023-07-06 16:21:00+07:00,11.3,11.3,11.2,11.2,116500.0
2023-07-06 16:22:00+07:00,11.2,11.2,11.2,11.2,140300.0
2023-07-06 16:23:00+07:00,11.2,11.3,11.2,11.2,517100.0
2023-07-06 16:24:00+07:00,11.2,11.2,11.2,11.2,77900.0
2023-07-06 16:25:00+07:00,11.2,11.2,11.2,11.2,128600.0
2023-07-06 16:26:00+07:00,11.2,11.2,11.2,11.2,157200.0
2023-07-06 16:27:00+07:00,11.2,11.3,11.2,11.3,105400.0
2023-07-06 16:28:00+07:00,11.2,11.2,11.2,11.2,48600.0
2023-07-06 16:29:00+07:00,11.2,11.3,11.2,11.2,51100.0
2023-07-06 16:38:00+07:00,11.3,11.3,11.3,11.3,1401200.0
2023-07-07 09:56:00+07:00,11.2,11.2,11.2,11.2,313200.0
2023-07-07 09:57:00+07:00,11.2,11.2,11.1,11.2,251300.0
2023-07-07 09:58:00+07:00,11.1,11.2,11.1,11.2,26800.0
2023-07-07 09:59:00+07:00,11.1,11.2,11.1,11.1,49200.0
2023-07-07 10:00:00+07:00,11.1,11.2,11.1,11.2,10100.0
2023-07-07 10:01:00+07:00,11.2,11.2,11.2,11.2,93000.0
2023-07-07 10:02:00+07:00,11.1,11.2,11.1,11.2,332900.0
2023-07-07 10:03:00+07:00,11.2,11.3,11.2,11.2,76100.0
2023-07-07 10:04:00+07:00,11.2,11.3,11.2,11.3,63000.0
2023-07-07 10:05:00+07:00,11.2,11.2,11.2,11.2,500.0
2023-07-07 10:06:00+07:00,11.3,11.3,11.2,11.2,21300.0
2023-07-07 10:07:00+07:00,11.2,11.2,11.2,11.2,16800.0
2023-07-07 10:08:00+07:00,11.3,11.3,11.2,11.3,6700.0
2023-07-07 10:09:00+07:00,11.3,11.3,11.3,11.3,403600.0
2023-07-07 10:11:00+07:00,11.3,11.4,11.3,11.4,358000.0
2023-07-07 10:12:00+07:00,11.4,11.4,11.4,11.4,1000.0
2023-07-07 10:13:00+07:00,11.4,11.4,11.4,11.4,11100.0
2023-07-07 10:14:00+07:00,11.4,11.4,11.4,11.4,58100.0
2023-07-07 10:15:00+07:00,11.4,11.4,11.3,11.3,4000.0
2023-07-07 10:16:00+07:00,11.4,11.4,11.4,11.4,2800.0
2023-07-07 10:17:00+07:00,11.4,11.4,11.4,11.4,10500.0
2023-07-07 10:18:00+07:00,11.3,11.3,11.3,11.3,300.0
2023-07-07 10:19:00+07:00,11.3,11.4,11.3,11.4,700.0
2023-07-07 10:20:00+07:00,11.3,11.3,11.3,11.3,900.0
2023-07-07 10:22:00+07:00,11.3,11.3,11.3,11.3,23000.0
2023-07-07 10:23:00+07:00,11.4,11.4,11.3,11.3,1500.0
2023-07-07 10:25:00+07:00,11.3,11.4,11.3,11.4,2000.0
2023-07-07 10:26:00+07:00,11.4,11.4,11.4,11.4,2000.0
2023-07-07 10:27:00+07:00,11.4,11.4,11.4,11.4,100.0
2023-07-07 10:28:00+07:00,11.3,11.4,11.3,11.4,1100.0
2023-07-07 10:29:00+07:00,11.4,11.4,11.4,11.4,200.0
2023-07-07 10:30:00+07:00,11.3,11.4,11.3,11.4,1400.0
2023-07-07 10:31:00+07:00,11.4,11.4,11.4,11.4,8000.0
2023-07-07 10:32:00+07:00,11.4,11.4,11.3,11.4,4900.0
2023-07-07 10:33:00+07:00,11.4,11.4,11.4,11.4,17600.0
2023-07-07 10:34:00+07:00,11.4,11.4,11.4,11.4,33500.0
2023-07-07 10:35:00+07:00,11.4,11.4,11.4,11.4,284900.0
2023-07-07 10:36:00+07:00,11.5,11.5,11.4,11.4,2300.0
2023-07-07 10:37:00+07:00,11.4,11.5,11.4,11.4,23900.0
2023-07-07 10:38:00+07:00,11.4,11.5,11.4,11.5,500.0
2023-07-07 10:39:00+07:00,11.5,11.5,11.4,11.4,400.0
2023-07-07 10:40:00+07:00,11.4,11.5,11.4,11.5,86800.0
2023-07-07 10:41:00+07:00,11.4,11.5,11.4,11.5,5100.0
2023-07-07 10:42:00+07:00,11.5,11.5,11.5,11.5,200.0
2023-07-07 10:44:00+07:00,11.5,11.5,11.4,11.4,3400.0
2023-07-07 10:45:00+07:00,11.5,11.5,11.4,11.4,7300.0
2023-07-07 10:46:00+07:00,11.4,11.5,11.4,11.5,4400.0
2023-07-07 10:47:00+07:00,11.4,11.5,11.4,11.4,53500.0
2023-07-07 10:48:00+07:00,11.4,11.5,11.4,11.5,6300.0
2023-07-07 10:49:00+07:00,11.4,11.4,11.4,11.4,4100.0
2023-07-07 10:50:00+07:00,11.4,11.5,11.4,11.5,16400.0
2023-07-07 10:52:00+07:00,11.4,11.4,11.4,11.4,5800.0
2023-07-07 10:53:00+07:00,11.4,11.5,11.4,11.4,562500.0
2023-07-07 10:54:00+07:00,11.4,11.5,11.4,11.5,12200.0
2023-07-07 10:55:00+07:00,11.4,11.4,11.4,11.4,2200.0
2023-07-07 10:56:00+07:00,11.4,11.4,11.4,11.4,13500.0
2023-07-07 10:57:00+07:00,11.5,11.5,11.4,11.4,14500.0
2023-07-07 10:58:00+07:00,11.5,11.5,11.4,11.4,8300.0
2023-07-07 10:59:00+07:00,11.5,11.5,11.4,11.4,39500.0
2023-07-07 11:00:00+07:00,11.4,11.4,11.4,11.4,100.0
2023-07-07 11:03:00+07:00,11.4,11.5,11.4,11.5,800.0
2023-07-07 11:05:00+07:00,11.5,11.5,11.5,11.5,200.0
2023-07-07 11:06:00+07:00,11.5,11.5,11.5,11.5,1400.0
2023-07-07 11:07:00+07:00,11.5,11.5,11.5,11.5,1600.0
2023-07-07 11:08:00+07:00,11.5,11.5,11.5,11.5,4500.0
2023-07-07 11:09:00+07:00,11.5,11.5,11.5,11.5,700.0
2023-07-07 11:10:00+07:00,11.5,11.5,11.5,11.5,8100.0
2023-07-07 11:11:00+07:00,11.5,11.5,11.5,11.5,6400.0
2023-07-07 11:12:00+07:00,11.5,11.5,11.5,11.5,3800.0
2023-07-07 11:13:00+07:00,11.5,11.5,11.5,11.5,400.0
2023-07-07 11:15:00+07:00,11.5,11.5,11.5,11.5,100.0
2023-07-07 11:16:00+07:00,11.5,11.5,11.5,11.5,1100.0
2023-07-07 11:17:00+07:00,11.5,11.5,11.5,11.5,100.0
2023-07-07 11:18:00+07:00,11.5,11.5,11.5,11.5,400.0
2023-07-07 11:19:00+07:00,11.5,11.5,11.5,11.5,2500.0
2023-07-07 11:20:00+07:00,11.4,11.5,11.4,11.5,10100.0
2023-07-07 11:21:00+07:00,11.5,11.5,11.5,11.5,200.0
2023-07-07 11:22:00+07:00,11.5,11.5,11.4,11.5,41200.0
2023-07-07 11:23:00+07:00,11.5,11.5,11.5,11.5,100.0
2023-07-07 11:24:00+07:00,11.5,11.5,11.5,11.5,3000.0
2023-07-07 11:25:00+07:00,11.5,11.5,11.5,11.5,500.0
2023-07-07 11:26:00+07:00,11.4,11.5,11.4,11.5,55300.0
2023-07-07 11:27:00+07:00,11.4,11.5,11.4,11.5,132600.0
2023-07-07 11:28:00+07:00,11.4,11.5,11.4,11.5,5600.0
2023-07-07 11:29:00+07:00,11.4,11.5,11.4,11.5,154100.0
2023-07-07 11:30:00+07:00,11.4,11.4,11.3,11.4,378100.0
2023-07-07 11:31:00+07:00,11.3,11.4,11.3,11.4,51500.0
2023-07-07 11:32:00+07:00,11.4,11.4,11.3,11.4,36400.0
2023-07-07 11:34:00+07:00,11.4,11.4,11.3,11.3,3100.0
2023-07-07 11:35:00+07:00,11.3,11.4,11.3,11.4,36300.0
2023-07-07 11:36:00+07:00,11.4,11.4,11.4,11.4,500.0
2023-07-07 11:37:00+07:00,11.4,11.4,11.4,11.4,3200.0
2023-07-07 11:38:00+07:00,11.3,11.3,11.3,11.3,2300.0
2023-07-07 11:39:00+07:00,11.4,11.4,11.3,11.4,137800.0
2023-07-07 11:40:00+07:00,11.4,11.4,11.3,11.4,3200.0
2023-07-07 11:41:00+07:00,11.3,11.3,11.3,11.3,101100.0
2023-07-07 11:42:00+07:00,11.3,11.4,11.3,11.4,167400.0
2023-07-07 11:43:00+07:00,11.4,11.4,11.4,11.4,1100.0
2023-07-07 11:44:00+07:00,11.3,11.4,11.3,11.4,267800.0
2023-07-07 11:45:00+07:00,11.4,11.4,11.4,11.4,200.0
2023-07-07 11:46:00+07:00,11.3,11.4,11.3,11.4,2400.0
2023-07-07 11:47:00+07:00,11.4,11.4,11.4,11.4,100.0
2023-07-07 11:48:00+07:00,11.3,11.3,11.3,11.3,2400.0
2023-07-07 11:49:00+07:00,11.3,11.3,11.3,11.3,2300.0
2023-07-07 11:50:00+07:00,11.3,11.3,11.3,11.3,2800.0
2023-07-07 11:51:00+07:00,11.3,11.3,11.3,11.3,3200.0
2023-07-07 11:52:00+07:00,11.3,11.3,11.3,11.3,4400.0
2023-07-07 11:53:00+07:00,11.3,11.3,11.3,11.3,2300.0
2023-07-07 11:54:00+07:00,11.4,11.4,11.3,11.3,8700.0
2023-07-07 11:55:00+07:00,11.3,11.3,11.3,11.3,6500.0
2023-07-07 11:57:00+07:00,11.3,11.3,11.3,11.3,1800.0
2023-07-07 11:58:00+07:00,11.3,11.4,11.3,11.4,4600.0
2023-07-07 11:59:00+07:00,11.4,11.4,11.4,11.4,10000.0
2023-07-07 12:00:00+07:00,11.3,11.3,11.3,11.3,3800.0
2023-07-07 12:01:00+07:00,11.3,11.4,11.3,11.4,7700.0
2023-07-07 12:02:00+07:00,11.3,11.4,11.3,11.4,5900.0
2023-07-07 12:03:00+07:00,11.3,11.4,11.3,11.4,2800.0
2023-07-07 12:04:00+07:00,11.3,11.4,11.3,11.4,4500.0
2023-07-07 12:05:00+07:00,11.3,11.3,11.3,11.3,7700.0
2023-07-07 12:06:00+07:00,11.3,11.4,11.3,11.3,14100.0
2023-07-07 12:07:00+07:00,11.3,11.3,11.3,11.3,5800.0
2023-07-07 12:08:00+07:00,11.3,11.4,11.3,11.3,12700.0
2023-07-07 12:09:00+07:00,11.4,11.4,11.3,11.4,8900.0
2023-07-07 12:10:00+07:00,11.3,11.4,11.3,11.4,4600.0
2023-07-07 12:11:00+07:00,11.3,11.3,11.3,11.3,3600.0
2023-07-07 12:12:00+07:00,11.4,11.4,11.3,11.4,8700.0
2023-07-07 12:13:00+07:00,11.3,11.4,11.3,11.3,5900.0
2023-07-07 12:14:00+07:00,11.3,11.4,11.3,11.4,4000.0
2023-07-07 12:15:00+07:00,11.4,11.4,11.3,11.4,5200.0
2023-07-07 12:16:00+07:00,11.4,11.4,11.3,11.3,3200.0
2023-07-07 12:18:00+07:00,11.3,11.3,11.3,11.3,2700.0
2023-07-07 12:19:00+07:00,11.3,11.3,11.3,11.3,1800.0
2023-07-07 12:20:00+07:00,11.4,11.4,11.3,11.3,4300.0
2023-07-07 12:21:00+07:00,11.4,11.4,11.4,11.4,2500.0
2023-07-07 12:22:00+07:00,11.3,11.3,11.3,11.3,2300.0
2023-07-07 12:23:00+07:00,11.4,11.4,11.3,11.3,2400.0
2023-07-07 12:24:00+07:00,11.4,11.4,11.4,11.4,400.0
2023-07-07 12:26:00+07:00,11.3,11.4,11.3,11.4,2400.0
2023-07-07 12:27:00+07:00,11.3,11.4,11.3,11.4,6500.0
2023-07-07 12:28:00+07:00,11.3,11.4,11.3,11.4,21900.0
2023-07-07 12:29:00+07:00,11.4,11.4,11.4,11.4,31800.0
2023-07-07 14:26:00+07:00,11.3,11.4,11.3,11.4,127100.0
2023-07-07 14:27:00+07:00,11.4,11.4,11.4,11.4,10000.0
2023-07-07 14:28:00+07:00,11.3,11.3,11.3,11.3,100.0
2023-07-07 14:30:00+07:00,11.4,11.4,11.4,11.4,5400.0
2023-07-07 14:31:00+07:00,11.3,11.3,11.3,11.3,1400.0
2023-07-07 14:32:00+07:00,11.3,11.3,11.3,11.3,1300.0
2023-07-07 14:33:00+07:00,11.3,11.3,11.3,11.3,1300.0
2023-07-07 14:34:00+07:00,11.4,11.4,11.3,11.4,3500.0
2023-07-07 14:35:00+07:00,11.4,11.4,11.4,11.4,100.0
2023-07-07 14:36:00+07:00,11.4,11.4,11.3,11.3,1300.0
2023-07-07 14:38:00+07:00,11.4,11.4,11.4,11.4,1000.0
2023-07-07 14:39:00+07:00,11.3,11.3,11.3,11.3,76200.0
2023-07-07 14:40:00+07:00,11.3,11.4,11.3,11.3,9000.0
2023-07-07 14:41:00+07:00,11.3,11.3,11.3,11.3,1200.0
2023-07-07 14:43:00+07:00,11.3,11.4,11.3,11.4,9300.0
2023-07-07 14:44:00+07:00,11.3,11.4,11.3,11.4,32700.0
2023-07-07 14:45:00+07:00,11.4,11.4,11.4,11.4,20300.0
2023-07-07 14:47:00+07:00,11.4,11.4,11.3,11.3,2300.0
2023-07-07 14:48:00+07:00,11.4,11.4,11.4,11.4,1600.0
2023-07-07 14:50:00+07:00,11.4,11.4,11.3,11.3,2100.0
2023-07-07 14:51:00+07:00,11.3,11.3,11.3,11.3,1600.0
2023-07-07 14:52:00+07:00,11.4,11.4,11.3,11.4,3200.0
2023-07-07 14:53:00+07:00,11.4,11.4,11.3,11.3,4900.0
2023-07-07 14:54:00+07:00,11.3,11.3,11.3,11.3,1500.0
2023-07-07 14:55:00+07:00,11.3,11.3,11.3,11.3,2400.0
2023-07-07 14:56:00+07:00,11.4,11.4,11.3,11.3,3100.0
2023-07-07 14:57:00+07:00,11.3,11.3,11.3,11.3,2900.0
2023-07-07 14:58:00+07:00,11.3,11.4,11.3,11.3,104900.0
2023-07-07 14:59:00+07:00,11.4,11.4,11.3,11.4,6000.0
2023-07-07 15:00:00+07:00,11.4,11.4,11.3,11.3,3000.0
2023-07-07 15:01:00+07:00,11.3,11.3,11.3,11.3,1700.0
2023-07-07 15:02:00+07:00,11.3,11.3,11.3,11.3,1700.0
2023-07-07 15:03:00+07:00,11.3,11.4,11.3,11.4,3600.0
2023-07-07 15:04:00+07:00,11.3,11.3,11.3,11.3,12200.0
2023-07-07 15:05:00+07:00,11.4,11.4,11.3,11.3,10600.0
2023-07-07 15:06:00+07:00,11.4,11.4,11.4,11.4,1500.0
2023-07-07 15:07:00+07:00,11.3,11.4,11.3,11.4,33500.0
2023-07-07 15:08:00+07:00,11.4,11.4,11.3,11.4,30700.0
2023-07-07 15:09:00+07:00,11.4,11.4,11.4,11.4,2800.0
2023-07-07 15:10:00+07:00,11.3,11.4,11.3,11.3,4800.0
2023-07-07 15:12:00+07:00,11.4,11.4,11.3,11.4,7200.0
2023-07-07 15:13:00+07:00,11.4,11.4,11.4,11.4,2600.0
2023-07-07 15:14:00+07:00,11.3,11.4,11.3,11.4,20300.0
2023-07-07 15:15:00+07:00,11.3,11.4,11.3,11.4,41700.0
2023-07-07 15:16:00+07:00,11.3,11.4,11.3,11.3,6200.0
2023-07-07 15:17:00+07:00,11.3,11.3,11.3,11.3,2200.0
2023-07-07 15:18:00+07:00,11.4,11.4,11.3,11.3,6500.0
2023-07-07 15:19:00+07:00,11.3,11.3,11.3,11.3,1900.0
2023-07-07 15:20:00+07:00,11.3,11.3,11.3,11.3,1600.0
2023-07-07 15:21:00+07:00,11.3,11.3,11.3,11.3,1900.0
2023-07-07 15:22:00+07:00,11.4,11.4,11.4,11.4,1800.0
2023-07-07 15:23:00+07:00,11.3,11.4,11.3,11.4,13100.0
2023-07-07 15:24:00+07:00,11.4,11.4,11.4,11.4,2200.0
2023-07-07 15:25:00+07:00,11.3,11.4,11.3,11.4,29500.0
2023-07-07 15:26:00+07:00,11.4,11.4,11.4,11.4,200.0
2023-07-07 15:27:00+07:00,11.4,11.4,11.4,11.4,2100.0
2023-07-07 15:30:00+07:00,11.4,11.4,11.3,11.3,9000.0
2023-07-07 15:31:00+07:00,11.3,11.4,11.3,11.4,2500.0
2023-07-07 15:32:00+07:00,11.3,11.4,11.3,11.3,6500.0
2023-07-07 15:33:00+07:00,11.3,11.3,11.3,11.3,2800.0
2023-07-07 15:34:00+07:00,11.3,11.4,11.3,11.3,10400.0
2023-07-07 15:35:00+07:00,11.3,11.4,11.3,11.4,7100.0
2023-07-07 15:36:00+07:00,11.3,11.3,11.3,11.3,2800.0
2023-07-07 15:37:00+07:00,11.3,11.3,11.3,11.3,4200.0
2023-07-07 15:38:00+07:00,11.4,11.4,11.3,11.3,29700.0
2023-07-07 15:39:00+07:00,11.3,11.4,11.3,11.3,4200.0
2023-07-07 15:40:00+07:00,11.3,11.4,11.3,11.3,2800.0
2023-07-07 15:41:00+07:00,11.3,11.4,11.3,11.3,4700.0
2023-07-07 15:42:00+07:00,11.3,11.3,11.3,11.3,5400.0
2023-07-07 15:43:00+07:00,11.4,11.4,11.3,11.3,17200.0
2023-07-07 15:44:00+07:00,11.3,11.3,11.3,11.3,900.0
2023-07-07 15:45:00+07:00,11.3,11.3,11.3,11.3,5000.0
2023-07-07 15:46:00+07:00,11.3,11.3,11.3,11.3,1000.0
2023-07-07 15:47:00+07:00,11.3,11.4,11.3,11.4,33100.0
2023-07-07 15:48:00+07:00,11.4,11.4,11.3,11.3,4600.0
2023-07-07 15:49:00+07:00,11.3,11.4,11.3,11.3,8400.0
2023-07-07 15:50:00+07:00,11.3,11.3,11.3,11.3,8500.0
2023-07-07 15:51:00+07:00,11.4,11.4,11.3,11.3,2800.0
2023-07-07 15:52:00+07:00,11.3,11.4,11.3,11.4,12200.0
2023-07-07 15:53:00+07:00,11.4,11.4,11.3,11.3,3400.0
2023-07-07 15:54:00+07:00,11.3,11.3,11.3,11.3,1400.0
2023-07-07 15:55:00+07:00,11.4,11.4,11.3,11.3,4600.0
2023-07-07 15:56:00+07:00,11.4,11.4,11.4,11.4,2000.0
2023-07-07 15:57:00+07:00,11.3,11.3,11.3,11.3,8100.0
2023-07-07 15:58:00+07:00,11.4,11.4,11.4,11.4,10000.0
2023-07-07 15:59:00+07:00,11.3,11.4,11.3,11.4,2800.0
2023-07-07 16:00:00+07:00,11.3,11.3,11.3,11.3,3200.0
2023-07-07 16:01:00+07:00,11.3,11.3,11.3,11.3,2100.0
2023-07-07 16:02:00+07:00,11.3,11.3,11.3,11.3,1100.0
2023-07-07 16:04:00+07:00,11.3,11.4,11.3,11.4,3500.0
2023-07-07 16:05:00+07:00,11.3,11.4,11.3,11.4,56900.0
2023-07-07 16:06:00+07:00,11.4,11.4,11.4,11.4,1000.0
2023-07-07 16:07:00+07:00,11.3,11.3,11.3,11.3,6300.0
2023-07-07 16:09:00+07:00,11.4,11.4,11.4,11.4,39000.0
2023-07-07 16:10:00+07:00,11.4,11.4,11.3,11.3,17600.0
2023-07-07 16:11:00+07:00,11.3,11.3,11.3,11.3,7200.0
2023-07-07 16:12:00+07:00,11.3,11.3,11.3,11.3,11000.0
2023-07-07 16:14:00+07:00,11.4,11.4,11.3,11.3,22400.0
2023-07-07 16:15:00+07:00,11.4,11.4,11.3,11.3,11600.0
2023-07-07 16:16:00+07:00,11.3,11.3,11.3,11.3,2200.0
2023-07-07 16:17:00+07:00,11.3,11.4,11.3,11.3,7700.0
2023-07-07 16:18:00+07:00,11.4,11.4,11.3,11.4,14800.0
2023-07-07 16:20:00+07:00,11.4,11.4,11.3,11.4,45400.0
2023-07-07 16:21:00+07:00,11.4,11.4,11.3,11.4,50700.0
2023-07-07 16:22:00+07:00,11.3,11.3,11.3,11.3,3000.0
2023-07-07 16:23:00+07:00,11.4,11.4,11.4,11.4,100.0
2023-07-07 16:24:00+07:00,11.3,11.3,11.3,11.3,10100.0
2023-07-07 16:25:00+07:00,11.3,11.3,11.3,11.3,14600.0
2023-07-07 16:26:00+07:00,11.3,11.3,11.3,11.3,7900.0
2023-07-07 16:27:00+07:00,11.4,11.4,11.3,11.4,4400.0
2023-07-07 16:28:00+07:00,11.4,11.4,11.4,11.4,400.0
2023-07-07 16:29:00+07:00,11.3,11.4,11.3,11.4,21300.0
2023-07-07 16:36:00+07:00,11.3,11.3,11.3,11.3,844300.0
2023-07-10 09:56:00+07:00,11.4,11.4,11.4,11.4,100100.0
2023-07-10 09:57:00+07:00,11.4,11.4,11.4,11.4,200.0
2023-07-10 09:58:00+07:00,11.4,11.4,11.4,11.4,1000.0
2023-07-10 09:59:00+07:00,11.4,11.4,11.4,11.4,24700.0
2023-07-10 10:00:00+07:00,11.4,11.4,11.4,11.4,5100.0
2023-07-10 10:01:00+07:00,11.4,11.4,11.3,11.3,2700.0
2023-07-10 10:02:00+07:00,11.3,11.3,11.3,11.3,2000.0
2023-07-10 10:03:00+07:00,11.3,11.4,11.3,11.4,2200.0
2023-07-10 10:04:00+07:00,11.4,11.4,11.4,11.4,100.0
2023-07-10 10:05:00+07:00,11.4,11.4,11.3,11.3,2000.0
2023-07-10 10:06:00+07:00,11.3,11.4,11.3,11.3,134400.0
2023-07-10 10:07:00+07:00,11.3,11.3,11.3,11.3,114400.0
2023-07-10 10:08:00+07:00,11.3,11.4,11.2,11.2,462200.0
2023-07-10 10:09:00+07:00,11.2,11.3,11.2,11.3,27400.0
2023-07-10 10:10:00+07:00,11.3,11.3,11.3,11.3,263100.0
2023-07-10 10:13:00+07:00,11.3,11.3,11.3,11.3,12200.0
2023-07-10 10:15:00+07:00,11.3,11.3,11.3,11.3,282300.0
2023-07-10 10:16:00+07:00,11.3,11.3,11.3,11.3,94600.0
2023-07-10 10:17:00+07:00,11.3,11.3,11.3,11.3,20700.0
2023-07-10 10:18:00+07:00,11.3,11.4,11.3,11.4,900.0
2023-07-10 10:20:00+07:00,11.4,11.4,11.4,11.4,100.0
2023-07-10 10:21:00+07:00,11.3,11.3,11.3,11.3,7300.0
2023-07-10 10:22:00+07:00,11.3,11.3,11.3,11.3,31200.0
2023-07-10 10:23:00+07:00,11.3,11.3,11.3,11.3,1200.0
2023-07-10 10:24:00+07:00,11.3,11.3,11.3,11.3,29900.0
2023-07-10 10:27:00+07:00,11.3,11.3,11.3,11.3,1000.0
2023-07-10 10:32:00+07:00,11.3,11.3,11.3,11.3,2000.0
2023-07-10 10:33:00+07:00,11.3,11.3,11.3,11.3,100.0
2023-07-10 10:34:00+07:00,11.3,11.3,11.3,11.3,10900.0
2023-07-10 10:35:00+07:00,11.3,11.3,11.3,11.3,700.0
2023-07-10 10:36:00+07:00,11.3,11.4,11.3,11.3,17900.0
2023-07-10 10:37:00+07:00,11.3,11.3,11.3,11.3,600.0
2023-07-10 10:38:00+07:00,11.3,11.3,11.3,11.3,600.0
2023-07-10 10:39:00+07:00,11.3,11.3,11.3,11.3,700.0
2023-07-10 10:40:00+07:00,11.3,11.4,11.3,11.4,9300.0
2023-07-10 10:42:00+07:00,11.3,11.4,11.3,11.4,14200.0
2023-07-10 10:43:00+07:00,11.4,11.4,11.4,11.4,3100.0
2023-07-10 10:44:00+07:00,11.4,11.4,11.4,11.4,2500.0
2023-07-10 10:46:00+07:00,11.4,11.4,11.4,11.4,400.0
2023-07-10 10:47:00+07:00,11.4,11.4,11.4,11.4,3100.0
2023-07-10 10:48:00+07:00,11.4,11.4,11.4,11.4,600.0
2023-07-10 10:49:00+07:00,11.4,11.4,11.4,11.4,900.0
2023-07-10 10:51:00+07:00,11.4,11.4,11.3,11.3,4700.0
2023-07-10 10:52:00+07:00,11.4,11.4,11.4,11.4,4500.0
2023-07-10 10:53:00+07:00,11.4,11.4,11.4,11.4,1600.0
2023-07-10 10:54:00+07:00,11.4,11.4,11.4,11.4,3700.0
2023-07-10 10:55:00+07:00,11.4,11.4,11.3,11.3,5700.0
2023-07-10 10:56:00+07:00,11.4,11.4,11.4,11.4,2400.0
2023-07-10 10:57:00+07:00,11.4,11.4,11.4,11.4,8200.0
2023-07-10 10:59:00+07:00,11.4,11.4,11.4,11.4,200.0
2023-07-10 11:00:00+07:00,11.4,11.4,11.4,11.4,3700.0
2023-07-10 11:01:00+07:00,11.4,11.4,11.4,11.4,2400.0
2023-07-10 11:02:00+07:00,11.4,11.4,11.4,11.4,5000.0
2023-07-10 11:03:00+07:00,11.3,11.3,11.3,11.3,17700.0
2023-07-10 11:04:00+07:00,11.3,11.3,11.3,11.3,1500.0
2023-07-10 11:05:00+07:00,11.4,11.4,11.3,11.4,7100.0
2023-07-10 11:06:00+07:00,11.4,11.4,11.3,11.3,115900.0
2023-07-10 11:07:00+07:00,11.4,11.4,11.3,11.4,7300.0
2023-07-10 11:08:00+07:00,11.4,11.4,11.3,11.3,4000.0
2023-07-10 11:09:00+07:00,11.4,11.4,11.3,11.3,2100.0
2023-07-10 11:10:00+07:00,11.4,11.4,11.3,11.3,9800.0
2023-07-10 11:11:00+07:00,11.4,11.4,11.4,11.4,700.0
2023-07-10 11:12:00+07:00,11.4,11.4,11.3,11.3,7900.0
2023-07-10 11:13:00+07:00,11.3,11.3,11.3,11.3,2200.0
2023-07-10 11:14:00+07:00,11.4,11.4,11.3,11.3,6900.0
2023-07-10 11:15:00+07:00,11.4,11.4,11.4,11.4,2200.0
2023-07-10 11:16:00+07:00,11.3,11.4,11.3,11.3,12900.0
2023-07-10 11:17:00+07:00,11.4,11.4,11.4,11.4,679100.0
2023-07-10 11:18:00+07:00,11.4,11.4,11.4,11.4,47300.0
2023-07-10 11:19:00+07:00,11.4,11.4,11.4,11.4,186600.0
2023-07-10 11:20:00+07:00,11.4,11.4,11.4,11.4,1000.0
2023-07-10 11:21:00+07:00,11.4,11.4,11.4,11.4,1200.0
2023-07-10 11:22:00+07:00,11.5,11.5,11.4,11.4,7800.0
2023-07-10 11:23:00+07:00,11.5,11.5,11.5,11.5,600.0
2023-07-10 11:24:00+07:00,11.4,11.4,11.4,11.4,400.0
2023-07-10 11:25:00+07:00,11.4,11.5,11.4,11.4,77100.0
2023-07-10 11:26:00+07:00,11.4,11.4,11.4,11.4,42200.0
2023-07-10 11:27:00+07:00,11.4,11.4,11.3,11.3,1900.0
2023-07-10 11:28:00+07:00,11.4,11.4,11.4,11.4,1100.0
2023-07-10 11:30:00+07:00,11.4,11.4,11.4,11.4,3100.0
2023-07-10 11:31:00+07:00,11.4,11.4,11.4,11.4,5100.0
2023-07-10 11:32:00+07:00,11.4,11.4,11.4,11.4,700.0
2023-07-10 11:33:00+07:00,11.4,11.4,11.4,11.4,600.0
2023-07-10 11:34:00+07:00,11.4,11.4,11.4,11.4,500.0
2023-07-10 11:35:00+07:00,11.4,11.4,11.4,11.4,300.0
2023-07-10 11:36:00+07:00,11.4,11.4,11.4,11.4,600.0
2023-07-10 11:37:00+07:00,11.4,11.4,11.4,11.4,4300.0
2023-07-10 11:38:00+07:00,11.4,11.4,11.4,11.4,6400.0
2023-07-10 11:39:00+07:00,11.4,11.4,11.4,11.4,7600.0
2023-07-10 11:40:00+07:00,11.4,11.4,11.4,11.4,5900.0
2023-07-10 11:41:00+07:00,11.4,11.4,11.4,11.4,500.0
2023-07-10 11:42:00+07:00,11.4,11.4,11.4,11.4,13900.0
2023-07-10 11:43:00+07:00,11.4,11.4,11.4,11.4,3300.0
2023-07-10 11:45:00+07:00,11.4,11.4,11.4,11.4,500.0
2023-07-10 11:46:00+07:00,11.4,11.4,11.4,11.4,16300.0
2023-07-10 11:47:00+07:00,11.4,11.4,11.4,11.4,4500.0
2023-07-10 11:48:00+07:00,11.4,11.4,11.4,11.4,10900.0
2023-07-10 11:49:00+07:00,11.4,11.4,11.4,11.4,100.0
2023-07-10 11:50:00+07:00,11.4,11.4,11.4,11.4,24300.0
2023-07-10 11:52:00+07:00,11.4,11.4,11.4,11.4,30100.0
2023-07-10 11:53:00+07:00,11.4,11.4,11.4,11.4,2100.0
2023-07-10 11:54:00+07:00,11.4,11.4,11.4,11.4,4400.0
2023-07-10 11:56:00+07:00,11.4,11.4,11.4,11.4,100.0
2023-07-10 11:57:00+07:00,11.4,11.4,11.4,11.4,2000.0
2023-07-10 11:58:00+07:00,11.4,11.4,11.4,11.4,300.0
2023-07-10 12:00:00+07:00,11.4,11.4,11.4,11.4,500.0
2023-07-10 12:01:00+07:00,11.4,11.4,11.4,11.4,500.0
2023-07-10 12:03:00+07:00,11.4,11.4,11.4,11.4,500.0
2023-07-10 12:04:00+07:00,11.4,11.4,11.3,11.3,7600.0
2023-07-10 12:06:00+07:00,11.3,11.4,11.3,11.4,1500.0
2023-07-10 12:07:00+07:00,11.4,11.4,11.4,11.4,5700.0
2023-07-10 12:08:00+07:00,11.4,11.4,11.4,11.4,100.0
2023-07-10 12:09:00+07:00,11.4,11.4,11.3,11.3,2000.0
2023-07-10 12:11:00+07:00,11.4,11.4,11.4,11.4,3500.0
2023-07-10 12:12:00+07:00,11.4,11.4,11.4,11.4,600.0
2023-07-10 12:13:00+07:00,11.4,11.4,11.4,11.4,2100.0
2023-07-10 12:14:00+07:00,11.3,11.4,11.3,11.4,7600.0
2023-07-10 12:16:00+07:00,11.4,11.4,11.4,11.4,1000.0
2023-07-10 12:17:00+07:00,11.3,11.3,11.3,11.3,4300.0
2023-07-10 12:18:00+07:00,11.4,11.4,11.4,11.4,900.0
2023-07-10 12:19:00+07:00,11.4,11.4,11.3,11.3,3100.0
2023-07-10 12:21:00+07:00,11.3,11.3,11.3,11.3,4100.0
2023-07-10 12:23:00+07:00,11.3,11.4,11.3,11.4,200.0
2023-07-10 12:25:00+07:00,11.3,11.3,11.3,11.3,3600.0
2023-07-10 12:26:00+07:00,11.3,11.3,11.3,11.3,500.0
2023-07-10 12:27:00+07:00,11.4,11.4,11.4,11.4,1000.0
2023-07-10 12:28:00+07:00,11.4,11.4,11.4,11.4,2600.0
2023-07-10 12:29:00+07:00,11.4,11.4,11.3,11.4,5500.0
2023-07-10 14:29:00+07:00,11.4,11.4,11.3,11.4,52900.0
2023-07-10 14:30:00+07:00,11.4,11.4,11.3,11.3,8700.0
2023-07-10 14:31:00+07:00,11.4,11.4,11.4,11.4,2400.0
2023-07-10 14:34:00+07:00,11.4,11.4,11.4,11.4,1900.0
2023-07-10 14:35:00+07:00,11.4,11.4,11.4,11.4,1700.0
2023-07-10 14:36:00+07:00,11.3,11.3,11.3,11.3,200.0
2023-07-10 14:37:00+07:00,11.4,11.4,11.4,11.4,1600.0
2023-07-10 14:38:00+07:00,11.3,11.4,11.3,11.4,700.0
2023-07-10 14:39:00+07:00,11.4,11.4,11.4,11.4,100.0
2023-07-10 14:41:00+07:00,11.4,11.4,11.4,11.4,1800.0
2023-07-10 14:42:00+07:00,11.4,11.4,11.4,11.4,3200.0
2023-07-10 14:43:00+07:00,11.3,11.3,11.3,11.3,49200.0
2023-07-10 14:44:00+07:00,11.3,11.4,11.3,11.4,8600.0
2023-07-10 14:45:00+07:00,11.4,11.4,11.4,11.4,600.0
2023-07-10 14:46:00+07:00,11.4,11.4,11.4,11.4,200.0
2023-07-10 14:47:00+07:00,11.4,11.4,11.4,11.4,20100.0
2023-07-10 14:48:00+07:00,11.4,11.4,11.3,11.3,7400.0
2023-07-10 14:49:00+07:00,11.4,11.4,11.4,11.4,800.0
2023-07-10 14:50:00+07:00,11.4,11.4,11.3,11.3,12000.0
2023-07-10 14:51:00+07:00,11.3,11.3,11.3,11.3,6400.0
2023-07-10 14:53:00+07:00,11.4,11.4,11.4,11.4,600.0
2023-07-10 14:54:00+07:00,11.3,11.3,11.3,11.3,2400.0
2023-07-10 14:55:00+07:00,11.3,11.3,11.3,11.3,1100.0
2023-07-10 14:56:00+07:00,11.3,11.3,11.3,11.3,2200.0
2023-07-10 14:57:00+07:00,11.4,11.4,11.3,11.3,3300.0
2023-07-10 14:58:00+07:00,11.4,11.4,11.3,11.3,2600.0
2023-07-10 15:00:00+07:00,11.4,11.4,11.3,11.3,9200.0
2023-07-10 15:02:00+07:00,11.4,11.4,11.3,11.3,7200.0
2023-07-10 15:03:00+07:00,11.3,11.3,11.3,11.3,1800.0
2023-07-10 15:05:00+07:00,11.3,11.4,11.3,11.3,11900.0
2023-07-10 15:06:00+07:00,11.4,11.4,11.4,11.4,4200.0
2023-07-10 15:07:00+07:00,11.4,11.4,11.3,11.4,5900.0
2023-07-10 15:08:00+07:00,11.4,11.4,11.4,11.4,58400.0
2023-07-10 15:09:00+07:00,11.4,11.4,11.3,11.3,9600.0
2023-07-10 15:10:00+07:00,11.4,11.4,11.3,11.3,12800.0
2023-07-10 15:11:00+07:00,11.4,11.4,11.4,11.4,1100.0
2023-07-10 15:12:00+07:00,11.3,11.4,11.3,11.4,4200.0
2023-07-10 15:13:00+07:00,11.4,11.4,11.3,11.3,2200.0
2023-07-10 15:14:00+07:00,11.3,11.4,11.3,11.4,2800.0
2023-07-10 15:15:00+07:00,11.3,11.4,11.3,11.4,9400.0
2023-07-10 15:16:00+07:00,11.4,11.4,11.4,11.4,1500.0
2023-07-10 15:17:00+07:00,11.3,11.4,11.3,11.3,2800.0
2023-07-10 15:18:00+07:00,11.3,11.3,11.3,11.3,7300.0
2023-07-10 15:19:00+07:00,11.4,11.4,11.3,11.3,3700.0
2023-07-10 15:20:00+07:00,11.4,11.4,11.4,11.4,9000.0
2023-07-10 15:21:00+07:00,11.4,11.4,11.3,11.3,4800.0
2023-07-10 15:22:00+07:00,11.4,11.4,11.3,11.3,3100.0
2023-07-10 15:23:00+07:00,11.3,11.3,11.3,11.3,1900.0
2023-07-10 15:24:00+07:00,11.4,11.4,11.3,11.3,1600.0
2023-07-10 15:25:00+07:00,11.3,11.4,11.3,11.4,12700.0
2023-07-10 15:26:00+07:00,11.3,11.3,11.3,11.3,3400.0
2023-07-10 15:27:00+07:00,11.3,11.4,11.3,11.3,10300.0
2023-07-10 15:28:00+07:00,11.4,11.4,11.3,11.3,3200.0
2023-07-10 15:30:00+07:00,11.3,11.3,11.3,11.3,1700.0
2023-07-10 15:31:00+07:00,11.4,11.4,11.4,11.4,14500.0
2023-07-10 15:32:00+07:00,11.3,11.3,11.3,11.3,6500.0
2023-07-10 15:33:00+07:00,11.3,11.3,11.3,11.3,3400.0
2023-07-10 15:34:00+07:00,11.4,11.4,11.4,11.4,200.0
2023-07-10 15:35:00+07:00,11.4,11.4,11.3,11.3,6200.0
2023-07-10 15:36:00+07:00,11.4,11.4,11.4,11.4,800.0
2023-07-10 15:37:00+07:00,11.3,11.3,11.3,11.3,100.0
2023-07-10 15:38:00+07:00,11.3,11.4,11.3,11.4,3500.0
2023-07-10 15:39:00+07:00,11.3,11.3,11.3,11.3,2700.0
2023-07-10 15:40:00+07:00,11.3,11.3,11.3,11.3,100.0
2023-07-10 15:41:00+07:00,11.3,11.4,11.3,11.3,22000.0
2023-07-10 15:42:00+07:00,11.3,11.4,11.3,11.4,900.0
2023-07-10 15:43:00+07:00,11.3,11.3,11.3,11.3,300.0
2023-07-10 15:44:00+07:00,11.3,11.3,11.3,11.3,2700.0
2023-07-10 15:45:00+07:00,11.4,11.4,11.3,11.4,14400.0
2023-07-10 15:46:00+07:00,11.4,11.4,11.4,11.4,600.0
2023-07-10 15:47:00+07:00,11.3,11.3,11.3,11.3,2200.0
2023-07-10 15:48:00+07:00,11.3,11.4,11.3,11.4,8500.0
2023-07-10 15:49:00+07:00,11.3,11.4,11.3,11.3,6600.0
2023-07-10 15:50:00+07:00,11.3,11.3,11.3,11.3,1900.0
2023-07-10 15:51:00+07:00,11.4,11.4,11.4,11.4,7400.0
2023-07-10 15:52:00+07:00,11.4,11.4,11.3,11.3,3200.0
2023-07-10 15:53:00+07:00,11.3,11.3,11.3,11.3,8800.0
2023-07-10 15:54:00+07:00,11.3,11.4,11.3,11.4,10200.0
2023-07-10 15:55:00+07:00,11.3,11.3,11.3,11.3,1800.0
2023-07-10 15:56:00+07:00,11.4,11.4,11.3,11.3,10400.0
2023-07-10 15:57:00+07:00,11.3,11.3,11.3,11.3,200.0
2023-07-10 15:58:00+07:00,11.4,11.4,11.3,11.3,3600.0
2023-07-10 15:59:00+07:00,11.3,11.4,11.3,11.3,10200.0
2023-07-10 16:00:00+07:00,11.3,11.3,11.3,11.3,1500.0
2023-07-10 16:01:00+07:00,11.4,11.4,11.3,11.4,10100.0
2023-07-10 16:02:00+07:00,11.3,11.3,11.3,11.3,400.0
2023-07-10 16:03:00+07:00,11.3,11.4,11.3,11.4,3500.0
2023-07-10 16:04:00+07:00,11.4,11.4,11.4,11.4,4600.0
2023-07-10 16:05:00+07:00,11.4,11.4,11.3,11.3,15800.0
2023-07-10 16:06:00+07:00,11.4,11.4,11.4,11.4,12800.0
2023-07-10 16:07:00+07:00,11.3,11.3,11.3,11.3,400.0
2023-07-10 16:08:00+07:00,11.4,11.4,11.3,11.4,14000.0
2023-07-10 16:09:00+07:00,11.3,11.3,11.3,11.3,200.0
2023-07-10 16:10:00+07:00,11.4,11.4,11.4,11.4,600.0
2023-07-10 16:11:00+07:00,11.3,11.3,11.3,11.3,2100.0
2023-07-10 16:12:00+07:00,11.3,11.3,11.3,11.3,400.0
2023-07-10 16:13:00+07:00,11.3,11.4,11.3,11.4,4100.0
2023-07-10 16:14:00+07:00,11.3,11.3,11.3,11.3,1900.0
2023-07-10 16:15:00+07:00,11.3,11.4,11.3,11.4,800.0
2023-07-10 16:16:00+07:00,11.4,11.4,11.4,11.4,700.0
2023-07-10 16:17:00+07:00,11.4,11.4,11.3,11.3,12900.0
2023-07-10 16:18:00+07:00,11.3,11.3,11.3,11.3,3700.0
2023-07-10 16:20:00+07:00,11.4,11.4,11.3,11.4,2400.0
2023-07-10 16:21:00+07:00,11.4,11.4,11.4,11.4,100.0
2023-07-10 16:22:00+07:00,11.3,11.4,11.3,11.3,6100.0
2023-07-10 16:23:00+07:00,11.3,11.4,11.3,11.4,2900.0
2023-07-10 16:25:00+07:00,11.3,11.3,11.3,11.3,100.0
2023-07-10 16:26:00+07:00,11.3,11.4,11.3,11.3,22900.0
2023-07-10 16:27:00+07:00,11.3,11.4,11.3,11.4,8900.0
2023-07-10 16:28:00+07:00,11.4,11.4,11.3,11.4,6900.0
2023-07-10 16:29:00+07:00,11.3,11.4,11.3,11.4,4300.0
2023-07-10 16:38:00+07:00,11.3,11.3,11.3,11.3,828900.0
2023-07-11 09:56:00+07:00,11.4,11.4,11.4,11.4,126700.0
2023-07-11 09:57:00+07:00,11.4,11.4,11.4,11.4,5000.0
2023-07-11 09:58:00+07:00,11.4,11.4,11.4,11.4,2000.0
2023-07-11 09:59:00+07:00,11.4,11.4,11.4,11.4,16900.0
2023-07-11 10:00:00+07:00,11.4,11.4,11.4,11.4,3000.0
2023-07-11 10:02:00+07:00,11.4,11.4,11.3,11.4,6800.0
2023-07-11 10:03:00+07:00,11.4,11.4,11.4,11.4,10200.0
2023-07-11 10:04:00+07:00,11.4,11.4,11.4,11.4,14200.0
2023-07-11 10:05:00+07:00,11.4,11.4,11.4,11.4,3600.0
2023-07-11 10:06:00+07:00,11.4,11.4,11.3,11.3,11300.0
2023-07-11 10:07:00+07:00,11.4,11.4,11.3,11.3,1600.0
2023-07-11 10:08:00+07:00,11.4,11.4,11.3,11.3,500.0
2023-07-11 10:09:00+07:00,11.4,11.4,11.3,11.4,32700.0
2023-07-11 10:10:00+07:00,11.4,11.4,11.4,11.4,461900.0
2023-07-11 10:11:00+07:00,11.5,11.5,11.5,11.5,3900.0
2023-07-11 10:12:00+07:00,11.5,11.5,11.5,11.5,400.0
2023-07-11 10:13:00+07:00,11.5,11.5,11.5,11.5,7000.0
2023-07-11 10:14:00+07:00,11.5,11.5,11.5,11.5,400.0
2023-07-11 10:15:00+07:00,11.5,11.5,11.5,11.5,200.0
2023-07-11 10:16:00+07:00,11.4,11.4,11.4,11.4,5300.0
2023-07-11 10:17:00+07:00,11.4,11.4,11.4,11.4,24200.0
2023-07-11 10:18:00+07:00,11.5,11.5,11.4,11.4,700.0
2023-07-11 10:19:00+07:00,11.4,11.5,11.4,11.5,2300.0
2023-07-11 10:20:00+07:00,11.5,11.5,11.5,11.5,200.0
2023-07-11 10:22:00+07:00,11.4,11.4,11.4,11.4,1400.0
2023-07-11 10:23:00+07:00,11.4,11.4,11.4,11.4,2900.0
2023-07-11 10:24:00+07:00,11.4,11.4,11.3,11.3,707100.0
2023-07-11 10:25:00+07:00,11.3,11.3,11.3,11.3,19300.0
2023-07-11 10:26:00+07:00,11.3,11.4,11.3,11.3,20400.0
2023-07-11 10:27:00+07:00,11.3,11.3,11.3,11.3,66900.0
2023-07-11 10:28:00+07:00,11.3,11.3,11.3,11.3,7300.0
2023-07-11 10:29:00+07:00,11.3,11.3,11.3,11.3,91000.0
2023-07-11 10:30:00+07:00,11.3,11.3,11.3,11.3,18700.0
2023-07-11 10:31:00+07:00,11.3,11.4,11.3,11.3,3600.0
2023-07-11 10:32:00+07:00,11.3,11.3,11.3,11.3,3000.0
2023-07-11 10:33:00+07:00,11.3,11.3,11.3,11.3,3100.0
2023-07-11 10:34:00+07:00,11.3,11.3,11.3,11.3,44300.0
2023-07-11 10:35:00+07:00,11.3,11.3,11.3,11.3,15700.0
2023-07-11 10:36:00+07:00,11.3,11.3,11.3,11.3,1600.0
2023-07-11 10:37:00+07:00,11.3,11.3,11.3,11.3,1300.0
2023-07-11 10:38:00+07:00,11.3,11.4,11.3,11.4,1700.0
2023-07-11 10:39:00+07:00,11.3,11.3,11.3,11.3,5200.0
2023-07-11 10:40:00+07:00,11.3,11.3,11.3,11.3,24800.0
2023-07-11 10:41:00+07:00,11.3,11.3,11.3,11.3,600.0
2023-07-11 10:42:00+07:00,11.3,11.3,11.3,11.3,23800.0
2023-07-11 10:48:00+07:00,11.4,11.4,11.3,11.3,7000.0
2023-07-11 10:50:00+07:00,11.4,11.4,11.4,11.4,100.0
2023-07-11 10:53:00+07:00,11.4,11.4,11.3,11.4,4800.0
2023-07-11 10:54:00+07:00,11.3,11.3,11.3,11.3,6400.0
2023-07-11 10:55:00+07:00,11.3,11.3,11.3,11.3,200.0
2023-07-11 10:56:00+07:00,11.4,11.4,11.3,11.3,15700.0
2023-07-11 10:57:00+07:00,11.3,11.3,11.3,11.3,200.0
2023-07-11 10:58:00+07:00,11.3,11.3,11.3,11.3,400.0
2023-07-11 10:59:00+07:00,11.3,11.3,11.3,11.3,200.0
2023-07-11 11:00:00+07:00,11.3,11.4,11.3,11.3,3200.0
2023-07-11 11:01:00+07:00,11.3,11.3,11.3,11.3,4700.0
2023-07-11 11:02:00+07:00,11.3,11.3,11.3,11.3,8300.0
2023-07-11 11:03:00+07:00,11.4,11.4,11.3,11.3,2400.0
2023-07-11 11:04:00+07:00,11.3,11.4,11.3,11.3,17600.0
2023-07-11 11:05:00+07:00,11.3,11.3,11.3,11.3,2000.0
2023-07-11 11:06:00+07:00,11.4,11.4,11.3,11.4,3100.0
2023-07-11 11:08:00+07:00,11.3,11.3,11.3,11.3,1400.0
2023-07-11 11:09:00+07:00,11.3,11.3,11.3,11.3,800.0
2023-07-11 11:10:00+07:00,11.3,11.4,11.3,11.4,1800.0
2023-07-11 11:13:00+07:00,11.3,11.4,11.3,11.3,8600.0
2023-07-11 11:14:00+07:00,11.4,11.4,11.3,11.4,2900.0
2023-07-11 11:15:00+07:00,11.4,11.4,11.4,11.4,100.0
2023-07-11 11:16:00+07:00,11.4,11.4,11.3,11.3,2400.0
2023-07-11 11:17:00+07:00,11.4,11.4,11.3,11.3,4200.0
2023-07-11 11:18:00+07:00,11.3,11.3,11.3,11.3,2800.0
2023-07-11 11:20:00+07:00,11.3,11.3,11.3,11.3,1200.0
2023-07-11 11:23:00+07:00,11.4,11.4,11.4,11.4,100.0
2023-07-11 11:24:00+07:00,11.4,11.4,11.3,11.3,1600.0
2023-07-11 11:25:00+07:00,11.3,11.4,11.3,11.3,118100.0
2023-07-11 11:26:00+07:00,11.3,11.3,11.3,11.3,9100.0
2023-07-11 11:27:00+07:00,11.3,11.3,11.3,11.3,5000.0
2023-07-11 11:28:00+07:00,11.3,11.4,11.3,11.3,457600.0
2023-07-11 11:29:00+07:00,11.3,11.3,11.3,11.3,12100.0
2023-07-11 11:30:00+07:00,11.3,11.3,11.3,11.3,15300.0
2023-07-11 11:31:00+07:00,11.3,11.3,11.3,11.3,1200.0
2023-07-11 11:33:00+07:00,11.3,11.3,11.3,11.3,411900.0
2023-07-11 11:34:00+07:00,11.3,11.3,11.3,11.3,1100.0
2023-07-11 11:35:00+07:00,11.3,11.3,11.3,11.3,100.0
2023-07-11 11:36:00+07:00,11.3,11.3,11.3,11.3,4400.0
2023-07-11 11:37:00+07:00,11.3,11.3,11.3,11.3,200.0
2023-07-11 11:38:00+07:00,11.3,11.3,11.3,11.3,1200.0
2023-07-11 11:39:00+07:00,11.3,11.4,11.3,11.4,200.0
2023-07-11 11:40:00+07:00,11.4,11.4,11.4,11.4,2100.0
2023-07-11 11:41:00+07:00,11.4,11.4,11.4,11.4,100.0
2023-07-11 11:44:00+07:00,11.3,11.3,11.3,11.3,1200.0
2023-07-11 11:45:00+07:00,11.3,11.3,11.3,11.3,6600.0
2023-07-11 11:46:00+07:00,11.4,11.4,11.3,11.3,2400.0
2023-07-11 11:47:00+07:00,11.3,11.3,11.3,11.3,100.0
2023-07-11 11:48:00+07:00,11.3,11.3,11.3,11.3,1300.0
2023-07-11 11:49:00+07:00,11.3,11.3,11.3,11.3,3400.0
2023-07-11 11:50:00+07:00,11.3,11.3,11.3,11.3,1500.0
2023-07-11 11:51:00+07:00,11.3,11.3,11.3,11.3,1000.0
2023-07-11 11:52:00+07:00,11.3,11.3,11.3,11.3,800.0
2023-07-11 11:53:00+07:00,11.3,11.3,11.3,11.3,900.0
2023-07-11 11:54:00+07:00,11.3,11.3,11.3,11.3,2900.0
2023-07-11 11:55:00+07:00,11.3,11.3,11.3,11.3,3600.0
2023-07-11 11:56:00+07:00,11.3,11.3,11.3,11.3,500.0
2023-07-11 11:57:00+07:00,11.3,11.3,11.3,11.3,600.0
2023-07-11 11:58:00+07:00,11.3,11.3,11.3,11.3,400.0
2023-07-11 11:59:00+07:00,11.3,11.4,11.3,11.4,4700.0
2023-07-11 12:00:00+07:00,11.4,11.4,11.3,11.3,3500.0
2023-07-11 12:01:00+07:00,11.3,11.4,11.3,11.4,2700.0
2023-07-11 12:03:00+07:00,11.4,11.4,11.4,11.4,1800.0
2023-07-11 12:04:00+07:00,11.3,11.3,11.3,11.3,6700.0
2023-07-11 12:05:00+07:00,11.3,11.3,11.3,11.3,2700.0
2023-07-11 12:06:00+07:00,11.3,11.4,11.3,11.4,2200.0
2023-07-11 12:07:00+07:00,11.4,11.4,11.4,11.4,1100.0
2023-07-11 12:09:00+07:00,11.4,11.4,11.4,11.4,2400.0
2023-07-11 12:12:00+07:00,11.3,11.3,11.3,11.3,2000.0
2023-07-11 12:13:00+07:00,11.3,11.4,11.3,11.4,4800.0
2023-07-11 12:14:00+07:00,11.4,11.4,11.3,11.3,5300.0
2023-07-11 12:15:00+07:00,11.3,11.3,11.3,11.3,12900.0
2023-07-11 12:16:00+07:00,11.3,11.3,11.3,11.3,600.0
2023-07-11 12:17:00+07:00,11.3,11.3,11.3,11.3,25900.0
2023-07-11 12:18:00+07:00,11.3,11.3,11.3,11.3,1400.0
2023-07-11 12:19:00+07:00,11.3,11.3,11.3,11.3,800.0
2023-07-11 12:20:00+07:00,11.4,11.4,11.3,11.3,227700.0
2023-07-11 12:21:00+07:00,11.2,11.2,11.2,11.2,29700.0
2023-07-11 12:22:00+07:00,11.2,11.3,11.2,11.2,10800.0
2023-07-11 12:23:00+07:00,11.2,11.3,11.2,11.2,11500.0
2023-07-11 12:24:00+07:00,11.2,11.2,11.2,11.2,8600.0
2023-07-11 12:25:00+07:00,11.2,11.3,11.2,11.2,5100.0
2023-07-11 12:26:00+07:00,11.2,11.3,11.2,11.3,8500.0
2023-07-11 12:27:00+07:00,11.3,11.3,11.2,11.2,7600.0
2023-07-11 12:28:00+07:00,11.2,11.3,11.2,11.2,3500.0
2023-07-11 12:29:00+07:00,11.2,11.3,11.2,11.2,3900.0
2023-07-11 14:29:00+07:00,11.3,11.3,11.2,11.3,32300.0
2023-07-11 14:30:00+07:00,11.3,11.3,11.3,11.3,30000.0
2023-07-11 14:31:00+07:00,11.3,11.3,11.3,11.3,500.0
2023-07-11 14:32:00+07:00,11.3,11.3,11.3,11.3,7200.0
2023-07-11 14:33:00+07:00,11.3,11.3,11.2,11.2,16000.0
2023-07-11 14:34:00+07:00,11.3,11.3,11.2,11.2,2700.0
2023-07-11 14:35:00+07:00,11.2,11.2,11.2,11.2,900.0
2023-07-11 14:36:00+07:00,11.3,11.3,11.2,11.3,7300.0
2023-07-11 14:38:00+07:00,11.3,11.3,11.3,11.3,600.0
2023-07-11 14:42:00+07:00,11.3,11.3,11.2,11.2,6900.0
2023-07-11 14:43:00+07:00,11.3,11.3,11.2,11.2,3000.0
2023-07-11 14:44:00+07:00,11.2,11.3,11.2,11.3,1200.0
2023-07-11 14:45:00+07:00,11.3,11.3,11.2,11.3,10400.0
2023-07-11 14:46:00+07:00,11.3,11.3,11.3,11.3,1100.0
2023-07-11 14:47:00+07:00,11.3,11.3,11.2,11.2,2600.0
2023-07-11 14:48:00+07:00,11.2,11.2,11.2,11.2,2800.0
2023-07-11 14:49:00+07:00,11.2,11.3,11.2,11.2,6300.0
2023-07-11 14:50:00+07:00,11.2,11.2,11.2,11.2,3200.0
2023-07-11 14:51:00+07:00,11.2,11.2,11.2,11.2,3200.0
2023-07-11 14:52:00+07:00,11.2,11.2,11.2,11.2,400.0
2023-07-11 14:53:00+07:00,11.2,11.2,11.2,11.2,5700.0
2023-07-11 14:54:00+07:00,11.3,11.3,11.2,11.2,8800.0
2023-07-11 14:55:00+07:00,11.3,11.3,11.2,11.2,9500.0
2023-07-11 14:56:00+07:00,11.2,11.3,11.2,11.3,200.0
2023-07-11 14:57:00+07:00,11.2,11.2,11.2,11.2,4300.0
2023-07-11 14:58:00+07:00,11.2,11.2,11.2,11.2,2500.0
2023-07-11 14:59:00+07:00,11.2,11.3,11.2,11.3,200.0
2023-07-11 15:00:00+07:00,11.3,11.3,11.2,11.2,8900.0
2023-07-11 15:01:00+07:00,11.2,11.2,11.2,11.2,700.0
2023-07-11 15:02:00+07:00,11.2,11.3,11.2,11.3,4100.0
2023-07-11 15:03:00+07:00,11.3,11.3,11.3,11.3,300.0
2023-07-11 15:04:00+07:00,11.2,11.3,11.2,11.2,7700.0
2023-07-11 15:05:00+07:00,11.2,11.2,11.2,11.2,3800.0
2023-07-11 15:06:00+07:00,11.2,11.2,11.2,11.2,2600.0
2023-07-11 15:07:00+07:00,11.2,11.2,11.2,11.2,3600.0
2023-07-11 15:08:00+07:00,11.2,11.3,11.2,11.2,9900.0
2023-07-11 15:09:00+07:00,11.2,11.2,11.2,11.2,13500.0
2023-07-11 15:10:00+07:00,11.2,11.2,11.2,11.2,3100.0
2023-07-11 15:11:00+07:00,11.2,11.3,11.2,11.3,2800.0
2023-07-11 15:12:00+07:00,11.2,11.3,11.2,11.3,825600.0
2023-07-11 15:13:00+07:00,11.3,11.4,11.3,11.3,1300.0
2023-07-11 15:14:00+07:00,11.3,11.3,11.3,11.3,1200.0
2023-07-11 15:15:00+07:00,11.4,11.4,11.3,11.3,22600.0
2023-07-11 15:16:00+07:00,11.3,11.3,11.3,11.3,200.0
2023-07-11 15:17:00+07:00,11.4,11.4,11.3,11.3,600.0
2023-07-11 15:18:00+07:00,11.3,11.4,11.3,11.4,1100.0
2023-07-11 15:19:00+07:00,11.4,11.4,11.4,11.4,800.0
2023-07-11 15:20:00+07:00,11.4,11.4,11.4,11.4,2300.0
2023-07-11 15:21:00+07:00,11.3,11.3,11.3,11.3,95000.0
2023-07-11 15:22:00+07:00,11.3,11.3,11.3,11.3,500.0
2023-07-11 15:23:00+07:00,11.3,11.4,11.3,11.4,600.0
2023-07-11 15:24:00+07:00,11.3,11.3,11.3,11.3,3200.0
2023-07-11 15:25:00+07:00,11.3,11.4,11.3,11.3,8600.0
2023-07-11 15:26:00+07:00,11.4,11.4,11.3,11.3,8100.0
2023-07-11 15:27:00+07:00,11.3,11.4,11.3,11.4,6900.0
2023-07-11 15:28:00+07:00,11.3,11.4,11.3,11.3,13000.0
2023-07-11 15:29:00+07:00,11.4,11.4,11.3,11.3,6400.0
2023-07-11 15:30:00+07:00,11.3,11.4,11.3,11.4,13100.0
2023-07-11 15:31:00+07:00,11.3,11.4,11.3,11.3,10100.0
2023-07-11 15:32:00+07:00,11.3,11.4,11.3,11.4,8900.0
2023-07-11 15:33:00+07:00,11.3,11.3,11.3,11.3,8200.0
2023-07-11 15:34:00+07:00,11.4,11.4,11.3,11.4,37300.0
2023-07-11 15:35:00+07:00,11.3,11.3,11.3,11.3,7100.0
2023-07-11 15:36:00+07:00,11.3,11.4,11.3,11.4,13900.0
2023-07-11 15:37:00+07:00,11.3,11.4,11.3,11.3,5900.0
2023-07-11 15:38:00+07:00,11.3,11.3,11.3,11.3,14800.0
2023-07-11 15:39:00+07:00,11.3,11.4,11.3,11.3,11600.0
2023-07-11 15:40:00+07:00,11.3,11.3,11.3,11.3,26500.0
2023-07-11 15:41:00+07:00,11.3,11.4,11.3,11.3,9000.0
2023-07-11 15:42:00+07:00,11.4,11.4,11.3,11.3,12100.0
2023-07-11 15:43:00+07:00,11.3,11.3,11.3,11.3,7300.0
2023-07-11 15:44:00+07:00,11.4,11.4,11.3,11.3,13500.0
2023-07-11 15:45:00+07:00,11.3,11.3,11.3,11.3,23500.0
2023-07-11 15:46:00+07:00,11.3,11.4,11.3,11.4,16200.0
2023-07-11 15:47:00+07:00,11.3,11.3,11.3,11.3,61000.0
2023-07-11 15:48:00+07:00,11.3,11.3,11.3,11.3,114300.0
2023-07-11 15:49:00+07:00,11.3,11.4,11.3,11.3,17900.0
2023-07-11 15:50:00+07:00,11.4,11.4,11.3,11.3,72400.0
2023-07-11 15:51:00+07:00,11.3,11.3,11.3,11.3,16400.0
2023-07-11 15:52:00+07:00,11.3,11.4,11.3,11.3,32500.0
2023-07-11 15:53:00+07:00,11.3,11.3,11.3,11.3,10100.0
2023-07-11 15:54:00+07:00,11.3,11.4,11.3,11.3,137300.0
2023-07-11 15:55:00+07:00,11.3,11.4,11.3,11.3,3400.0
2023-07-11 15:56:00+07:00,11.3,11.3,11.3,11.3,117700.0
2023-07-11 15:57:00+07:00,11.3,11.4,11.3,11.3,12800.0
2023-07-11 15:58:00+07:00,11.3,11.3,11.3,11.3,8700.0
2023-07-11 16:00:00+07:00,11.3,11.4,11.3,11.3,21000.0
2023-07-11 16:01:00+07:00,11.3,11.3,11.3,11.3,38600.0
2023-07-11 16:02:00+07:00,11.3,11.3,11.3,11.3,8600.0
2023-07-11 16:03:00+07:00,11.3,11.3,11.3,11.3,7900.0
2023-07-11 16:04:00+07:00,11.4,11.4,11.3,11.3,23500.0
2023-07-11 16:05:00+07:00,11.3,11.3,11.3,11.3,27000.0
2023-07-11 16:06:00+07:00,11.3,11.3,11.3,11.3,12500.0
2023-07-11 16:07:00+07:00,11.3,11.4,11.3,11.3,5000.0
2023-07-11 16:08:00+07:00,11.3,11.3,11.3,11.3,3100.0
2023-07-11 16:09:00+07:00,11.3,11.3,11.3,11.3,20100.0
2023-07-11 16:10:00+07:00,11.3,11.3,11.3,11.3,22400.0
2023-07-11 16:11:00+07:00,11.3,11.4,11.3,11.4,15000.0
2023-07-11 16:12:00+07:00,11.3,11.3,11.3,11.3,105000.0
2023-07-11 16:13:00+07:00,11.3,11.3,11.3,11.3,36000.0
2023-07-11 16:14:00+07:00,11.3,11.3,11.3,11.3,25900.0
2023-07-11 16:15:00+07:00,11.3,11.3,11.3,11.3,28200.0
2023-07-11 16:16:00+07:00,11.3,11.3,11.3,11.3,53300.0
2023-07-11 16:17:00+07:00,11.3,11.3,11.2,11.2,78200.0
2023-07-11 16:18:00+07:00,11.3,11.3,11.2,11.2,11200.0
2023-07-11 16:19:00+07:00,11.2,11.3,11.2,11.3,13500.0
2023-07-11 16:20:00+07:00,11.3,11.3,11.2,11.2,16200.0
2023-07-11 16:21:00+07:00,11.3,11.3,11.2,11.2,17100.0
2023-07-11 16:22:00+07:00,11.3,11.3,11.2,11.2,14800.0
2023-07-11 16:23:00+07:00,11.2,11.2,11.2,11.2,17800.0
2023-07-11 16:24:00+07:00,11.2,11.2,11.2,11.2,14700.0
2023-07-11 16:25:00+07:00,11.2,11.3,11.2,11.2,19400.0
2023-07-11 16:26:00+07:00,11.3,11.3,11.2,11.2,14600.0
2023-07-11 16:27:00+07:00,11.3,11.3,11.2,11.2,16400.0
2023-07-11 16:28:00+07:00,11.2,11.3,11.2,11.3,13300.0
2023-07-11 16:29:00+07:00,11.2,11.3,11.2,11.3,34200.0
2023-07-11 16:39:00+07:00,11.2,11.2,11.2,11.2,1855500.0
2023-07-12 09:56:00+07:00,11.3,11.3,11.3,11.3,84800.0
2023-07-12 09:57:00+07:00,11.3,11.3,11.3,11.3,52000.0
2023-07-12 09:58:00+07:00,11.3,11.3,11.3,11.3,900.0
2023-07-12 10:00:00+07:00,11.3,11.3,11.3,11.3,200.0
2023-07-12 10:01:00+07:00,11.3,11.3,11.3,11.3,200.0
2023-07-12 10:02:00+07:00,11.2,11.3,11.2,11.3,9800.0
2023-07-12 10:03:00+07:00,11.3,11.3,11.3,11.3,2000.0
2023-07-12 10:05:00+07:00,11.3,11.3,11.3,11.3,6500.0
2023-07-12 10:06:00+07:00,11.3,11.3,11.3,11.3,300.0
2023-07-12 10:07:00+07:00,11.3,11.3,11.3,11.3,100.0
2023-07-12 10:08:00+07:00,11.3,11.3,11.3,11.3,100.0
2023-07-12 10:09:00+07:00,11.2,11.2,11.2,11.2,1000.0
2023-07-12 10:10:00+07:00,11.3,11.3,11.3,11.3,400.0
2023-07-12 10:12:00+07:00,11.3,11.3,11.2,11.2,17400.0
2023-07-12 10:13:00+07:00,11.2,11.2,11.2,11.2,161900.0
2023-07-12 10:14:00+07:00,11.2,11.2,11.2,11.2,16700.0
2023-07-12 10:15:00+07:00,11.2,11.2,11.2,11.2,3100.0
2023-07-12 10:16:00+07:00,11.2,11.2,11.2,11.2,2000.0
2023-07-12 10:17:00+07:00,11.2,11.3,11.2,11.2,3000.0
2023-07-12 10:18:00+07:00,11.2,11.3,11.2,11.3,6900.0
2023-07-12 10:20:00+07:00,11.3,11.3,11.3,11.3,100.0
2023-07-12 10:21:00+07:00,11.3,11.3,11.2,11.2,4800.0
2023-07-12 10:22:00+07:00,11.2,11.2,11.2,11.2,800.0
2023-07-12 10:23:00+07:00,11.2,11.2,11.2,11.2,1200.0
2023-07-12 10:24:00+07:00,11.2,11.2,11.2,11.2,2000.0
2023-07-12 10:25:00+07:00,11.2,11.2,11.2,11.2,1400.0
2023-07-12 10:26:00+07:00,11.3,11.3,11.3,11.3,200.0
2023-07-12 10:27:00+07:00,11.3,11.3,11.3,11.3,200.0
2023-07-12 10:29:00+07:00,11.3,11.3,11.2,11.3,3100.0
2023-07-12 10:30:00+07:00,11.2,11.2,11.2,11.2,2200.0
2023-07-12 10:31:00+07:00,11.2,11.2,11.2,11.2,3100.0
2023-07-12 10:32:00+07:00,11.2,11.2,11.2,11.2,400.0
2023-07-12 10:33:00+07:00,11.2,11.2,11.2,11.2,600.0
2023-07-12 10:34:00+07:00,11.2,11.2,11.2,11.2,6200.0
2023-07-12 10:35:00+07:00,11.2,11.2,11.2,11.2,200.0
2023-07-12 10:37:00+07:00,11.3,11.3,11.3,11.3,200.0
2023-07-12 10:38:00+07:00,11.2,11.2,11.2,11.2,383500.0
2023-07-12 10:39:00+07:00,11.2,11.2,11.2,11.2,28000.0
2023-07-12 10:40:00+07:00,11.2,11.2,11.2,11.2,30100.0
2023-07-12 10:41:00+07:00,11.2,11.3,11.2,11.2,7200.0
2023-07-12 10:42:00+07:00,11.2,11.2,11.2,11.2,3800.0
2023-07-12 10:43:00+07:00,11.2,11.3,11.2,11.3,800.0
2023-07-12 10:47:00+07:00,11.2,11.2,11.2,11.2,1100.0
2023-07-12 10:48:00+07:00,11.3,11.3,11.2,11.3,2700.0
2023-07-12 10:50:00+07:00,11.3,11.3,11.3,11.3,500.0
2023-07-12 10:51:00+07:00,11.3,11.3,11.2,11.2,2000.0
2023-07-12 10:52:00+07:00,11.3,11.3,11.2,11.2,15400.0
2023-07-12 10:53:00+07:00,11.3,11.3,11.2,11.2,2600.0
2023-07-12 10:54:00+07:00,11.3,11.3,11.2,11.2,600.0
2023-07-12 10:55:00+07:00,11.3,11.3,11.3,11.3,100.0
2023-07-12 10:56:00+07:00,11.3,11.3,11.2,11.2,2400.0
2023-07-12 10:57:00+07:00,11.2,11.3,11.2,11.3,700.0
2023-07-12 10:58:00+07:00,11.3,11.3,11.2,11.3,2700.0
2023-07-12 11:01:00+07:00,11.3,11.3,11.3,11.3,100.0
2023-07-12 11:02:00+07:00,11.3,11.3,11.2,11.2,3500.0
2023-07-12 11:03:00+07:00,11.2,11.2,11.2,11.2,200.0
2023-07-12 11:04:00+07:00,11.3,11.3,11.3,11.3,100.0
2023-07-12 11:05:00+07:00,11.3,11.3,11.2,11.3,1200.0
2023-07-12 11:07:00+07:00,11.3,11.3,11.3,11.3,100.0
2023-07-12 11:09:00+07:00,11.3,11.3,11.2,11.2,52400.0
2023-07-12 11:10:00+07:00,11.2,11.2,11.2,11.2,400.0
2023-07-12 11:14:00+07:00,11.3,11.3,11.3,11.3,100.0
2023-07-12 11:15:00+07:00,11.3,11.3,11.2,11.2,5500.0
2023-07-12 11:16:00+07:00,11.2,11.2,11.2,11.2,300.0
2023-07-12 11:17:00+07:00,11.2,11.2,11.2,11.2,200.0
2023-07-12 11:18:00+07:00,11.2,11.3,11.2,11.3,1000.0
2023-07-12 11:19:00+07:00,11.3,11.3,11.3,11.3,200.0
2023-07-12 11:20:00+07:00,11.3,11.3,11.2,11.2,1700.0
2023-07-12 11:21:00+07:00,11.2,11.2,11.2,11.2,1100.0
2023-07-12 11:22:00+07:00,11.2,11.2,11.2,11.2,600.0
2023-07-12 11:24:00+07:00,11.2,11.2,11.2,11.2,100.0
2023-07-12 11:26:00+07:00,11.3,11.3,11.2,11.2,17700.0
2023-07-12 11:27:00+07:00,11.3,11.3,11.3,11.3,300.0
2023-07-12 11:28:00+07:00,11.3,11.3,11.2,11.3,1500.0
2023-07-12 11:32:00+07:00,11.3,11.3,11.2,11.2,27000.0
2023-07-12 11:35:00+07:00,11.3,11.3,11.2,11.2,1400.0
2023-07-12 11:36:00+07:00,11.2,11.2,11.2,11.2,1800.0
2023-07-12 11:38:00+07:00,11.3,11.3,11.3,11.3,300.0
2023-07-12 11:41:00+07:00,11.3,11.3,11.2,11.2,1700.0
2023-07-12 11:42:00+07:00,11.2,11.2,11.2,11.2,38500.0
2023-07-12 11:43:00+07:00,11.2,11.3,11.2,11.2,4200.0
2023-07-12 11:45:00+07:00,11.2,11.2,11.2,11.2,8300.0
2023-07-12 11:49:00+07:00,11.3,11.3,11.2,11.2,1400.0
2023-07-12 11:50:00+07:00,11.3,11.3,11.2,11.2,60500.0
2023-07-12 11:51:00+07:00,11.2,11.2,11.2,11.2,6800.0
2023-07-12 11:52:00+07:00,11.2,11.3,11.2,11.3,200.0
2023-07-12 11:55:00+07:00,11.3,11.3,11.2,11.2,10500.0
2023-07-12 11:57:00+07:00,11.3,11.3,11.3,11.3,1000.0
2023-07-12 11:59:00+07:00,11.2,11.3,11.2,11.3,3400.0
2023-07-12 12:02:00+07:00,11.3,11.3,11.3,11.3,100.0
2023-07-12 12:04:00+07:00,11.3,11.3,11.2,11.2,16700.0
2023-07-12 12:05:00+07:00,11.3,11.3,11.2,11.2,1900.0
2023-07-12 12:06:00+07:00,11.2,11.2,11.2,11.2,14300.0
2023-07-12 12:09:00+07:00,11.3,11.3,11.3,11.3,100.0
2023-07-12 12:10:00+07:00,11.3,11.3,11.3,11.3,400.0
2023-07-12 12:15:00+07:00,11.3,11.3,11.3,11.3,300.0
2023-07-12 12:16:00+07:00,11.3,11.3,11.2,11.2,29400.0
2023-07-12 12:17:00+07:00,11.2,11.3,11.2,11.3,3400.0
2023-07-12 12:19:00+07:00,11.3,11.3,11.2,11.2,900.0
2023-07-12 12:20:00+07:00,11.2,11.3,11.2,11.3,1700.0
2023-07-12 12:26:00+07:00,11.3,11.3,11.2,11.2,1400.0
2023-07-12 12:29:00+07:00,11.2,11.3,11.2,11.2,10700.0
2023-07-12 14:26:00+07:00,11.2,11.2,11.2,11.2,293000.0
2023-07-12 14:28:00+07:00,11.2,11.3,11.2,11.3,2300.0
2023-07-12 14:34:00+07:00,11.2,11.2,11.2,11.2,59300.0
2023-07-12 14:36:00+07:00,11.2,11.2,11.2,11.2,19600.0
2023-07-12 14:37:00+07:00,11.2,11.2,11.2,11.2,21000.0
2023-07-12 14:38:00+07:00,11.2,11.2,11.2,11.2,8100.0
2023-07-12 14:39:00+07:00,11.2,11.2,11.2,11.2,475400.0
2023-07-12 14:40:00+07:00,11.2,11.2,11.2,11.2,14400.0
2023-07-12 14:41:00+07:00,11.2,11.3,11.2,11.2,8400.0
2023-07-12 14:42:00+07:00,11.2,11.2,11.2,11.2,800.0
2023-07-12 14:43:00+07:00,11.2,11.2,11.2,11.2,2300.0
2023-07-12 14:45:00+07:00,11.2,11.2,11.2,11.2,6500.0
2023-07-12 14:46:00+07:00,11.2,11.3,11.2,11.2,15200.0
2023-07-12 14:47:00+07:00,11.2,11.2,11.2,11.2,13000.0
2023-07-12 14:48:00+07:00,11.2,11.2,11.2,11.2,3200.0
2023-07-12 14:49:00+07:00,11.2,11.3,11.2,11.2,110300.0
2023-07-12 14:50:00+07:00,11.2,11.2,11.2,11.2,9000.0
2023-07-12 14:51:00+07:00,11.2,11.2,11.2,11.2,10200.0
2023-07-12 14:52:00+07:00,11.2,11.2,11.2,11.2,1400.0
2023-07-12 14:53:00+07:00,11.2,11.2,11.2,11.2,7400.0
2023-07-12 14:54:00+07:00,11.2,11.2,11.2,11.2,400.0
2023-07-12 14:55:00+07:00,11.2,11.2,11.2,11.2,800.0
2023-07-12 14:56:00+07:00,11.2,11.3,11.2,11.3,27100.0
2023-07-12 14:57:00+07:00,11.2,11.3,11.2,11.2,4200.0
2023-07-12 14:58:00+07:00,11.2,11.2,11.2,11.2,1200.0
2023-07-12 14:59:00+07:00,11.2,11.2,11.2,11.2,30300.0
2023-07-12 15:00:00+07:00,11.2,11.2,11.2,11.2,5100.0
2023-07-12 15:01:00+07:00,11.2,11.2,11.2,11.2,12600.0
2023-07-12 15:02:00+07:00,11.2,11.2,11.2,11.2,28500.0
2023-07-12 15:03:00+07:00,11.3,11.3,11.3,11.3,200.0
2023-07-12 15:05:00+07:00,11.3,11.3,11.2,11.2,4500.0
2023-07-12 15:06:00+07:00,11.2,11.2,11.2,11.2,100.0
2023-07-12 15:07:00+07:00,11.2,11.2,11.2,11.2,17200.0
2023-07-12 15:08:00+07:00,11.2,11.2,11.2,11.2,4000.0
2023-07-12 15:09:00+07:00,11.2,11.2,11.2,11.2,15800.0
2023-07-12 15:10:00+07:00,11.2,11.2,11.2,11.2,1500.0
2023-07-12 15:11:00+07:00,11.2,11.2,11.2,11.2,16600.0
2023-07-12 15:12:00+07:00,11.2,11.2,11.2,11.2,8400.0
2023-07-12 15:14:00+07:00,11.2,11.2,11.2,11.2,400.0
2023-07-12 15:16:00+07:00,11.2,11.2,11.2,11.2,5500.0
2023-07-12 15:17:00+07:00,11.2,11.2,11.2,11.2,7900.0
2023-07-12 15:18:00+07:00,11.2,11.2,11.2,11.2,3100.0
2023-07-12 15:19:00+07:00,11.2,11.2,11.2,11.2,11400.0
2023-07-12 15:20:00+07:00,11.2,11.2,11.2,11.2,1300.0
2023-07-12 15:21:00+07:00,11.2,11.2,11.2,11.2,4600.0
2023-07-12 15:22:00+07:00,11.2,11.2,11.2,11.2,97200.0
2023-07-12 15:23:00+07:00,11.2,11.2,11.2,11.2,13100.0
2023-07-12 15:24:00+07:00,11.2,11.2,11.2,11.2,3700.0
2023-07-12 15:25:00+07:00,11.2,11.2,11.2,11.2,5800.0
2023-07-12 15:26:00+07:00,11.2,11.2,11.2,11.2,7100.0
2023-07-12 15:27:00+07:00,11.2,11.2,11.2,11.2,1600.0
2023-07-12 15:28:00+07:00,11.2,11.2,11.2,11.2,8400.0
2023-07-12 15:29:00+07:00,11.2,11.2,11.2,11.2,622500.0
2023-07-12 15:30:00+07:00,11.2,11.2,11.1,11.1,6800.0
2023-07-12 15:31:00+07:00,11.2,11.2,11.2,11.2,3800.0
2023-07-12 15:32:00+07:00,11.2,11.2,11.2,11.2,600.0
2023-07-12 15:34:00+07:00,11.2,11.2,11.2,11.2,200.0
2023-07-12 15:35:00+07:00,11.1,11.1,11.1,11.1,24500.0
2023-07-12 15:36:00+07:00,11.2,11.2,11.2,11.2,3700.0
2023-07-12 15:37:00+07:00,11.1,11.2,11.1,11.2,2300.0
2023-07-12 15:38:00+07:00,11.2,11.2,11.2,11.2,1000.0
2023-07-12 15:39:00+07:00,11.2,11.2,11.2,11.2,1000.0
2023-07-12 15:40:00+07:00,11.1,11.2,11.1,11.2,5300.0
2023-07-12 15:41:00+07:00,11.2,11.2,11.2,11.2,100.0
2023-07-12 15:42:00+07:00,11.1,11.1,11.1,11.1,1478100.0
2023-07-12 15:43:00+07:00,11.1,11.1,11.0,11.0,93200.0
2023-07-12 15:44:00+07:00,11.1,11.1,11.0,11.1,68700.0
2023-07-12 15:45:00+07:00,11.1,11.1,11.1,11.1,595500.0
2023-07-12 15:46:00+07:00,11.1,11.1,11.1,11.1,393100.0
2023-07-12 15:47:00+07:00,11.1,11.1,11.1,11.1,8400.0
2023-07-12 15:48:00+07:00,11.1,11.1,11.0,11.1,27600.0
2023-07-12 15:49:00+07:00,11.1,11.1,11.1,11.1,115100.0
2023-07-12 15:50:00+07:00,11.1,11.1,11.1,11.1,382700.0
2023-07-12 15:51:00+07:00,11.1,11.1,11.1,11.1,1061700.0
2023-07-12 15:52:00+07:00,11.1,11.1,11.1,11.1,182500.0
2023-07-12 15:53:00+07:00,11.1,11.1,11.1,11.1,37600.0
2023-07-12 15:54:00+07:00,11.1,11.1,11.1,11.1,14400.0
2023-07-12 15:55:00+07:00,11.1,11.1,11.1,11.1,7300.0
2023-07-12 15:56:00+07:00,11.1,11.1,11.1,11.1,6900.0
2023-07-12 15:57:00+07:00,11.1,11.1,11.1,11.1,4300.0
2023-07-12 15:58:00+07:00,11.1,11.1,11.1,11.1,8300.0
2023-07-12 15:59:00+07:00,11.1,11.1,11.1,11.1,300.0
2023-07-12 16:00:00+07:00,11.1,11.1,11.0,11.1,8200.0
2023-07-12 16:01:00+07:00,11.1,11.1,11.1,11.1,9100.0
2023-07-12 16:02:00+07:00,11.1,11.1,11.1,11.1,19600.0
2023-07-12 16:03:00+07:00,11.0,11.1,11.0,11.1,10200.0
2023-07-12 16:04:00+07:00,11.1,11.1,11.1,11.1,1900.0
2023-07-12 16:05:00+07:00,11.1,11.1,11.1,11.1,4000.0
2023-07-12 16:06:00+07:00,11.1,11.1,11.1,11.1,1200.0
2023-07-12 16:07:00+07:00,11.1,11.1,11.1,11.1,1300.0
2023-07-12 16:08:00+07:00,11.1,11.1,11.1,11.1,3000.0
2023-07-12 16:09:00+07:00,11.1,11.1,11.0,11.1,5000.0
2023-07-12 16:10:00+07:00,11.1,11.1,11.0,11.1,330400.0
2023-07-12 16:11:00+07:00,11.1,11.1,11.1,11.1,22300.0
2023-07-12 16:12:00+07:00,11.1,11.1,11.0,11.1,55800.0
2023-07-12 16:13:00+07:00,11.1,11.1,11.0,11.1,72600.0
2023-07-12 16:14:00+07:00,11.1,11.1,11.1,11.1,1400.0
2023-07-12 16:15:00+07:00,11.1,11.1,11.1,11.1,41400.0
2023-07-12 16:16:00+07:00,11.0,11.1,11.0,11.0,20700.0
2023-07-12 16:18:00+07:00,11.0,11.1,11.0,11.0,3800.0
2023-07-12 16:19:00+07:00,11.1,11.1,11.0,11.1,12000.0
2023-07-12 16:20:00+07:00,11.1,11.1,11.1,11.1,232100.0
2023-07-12 16:21:00+07:00,11.1,11.1,11.0,11.1,3900.0
2023-07-12 16:22:00+07:00,11.1,11.1,11.1,11.1,13200.0
2023-07-12 16:23:00+07:00,11.1,11.1,11.1,11.1,4400.0
2023-07-12 16:24:00+07:00,11.1,11.1,11.1,11.1,4100.0
2023-07-12 16:25:00+07:00,11.1,11.1,11.1,11.1,54700.0
2023-07-12 16:26:00+07:00,11.1,11.1,11.0,11.1,11300.0
2023-07-12 16:27:00+07:00,11.1,11.1,11.1,11.1,12600.0
2023-07-12 16:28:00+07:00,11.1,11.1,11.1,11.1,7100.0
2023-07-12 16:29:00+07:00,11.1,11.1,11.1,11.1,14800.0
2023-07-12 16:36:00+07:00,11.0,11.0,11.0,11.0,1206700.0
2023-07-13 09:57:00+07:00,11.0,11.0,11.0,11.0,288800.0
2023-07-13 09:58:00+07:00,11.0,11.0,11.0,11.0,381400.0
2023-07-13 09:59:00+07:00,11.0,11.0,11.0,11.0,19200.0
2023-07-13 10:00:00+07:00,11.0,11.0,10.9,10.9,270200.0
2023-07-13 10:01:00+07:00,10.9,10.9,10.9,10.9,28300.0
2023-07-13 10:02:00+07:00,11.0,11.0,10.9,11.0,77700.0
2023-07-13 10:03:00+07:00,11.0,11.0,10.9,10.9,8400.0
2023-07-13 10:04:00+07:00,11.0,11.0,10.9,10.9,146400.0
2023-07-13 10:05:00+07:00,10.9,11.0,10.9,10.9,138400.0
2023-07-13 10:06:00+07:00,10.9,10.9,10.9,10.9,42100.0
2023-07-13 10:07:00+07:00,10.9,11.0,10.9,11.0,16400.0
2023-07-13 10:08:00+07:00,11.0,11.0,10.9,11.0,22400.0
2023-07-13 10:09:00+07:00,10.9,11.0,10.9,10.9,2100.0
2023-07-13 10:10:00+07:00,10.9,10.9,10.9,10.9,16100.0
2023-07-13 10:11:00+07:00,11.0,11.0,10.9,10.9,3000.0
2023-07-13 10:12:00+07:00,11.0,11.0,10.9,11.0,58900.0
2023-07-13 10:13:00+07:00,11.0,11.0,11.0,11.0,100.0
2023-07-13 10:14:00+07:00,11.0,11.0,10.9,10.9,35200.0
2023-07-13 10:15:00+07:00,11.0,11.0,11.0,11.0,100.0
2023-07-13 10:16:00+07:00,11.0,11.0,10.9,10.9,20900.0
2023-07-13 10:17:00+07:00,10.9,10.9,10.9,10.9,800.0
2023-07-13 10:18:00+07:00,10.9,11.0,10.9,10.9,17100.0
2023-07-13 10:19:00+07:00,11.0,11.0,11.0,11.0,28000.0
2023-07-13 10:20:00+07:00,10.9,11.0,10.9,11.0,19400.0
2023-07-13 10:21:00+07:00,10.9,10.9,10.9,10.9,22500.0
2023-07-13 10:22:00+07:00,10.9,10.9,10.9,10.9,13200.0
2023-07-13 10:23:00+07:00,10.9,10.9,10.9,10.9,80100.0
2023-07-13 10:24:00+07:00,10.9,11.0,10.9,11.0,25800.0
2023-07-13 10:25:00+07:00,11.0,11.0,10.9,10.9,48000.0
2023-07-13 10:26:00+07:00,10.9,10.9,10.9,10.9,43000.0
2023-07-13 10:27:00+07:00,10.9,10.9,10.9,10.9,197800.0
2023-07-13 10:28:00+07:00,10.9,10.9,10.9,10.9,502600.0
2023-07-13 10:29:00+07:00,10.9,10.9,10.8,10.9,53800.0
2023-07-13 10:30:00+07:00,10.8,10.9,10.8,10.8,100100.0
2023-07-13 10:31:00+07:00,10.9,10.9,10.8,10.8,65400.0
2023-07-13 10:32:00+07:00,10.8,10.9,10.8,10.8,22300.0
2023-07-13 10:33:00+07:00,10.9,10.9,10.9,10.9,1000.0
2023-07-13 10:34:00+07:00,10.9,10.9,10.8,10.9,18700.0
2023-07-13 10:35:00+07:00,10.9,10.9,10.8,10.8,12300.0
2023-07-13 10:36:00+07:00,10.8,10.9,10.8,10.9,45500.0
2023-07-13 10:37:00+07:00,10.9,10.9,10.8,10.9,2800.0
2023-07-13 10:38:00+07:00,10.9,10.9,10.8,10.8,15600.0
2023-07-13 10:39:00+07:00,10.8,10.8,10.8,10.8,2500.0
2023-07-13 10:40:00+07:00,10.8,10.9,10.8,10.8,22300.0
2023-07-13 10:41:00+07:00,10.8,10.9,10.8,10.9,6300.0
2023-07-13 10:42:00+07:00,10.9,10.9,10.8,10.8,17400.0
2023-07-13 10:43:00+07:00,10.8,10.9,10.8,10.9,4400.0
2023-07-13 10:44:00+07:00,10.8,10.8,10.8,10.8,16400.0
2023-07-13 10:45:00+07:00,10.8,10.8,10.8,10.8,8900.0
2023-07-13 10:46:00+07:00,10.8,10.9,10.8,10.8,15500.0
2023-07-13 10:47:00+07:00,10.9,10.9,10.8,10.9,1300.0
2023-07-13 10:48:00+07:00,10.9,10.9,10.8,10.9,1500.0
2023-07-13 10:49:00+07:00,10.9,10.9,10.8,10.8,20900.0
2023-07-13 10:50:00+07:00,10.9,10.9,10.8,10.8,19900.0
2023-07-13 10:51:00+07:00,10.9,10.9,10.8,10.8,3600.0
2023-07-13 10:52:00+07:00,10.8,10.8,10.8,10.8,15300.0
2023-07-13 10:53:00+07:00,10.9,10.9,10.8,10.8,2800.0
2023-07-13 10:54:00+07:00,10.8,10.9,10.8,10.9,15000.0
2023-07-13 10:55:00+07:00,10.9,10.9,10.9,10.9,1400.0
2023-07-13 10:56:00+07:00,10.9,10.9,10.8,10.8,20100.0
2023-07-13 10:57:00+07:00,10.9,10.9,10.8,10.8,24500.0
2023-07-13 10:58:00+07:00,10.8,10.9,10.8,10.9,500.0
2023-07-13 10:59:00+07:00,10.8,10.9,10.8,10.9,15300.0
2023-07-13 11:00:00+07:00,10.9,10.9,10.8,10.9,17900.0
2023-07-13 11:01:00+07:00,10.8,10.8,10.8,10.8,5900.0
2023-07-13 11:02:00+07:00,10.9,10.9,10.9,10.9,200.0
2023-07-13 11:03:00+07:00,10.9,10.9,10.9,10.9,700.0
2023-07-13 11:04:00+07:00,10.9,10.9,10.8,10.8,55100.0
2023-07-13 11:05:00+07:00,10.9,10.9,10.8,10.9,1700.0
2023-07-13 11:06:00+07:00,10.9,10.9,10.8,10.9,20900.0
2023-07-13 11:07:00+07:00,10.9,10.9,10.8,10.8,8300.0
2023-07-13 11:08:00+07:00,10.8,10.9,10.8,10.9,500.0
2023-07-13 11:09:00+07:00,10.9,10.9,10.8,10.9,27300.0
2023-07-13 11:10:00+07:00,10.8,10.8,10.8,10.8,16800.0
2023-07-13 11:11:00+07:00,10.9,10.9,10.8,10.9,2800.0
2023-07-13 11:12:00+07:00,10.9,10.9,10.8,10.8,113000.0
2023-07-13 11:13:00+07:00,10.8,10.8,10.8,10.8,240300.0
2023-07-13 11:14:00+07:00,10.8,10.9,10.7,10.8,1013800.0
2023-07-13 11:15:00+07:00,10.8,10.8,10.7,10.7,199300.0
2023-07-13 11:16:00+07:00,10.7,10.8,10.7,10.7,166700.0
2023-07-13 11:17:00+07:00,10.7,10.7,10.7,10.7,54600.0
2023-07-13 11:18:00+07:00,10.7,10.8,10.7,10.7,128900.0
2023-07-13 11:19:00+07:00,10.7,10.8,10.7,10.7,39700.0
2023-07-13 11:20:00+07:00,10.7,10.8,10.7,10.7,246700.0
2023-07-13 11:21:00+07:00,10.7,10.8,10.7,10.8,128100.0
2023-07-13 11:22:00+07:00,10.7,10.8,10.7,10.7,308900.0
2023-07-13 11:23:00+07:00,10.7,10.8,10.6,10.7,1667000.0
2023-07-13 11:24:00+07:00,10.7,10.7,10.6,10.6,449900.0
2023-07-13 11:25:00+07:00,10.7,10.7,10.6,10.6,148900.0
2023-07-13 11:26:00+07:00,10.6,10.7,10.6,10.7,74800.0
2023-07-13 11:27:00+07:00,10.7,10.7,10.6,10.7,3500.0
2023-07-13 11:28:00+07:00,10.7,10.7,10.6,10.7,21800.0
2023-07-13 11:29:00+07:00,10.7,10.7,10.6,10.6,10100.0
2023-07-13 11:30:00+07:00,10.6,10.7,10.6,10.6,5100.0
2023-07-13 11:31:00+07:00,10.6,10.7,10.6,10.6,19200.0
2023-07-13 11:32:00+07:00,10.7,10.7,10.6,10.6,19400.0
2023-07-13 11:33:00+07:00,10.7,10.7,10.6,10.6,4400.0
2023-07-13 11:34:00+07:00,10.7,10.7,10.6,10.7,135700.0
2023-07-13 11:35:00+07:00,10.7,10.7,10.7,10.7,2300.0
2023-07-13 11:36:00+07:00,10.7,10.7,10.7,10.7,6400.0
2023-07-13 11:37:00+07:00,10.7,10.7,10.6,10.7,18100.0
2023-07-13 11:38:00+07:00,10.7,10.7,10.6,10.7,17900.0
2023-07-13 11:39:00+07:00,10.6,10.7,10.6,10.7,19000.0
2023-07-13 11:40:00+07:00,10.7,10.7,10.6,10.7,128600.0
2023-07-13 11:41:00+07:00,10.7,10.7,10.7,10.7,12200.0
2023-07-13 11:42:00+07:00,10.6,10.7,10.6,10.7,2000.0
2023-07-13 11:44:00+07:00,10.7,10.7,10.7,10.7,10000.0
2023-07-13 11:45:00+07:00,10.6,10.7,10.6,10.6,1077600.0
2023-07-13 11:46:00+07:00,10.6,10.6,10.6,10.6,29400.0
2023-07-13 11:47:00+07:00,10.6,10.6,10.5,10.5,113400.0
2023-07-13 11:48:00+07:00,10.5,10.6,10.5,10.5,176200.0
2023-07-13 11:49:00+07:00,10.5,10.6,10.5,10.5,62300.0
2023-07-13 11:50:00+07:00,10.6,10.6,10.5,10.5,40800.0
2023-07-13 11:51:00+07:00,10.6,10.6,10.5,10.6,5900.0
2023-07-13 11:52:00+07:00,10.6,10.6,10.5,10.5,23800.0
2023-07-13 11:53:00+07:00,10.6,10.6,10.5,10.5,202100.0
2023-07-13 11:54:00+07:00,10.5,10.6,10.5,10.5,439800.0
2023-07-13 11:55:00+07:00,10.5,10.6,10.5,10.5,36900.0
2023-07-13 11:56:00+07:00,10.5,10.6,10.5,10.5,51400.0
2023-07-13 11:57:00+07:00,10.6,10.6,10.5,10.5,58800.0
2023-07-13 11:58:00+07:00,10.5,10.6,10.5,10.6,7100.0
2023-07-13 11:59:00+07:00,10.6,10.6,10.5,10.5,21000.0
2023-07-13 12:00:00+07:00,10.6,10.6,10.5,10.6,22300.0
2023-07-13 12:01:00+07:00,10.6,10.6,10.5,10.6,3900.0
2023-07-13 12:02:00+07:00,10.6,10.6,10.5,10.6,2700.0
2023-07-13 12:03:00+07:00,10.6,10.6,10.5,10.5,15600.0
2023-07-13 12:04:00+07:00,10.6,10.6,10.5,10.5,21000.0
2023-07-13 12:05:00+07:00,10.6,10.6,10.5,10.6,6200.0
2023-07-13 12:06:00+07:00,10.6,10.6,10.5,10.6,4300.0
2023-07-13 12:07:00+07:00,10.6,10.6,10.5,10.5,28500.0
2023-07-13 12:08:00+07:00,10.6,10.6,10.5,10.5,41800.0
2023-07-13 12:09:00+07:00,10.6,10.6,10.5,10.5,185100.0
2023-07-13 12:10:00+07:00,10.5,10.6,10.5,10.6,109300.0
2023-07-13 12:11:00+07:00,10.5,10.6,10.5,10.6,2300.0
2023-07-13 12:12:00+07:00,10.6,10.6,10.5,10.5,57300.0
2023-07-13 12:13:00+07:00,10.6,10.6,10.5,10.6,117800.0
2023-07-13 12:14:00+07:00,10.6,10.6,10.5,10.6,38000.0
2023-07-13 12:15:00+07:00,10.6,10.6,10.5,10.6,16900.0
2023-07-13 12:16:00+07:00,10.6,10.6,10.5,10.5,26600.0
2023-07-13 12:17:00+07:00,10.6,10.6,10.5,10.6,113800.0
2023-07-13 12:18:00+07:00,10.5,10.6,10.5,10.6,18600.0
2023-07-13 12:19:00+07:00,10.6,10.6,10.5,10.6,9000.0
2023-07-13 12:20:00+07:00,10.6,10.6,10.5,10.6,21400.0
2023-07-13 12:21:00+07:00,10.6,10.6,10.6,10.6,1300.0
2023-07-13 12:22:00+07:00,10.5,10.6,10.5,10.6,2600.0
2023-07-13 12:23:00+07:00,10.6,10.6,10.5,10.5,45400.0
2023-07-13 12:24:00+07:00,10.5,10.5,10.5,10.5,19700.0
2023-07-13 12:25:00+07:00,10.6,10.6,10.5,10.6,16100.0
2023-07-13 12:26:00+07:00,10.6,10.6,10.5,10.5,28700.0
2023-07-13 12:27:00+07:00,10.6,10.6,10.5,10.6,4300.0
2023-07-13 12:28:00+07:00,10.5,10.6,10.5,10.6,194800.0
2023-07-13 12:29:00+07:00,10.6,10.6,10.6,10.6,50100.0
2023-07-13 14:26:00+07:00,10.6,10.6,10.6,10.6,263000.0
2023-07-13 14:27:00+07:00,10.6,10.6,10.6,10.6,14400.0
2023-07-13 14:28:00+07:00,10.6,10.6,10.6,10.6,48600.0
2023-07-13 14:29:00+07:00,10.6,10.6,10.5,10.6,32100.0
2023-07-13 14:30:00+07:00,10.6,10.6,10.6,10.6,35600.0
2023-07-13 14:31:00+07:00,10.6,10.6,10.6,10.6,101000.0
2023-07-13 14:32:00+07:00,10.6,10.6,10.6,10.6,16200.0
2023-07-13 14:33:00+07:00,10.6,10.6,10.6,10.6,12400.0
2023-07-13 14:34:00+07:00,10.6,10.6,10.6,10.6,21300.0
2023-07-13 14:35:00+07:00,10.6,10.6,10.5,10.6,46100.0
2023-07-13 14:36:00+07:00,10.6,10.6,10.6,10.6,37000.0
2023-07-13 14:37:00+07:00,10.6,10.6,10.6,10.6,5600.0
2023-07-13 14:38:00+07:00,10.6,10.6,10.6,10.6,1000.0
2023-07-13 14:39:00+07:00,10.5,10.6,10.5,10.6,45300.0
2023-07-13 14:40:00+07:00,10.6,10.6,10.5,10.6,46600.0
2023-07-13 14:41:00+07:00,10.6,10.6,10.6,10.6,5800.0
2023-07-13 14:42:00+07:00,10.6,10.6,10.6,10.6,12200.0
2023-07-13 14:43:00+07:00,10.6,10.6,10.6,10.6,25200.0
2023-07-13 14:44:00+07:00,10.6,10.6,10.6,10.6,88500.0
2023-07-13 14:45:00+07:00,10.6,10.6,10.6,10.6,722000.0
2023-07-13 14:46:00+07:00,10.6,10.6,10.6,10.6,12800.0
2023-07-13 14:47:00+07:00,10.6,10.7,10.6,10.7,2300.0
2023-07-13 14:49:00+07:00,10.6,10.7,10.6,10.6,123500.0
2023-07-13 14:50:00+07:00,10.7,10.7,10.6,10.6,13200.0
2023-07-13 14:51:00+07:00,10.7,10.7,10.7,10.7,8200.0
2023-07-13 14:52:00+07:00,10.7,10.7,10.7,10.7,100.0
2023-07-13 14:53:00+07:00,10.7,10.7,10.7,10.7,3200.0
2023-07-13 14:54:00+07:00,10.7,10.7,10.6,10.6,25900.0
2023-07-13 14:55:00+07:00,10.6,10.7,10.6,10.7,110000.0
2023-07-13 14:56:00+07:00,10.6,10.7,10.6,10.6,25400.0
2023-07-13 14:57:00+07:00,10.7,10.7,10.7,10.7,100.0
2023-07-13 14:58:00+07:00,10.7,10.7,10.6,10.6,17400.0
2023-07-13 14:59:00+07:00,10.7,10.7,10.6,10.6,148500.0
2023-07-13 15:00:00+07:00,10.6,10.6,10.6,10.6,14800.0
2023-07-13 15:01:00+07:00,10.6,10.7,10.6,10.7,45800.0
2023-07-13 15:02:00+07:00,10.7,10.7,10.7,10.7,1100.0
2023-07-13 15:03:00+07:00,10.7,10.7,10.7,10.7,2400.0
2023-07-13 15:04:00+07:00,10.7,10.7,10.7,10.7,1000.0
2023-07-13 15:06:00+07:00,10.7,10.7,10.5,10.6,865700.0
2023-07-13 15:07:00+07:00,10.5,10.6,10.5,10.5,28200.0
2023-07-13 15:08:00+07:00,10.6,10.6,10.5,10.5,52000.0
2023-07-13 15:09:00+07:00,10.5,10.6,10.5,10.5,32600.0
2023-07-13 15:10:00+07:00,10.6,10.6,10.5,10.5,15500.0
2023-07-13 15:11:00+07:00,10.5,10.6,10.5,10.5,97800.0
2023-07-13 15:12:00+07:00,10.6,10.6,10.5,10.5,22900.0
2023-07-13 15:13:00+07:00,10.6,10.6,10.5,10.6,14100.0
2023-07-13 15:14:00+07:00,10.6,10.6,10.6,10.6,1300.0
2023-07-13 15:15:00+07:00,10.6,10.6,10.5,10.6,23600.0
2023-07-13 15:16:00+07:00,10.6,10.6,10.6,10.6,1200.0
2023-07-13 15:17:00+07:00,10.6,10.6,10.5,10.6,22400.0
2023-07-13 15:18:00+07:00,10.6,10.6,10.5,10.5,18300.0
2023-07-13 15:19:00+07:00,10.6,10.6,10.5,10.5,5100.0
2023-07-13 15:20:00+07:00,10.6,10.6,10.5,10.5,19700.0
2023-07-13 15:21:00+07:00,10.6,10.6,10.5,10.6,6000.0
2023-07-13 15:22:00+07:00,10.5,10.6,10.5,10.5,37400.0
2023-07-13 15:23:00+07:00,10.5,10.6,10.5,10.6,1600.0
2023-07-13 15:24:00+07:00,10.6,10.6,10.5,10.5,15100.0
2023-07-13 15:25:00+07:00,10.5,10.5,10.5,10.5,1300.0
2023-07-13 15:26:00+07:00,10.6,10.6,10.6,10.6,800.0
2023-07-13 15:27:00+07:00,10.6,10.6,10.5,10.5,16800.0
2023-07-13 15:28:00+07:00,10.6,10.6,10.5,10.6,18100.0
2023-07-13 15:29:00+07:00,10.6,10.6,10.5,10.6,2900.0
2023-07-13 15:30:00+07:00,10.5,10.6,10.5,10.6,22800.0
2023-07-13 15:31:00+07:00,10.5,10.5,10.5,10.5,1400.0
2023-07-13 15:32:00+07:00,10.5,10.6,10.5,10.6,19700.0
2023-07-13 15:33:00+07:00,10.6,10.6,10.5,10.6,12800.0
2023-07-13 15:34:00+07:00,10.5,10.6,10.5,10.5,134200.0
2023-07-13 15:35:00+07:00,10.6,10.6,10.5,10.5,2700.0
2023-07-13 15:36:00+07:00,10.6,10.6,10.5,10.5,44600.0
2023-07-13 15:37:00+07:00,10.6,10.6,10.5,10.5,9000.0
2023-07-13 15:38:00+07:00,10.6,10.6,10.6,10.6,400.0
2023-07-13 15:39:00+07:00,10.6,10.6,10.6,10.6,300.0
2023-07-13 15:40:00+07:00,10.6,10.6,10.5,10.5,34600.0
2023-07-13 15:41:00+07:00,10.5,10.6,10.5,10.5,8300.0
2023-07-13 15:42:00+07:00,10.6,10.6,10.5,10.6,19300.0
2023-07-13 15:43:00+07:00,10.5,10.6,10.5,10.6,27100.0
2023-07-13 15:44:00+07:00,10.6,10.6,10.6,10.6,100.0
2023-07-13 15:45:00+07:00,10.6,10.6,10.5,10.5,19900.0
2023-07-13 15:46:00+07:00,10.5,10.6,10.5,10.5,17000.0
2023-07-13 15:47:00+07:00,10.6,10.6,10.5,10.5,15100.0
2023-07-13 15:48:00+07:00,10.6,10.6,10.5,10.5,17700.0
2023-07-13 15:50:00+07:00,10.6,10.6,10.5,10.5,17600.0
2023-07-13 15:51:00+07:00,10.6,10.6,10.6,10.6,1100.0
2023-07-13 15:52:00+07:00,10.5,10.6,10.5,10.5,55200.0
2023-07-13 15:53:00+07:00,10.6,10.6,10.5,10.5,2400.0
2023-07-13 15:54:00+07:00,10.5,10.5,10.5,10.5,15000.0
2023-07-13 15:55:00+07:00,10.5,10.6,10.5,10.5,208900.0
2023-07-13 15:56:00+07:00,10.5,10.6,10.5,10.6,36300.0
2023-07-13 15:57:00+07:00,10.6,10.6,10.6,10.6,23600.0
2023-07-13 15:58:00+07:00,10.6,10.6,10.6,10.6,62300.0
2023-07-13 15:59:00+07:00,10.6,10.6,10.6,10.6,1500.0
2023-07-13 16:00:00+07:00,10.6,10.6,10.6,10.6,18800.0
2023-07-13 16:01:00+07:00,10.6,10.6,10.6,10.6,40800.0
2023-07-13 16:02:00+07:00,10.6,10.6,10.6,10.6,2100.0
2023-07-13 16:03:00+07:00,10.6,10.6,10.5,10.6,61900.0
2023-07-13 16:04:00+07:00,10.6,10.6,10.6,10.6,3100.0
2023-07-13 16:05:00+07:00,10.6,10.6,10.5,10.6,138000.0
2023-07-13 16:06:00+07:00,10.6,10.6,10.6,10.6,9000.0
2023-07-13 16:07:00+07:00,10.6,10.6,10.6,10.6,22600.0
2023-07-13 16:08:00+07:00,10.6,10.6,10.6,10.6,8800.0
2023-07-13 16:09:00+07:00,10.6,10.6,10.6,10.6,6100.0
2023-07-13 16:10:00+07:00,10.6,10.6,10.6,10.6,12300.0
2023-07-13 16:11:00+07:00,10.6,10.6,10.6,10.6,3000.0
2023-07-13 16:12:00+07:00,10.6,10.6,10.6,10.6,5900.0
2023-07-13 16:13:00+07:00,10.6,10.6,10.5,10.6,52700.0
2023-07-13 16:14:00+07:00,10.6,10.6,10.5,10.6,17900.0
2023-07-13 16:15:00+07:00,10.6,10.6,10.6,10.6,5200.0
2023-07-13 16:16:00+07:00,10.6,10.6,10.6,10.6,10300.0
2023-07-13 16:17:00+07:00,10.5,10.6,10.5,10.6,14300.0
2023-07-13 16:18:00+07:00,10.6,10.6,10.5,10.6,6000.0
2023-07-13 16:19:00+07:00,10.6,10.6,10.5,10.6,20000.0
2023-07-13 16:20:00+07:00,10.6,10.6,10.6,10.6,200.0
2023-07-13 16:21:00+07:00,10.6,10.6,10.6,10.6,25300.0
2023-07-13 16:22:00+07:00,10.6,10.6,10.5,10.5,43000.0
2023-07-13 16:23:00+07:00,10.6,10.6,10.6,10.6,5600.0
2023-07-13 16:24:00+07:00,10.6,10.6,10.5,10.6,19100.0
2023-07-13 16:25:00+07:00,10.6,10.6,10.6,10.6,3500.0
2023-07-13 16:26:00+07:00,10.6,10.6,10.5,10.6,38500.0
2023-07-13 16:27:00+07:00,10.6,10.6,10.6,10.6,12600.0
2023-07-13 16:28:00+07:00,10.6,10.6,10.5,10.5,468800.0
2023-07-13 16:29:00+07:00,10.5,10.6,10.5,10.6,74800.0
2023-07-13 16:36:00+07:00,10.6,10.6,10.6,10.6,1696700.0
2023-07-14 09:57:00+07:00,10.6,10.6,10.6,10.6,470600.0
2023-07-14 09:58:00+07:00,10.7,10.7,10.7,10.7,400.0
2023-07-14 09:59:00+07:00,10.6,10.6,10.6,10.6,1000.0
2023-07-14 10:00:00+07:00,10.6,10.7,10.6,10.7,5300.0
2023-07-14 10:01:00+07:00,10.7,10.7,10.6,10.7,17600.0
2023-07-14 10:02:00+07:00,10.7,10.7,10.6,10.6,120500.0
2023-07-14 10:03:00+07:00,10.7,10.8,10.7,10.8,459900.0
2023-07-14 10:04:00+07:00,10.7,10.8,10.7,10.7,32300.0
2023-07-14 10:05:00+07:00,10.7,10.7,10.7,10.7,4800.0
2023-07-14 10:06:00+07:00,10.7,10.7,10.7,10.7,357700.0
2023-07-14 10:07:00+07:00,10.7,10.7,10.7,10.7,300.0
2023-07-14 10:08:00+07:00,10.7,10.7,10.6,10.7,2400.0
2023-07-14 10:09:00+07:00,10.7,10.7,10.7,10.7,8100.0
2023-07-14 10:10:00+07:00,10.7,10.7,10.7,10.7,5600.0
2023-07-14 10:11:00+07:00,10.7,10.7,10.7,10.7,13500.0
2023-07-14 10:12:00+07:00,10.7,10.7,10.7,10.7,3300.0
2023-07-14 10:13:00+07:00,10.6,10.7,10.6,10.7,3700.0
2023-07-14 10:14:00+07:00,10.7,10.7,10.7,10.7,2200.0
2023-07-14 10:15:00+07:00,10.7,10.7,10.7,10.7,100.0
2023-07-14 10:16:00+07:00,10.7,10.7,10.6,10.7,4700.0
2023-07-14 10:17:00+07:00,10.7,10.7,10.6,10.6,6900.0
2023-07-14 10:18:00+07:00,10.6,10.6,10.6,10.6,9800.0
2023-07-14 10:19:00+07:00,10.7,10.7,10.6,10.7,16300.0
2023-07-14 10:20:00+07:00,10.6,10.6,10.6,10.6,5000.0
2023-07-14 10:21:00+07:00,10.7,10.7,10.6,10.6,232800.0
2023-07-14 10:22:00+07:00,10.7,10.7,10.6,10.6,18500.0
2023-07-14 10:23:00+07:00,10.7,10.7,10.6,10.6,4700.0
2023-07-14 10:24:00+07:00,10.6,10.7,10.6,10.6,16400.0
2023-07-14 10:25:00+07:00,10.6,10.6,10.6,10.6,3100.0
2023-07-14 10:26:00+07:00,10.6,10.6,10.6,10.6,6200.0
2023-07-14 10:27:00+07:00,10.7,10.7,10.6,10.7,40900.0
2023-07-14 10:28:00+07:00,10.7,10.7,10.6,10.6,21500.0
2023-07-14 10:29:00+07:00,10.7,10.7,10.7,10.7,8400.0
2023-07-14 10:30:00+07:00,10.7,10.7,10.6,10.6,9600.0
2023-07-14 10:31:00+07:00,10.6,10.6,10.6,10.6,7400.0
2023-07-14 10:32:00+07:00,10.6,10.7,10.6,10.6,11500.0
2023-07-14 10:33:00+07:00,10.7,10.7,10.7,10.7,5100.0
2023-07-14 10:34:00+07:00,10.6,10.6,10.6,10.6,3700.0
2023-07-14 10:35:00+07:00,10.6,10.6,10.6,10.6,6300.0
2023-07-14 10:36:00+07:00,10.6,10.7,10.6,10.7,10700.0
2023-07-14 10:38:00+07:00,10.7,10.7,10.7,10.7,4300.0
2023-07-14 10:39:00+07:00,10.7,10.7,10.7,10.7,4900.0
2023-07-14 10:40:00+07:00,10.7,10.7,10.7,10.7,48800.0
2023-07-14 10:41:00+07:00,10.7,10.7,10.6,10.6,40800.0
2023-07-14 10:43:00+07:00,10.7,10.7,10.7,10.7,400.0
2023-07-14 10:44:00+07:00,10.7,10.7,10.7,10.7,5300.0
2023-07-14 10:45:00+07:00,10.6,10.7,10.6,10.7,572600.0
2023-07-14 10:46:00+07:00,10.7,10.7,10.7,10.7,34500.0
2023-07-14 10:47:00+07:00,10.7,10.7,10.7,10.7,48300.0
2023-07-14 10:48:00+07:00,10.7,10.7,10.7,10.7,3500.0
2023-07-14 10:49:00+07:00,10.7,10.7,10.7,10.7,4500.0
2023-07-14 10:50:00+07:00,10.7,10.7,10.7,10.7,6300.0
2023-07-14 10:51:00+07:00,10.7,10.7,10.7,10.7,24200.0
2023-07-14 10:52:00+07:00,10.7,10.7,10.7,10.7,13000.0
2023-07-14 10:53:00+07:00,10.7,10.7,10.7,10.7,800.0
2023-07-14 10:54:00+07:00,10.7,10.7,10.7,10.7,263400.0
2023-07-14 10:55:00+07:00,10.7,10.7,10.7,10.7,3400.0
2023-07-14 10:56:00+07:00,10.7,10.7,10.7,10.7,90500.0
2023-07-14 10:57:00+07:00,10.7,10.7,10.7,10.7,8200.0
2023-07-14 10:58:00+07:00,10.7,10.7,10.7,10.7,8300.0
2023-07-14 10:59:00+07:00,10.7,10.7,10.7,10.7,11500.0
2023-07-14 11:00:00+07:00,10.7,10.7,10.7,10.7,1100.0
2023-07-14 11:01:00+07:00,10.7,10.7,10.7,10.7,16600.0
2023-07-14 11:02:00+07:00,10.7,10.7,10.7,10.7,15100.0
2023-07-14 11:03:00+07:00,10.7,10.7,10.7,10.7,687700.0
2023-07-14 11:04:00+07:00,10.7,10.8,10.7,10.8,26400.0
2023-07-14 11:05:00+07:00,10.8,10.8,10.8,10.8,5000.0
2023-07-14 11:06:00+07:00,10.8,10.8,10.8,10.8,1000.0
2023-07-14 11:08:00+07:00,10.7,10.7,10.7,10.7,1000.0
2023-07-14 11:09:00+07:00,10.8,10.8,10.7,10.7,2100.0
2023-07-14 11:10:00+07:00,10.7,10.7,10.7,10.7,1100.0
2023-07-14 11:11:00+07:00,10.7,10.7,10.7,10.7,1100.0
2023-07-14 11:12:00+07:00,10.7,10.7,10.7,10.7,100.0
2023-07-14 11:13:00+07:00,10.7,10.7,10.7,10.7,11200.0
2023-07-14 11:14:00+07:00,10.7,10.7,10.7,10.7,120600.0
2023-07-14 11:15:00+07:00,10.7,10.7,10.7,10.7,100.0
2023-07-14 11:16:00+07:00,10.7,10.8,10.7,10.8,2500.0
2023-07-14 11:17:00+07:00,10.7,10.7,10.7,10.7,270700.0
2023-07-14 11:18:00+07:00,10.6,10.6,10.6,10.6,4000.0
2023-07-14 11:19:00+07:00,10.7,10.7,10.7,10.7,200.0
2023-07-14 11:20:00+07:00,10.7,10.7,10.7,10.7,500.0
2023-07-14 11:22:00+07:00,10.7,10.7,10.7,10.7,2000.0
2023-07-14 11:23:00+07:00,10.7,10.7,10.7,10.7,1500.0
2023-07-14 11:24:00+07:00,10.7,10.7,10.7,10.7,2400.0
2023-07-14 11:25:00+07:00,10.7,10.7,10.7,10.7,34500.0
2023-07-14 11:26:00+07:00,10.7,10.7,10.7,10.7,13000.0
2023-07-14 11:27:00+07:00,10.7,10.7,10.6,10.6,19800.0
2023-07-14 11:28:00+07:00,10.6,10.6,10.6,10.6,4600.0
2023-07-14 11:29:00+07:00,10.6,10.6,10.6,10.6,1400.0
2023-07-14 11:30:00+07:00,10.6,10.7,10.6,10.7,308400.0
2023-07-14 11:31:00+07:00,10.7,10.7,10.7,10.7,18000.0
2023-07-14 11:32:00+07:00,10.7,10.7,10.7,10.7,12800.0
2023-07-14 11:33:00+07:00,10.7,10.7,10.7,10.7,136800.0
2023-07-14 11:34:00+07:00,10.7,10.7,10.7,10.7,5000.0
2023-07-14 11:35:00+07:00,10.7,10.8,10.7,10.8,1600.0
2023-07-14 11:37:00+07:00,10.7,10.7,10.7,10.7,600.0
2023-07-14 11:38:00+07:00,10.7,10.8,10.7,10.7,6500.0
2023-07-14 11:40:00+07:00,10.7,10.8,10.7,10.7,12600.0
2023-07-14 11:41:00+07:00,10.7,10.7,10.7,10.7,3100.0
2023-07-14 11:42:00+07:00,10.8,10.8,10.8,10.8,1000.0
2023-07-14 11:43:00+07:00,10.7,10.7,10.7,10.7,5500.0
2023-07-14 11:44:00+07:00,10.7,10.7,10.7,10.7,7000.0
2023-07-14 11:45:00+07:00,10.7,10.7,10.7,10.7,305600.0
2023-07-14 11:46:00+07:00,10.7,10.7,10.7,10.7,20700.0
2023-07-14 11:47:00+07:00,10.7,10.8,10.7,10.8,110500.0
2023-07-14 11:48:00+07:00,10.7,10.7,10.7,10.7,23500.0
2023-07-14 11:49:00+07:00,10.6,10.7,10.6,10.6,27900.0
2023-07-14 11:50:00+07:00,10.7,10.7,10.6,10.6,13400.0
2023-07-14 11:51:00+07:00,10.6,10.6,10.6,10.6,13000.0
2023-07-14 11:52:00+07:00,10.6,10.6,10.6,10.6,2900.0
2023-07-14 11:53:00+07:00,10.7,10.7,10.6,10.6,13200.0
2023-07-14 11:54:00+07:00,10.6,10.6,10.6,10.6,3000.0
2023-07-14 11:55:00+07:00,10.6,10.6,10.6,10.6,6000.0
2023-07-14 11:56:00+07:00,10.6,10.7,10.6,10.6,6600.0
2023-07-14 11:57:00+07:00,10.6,10.6,10.6,10.6,6400.0
2023-07-14 11:58:00+07:00,10.7,10.7,10.6,10.6,7500.0
2023-07-14 11:59:00+07:00,10.6,10.7,10.6,10.6,16700.0
2023-07-14 12:00:00+07:00,10.6,10.7,10.6,10.7,6000.0
2023-07-14 12:01:00+07:00,10.6,10.6,10.6,10.6,4500.0
2023-07-14 12:02:00+07:00,10.7,10.7,10.6,10.6,15000.0
2023-07-14 12:03:00+07:00,10.7,10.7,10.6,10.7,4700.0
2023-07-14 12:04:00+07:00,10.6,10.7,10.6,10.6,6800.0
2023-07-14 12:05:00+07:00,10.6,10.6,10.6,10.6,4400.0
2023-07-14 12:06:00+07:00,10.6,10.6,10.6,10.6,7400.0
2023-07-14 12:07:00+07:00,10.7,10.7,10.6,10.6,4600.0
2023-07-14 12:08:00+07:00,10.6,10.7,10.6,10.6,6500.0
2023-07-14 12:09:00+07:00,10.6,10.6,10.6,10.6,6700.0
2023-07-14 12:10:00+07:00,10.6,10.7,10.6,10.6,7300.0
2023-07-14 12:11:00+07:00,10.6,10.6,10.6,10.6,3800.0
2023-07-14 12:12:00+07:00,10.6,10.7,10.6,10.7,5100.0
2023-07-14 12:13:00+07:00,10.6,10.6,10.6,10.6,4700.0
2023-07-14 12:14:00+07:00,10.6,10.7,10.6,10.7,6500.0
2023-07-14 12:15:00+07:00,10.6,10.7,10.6,10.6,9300.0
2023-07-14 12:16:00+07:00,10.6,10.6,10.6,10.6,4300.0
2023-07-14 12:17:00+07:00,10.6,10.6,10.6,10.6,3300.0
2023-07-14 12:18:00+07:00,10.6,10.7,10.6,10.6,8100.0
2023-07-14 12:19:00+07:00,10.7,10.7,10.6,10.6,4400.0
2023-07-14 12:20:00+07:00,10.7,10.7,10.6,10.6,15200.0
2023-07-14 12:21:00+07:00,10.6,10.6,10.6,10.6,8400.0
2023-07-14 12:22:00+07:00,10.6,10.7,10.6,10.7,10900.0
2023-07-14 12:23:00+07:00,10.6,10.6,10.6,10.6,13900.0
2023-07-14 12:24:00+07:00,10.6,10.7,10.6,10.6,9700.0
2023-07-14 12:25:00+07:00,10.6,10.6,10.6,10.6,11400.0
2023-07-14 12:26:00+07:00,10.6,10.6,10.6,10.6,13400.0
2023-07-14 12:28:00+07:00,10.7,10.7,10.7,10.7,1000.0
2023-07-14 14:26:00+07:00,10.7,10.7,10.6,10.7,137100.0
2023-07-14 14:27:00+07:00,10.7,10.7,10.7,10.7,1200.0
2023-07-14 14:30:00+07:00,10.7,10.7,10.7,10.7,100.0
2023-07-14 14:31:00+07:00,10.7,10.7,10.6,10.6,13900.0
2023-07-14 14:32:00+07:00,10.6,10.6,10.6,10.6,6300.0
2023-07-14 14:33:00+07:00,10.6,10.6,10.6,10.6,7300.0
2023-07-14 14:34:00+07:00,10.6,10.6,10.6,10.6,5800.0
2023-07-14 14:35:00+07:00,10.6,10.6,10.6,10.6,7600.0
2023-07-14 14:36:00+07:00,10.6,10.7,10.6,10.6,7200.0
2023-07-14 14:37:00+07:00,10.7,10.7,10.6,10.6,17000.0
2023-07-14 14:38:00+07:00,10.7,10.7,10.6,10.6,4000.0
2023-07-14 14:39:00+07:00,10.6,10.7,10.6,10.7,8900.0
2023-07-14 14:40:00+07:00,10.6,10.7,10.6,10.7,4700.0
2023-07-14 14:41:00+07:00,10.6,10.6,10.6,10.6,6900.0
2023-07-14 14:42:00+07:00,10.6,10.6,10.6,10.6,6800.0
2023-07-14 14:43:00+07:00,10.6,10.6,10.6,10.6,126200.0
2023-07-14 14:44:00+07:00,10.6,10.6,10.6,10.6,89100.0
2023-07-14 14:45:00+07:00,10.6,10.6,10.6,10.6,8200.0
2023-07-14 14:46:00+07:00,10.6,10.6,10.5,10.6,895000.0
2023-07-14 14:47:00+07:00,10.6,10.6,10.5,10.5,12500.0
2023-07-14 14:48:00+07:00,10.6,10.6,10.5,10.5,18900.0
2023-07-14 14:49:00+07:00,10.6,10.6,10.5,10.5,32900.0
2023-07-14 14:50:00+07:00,10.6,10.6,10.5,10.5,4100.0
2023-07-14 14:51:00+07:00,10.5,10.6,10.5,10.6,54600.0
2023-07-14 14:52:00+07:00,10.6,10.6,10.5,10.6,15300.0
2023-07-14 14:53:00+07:00,10.6,10.6,10.5,10.5,10300.0
2023-07-14 14:54:00+07:00,10.6,10.6,10.6,10.6,17000.0
2023-07-14 14:55:00+07:00,10.5,10.6,10.5,10.6,16400.0
2023-07-14 14:56:00+07:00,10.6,10.6,10.6,10.6,5800.0
2023-07-14 14:57:00+07:00,10.6,10.6,10.5,10.6,12100.0
2023-07-14 14:58:00+07:00,10.6,10.6,10.6,10.6,46900.0
2023-07-14 14:59:00+07:00,10.6,10.6,10.6,10.6,14900.0
2023-07-14 15:00:00+07:00,10.6,10.6,10.6,10.6,2600.0
2023-07-14 15:01:00+07:00,10.6,10.6,10.6,10.6,10000.0
2023-07-14 15:02:00+07:00,10.6,10.6,10.6,10.6,2600.0
2023-07-14 15:03:00+07:00,10.6,10.6,10.6,10.6,2200.0
2023-07-14 15:04:00+07:00,10.6,10.6,10.6,10.6,48700.0
2023-07-14 15:05:00+07:00,10.6,10.6,10.6,10.6,499500.0
2023-07-14 15:06:00+07:00,10.7,10.7,10.7,10.7,100.0
2023-07-14 15:07:00+07:00,10.7,10.7,10.7,10.7,500.0
2023-07-14 15:09:00+07:00,10.6,10.6,10.6,10.6,800.0
2023-07-14 15:10:00+07:00,10.7,10.7,10.7,10.7,1100.0
2023-07-14 15:12:00+07:00,10.6,10.6,10.6,10.6,500.0
2023-07-14 15:14:00+07:00,10.7,10.7,10.7,10.7,2500.0
2023-07-14 15:15:00+07:00,10.7,10.7,10.7,10.7,4300.0
2023-07-14 15:16:00+07:00,10.7,10.7,10.7,10.7,200.0
2023-07-14 15:17:00+07:00,10.7,10.7,10.7,10.7,1000.0
2023-07-14 15:18:00+07:00,10.7,10.7,10.7,10.7,3500.0
2023-07-14 15:19:00+07:00,10.7,10.7,10.7,10.7,200.0
2023-07-14 15:20:00+07:00,10.7,10.7,10.7,10.7,50800.0
2023-07-14 15:21:00+07:00,10.7,10.7,10.7,10.7,1600.0
2023-07-14 15:22:00+07:00,10.6,10.7,10.6,10.7,1400.0
2023-07-14 15:23:00+07:00,10.7,10.7,10.7,10.7,900.0
2023-07-14 15:24:00+07:00,10.7,10.7,10.7,10.7,2900.0
2023-07-14 15:25:00+07:00,10.6,10.6,10.6,10.6,2500.0
2023-07-14 15:27:00+07:00,10.7,10.7,10.7,10.7,300.0
2023-07-14 15:28:00+07:00,10.6,10.6,10.6,10.6,200.0
2023-07-14 15:29:00+07:00,10.7,10.7,10.7,10.7,100.0
2023-07-14 15:30:00+07:00,10.6,10.6,10.6,10.6,4000.0
2023-07-14 15:31:00+07:00,10.6,10.6,10.6,10.6,2200.0
2023-07-14 15:32:00+07:00,10.6,10.7,10.6,10.7,25600.0
2023-07-14 15:33:00+07:00,10.6,10.6,10.6,10.6,3700.0
2023-07-14 15:34:00+07:00,10.7,10.7,10.7,10.7,100.0
2023-07-14 15:35:00+07:00,10.6,10.7,10.6,10.7,1800.0
2023-07-14 15:36:00+07:00,10.6,10.7,10.6,10.7,2900.0
2023-07-14 15:37:00+07:00,10.7,10.7,10.7,10.7,2000.0
2023-07-14 15:38:00+07:00,10.6,10.6,10.6,10.6,1300.0
2023-07-14 15:39:00+07:00,10.7,10.7,10.6,10.6,1900.0
2023-07-14 15:40:00+07:00,10.6,10.6,10.6,10.6,3000.0
2023-07-14 15:41:00+07:00,10.7,10.7,10.6,10.6,10200.0
2023-07-14 15:42:00+07:00,10.6,10.7,10.6,10.6,9300.0
2023-07-14 15:43:00+07:00,10.6,10.7,10.6,10.7,5800.0
2023-07-14 15:44:00+07:00,10.6,10.6,10.6,10.6,6300.0
2023-07-14 15:45:00+07:00,10.6,10.6,10.6,10.6,4900.0
2023-07-14 15:46:00+07:00,10.6,10.7,10.6,10.7,4600.0
2023-07-14 15:47:00+07:00,10.6,10.7,10.6,10.6,8200.0
2023-07-14 15:48:00+07:00,10.6,10.7,10.6,10.6,5400.0
2023-07-14 15:49:00+07:00,10.6,10.6,10.6,10.6,5400.0
2023-07-14 15:50:00+07:00,10.6,10.7,10.6,10.6,207800.0
2023-07-14 15:51:00+07:00,10.6,10.6,10.6,10.6,3100.0
2023-07-14 15:52:00+07:00,10.6,10.7,10.6,10.7,6600.0
2023-07-14 15:53:00+07:00,10.6,10.6,10.6,10.6,6100.0
2023-07-14 15:54:00+07:00,10.6,10.6,10.6,10.6,4600.0
2023-07-14 15:55:00+07:00,10.6,10.7,10.6,10.7,12200.0
2023-07-14 15:56:00+07:00,10.6,10.6,10.6,10.6,4600.0
2023-07-14 15:57:00+07:00,10.6,10.6,10.6,10.6,3400.0
2023-07-14 15:58:00+07:00,10.6,10.7,10.6,10.6,6000.0
2023-07-14 15:59:00+07:00,10.6,10.6,10.6,10.6,4000.0
2023-07-14 16:00:00+07:00,10.6,10.6,10.6,10.6,3300.0
2023-07-14 16:01:00+07:00,10.6,10.7,10.6,10.6,12400.0
2023-07-14 16:02:00+07:00,10.6,10.6,10.6,10.6,5600.0
2023-07-14 16:03:00+07:00,10.6,10.6,10.6,10.6,10600.0
2023-07-14 16:04:00+07:00,10.6,10.7,10.6,10.7,3700.0
2023-07-14 16:05:00+07:00,10.6,10.7,10.6,10.7,6100.0
2023-07-14 16:06:00+07:00,10.6,10.7,10.6,10.7,7100.0
2023-07-14 16:07:00+07:00,10.6,10.6,10.6,10.6,8200.0
2023-07-14 16:08:00+07:00,10.6,10.7,10.6,10.6,6400.0
2023-07-14 16:09:00+07:00,10.7,10.7,10.6,10.6,3900.0
2023-07-14 16:10:00+07:00,10.7,10.7,10.6,10.7,1653100.0
2023-07-14 16:11:00+07:00,10.7,10.7,10.7,10.7,342900.0
2023-07-14 16:12:00+07:00,10.7,10.7,10.7,10.7,21400.0
2023-07-14 16:13:00+07:00,10.7,10.7,10.7,10.7,8300.0
2023-07-14 16:14:00+07:00,10.7,10.7,10.7,10.7,2500.0
2023-07-14 16:15:00+07:00,10.7,10.7,10.7,10.7,143300.0
2023-07-14 16:16:00+07:00,10.7,10.7,10.7,10.7,122300.0
2023-07-14 16:17:00+07:00,10.7,10.7,10.7,10.7,50200.0
2023-07-14 16:18:00+07:00,10.7,10.7,10.7,10.7,5100.0
2023-07-14 16:19:00+07:00,10.6,10.7,10.6,10.6,7500.0
2023-07-14 16:20:00+07:00,10.6,10.6,10.6,10.6,7600.0
2023-07-14 16:21:00+07:00,10.6,10.6,10.6,10.6,12900.0
2023-07-14 16:22:00+07:00,10.6,10.7,10.6,10.7,11300.0
2023-07-14 16:23:00+07:00,10.6,10.7,10.6,10.7,31600.0
2023-07-14 16:24:00+07:00,10.7,10.7,10.6,10.7,24600.0
2023-07-14 16:25:00+07:00,10.7,10.7,10.6,10.6,30600.0
2023-07-14 16:26:00+07:00,10.6,10.7,10.6,10.6,29400.0
2023-07-14 16:27:00+07:00,10.6,10.7,10.6,10.6,75500.0
2023-07-14 16:28:00+07:00,10.7,10.7,10.6,10.7,26600.0
2023-07-14 16:29:00+07:00,10.6,10.7,10.6,10.7,60900.0
2023-07-14 16:35:00+07:00,10.7,10.7,10.7,10.7,1263600.0
2023-07-17 09:58:00+07:00,10.7,10.7,10.7,10.7,205100.0
2023-07-17 10:00:00+07:00,10.8,10.8,10.8,10.8,1000.0
2023-07-17 10:02:00+07:00,10.7,10.7,10.7,10.7,6000.0
2023-07-17 10:03:00+07:00,10.7,10.7,10.7,10.7,29500.0
2023-07-17 10:04:00+07:00,10.7,10.7,10.7,10.7,13900.0
2023-07-17 10:05:00+07:00,10.7,10.7,10.7,10.7,2000.0
2023-07-17 10:06:00+07:00,10.7,10.7,10.7,10.7,30000.0
2023-07-17 10:07:00+07:00,10.7,10.7,10.7,10.7,500.0
2023-07-17 10:08:00+07:00,10.7,10.7,10.7,10.7,20000.0
2023-07-17 10:09:00+07:00,10.7,10.7,10.7,10.7,22500.0
2023-07-17 10:10:00+07:00,10.7,10.7,10.7,10.7,15000.0
2023-07-17 10:11:00+07:00,10.7,10.8,10.7,10.8,30100.0
2023-07-17 10:12:00+07:00,10.8,10.8,10.8,10.8,10100.0
2023-07-17 10:13:00+07:00,10.8,10.8,10.8,10.8,200.0
2023-07-17 10:14:00+07:00,10.7,10.7,10.7,10.7,5000.0
2023-07-17 10:15:00+07:00,10.7,10.8,10.7,10.7,247900.0
2023-07-17 10:16:00+07:00,10.7,10.7,10.7,10.7,2100.0
2023-07-17 10:17:00+07:00,10.7,10.7,10.7,10.7,25700.0
2023-07-17 10:18:00+07:00,10.7,10.7,10.7,10.7,800.0
2023-07-17 10:19:00+07:00,10.8,10.8,10.7,10.7,4600.0
2023-07-17 10:20:00+07:00,10.7,10.7,10.7,10.7,107500.0
2023-07-17 10:21:00+07:00,10.7,10.7,10.7,10.7,35600.0
2023-07-17 10:23:00+07:00,10.8,10.8,10.7,10.7,13400.0
2023-07-17 10:26:00+07:00,10.7,10.7,10.7,10.7,800.0
2023-07-17 10:27:00+07:00,10.8,10.8,10.8,10.8,1100.0
2023-07-17 10:30:00+07:00,10.8,10.8,10.8,10.8,700.0
2023-07-17 10:31:00+07:00,10.8,10.8,10.8,10.8,500.0
2023-07-17 10:33:00+07:00,10.8,10.8,10.8,10.8,100.0
2023-07-17 10:37:00+07:00,10.8,10.8,10.8,10.8,2000.0
2023-07-17 10:38:00+07:00,10.8,10.8,10.8,10.8,6600.0
2023-07-17 10:39:00+07:00,10.8,10.8,10.8,10.8,800.0
2023-07-17 10:40:00+07:00,10.8,10.8,10.8,10.8,1100.0
2023-07-17 10:41:00+07:00,10.8,10.8,10.8,10.8,9400.0
2023-07-17 10:42:00+07:00,10.8,10.8,10.8,10.8,4100.0
2023-07-17 10:43:00+07:00,10.8,10.8,10.8,10.8,700.0
2023-07-17 10:44:00+07:00,10.8,10.8,10.8,10.8,5100.0
2023-07-17 10:45:00+07:00,10.8,10.8,10.8,10.8,2000.0
2023-07-17 10:49:00+07:00,10.8,10.8,10.8,10.8,5000.0
2023-07-17 10:50:00+07:00,10.8,10.8,10.7,10.7,1100.0
2023-07-17 10:52:00+07:00,10.7,10.7,10.7,10.7,500.0
2023-07-17 10:54:00+07:00,10.7,10.8,10.7,10.8,600.0
2023-07-17 10:55:00+07:00,10.8,10.8,10.8,10.8,300.0
2023-07-17 10:56:00+07:00,10.8,10.8,10.7,10.7,2200.0
2023-07-17 10:57:00+07:00,10.8,10.8,10.8,10.8,200.0
2023-07-17 10:58:00+07:00,10.7,10.7,10.7,10.7,200.0
2023-07-17 11:02:00+07:00,10.7,10.7,10.7,10.7,6000.0
2023-07-17 11:04:00+07:00,10.7,10.7,10.7,10.7,5000.0
2023-07-17 11:05:00+07:00,10.7,10.7,10.7,10.7,1000.0
2023-07-17 11:06:00+07:00,10.7,10.7,10.7,10.7,200.0
2023-07-17 11:07:00+07:00,10.7,10.7,10.7,10.7,2800.0
2023-07-17 11:09:00+07:00,10.8,10.8,10.8,10.8,1000.0
2023-07-17 11:12:00+07:00,10.8,10.8,10.8,10.8,100.0
2023-07-17 11:13:00+07:00,10.8,10.8,10.8,10.8,20900.0
2023-07-17 11:14:00+07:00,10.8,10.8,10.8,10.8,100.0
2023-07-17 11:16:00+07:00,10.8,10.8,10.8,10.8,300.0
2023-07-17 11:17:00+07:00,10.8,10.8,10.7,10.7,2500.0
2023-07-17 11:18:00+07:00,10.7,10.7,10.7,10.7,100.0
2023-07-17 11:19:00+07:00,10.8,10.8,10.7,10.7,10600.0
2023-07-17 11:20:00+07:00,10.8,10.8,10.8,10.8,5100.0
2023-07-17 11:21:00+07:00,10.8,10.9,10.8,10.8,808300.0
2023-07-17 11:22:00+07:00,10.8,10.9,10.8,10.8,21500.0
2023-07-17 11:23:00+07:00,10.8,10.8,10.8,10.8,8000.0
2023-07-17 11:24:00+07:00,10.8,10.8,10.8,10.8,900.0
2023-07-17 11:25:00+07:00,10.9,10.9,10.8,10.8,10200.0
2023-07-17 11:26:00+07:00,10.8,10.8,10.8,10.8,2600.0
2023-07-17 11:27:00+07:00,10.8,10.8,10.8,10.8,66300.0
2023-07-17 11:28:00+07:00,10.8,10.8,10.8,10.8,5200.0
2023-07-17 11:29:00+07:00,10.8,10.8,10.8,10.8,11800.0
2023-07-17 11:30:00+07:00,10.8,10.8,10.8,10.8,10500.0
2023-07-17 11:31:00+07:00,10.8,10.8,10.8,10.8,1000.0
2023-07-17 11:32:00+07:00,10.8,10.8,10.8,10.8,100.0
2023-07-17 11:33:00+07:00,10.8,10.9,10.8,10.9,120600.0
2023-07-17 11:34:00+07:00,10.9,10.9,10.9,10.9,25000.0
2023-07-17 11:35:00+07:00,10.9,10.9,10.9,10.9,4500.0
2023-07-17 11:36:00+07:00,10.9,10.9,10.9,10.9,100.0
2023-07-17 11:37:00+07:00,10.8,10.9,10.8,10.9,1100.0
2023-07-17 11:40:00+07:00,10.9,11.0,10.9,10.9,565300.0
2023-07-17 11:41:00+07:00,10.9,10.9,10.9,10.9,10700.0
2023-07-17 11:42:00+07:00,11.0,11.0,11.0,11.0,100.0
2023-07-17 11:43:00+07:00,10.9,10.9,10.9,10.9,10600.0
2023-07-17 11:44:00+07:00,11.0,11.0,10.9,10.9,3700.0
2023-07-17 11:45:00+07:00,10.9,10.9,10.9,10.9,4100.0
2023-07-17 11:48:00+07:00,11.0,11.0,10.9,10.9,294900.0
2023-07-17 11:49:00+07:00,10.9,10.9,10.9,10.9,20000.0
2023-07-17 11:50:00+07:00,10.9,10.9,10.9,10.9,303600.0
2023-07-17 11:51:00+07:00,11.0,11.0,10.9,10.9,27300.0
2023-07-17 11:52:00+07:00,10.9,10.9,10.9,10.9,10100.0
2023-07-17 11:53:00+07:00,11.0,11.0,11.0,11.0,2000.0
2023-07-17 11:54:00+07:00,10.9,10.9,10.9,10.9,3000.0
2023-07-17 11:55:00+07:00,10.9,10.9,10.9,10.9,200.0
2023-07-17 11:56:00+07:00,10.9,10.9,10.9,10.9,1100.0
2023-07-17 11:57:00+07:00,10.9,10.9,10.9,10.9,100.0
2023-07-17 11:58:00+07:00,10.9,11.0,10.9,11.0,4600.0
2023-07-17 11:59:00+07:00,11.0,11.0,10.9,10.9,5300.0
2023-07-17 12:00:00+07:00,10.9,10.9,10.9,10.9,10500.0
2023-07-17 12:01:00+07:00,11.0,11.0,11.0,11.0,6000.0
2023-07-17 12:02:00+07:00,11.0,11.0,11.0,11.0,82600.0
2023-07-17 12:03:00+07:00,11.0,11.0,11.0,11.0,52200.0
2023-07-17 12:04:00+07:00,10.9,10.9,10.9,10.9,100.0
2023-07-17 12:05:00+07:00,10.9,10.9,10.9,10.9,700.0
2023-07-17 12:06:00+07:00,10.9,11.0,10.9,10.9,3400.0
2023-07-17 12:09:00+07:00,10.9,11.0,10.9,10.9,4400.0
2023-07-17 12:11:00+07:00,10.9,10.9,10.9,10.9,800.0
2023-07-17 12:12:00+07:00,10.9,10.9,10.9,10.9,200.0
2023-07-17 12:15:00+07:00,10.9,10.9,10.9,10.9,3000.0
2023-07-17 12:16:00+07:00,10.9,11.0,10.9,11.0,5500.0
2023-07-17 12:19:00+07:00,10.9,11.0,10.9,11.0,900.0
2023-07-17 12:20:00+07:00,10.9,10.9,10.9,10.9,100.0
2023-07-17 12:21:00+07:00,10.9,10.9,10.9,10.9,400.0
2023-07-17 12:22:00+07:00,10.9,11.0,10.9,10.9,1900.0
2023-07-17 12:23:00+07:00,10.9,10.9,10.9,10.9,19400.0
2023-07-17 12:24:00+07:00,10.9,11.0,10.9,11.0,3100.0
2023-07-17 12:25:00+07:00,11.0,11.0,11.0,11.0,700.0
2023-07-17 12:27:00+07:00,10.9,10.9,10.9,10.9,100000.0
2023-07-17 12:28:00+07:00,10.9,10.9,10.9,10.9,5000.0
2023-07-17 12:29:00+07:00,10.9,11.0,10.9,10.9,8900.0
2023-07-17 14:28:00+07:00,11.0,11.0,11.0,11.0,69600.0
2023-07-17 14:31:00+07:00,11.0,11.0,11.0,11.0,100.0
2023-07-17 14:32:00+07:00,11.0,11.0,10.9,10.9,500.0
2023-07-17 14:35:00+07:00,10.9,10.9,10.9,10.9,70100.0
2023-07-17 14:37:00+07:00,10.9,11.0,10.9,10.9,10700.0
2023-07-17 14:38:00+07:00,10.9,10.9,10.9,10.9,21000.0
2023-07-17 14:41:00+07:00,10.9,10.9,10.9,10.9,5300.0
2023-07-17 14:43:00+07:00,10.9,10.9,10.9,10.9,2000.0
2023-07-17 14:44:00+07:00,10.9,10.9,10.9,10.9,700.0
2023-07-17 14:47:00+07:00,10.9,11.0,10.9,11.0,5000.0
2023-07-17 14:48:00+07:00,11.0,11.0,10.9,11.0,6200.0
2023-07-17 14:49:00+07:00,11.0,11.0,11.0,11.0,10100.0
2023-07-17 14:50:00+07:00,11.0,11.0,11.0,11.0,200.0
2023-07-17 14:51:00+07:00,10.9,10.9,10.9,10.9,11500.0
2023-07-17 14:52:00+07:00,10.9,10.9,10.9,10.9,1000.0
2023-07-17 14:54:00+07:00,10.9,10.9,10.9,10.9,2000.0
2023-07-17 14:55:00+07:00,10.9,10.9,10.9,10.9,1000.0
2023-07-17 14:56:00+07:00,10.9,10.9,10.9,10.9,1100.0
2023-07-17 14:57:00+07:00,11.0,11.0,11.0,11.0,100.0
2023-07-17 14:59:00+07:00,11.0,11.0,11.0,11.0,400.0
2023-07-17 15:00:00+07:00,11.0,11.0,11.0,11.0,400.0
2023-07-17 15:01:00+07:00,11.0,11.0,11.0,11.0,600.0
2023-07-17 15:04:00+07:00,11.0,11.0,11.0,11.0,4000.0
2023-07-17 15:06:00+07:00,10.9,10.9,10.9,10.9,2000.0
2023-07-17 15:07:00+07:00,11.0,11.0,10.9,10.9,69900.0
2023-07-17 15:08:00+07:00,10.9,10.9,10.9,10.9,3600.0
2023-07-17 15:11:00+07:00,10.9,10.9,10.9,10.9,7000.0
2023-07-17 15:12:00+07:00,11.0,11.0,10.9,10.9,9100.0
2023-07-17 15:13:00+07:00,10.9,10.9,10.9,10.9,3000.0
2023-07-17 15:14:00+07:00,10.9,10.9,10.9,10.9,4100.0
2023-07-17 15:15:00+07:00,11.0,11.0,10.9,11.0,5100.0
2023-07-17 15:18:00+07:00,11.0,11.0,10.9,10.9,4000.0
2023-07-17 15:19:00+07:00,11.0,11.0,11.0,11.0,100.0
2023-07-17 15:21:00+07:00,11.0,11.0,11.0,11.0,10000.0
2023-07-17 15:22:00+07:00,11.0,11.0,11.0,11.0,1500.0
2023-07-17 15:23:00+07:00,10.9,10.9,10.9,10.9,600.0
2023-07-17 15:24:00+07:00,10.9,10.9,10.9,10.9,300.0
2023-07-17 15:26:00+07:00,10.9,10.9,10.9,10.9,7000.0
2023-07-17 15:27:00+07:00,10.9,11.0,10.9,10.9,11600.0
2023-07-17 15:29:00+07:00,10.9,10.9,10.9,10.9,4000.0
2023-07-17 15:30:00+07:00,10.9,11.0,10.9,11.0,12200.0
2023-07-17 15:31:00+07:00,11.0,11.1,11.0,11.1,1059000.0
2023-07-17 15:32:00+07:00,11.1,11.1,11.0,11.0,5500.0
2023-07-17 15:33:00+07:00,11.1,11.1,11.1,11.1,100.0
2023-07-17 15:34:00+07:00,11.0,11.1,11.0,11.0,917300.0
2023-07-17 15:35:00+07:00,11.0,11.0,11.0,11.0,112400.0
2023-07-17 15:36:00+07:00,11.0,11.0,11.0,11.0,600.0
2023-07-17 15:37:00+07:00,11.0,11.0,10.9,10.9,10600.0
2023-07-17 15:38:00+07:00,11.0,11.0,11.0,11.0,131100.0
2023-07-17 15:39:00+07:00,11.0,11.0,11.0,11.0,14500.0
2023-07-17 15:40:00+07:00,11.0,11.0,11.0,11.0,3000.0
2023-07-17 15:41:00+07:00,11.0,11.0,11.0,11.0,308300.0
2023-07-17 15:42:00+07:00,11.0,11.0,11.0,11.0,28400.0
2023-07-17 15:43:00+07:00,11.0,11.0,10.9,11.0,14900.0
2023-07-17 15:44:00+07:00,11.0,11.0,11.0,11.0,188400.0
2023-07-17 15:45:00+07:00,11.1,11.1,11.0,11.1,69400.0
2023-07-17 15:46:00+07:00,11.1,11.1,11.0,11.1,1000.0
2023-07-17 15:47:00+07:00,11.1,11.1,11.1,11.1,1600.0
2023-07-17 15:48:00+07:00,11.1,11.1,11.1,11.1,500.0
2023-07-17 15:49:00+07:00,11.1,11.1,11.1,11.1,400.0
2023-07-17 15:50:00+07:00,11.1,11.1,11.0,11.1,700.0
2023-07-17 15:51:00+07:00,11.0,11.1,11.0,11.1,1100.0
2023-07-17 15:52:00+07:00,11.1,11.1,11.0,11.1,500.0
2023-07-17 15:54:00+07:00,11.0,11.1,11.0,11.0,7400.0
2023-07-17 15:55:00+07:00,11.0,11.1,11.0,11.0,11900.0
2023-07-17 15:56:00+07:00,11.1,11.1,11.1,11.1,2200.0
2023-07-17 15:57:00+07:00,11.1,11.1,11.1,11.1,1000.0
2023-07-17 15:59:00+07:00,11.0,11.1,11.0,11.1,1800.0
2023-07-17 16:01:00+07:00,11.0,11.0,11.0,11.0,100.0
2023-07-17 16:02:00+07:00,11.1,11.1,11.1,11.1,100.0
2023-07-17 16:03:00+07:00,11.1,11.1,11.0,11.0,2800.0
2023-07-17 16:04:00+07:00,11.1,11.1,11.0,11.0,3500.0
2023-07-17 16:06:00+07:00,11.1,11.1,11.1,11.1,500.0
2023-07-17 16:07:00+07:00,11.0,11.1,11.0,11.0,3500.0
2023-07-17 16:08:00+07:00,11.0,11.0,11.0,11.0,1100.0
2023-07-17 16:09:00+07:00,11.1,11.1,11.1,11.1,10000.0
2023-07-17 16:10:00+07:00,11.0,11.0,11.0,11.0,6800.0
2023-07-17 16:11:00+07:00,11.0,11.0,11.0,11.0,4600.0
2023-07-17 16:12:00+07:00,11.0,11.0,11.0,11.0,3000.0
2023-07-17 16:13:00+07:00,11.0,11.0,11.0,11.0,20800.0
2023-07-17 16:14:00+07:00,11.0,11.0,11.0,11.0,7400.0
2023-07-17 16:15:00+07:00,11.0,11.1,11.0,11.1,900.0
2023-07-17 16:16:00+07:00,11.0,11.1,11.0,11.1,600.0
2023-07-17 16:17:00+07:00,11.1,11.1,11.1,11.1,5000.0
2023-07-17 16:18:00+07:00,11.0,11.1,11.0,11.0,2000.0
2023-07-17 16:19:00+07:00,11.0,11.0,11.0,11.0,700.0
2023-07-17 16:20:00+07:00,11.0,11.0,11.0,11.0,2000.0
2023-07-17 16:21:00+07:00,11.0,11.0,11.0,11.0,2000.0
2023-07-17 16:22:00+07:00,11.0,11.0,11.0,11.0,9800.0
2023-07-17 16:23:00+07:00,11.0,11.0,11.0,11.0,500.0
2023-07-17 16:25:00+07:00,11.0,11.1,11.0,11.1,43200.0
2023-07-17 16:26:00+07:00,11.1,11.1,11.0,11.1,1123700.0
2023-07-17 16:27:00+07:00,11.1,11.1,11.1,11.1,49600.0
2023-07-17 16:28:00+07:00,11.1,11.1,11.1,11.1,30400.0
2023-07-17 16:29:00+07:00,11.1,11.1,11.0,11.0,23300.0
2023-07-17 16:36:00+07:00,11.1,11.1,11.1,11.1,959300.0
2023-07-18 09:56:00+07:00,11.1,11.1,11.1,11.1,125800.0
2023-07-18 09:57:00+07:00,11.1,11.1,11.1,11.1,19600.0
2023-07-18 09:58:00+07:00,11.1,11.1,11.0,11.0,400.0
2023-07-18 09:59:00+07:00,11.1,11.1,11.1,11.1,100.0
2023-07-18 10:00:00+07:00,11.1,11.1,11.1,11.1,1000.0
2023-07-18 10:01:00+07:00,11.1,11.1,11.1,11.1,321200.0
2023-07-18 10:02:00+07:00,11.1,11.1,11.1,11.1,10400.0
2023-07-18 10:03:00+07:00,11.1,11.1,11.1,11.1,2100.0
2023-07-18 10:04:00+07:00,11.1,11.1,11.1,11.1,1000.0
2023-07-18 10:05:00+07:00,11.1,11.1,11.1,11.1,5100.0
2023-07-18 10:06:00+07:00,11.1,11.1,11.1,11.1,100.0
2023-07-18 10:07:00+07:00,11.0,11.1,11.0,11.1,40900.0
2023-07-18 10:08:00+07:00,11.1,11.1,11.1,11.1,5100.0
2023-07-18 10:09:00+07:00,11.0,11.1,11.0,11.1,3900.0
2023-07-18 10:10:00+07:00,11.1,11.1,11.1,11.1,900.0
2023-07-18 10:11:00+07:00,11.1,11.1,11.1,11.1,251500.0
2023-07-18 10:12:00+07:00,11.1,11.1,11.1,11.1,2100.0
2023-07-18 10:13:00+07:00,11.1,11.1,11.0,11.1,3200.0
2023-07-18 10:14:00+07:00,11.1,11.1,11.1,11.1,300.0
2023-07-18 10:15:00+07:00,11.1,11.1,11.1,11.1,251200.0
2023-07-18 10:16:00+07:00,11.1,11.1,11.1,11.1,99200.0
2023-07-18 10:17:00+07:00,11.1,11.1,11.1,11.1,6600.0
2023-07-18 10:18:00+07:00,11.1,11.1,11.1,11.1,264500.0
2023-07-18 10:19:00+07:00,11.1,11.2,11.1,11.2,800.0
2023-07-18 10:20:00+07:00,11.2,11.2,11.1,11.1,12900.0
2023-07-18 10:21:00+07:00,11.2,11.2,11.2,11.2,100.0
2023-07-18 10:22:00+07:00,11.2,11.2,11.2,11.2,2100.0
2023-07-18 10:23:00+07:00,11.2,11.2,11.2,11.2,6300.0
2023-07-18 10:24:00+07:00,11.2,11.2,11.2,11.2,200.0
2023-07-18 10:25:00+07:00,11.2,11.2,11.2,11.2,24000.0
2023-07-18 10:26:00+07:00,11.2,11.2,11.2,11.2,1700.0
2023-07-18 10:27:00+07:00,11.2,11.2,11.1,11.1,1900.0
2023-07-18 10:28:00+07:00,11.1,11.2,11.1,11.2,5300.0
2023-07-18 10:29:00+07:00,11.1,11.2,11.1,11.1,22800.0
2023-07-18 10:30:00+07:00,11.1,11.1,11.1,11.1,1400.0
2023-07-18 10:31:00+07:00,11.2,11.2,11.2,11.2,2700.0
2023-07-18 10:32:00+07:00,11.1,11.2,11.1,11.2,3600.0
2023-07-18 10:33:00+07:00,11.2,11.2,11.1,11.1,300.0
2023-07-18 10:34:00+07:00,11.2,11.2,11.2,11.2,100.0
2023-07-18 10:35:00+07:00,11.2,11.2,11.2,11.2,700.0
2023-07-18 10:36:00+07:00,11.2,11.2,11.2,11.2,100.0
2023-07-18 10:37:00+07:00,11.2,11.2,11.2,11.2,300.0
2023-07-18 10:38:00+07:00,11.2,11.2,11.2,11.2,600.0
2023-07-18 10:39:00+07:00,11.1,11.2,11.1,11.2,728300.0
2023-07-18 10:40:00+07:00,11.2,11.2,11.1,11.2,406200.0
2023-07-18 10:41:00+07:00,11.2,11.3,11.1,11.2,264600.0
2023-07-18 10:42:00+07:00,11.2,11.2,11.2,11.2,1000.0
2023-07-18 10:43:00+07:00,11.2,11.2,11.2,11.2,2500.0
2023-07-18 10:44:00+07:00,11.2,11.2,11.2,11.2,1317500.0
2023-07-18 10:45:00+07:00,11.2,11.2,11.2,11.2,2100.0
2023-07-18 10:46:00+07:00,11.2,11.3,11.2,11.2,2100.0
2023-07-18 10:47:00+07:00,11.3,11.3,11.2,11.3,4000.0
2023-07-18 10:48:00+07:00,11.3,11.3,11.2,11.2,1100.0
2023-07-18 10:49:00+07:00,11.3,11.3,11.2,11.2,300.0
2023-07-18 10:50:00+07:00,11.2,11.2,11.2,11.2,10000.0
2023-07-18 10:51:00+07:00,11.2,11.3,11.2,11.3,4100.0
2023-07-18 10:52:00+07:00,11.2,11.3,11.2,11.3,12500.0
2023-07-18 10:53:00+07:00,11.2,11.2,11.1,11.2,944600.0
2023-07-18 10:54:00+07:00,11.2,11.2,11.2,11.2,1700.0
2023-07-18 10:55:00+07:00,11.2,11.2,11.2,11.2,5300.0
2023-07-18 10:56:00+07:00,11.2,11.2,11.2,11.2,1100.0
2023-07-18 10:57:00+07:00,11.2,11.2,11.2,11.2,1400.0
2023-07-18 10:58:00+07:00,11.2,11.2,11.1,11.1,200500.0
2023-07-18 10:59:00+07:00,11.1,11.2,11.1,11.2,1600.0
2023-07-18 11:01:00+07:00,11.2,11.2,11.2,11.2,100.0
2023-07-18 11:02:00+07:00,11.1,11.2,11.1,11.2,668600.0
2023-07-18 11:03:00+07:00,11.1,11.2,11.1,11.1,3100.0
2023-07-18 11:04:00+07:00,11.2,11.2,11.1,11.1,109000.0
2023-07-18 11:05:00+07:00,11.1,11.1,11.1,11.1,118200.0
2023-07-18 11:07:00+07:00,11.1,11.2,11.1,11.1,3800.0
2023-07-18 11:08:00+07:00,11.1,11.2,11.1,11.2,300.0
2023-07-18 11:09:00+07:00,11.1,11.1,11.1,11.1,249900.0
2023-07-18 11:10:00+07:00,11.1,11.1,11.1,11.1,15000.0
2023-07-18 11:11:00+07:00,11.1,11.1,11.1,11.1,111300.0
2023-07-18 11:12:00+07:00,11.1,11.2,11.1,11.2,13500.0
2023-07-18 11:13:00+07:00,11.1,11.1,11.1,11.1,42300.0
2023-07-18 11:15:00+07:00,11.1,11.1,11.1,11.1,5800.0
2023-07-18 11:16:00+07:00,11.1,11.1,11.1,11.1,300.0
2023-07-18 11:17:00+07:00,11.1,11.1,11.1,11.1,1500.0
2023-07-18 11:18:00+07:00,11.1,11.1,11.1,11.1,17100.0
2023-07-18 11:19:00+07:00,11.1,11.1,11.1,11.1,100300.0
2023-07-18 11:20:00+07:00,11.1,11.1,11.1,11.1,4300.0
2023-07-18 11:21:00+07:00,11.1,11.1,11.1,11.1,6300.0
2023-07-18 11:22:00+07:00,11.1,11.1,11.1,11.1,18600.0
2023-07-18 11:23:00+07:00,11.1,11.1,11.1,11.1,100500.0
2023-07-18 11:25:00+07:00,11.1,11.1,11.1,11.1,100.0
2023-07-18 11:26:00+07:00,11.1,11.1,11.1,11.1,100.0
2023-07-18 11:27:00+07:00,11.1,11.1,11.1,11.1,1600.0
2023-07-18 11:28:00+07:00,11.1,11.1,11.1,11.1,300.0
2023-07-18 11:30:00+07:00,11.1,11.1,11.1,11.1,1700.0
2023-07-18 11:31:00+07:00,11.1,11.1,11.1,11.1,2100.0
2023-07-18 11:32:00+07:00,11.1,11.1,11.1,11.1,100.0
2023-07-18 11:33:00+07:00,11.1,11.1,11.1,11.1,1100.0
2023-07-18 11:34:00+07:00,11.1,11.1,11.1,11.1,200.0
2023-07-18 11:35:00+07:00,11.1,11.1,11.1,11.1,1200.0
2023-07-18 11:36:00+07:00,11.1,11.1,11.1,11.1,1100.0
2023-07-18 11:37:00+07:00,11.1,11.1,11.1,11.1,100.0
2023-07-18 11:38:00+07:00,11.1,11.1,11.1,11.1,100.0
2023-07-18 11:39:00+07:00,11.1,11.1,11.1,11.1,1700.0
2023-07-18 11:40:00+07:00,11.1,11.1,11.1,11.1,200.0
2023-07-18 11:41:00+07:00,11.1,11.1,11.1,11.1,200.0
2023-07-18 11:42:00+07:00,11.1,11.1,11.1,11.1,100.0
2023-07-18 11:43:00+07:00,11.1,11.1,11.1,11.1,100.0
2023-07-18 11:45:00+07:00,11.1,11.1,11.1,11.1,100.0
2023-07-18 11:46:00+07:00,11.1,11.1,11.1,11.1,100.0
2023-07-18 11:47:00+07:00,11.1,11.1,11.1,11.1,100.0
2023-07-18 11:48:00+07:00,11.1,11.1,11.1,11.1,1800.0
2023-07-18 11:50:00+07:00,11.1,11.1,11.1,11.1,1900.0
2023-07-18 11:51:00+07:00,11.1,11.1,11.1,11.1,100.0
2023-07-18 11:52:00+07:00,11.1,11.1,11.1,11.1,100.0
2023-07-18 11:53:00+07:00,11.1,11.1,11.1,11.1,200.0
2023-07-18 11:54:00+07:00,11.1,11.1,11.1,11.1,900.0
2023-07-18 11:55:00+07:00,11.0,11.1,11.0,11.1,400.0
2023-07-18 11:56:00+07:00,11.1,11.1,11.1,11.1,800.0
2023-07-18 11:57:00+07:00,11.1,11.1,11.1,11.1,400.0
2023-07-18 11:58:00+07:00,11.1,11.1,11.1,11.1,3100.0
2023-07-18 11:59:00+07:00,11.1,11.1,11.1,11.1,900.0
2023-07-18 12:00:00+07:00,11.1,11.1,11.0,11.0,91100.0
2023-07-18 12:01:00+07:00,11.0,11.1,11.0,11.1,200.0
2023-07-18 12:02:00+07:00,11.1,11.1,11.1,11.1,100.0
2023-07-18 12:03:00+07:00,11.0,11.1,11.0,11.1,5300.0
2023-07-18 12:04:00+07:00,11.1,11.1,11.1,11.1,35100.0
2023-07-18 12:05:00+07:00,11.1,11.1,11.1,11.1,201000.0
2023-07-18 12:06:00+07:00,11.1,11.1,11.1,11.1,1100.0
2023-07-18 12:07:00+07:00,11.1,11.1,11.1,11.1,5100.0
2023-07-18 12:08:00+07:00,11.1,11.1,11.1,11.1,123300.0
2023-07-18 12:09:00+07:00,11.1,11.1,11.1,11.1,7900.0
2023-07-18 12:10:00+07:00,11.1,11.1,11.1,11.1,100.0
2023-07-18 12:11:00+07:00,11.1,11.1,11.1,11.1,100.0
2023-07-18 12:12:00+07:00,11.1,11.1,11.1,11.1,10100.0
2023-07-18 12:13:00+07:00,11.1,11.1,11.1,11.1,100.0
2023-07-18 12:14:00+07:00,11.1,11.1,11.1,11.1,100.0
2023-07-18 12:15:00+07:00,11.1,11.1,11.1,11.1,101200.0
2023-07-18 12:16:00+07:00,11.1,11.1,11.1,11.1,20100.0
2023-07-18 12:17:00+07:00,11.1,11.1,11.1,11.1,111100.0
2023-07-18 12:19:00+07:00,11.1,11.1,11.1,11.1,20400.0
2023-07-18 12:20:00+07:00,11.1,11.1,11.1,11.1,100.0
2023-07-18 12:21:00+07:00,11.1,11.1,11.1,11.1,400.0
2023-07-18 12:22:00+07:00,11.1,11.1,11.1,11.1,100.0
2023-07-18 12:23:00+07:00,11.1,11.1,11.1,11.1,42800.0
2023-07-18 12:24:00+07:00,11.1,11.1,11.1,11.1,200.0
2023-07-18 12:25:00+07:00,11.1,11.1,11.1,11.1,100.0
2023-07-18 12:26:00+07:00,11.1,11.1,11.1,11.1,177200.0
2023-07-18 12:27:00+07:00,11.1,11.2,11.1,11.2,200.0
2023-07-18 12:29:00+07:00,11.2,11.2,11.2,11.2,1100.0
2023-07-18 14:27:00+07:00,11.1,11.2,11.1,11.2,107400.0
2023-07-18 14:28:00+07:00,11.2,11.2,11.1,11.2,1400.0
2023-07-18 14:30:00+07:00,11.2,11.2,11.2,11.2,100.0
2023-07-18 14:31:00+07:00,11.2,11.2,11.2,11.2,100.0
2023-07-18 14:32:00+07:00,11.2,11.2,11.2,11.2,100.0
2023-07-18 14:33:00+07:00,11.2,11.2,11.2,11.2,100.0
2023-07-18 14:34:00+07:00,11.2,11.2,11.1,11.1,400.0
2023-07-18 14:35:00+07:00,11.1,11.2,11.1,11.2,20600.0
2023-07-18 14:36:00+07:00,11.2,11.2,11.2,11.2,100.0
2023-07-18 14:37:00+07:00,11.2,11.2,11.2,11.2,200.0
2023-07-18 14:38:00+07:00,11.2,11.2,11.2,11.2,100.0
2023-07-18 14:40:00+07:00,11.1,11.2,11.1,11.2,3100.0
2023-07-18 14:41:00+07:00,11.2,11.2,11.2,11.2,100.0
2023-07-18 14:42:00+07:00,11.1,11.2,11.1,11.2,1100.0
2023-07-18 14:43:00+07:00,11.2,11.2,11.2,11.2,100.0
2023-07-18 14:44:00+07:00,11.1,11.1,11.1,11.1,5200.0
2023-07-18 14:45:00+07:00,11.1,11.2,11.1,11.2,101500.0
2023-07-18 14:46:00+07:00,11.1,11.2,11.1,11.2,1700.0
2023-07-18 14:47:00+07:00,11.2,11.2,11.2,11.2,100.0
2023-07-18 14:48:00+07:00,11.1,11.2,11.1,11.2,800.0
2023-07-18 14:49:00+07:00,11.1,11.1,11.1,11.1,4100.0
2023-07-18 14:50:00+07:00,11.1,11.2,11.1,11.2,1700.0
2023-07-18 14:51:00+07:00,11.2,11.2,11.2,11.2,100.0
2023-07-18 14:53:00+07:00,11.2,11.2,11.2,11.2,1100.0
2023-07-18 14:54:00+07:00,11.1,11.1,11.1,11.1,600.0
2023-07-18 14:55:00+07:00,11.1,11.2,11.1,11.1,200700.0
2023-07-18 14:56:00+07:00,11.2,11.2,11.2,11.2,100.0
2023-07-18 14:57:00+07:00,11.2,11.2,11.2,11.2,100.0
2023-07-18 14:58:00+07:00,11.2,11.2,11.2,11.2,100.0
2023-07-18 14:59:00+07:00,11.2,11.2,11.1,11.1,2900.0
2023-07-18 15:00:00+07:00,11.1,11.1,11.1,11.1,200.0
2023-07-18 15:01:00+07:00,11.2,11.2,11.2,11.2,100.0
2023-07-18 15:02:00+07:00,11.2,11.2,11.2,11.2,100.0
2023-07-18 15:03:00+07:00,11.2,11.2,11.2,11.2,3100.0
2023-07-18 15:04:00+07:00,11.2,11.2,11.2,11.2,100.0
2023-07-18 15:05:00+07:00,11.2,11.2,11.2,11.2,900.0
2023-07-18 15:06:00+07:00,11.2,11.2,11.2,11.2,10100.0
2023-07-18 15:07:00+07:00,11.2,11.2,11.1,11.1,700.0
2023-07-18 15:08:00+07:00,11.2,11.2,11.2,11.2,100.0
2023-07-18 15:09:00+07:00,11.2,11.2,11.2,11.2,300.0
2023-07-18 15:10:00+07:00,11.2,11.2,11.2,11.2,900.0
2023-07-18 15:11:00+07:00,11.2,11.2,11.2,11.2,100.0
2023-07-18 15:12:00+07:00,11.2,11.2,11.2,11.2,100.0
2023-07-18 15:13:00+07:00,11.2,11.2,11.2,11.2,100.0
2023-07-18 15:14:00+07:00,11.2,11.2,11.2,11.2,100.0
2023-07-18 15:16:00+07:00,11.2,11.2,11.2,11.2,200.0
2023-07-18 15:17:00+07:00,11.2,11.2,11.2,11.2,1000.0
2023-07-18 15:18:00+07:00,11.2,11.2,11.1,11.1,102000.0
2023-07-18 15:19:00+07:00,11.1,11.1,11.1,11.1,2200.0
2023-07-18 15:20:00+07:00,11.2,11.2,11.2,11.2,100.0
2023-07-18 15:21:00+07:00,11.2,11.2,11.2,11.2,100.0
2023-07-18 15:22:00+07:00,11.2,11.2,11.2,11.2,1000.0
2023-07-18 15:23:00+07:00,11.2,11.2,11.2,11.2,100.0
2023-07-18 15:24:00+07:00,11.2,11.2,11.2,11.2,100.0
2023-07-18 15:25:00+07:00,11.2,11.2,11.1,11.1,400.0
2023-07-18 15:26:00+07:00,11.2,11.2,11.2,11.2,1000.0
2023-07-18 15:27:00+07:00,11.2,11.2,11.2,11.2,100.0
2023-07-18 15:28:00+07:00,11.2,11.2,11.1,11.1,900.0
2023-07-18 15:29:00+07:00,11.1,11.1,11.1,11.1,200.0
2023-07-18 15:30:00+07:00,11.2,11.2,11.2,11.2,100.0
2023-07-18 15:31:00+07:00,11.2,11.2,11.2,11.2,1000.0
2023-07-18 15:32:00+07:00,11.2,11.2,11.2,11.2,1100.0
2023-07-18 15:33:00+07:00,11.2,11.2,11.2,11.2,300.0
2023-07-18 15:34:00+07:00,11.1,11.1,11.1,11.1,4600.0
2023-07-18 15:35:00+07:00,11.2,11.2,11.2,11.2,100.0
2023-07-18 15:36:00+07:00,11.2,11.2,11.2,11.2,1000.0
2023-07-18 15:37:00+07:00,11.2,11.2,11.2,11.2,1000.0
2023-07-18 15:38:00+07:00,11.2,11.2,11.2,11.2,1100.0
2023-07-18 15:40:00+07:00,11.2,11.2,11.2,11.2,100.0
2023-07-18 15:41:00+07:00,11.2,11.2,11.1,11.1,600.0
2023-07-18 15:42:00+07:00,11.1,11.2,11.1,11.2,2100.0
2023-07-18 15:43:00+07:00,11.2,11.2,11.2,11.2,1000.0
2023-07-18 15:45:00+07:00,11.2,11.2,11.1,11.1,100100.0
2023-07-18 15:46:00+07:00,11.2,11.2,11.2,11.2,10100.0
2023-07-18 15:47:00+07:00,11.2,11.2,11.1,11.1,15600.0
2023-07-18 15:48:00+07:00,11.2,11.2,11.1,11.1,3200.0
2023-07-18 15:50:00+07:00,11.2,11.2,11.1,11.1,4100.0
2023-07-18 15:51:00+07:00,11.1,11.2,11.1,11.2,600.0
2023-07-18 15:52:00+07:00,11.2,11.2,11.1,11.1,400.0
2023-07-18 15:53:00+07:00,11.2,11.2,11.1,11.1,638900.0
2023-07-18 15:54:00+07:00,11.1,11.2,11.1,11.1,144500.0
2023-07-18 15:56:00+07:00,11.2,11.2,11.1,11.1,3200.0
2023-07-18 15:57:00+07:00,11.2,11.2,11.1,11.1,500.0
2023-07-18 15:58:00+07:00,11.2,11.2,11.2,11.2,100.0
2023-07-18 15:59:00+07:00,11.2,11.2,11.2,11.2,900.0
2023-07-18 16:00:00+07:00,11.2,11.2,11.2,11.2,100.0
2023-07-18 16:01:00+07:00,11.2,11.2,11.2,11.2,1300.0
2023-07-18 16:02:00+07:00,11.2,11.2,11.1,11.1,2700.0
2023-07-18 16:03:00+07:00,11.2,11.2,11.2,11.2,1000.0
2023-07-18 16:05:00+07:00,11.1,11.2,11.1,11.1,102800.0
2023-07-18 16:06:00+07:00,11.2,11.2,11.1,11.1,16500.0
2023-07-18 16:07:00+07:00,11.1,11.2,11.1,11.2,14700.0
2023-07-18 16:08:00+07:00,11.2,11.2,11.2,11.2,100.0
2023-07-18 16:09:00+07:00,11.1,11.1,11.1,11.1,57100.0
2023-07-18 16:10:00+07:00,11.1,11.1,11.1,11.1,6400.0
2023-07-18 16:11:00+07:00,11.2,11.2,11.1,11.1,1100.0
2023-07-18 16:12:00+07:00,11.1,11.1,11.1,11.1,110700.0
2023-07-18 16:13:00+07:00,11.2,11.2,11.2,11.2,1000.0
2023-07-18 16:14:00+07:00,11.1,11.1,11.1,11.1,97300.0
2023-07-18 16:15:00+07:00,11.1,11.1,11.1,11.1,53300.0
2023-07-18 16:16:00+07:00,11.1,11.2,11.1,11.1,23100.0
2023-07-18 16:17:00+07:00,11.2,11.2,11.1,11.1,5900.0
2023-07-18 16:18:00+07:00,11.2,11.2,11.2,11.2,100.0
2023-07-18 16:20:00+07:00,11.2,11.2,11.1,11.1,4100.0
2023-07-18 16:21:00+07:00,11.2,11.2,11.2,11.2,1000.0
2023-07-18 16:22:00+07:00,11.2,11.2,11.2,11.2,100.0
2023-07-18 16:24:00+07:00,11.2,11.2,11.2,11.2,1000.0
2023-07-18 16:25:00+07:00,11.2,11.2,11.2,11.2,100.0
2023-07-18 16:26:00+07:00,11.2,11.2,11.1,11.1,1900.0
2023-07-18 16:27:00+07:00,11.2,11.2,11.1,11.1,1400.0
2023-07-18 16:28:00+07:00,11.1,11.2,11.1,11.2,20400.0
2023-07-18 16:29:00+07:00,11.2,11.2,11.1,11.2,21900.0
2023-07-18 16:38:00+07:00,11.1,11.1,11.1,11.1,732100.0
2023-07-19 09:56:00+07:00,11.1,11.1,11.1,11.1,47000.0
2023-07-19 09:57:00+07:00,11.2,11.2,11.2,11.2,1000.0
2023-07-19 10:01:00+07:00,11.1,11.1,11.1,11.1,8200.0
2023-07-19 10:02:00+07:00,11.1,11.1,11.1,11.1,1300.0
2023-07-19 10:03:00+07:00,11.1,11.1,11.1,11.1,200.0
2023-07-19 10:04:00+07:00,11.1,11.1,11.1,11.1,60400.0
2023-07-19 10:06:00+07:00,11.1,11.1,11.1,11.1,10000.0
2023-07-19 10:08:00+07:00,11.1,11.1,11.1,11.1,100.0
2023-07-19 10:10:00+07:00,11.1,11.1,11.1,11.1,200.0
2023-07-19 10:12:00+07:00,11.1,11.1,11.1,11.1,7400.0
2023-07-19 10:13:00+07:00,11.1,11.1,11.1,11.1,2500.0
2023-07-19 10:16:00+07:00,11.1,11.1,11.1,11.1,100.0
2023-07-19 10:17:00+07:00,11.1,11.1,11.1,11.1,10200.0
2023-07-19 10:20:00+07:00,11.1,11.1,11.0,11.0,21100.0
2023-07-19 10:21:00+07:00,11.0,11.0,11.0,11.0,1000.0
2023-07-19 10:22:00+07:00,11.0,11.0,11.0,11.0,1400.0
2023-07-19 10:23:00+07:00,11.0,11.1,11.0,11.1,3000.0
2023-07-19 10:24:00+07:00,11.1,11.1,11.1,11.1,100100.0
2023-07-19 10:25:00+07:00,11.1,11.1,11.1,11.1,60200.0
2023-07-19 10:26:00+07:00,11.1,11.1,11.0,11.0,14200.0
2023-07-19 10:27:00+07:00,11.1,11.1,11.1,11.1,28200.0
2023-07-19 10:28:00+07:00,11.1,11.1,11.1,11.1,10200.0
2023-07-19 10:29:00+07:00,11.1,11.1,11.1,11.1,2400.0
2023-07-19 10:30:00+07:00,11.1,11.1,11.1,11.1,300.0
2023-07-19 10:33:00+07:00,11.1,11.1,11.1,11.1,4000.0
2023-07-19 10:34:00+07:00,11.1,11.1,11.1,11.1,700.0
2023-07-19 10:35:00+07:00,11.1,11.1,11.1,11.1,32500.0
2023-07-19 10:36:00+07:00,11.0,11.1,11.0,11.1,57500.0
2023-07-19 10:38:00+07:00,11.1,11.1,11.1,11.1,600.0
2023-07-19 10:39:00+07:00,11.1,11.1,11.1,11.1,1000.0
2023-07-19 10:41:00+07:00,11.1,11.1,11.1,11.1,400.0
2023-07-19 10:42:00+07:00,11.1,11.1,11.1,11.1,124600.0
2023-07-19 10:43:00+07:00,11.1,11.1,11.1,11.1,4200.0
2023-07-19 10:45:00+07:00,11.1,11.1,11.1,11.1,4800.0
2023-07-19 10:49:00+07:00,11.1,11.1,11.1,11.1,1200.0
2023-07-19 10:51:00+07:00,11.1,11.1,11.1,11.1,175300.0
2023-07-19 10:52:00+07:00,11.1,11.1,11.1,11.1,2400.0
2023-07-19 10:55:00+07:00,11.1,11.1,11.1,11.1,400.0
2023-07-19 10:56:00+07:00,11.1,11.1,11.1,11.1,100.0
2023-07-19 10:58:00+07:00,11.1,11.1,11.1,11.1,1800.0
2023-07-19 10:59:00+07:00,11.1,11.1,11.1,11.1,600.0
2023-07-19 11:00:00+07:00,11.1,11.1,11.1,11.1,500.0
2023-07-19 11:02:00+07:00,11.1,11.1,11.1,11.1,1500.0
2023-07-19 11:03:00+07:00,11.1,11.1,11.1,11.1,23600.0
2023-07-19 11:04:00+07:00,11.1,11.1,11.1,11.1,101200.0
2023-07-19 11:05:00+07:00,11.1,11.1,11.1,11.1,129200.0
2023-07-19 11:08:00+07:00,11.1,11.1,11.1,11.1,10100.0
2023-07-19 11:09:00+07:00,11.1,11.1,11.1,11.1,600.0
2023-07-19 11:10:00+07:00,11.1,11.1,11.1,11.1,100.0
2023-07-19 11:12:00+07:00,11.1,11.1,11.1,11.1,100.0
2023-07-19 11:13:00+07:00,11.1,11.1,11.1,11.1,1000.0
2023-07-19 11:15:00+07:00,11.1,11.1,11.1,11.1,3000.0
2023-07-19 11:16:00+07:00,11.1,11.1,11.1,11.1,207200.0
2023-07-19 11:17:00+07:00,11.1,11.2,11.1,11.2,2600.0
2023-07-19 11:18:00+07:00,11.2,11.2,11.2,11.2,500.0
2023-07-19 11:20:00+07:00,11.1,11.1,11.1,11.1,600.0
2023-07-19 11:21:00+07:00,11.1,11.1,11.1,11.1,200.0
2023-07-19 11:22:00+07:00,11.1,11.1,11.1,11.1,200.0
2023-07-19 11:23:00+07:00,11.2,11.2,11.2,11.2,400.0
2023-07-19 11:24:00+07:00,11.2,11.2,11.2,11.2,1000.0
2023-07-19 11:29:00+07:00,11.2,11.2,11.2,11.2,1000.0
2023-07-19 11:30:00+07:00,11.2,11.2,11.2,11.2,1100.0
2023-07-19 11:31:00+07:00,11.2,11.2,11.2,11.2,1400.0
2023-07-19 11:33:00+07:00,11.2,11.2,11.2,11.2,800.0
2023-07-19 11:35:00+07:00,11.1,11.1,11.1,11.1,200.0
2023-07-19 11:37:00+07:00,11.1,11.1,11.1,11.1,3300.0
2023-07-19 11:38:00+07:00,11.1,11.1,11.1,11.1,1500.0
2023-07-19 11:41:00+07:00,11.1,11.1,11.1,11.1,1500.0
2023-07-19 11:42:00+07:00,11.1,11.1,11.1,11.1,1500.0
2023-07-19 11:43:00+07:00,11.1,11.2,11.1,11.2,3300.0
2023-07-19 11:45:00+07:00,11.2,11.2,11.2,11.2,40500.0
2023-07-19 11:47:00+07:00,11.2,11.2,11.2,11.2,200.0
2023-07-19 11:48:00+07:00,11.2,11.2,11.2,11.2,1700.0
2023-07-19 11:49:00+07:00,11.1,11.2,11.1,11.2,28900.0
2023-07-19 11:51:00+07:00,11.2,11.2,11.1,11.1,2900.0
2023-07-19 11:52:00+07:00,11.1,11.1,11.1,11.1,400.0
2023-07-19 11:53:00+07:00,11.1,11.2,11.1,11.2,1800.0
2023-07-19 11:54:00+07:00,11.2,11.2,11.2,11.2,456000.0
2023-07-19 11:55:00+07:00,11.2,11.2,11.2,11.2,12400.0
2023-07-19 11:56:00+07:00,11.2,11.2,11.2,11.2,5200.0
2023-07-19 11:57:00+07:00,11.2,11.2,11.2,11.2,500.0
2023-07-19 11:58:00+07:00,11.3,11.3,11.3,11.3,300.0
2023-07-19 11:59:00+07:00,11.3,11.3,11.2,11.2,292200.0
2023-07-19 12:00:00+07:00,11.2,11.2,11.2,11.2,1100.0
2023-07-19 12:01:00+07:00,11.2,11.2,11.1,11.2,2500.0
2023-07-19 12:02:00+07:00,11.1,11.1,11.1,11.1,7700.0
2023-07-19 12:04:00+07:00,11.1,11.1,11.1,11.1,45800.0
2023-07-19 12:05:00+07:00,11.1,11.1,11.1,11.1,10300.0
2023-07-19 12:06:00+07:00,11.1,11.2,11.1,11.2,1000.0
2023-07-19 12:09:00+07:00,11.1,11.1,11.1,11.1,600.0
2023-07-19 12:10:00+07:00,11.1,11.1,11.1,11.1,100.0
2023-07-19 12:11:00+07:00,11.1,11.2,11.1,11.2,900.0
2023-07-19 12:13:00+07:00,11.1,11.1,11.1,11.1,1000.0
2023-07-19 12:14:00+07:00,11.1,11.1,11.1,11.1,5000.0
2023-07-19 12:15:00+07:00,11.1,11.2,11.1,11.1,22000.0
2023-07-19 12:16:00+07:00,11.2,11.2,11.2,11.2,1100.0
2023-07-19 12:17:00+07:00,11.1,11.1,11.1,11.1,1300.0
2023-07-19 12:18:00+07:00,11.2,11.2,11.2,11.2,100.0
2023-07-19 12:19:00+07:00,11.1,11.2,11.1,11.1,13800.0
2023-07-19 12:20:00+07:00,11.1,11.1,11.1,11.1,2400.0
2023-07-19 12:21:00+07:00,11.1,11.2,11.1,11.1,4900.0
2023-07-19 12:22:00+07:00,11.2,11.2,11.1,11.1,5500.0
2023-07-19 12:23:00+07:00,11.1,11.1,11.1,11.1,4200.0
2023-07-19 12:24:00+07:00,11.1,11.2,11.1,11.2,3800.0
2023-07-19 12:25:00+07:00,11.1,11.2,11.1,11.1,5000.0
2023-07-19 12:26:00+07:00,11.1,11.1,11.1,11.1,2100.0
2023-07-19 12:28:00+07:00,11.1,11.1,11.1,11.1,2500.0
2023-07-19 12:29:00+07:00,11.1,11.1,11.1,11.1,1800.0
2023-07-19 14:29:00+07:00,11.1,11.1,11.1,11.1,74500.0
2023-07-19 14:30:00+07:00,11.1,11.2,11.1,11.1,1900.0
2023-07-19 14:32:00+07:00,11.1,11.1,11.1,11.1,165100.0
2023-07-19 14:33:00+07:00,11.1,11.1,11.1,11.1,900.0
2023-07-19 14:34:00+07:00,11.1,11.1,11.1,11.1,8000.0
2023-07-19 14:35:00+07:00,11.1,11.1,11.1,11.1,300.0
2023-07-19 14:36:00+07:00,11.1,11.1,11.1,11.1,1600.0
2023-07-19 14:37:00+07:00,11.1,11.1,11.1,11.1,12100.0
2023-07-19 14:38:00+07:00,11.1,11.1,11.1,11.1,322600.0
2023-07-19 14:40:00+07:00,11.0,11.0,11.0,11.0,68200.0
2023-07-19 14:41:00+07:00,11.0,11.1,11.0,11.1,1000.0
2023-07-19 14:42:00+07:00,11.0,11.0,11.0,11.0,3400.0
2023-07-19 14:45:00+07:00,11.0,11.1,11.0,11.1,2800.0
2023-07-19 14:47:00+07:00,11.0,11.0,11.0,11.0,1000.0
2023-07-19 14:49:00+07:00,11.1,11.1,11.1,11.1,2300.0
2023-07-19 14:50:00+07:00,11.0,11.0,11.0,11.0,300.0
2023-07-19 14:52:00+07:00,11.1,11.1,11.1,11.1,100.0
2023-07-19 14:53:00+07:00,11.1,11.1,11.1,11.1,2000.0
2023-07-19 14:54:00+07:00,11.0,11.1,11.0,11.1,900.0
2023-07-19 14:56:00+07:00,11.1,11.1,11.1,11.1,300.0
2023-07-19 14:57:00+07:00,11.1,11.1,11.1,11.1,1100.0
2023-07-19 14:58:00+07:00,11.1,11.1,11.1,11.1,900.0
2023-07-19 15:00:00+07:00,11.0,11.1,11.0,11.0,4500.0
2023-07-19 15:01:00+07:00,11.1,11.1,11.0,11.0,2700.0
2023-07-19 15:02:00+07:00,11.1,11.1,11.0,11.0,2600.0
2023-07-19 15:03:00+07:00,11.1,11.1,11.0,11.0,8200.0
2023-07-19 15:04:00+07:00,11.0,11.1,11.0,11.0,4100.0
2023-07-19 15:05:00+07:00,11.0,11.0,11.0,11.0,3700.0
2023-07-19 15:07:00+07:00,11.0,11.0,11.0,11.0,1700.0
2023-07-19 15:08:00+07:00,11.1,11.1,11.0,11.0,2900.0
2023-07-19 15:09:00+07:00,11.1,11.1,11.1,11.1,100.0
2023-07-19 15:10:00+07:00,11.0,11.0,11.0,11.0,1700.0
2023-07-19 15:11:00+07:00,11.1,11.1,11.1,11.1,100.0
2023-07-19 15:12:00+07:00,11.0,11.0,11.0,11.0,2000.0
2023-07-19 15:13:00+07:00,11.1,11.1,11.1,11.1,800.0
2023-07-19 15:14:00+07:00,11.1,11.1,11.1,11.1,200.0
2023-07-19 15:15:00+07:00,11.1,11.1,11.1,11.1,90000.0
2023-07-19 15:16:00+07:00,11.1,11.1,11.1,11.1,394400.0
2023-07-19 15:17:00+07:00,11.2,11.2,11.1,11.1,37200.0
2023-07-19 15:18:00+07:00,11.1,11.1,11.0,11.0,167600.0
2023-07-19 15:23:00+07:00,11.1,11.1,11.1,11.1,1000.0
2023-07-19 15:24:00+07:00,11.1,11.1,11.1,11.1,800.0
2023-07-19 15:25:00+07:00,11.1,11.1,11.1,11.1,20000.0
2023-07-19 15:26:00+07:00,11.1,11.1,11.1,11.1,400.0
2023-07-19 15:28:00+07:00,11.1,11.1,11.1,11.1,1400.0
2023-07-19 15:29:00+07:00,11.1,11.1,11.1,11.1,200.0
2023-07-19 15:30:00+07:00,11.0,11.0,11.0,11.0,200.0
2023-07-19 15:31:00+07:00,11.1,11.1,11.1,11.1,900.0
2023-07-19 15:32:00+07:00,11.1,11.1,11.1,11.1,200.0
2023-07-19 15:34:00+07:00,11.1,11.1,11.1,11.1,900.0
2023-07-19 15:35:00+07:00,11.1,11.1,11.1,11.1,100.0
2023-07-19 15:36:00+07:00,11.1,11.1,11.1,11.1,110900.0
2023-07-19 15:37:00+07:00,11.1,11.1,11.0,11.0,11600.0
2023-07-19 15:38:00+07:00,11.1,11.1,11.1,11.1,1700.0
2023-07-19 15:39:00+07:00,11.1,11.1,11.1,11.1,600.0
2023-07-19 15:40:00+07:00,11.0,11.1,11.0,11.1,21300.0
2023-07-19 15:41:00+07:00,11.1,11.1,11.1,11.1,2500.0
2023-07-19 15:42:00+07:00,11.1,11.1,11.1,11.1,32700.0
2023-07-19 15:43:00+07:00,11.1,11.1,11.1,11.1,900.0
2023-07-19 15:44:00+07:00,11.1,11.1,11.1,11.1,190300.0
2023-07-19 15:45:00+07:00,11.2,11.2,11.2,11.2,600.0
2023-07-19 15:46:00+07:00,11.2,11.2,11.2,11.2,800.0
2023-07-19 15:47:00+07:00,11.2,11.2,11.1,11.2,6400.0
2023-07-19 15:48:00+07:00,11.2,11.2,11.2,11.2,700.0
2023-07-19 15:49:00+07:00,11.2,11.2,11.2,11.2,600.0
2023-07-19 15:50:00+07:00,11.2,11.2,11.2,11.2,700.0
2023-07-19 15:51:00+07:00,11.2,11.2,11.1,11.2,2000.0
2023-07-19 15:52:00+07:00,11.2,11.2,11.2,11.2,500.0
2023-07-19 15:54:00+07:00,11.2,11.2,11.1,11.2,3300.0
2023-07-19 15:56:00+07:00,11.2,11.2,11.2,11.2,100.0
2023-07-19 15:57:00+07:00,11.2,11.2,11.2,11.2,800.0
2023-07-19 15:58:00+07:00,11.2,11.2,11.2,11.2,2000.0
2023-07-19 16:00:00+07:00,11.1,11.2,11.1,11.1,7900.0
2023-07-19 16:02:00+07:00,11.1,11.2,11.1,11.2,1300.0
2023-07-19 16:05:00+07:00,11.2,11.2,11.2,11.2,800.0
2023-07-19 16:06:00+07:00,11.2,11.2,11.2,11.2,51000.0
2023-07-19 16:07:00+07:00,11.1,11.2,11.1,11.2,20400.0
2023-07-19 16:08:00+07:00,11.2,11.2,11.2,11.2,800.0
2023-07-19 16:09:00+07:00,11.2,11.2,11.2,11.2,200.0
2023-07-19 16:10:00+07:00,11.1,11.1,11.1,11.1,300.0
2023-07-19 16:12:00+07:00,11.2,11.2,11.2,11.2,800.0
2023-07-19 16:15:00+07:00,11.2,11.2,11.2,11.2,800.0
2023-07-19 16:16:00+07:00,11.1,11.1,11.1,11.1,700.0
2023-07-19 16:17:00+07:00,11.1,11.1,11.1,11.1,100.0
2023-07-19 16:18:00+07:00,11.2,11.2,11.2,11.2,800.0
2023-07-19 16:19:00+07:00,11.2,11.2,11.2,11.2,200.0
2023-07-19 16:20:00+07:00,11.1,11.1,11.1,11.1,500.0
2023-07-19 16:21:00+07:00,11.2,11.2,11.2,11.2,800.0
2023-07-19 16:22:00+07:00,11.2,11.2,11.1,11.1,102600.0
2023-07-19 16:23:00+07:00,11.1,11.1,11.1,11.1,3100.0
2023-07-19 16:24:00+07:00,11.2,11.2,11.1,11.1,5200.0
2023-07-19 16:25:00+07:00,11.1,11.1,11.1,11.1,24000.0
2023-07-19 16:26:00+07:00,11.1,11.2,11.1,11.2,7900.0
2023-07-19 16:27:00+07:00,11.1,11.2,11.1,11.2,61200.0
2023-07-19 16:28:00+07:00,11.1,11.1,11.1,11.1,13500.0
2023-07-19 16:29:00+07:00,11.2,11.2,11.1,11.1,2600.0
2023-07-19 16:35:00+07:00,11.1,11.1,11.1,11.1,643300.0
2023-07-20 09:55:00+07:00,11.1,11.1,11.1,11.1,95500.0
2023-07-20 09:56:00+07:00,11.1,11.1,11.1,11.1,6000.0
2023-07-20 09:59:00+07:00,11.1,11.1,11.1,11.1,20000.0
2023-07-20 10:00:00+07:00,11.1,11.1,11.1,11.1,8000.0
2023-07-20 10:01:00+07:00,11.1,11.1,11.1,11.1,1000.0
2023-07-20 10:02:00+07:00,11.2,11.2,11.1,11.1,2000.0
2023-07-20 10:07:00+07:00,11.1,11.1,11.1,11.1,100.0
2023-07-20 10:08:00+07:00,11.1,11.1,11.1,11.1,13900.0
2023-07-20 10:09:00+07:00,11.2,11.2,11.1,11.1,6500.0
2023-07-20 10:10:00+07:00,11.1,11.1,11.0,11.1,577800.0
2023-07-20 10:11:00+07:00,11.1,11.1,11.1,11.1,14400.0
2023-07-20 10:12:00+07:00,11.1,11.1,11.1,11.1,10200.0
2023-07-20 10:13:00+07:00,11.1,11.1,11.1,11.1,100.0
2023-07-20 10:14:00+07:00,11.1,11.1,11.1,11.1,600.0
2023-07-20 10:15:00+07:00,11.1,11.1,11.1,11.1,163200.0
2023-07-20 10:16:00+07:00,11.1,11.1,11.1,11.1,900.0
2023-07-20 10:17:00+07:00,11.1,11.1,11.1,11.1,17500.0
2023-07-20 10:18:00+07:00,11.1,11.1,11.1,11.1,1000.0
2023-07-20 10:19:00+07:00,11.1,11.1,11.1,11.1,18200.0
2023-07-20 10:20:00+07:00,11.1,11.1,11.1,11.1,1000.0
2023-07-20 10:21:00+07:00,11.1,11.1,11.1,11.1,2000.0
2023-07-20 10:22:00+07:00,11.1,11.1,11.1,11.1,152500.0
2023-07-20 10:24:00+07:00,11.1,11.2,11.1,11.1,43300.0
2023-07-20 10:25:00+07:00,11.1,11.1,11.1,11.1,4000.0
2023-07-20 10:26:00+07:00,11.1,11.1,11.1,11.1,4700.0
2023-07-20 10:28:00+07:00,11.1,11.1,11.1,11.1,100.0
2023-07-20 10:29:00+07:00,11.1,11.1,11.1,11.1,1000.0
2023-07-20 10:31:00+07:00,11.1,11.1,11.1,11.1,500.0
2023-07-20 10:32:00+07:00,11.1,11.1,11.1,11.1,100.0
2023-07-20 10:34:00+07:00,11.2,11.2,11.2,11.2,2000.0
2023-07-20 10:35:00+07:00,11.2,11.2,11.2,11.2,2000.0
2023-07-20 10:38:00+07:00,11.2,11.2,11.2,11.2,547600.0
2023-07-20 10:43:00+07:00,11.1,11.1,11.1,11.1,400.0
2023-07-20 10:44:00+07:00,11.1,11.1,11.1,11.1,1100.0
2023-07-20 10:45:00+07:00,11.1,11.1,11.1,11.1,115800.0
2023-07-20 10:52:00+07:00,11.1,11.1,11.1,11.1,500.0
2023-07-20 10:53:00+07:00,11.1,11.2,11.1,11.2,3300.0
2023-07-20 10:54:00+07:00,11.2,11.2,11.2,11.2,200.0
2023-07-20 10:56:00+07:00,11.1,11.1,11.1,11.1,10500.0
2023-07-20 10:57:00+07:00,11.1,11.1,11.1,11.1,900.0
2023-07-20 10:58:00+07:00,11.1,11.1,11.1,11.1,400.0
2023-07-20 10:59:00+07:00,11.1,11.1,11.1,11.1,200.0
2023-07-20 11:00:00+07:00,11.1,11.1,11.1,11.1,15700.0
2023-07-20 11:01:00+07:00,11.1,11.1,11.1,11.1,200.0
2023-07-20 11:02:00+07:00,11.1,11.1,11.1,11.1,2600.0
2023-07-20 11:03:00+07:00,11.2,11.2,11.2,11.2,100.0
2023-07-20 11:04:00+07:00,11.2,11.2,11.2,11.2,500.0
2023-07-20 11:06:00+07:00,11.2,11.2,11.2,11.2,200.0
2023-07-20 11:08:00+07:00,11.2,11.2,11.2,11.2,100.0
2023-07-20 11:10:00+07:00,11.1,11.1,11.1,11.1,300.0
2023-07-20 11:13:00+07:00,11.2,11.2,11.2,11.2,500.0
2023-07-20 11:14:00+07:00,11.1,11.1,11.1,11.1,200.0
2023-07-20 11:16:00+07:00,11.1,11.1,11.1,11.1,600.0
2023-07-20 11:20:00+07:00,11.1,11.1,11.1,11.1,1700.0
2023-07-20 11:23:00+07:00,11.1,11.1,11.1,11.1,300.0
2023-07-20 11:27:00+07:00,11.1,11.1,11.1,11.1,1000.0
2023-07-20 11:28:00+07:00,11.2,11.2,11.1,11.1,1300.0
2023-07-20 11:30:00+07:00,11.2,11.2,11.2,11.2,200.0
2023-07-20 11:32:00+07:00,11.1,11.1,11.1,11.1,8200.0
2023-07-20 11:33:00+07:00,11.1,11.1,11.1,11.1,52100.0
2023-07-20 11:34:00+07:00,11.1,11.1,11.1,11.1,536700.0
2023-07-20 11:35:00+07:00,11.0,11.0,11.0,11.0,67800.0
2023-07-20 11:37:00+07:00,11.0,11.0,11.0,11.0,200.0
2023-07-20 11:38:00+07:00,11.0,11.0,11.0,11.0,100.0
2023-07-20 11:39:00+07:00,11.0,11.1,11.0,11.1,161300.0
2023-07-20 11:40:00+07:00,11.1,11.1,11.1,11.1,81100.0
2023-07-20 11:41:00+07:00,11.1,11.1,11.1,11.1,400.0
2023-07-20 11:42:00+07:00,11.1,11.1,11.1,11.1,80800.0
2023-07-20 11:43:00+07:00,11.1,11.1,11.1,11.1,30500.0
2023-07-20 11:44:00+07:00,11.1,11.1,11.1,11.1,30800.0
2023-07-20 11:45:00+07:00,11.1,11.1,11.1,11.1,91000.0
2023-07-20 11:46:00+07:00,11.1,11.1,11.1,11.1,135600.0
2023-07-20 11:47:00+07:00,11.1,11.1,11.1,11.1,10600.0
2023-07-20 11:48:00+07:00,11.1,11.1,11.1,11.1,10100.0
2023-07-20 11:49:00+07:00,11.1,11.1,11.1,11.1,10200.0
2023-07-20 11:50:00+07:00,11.1,11.1,11.1,11.1,5600.0
2023-07-20 11:51:00+07:00,11.1,11.1,11.1,11.1,700.0
2023-07-20 11:52:00+07:00,11.1,11.1,11.1,11.1,500.0
2023-07-20 11:53:00+07:00,11.1,11.1,11.1,11.1,200.0
2023-07-20 11:54:00+07:00,11.1,11.1,11.1,11.1,2000.0
2023-07-20 11:56:00+07:00,11.1,11.1,11.1,11.1,10000.0
2023-07-20 11:57:00+07:00,11.1,11.1,11.1,11.1,200.0
2023-07-20 12:04:00+07:00,11.1,11.1,11.1,11.1,56200.0
2023-07-20 12:06:00+07:00,11.1,11.1,11.1,11.1,100.0
2023-07-20 12:11:00+07:00,11.1,11.1,11.0,11.0,90200.0
2023-07-20 12:13:00+07:00,11.1,11.1,11.1,11.1,100.0
2023-07-20 12:16:00+07:00,11.0,11.0,11.0,11.0,100.0
2023-07-20 12:18:00+07:00,11.1,11.1,11.1,11.1,500.0
2023-07-20 12:21:00+07:00,11.1,11.1,11.1,11.1,700.0
2023-07-20 12:25:00+07:00,11.0,11.0,11.0,11.0,200.0
2023-07-20 12:26:00+07:00,11.1,11.1,11.1,11.1,40000.0
2023-07-20 12:27:00+07:00,11.0,11.0,11.0,11.0,200.0
2023-07-20 12:29:00+07:00,11.1,11.1,11.0,11.0,1300.0
2023-07-20 14:26:00+07:00,11.1,11.1,11.1,11.1,21700.0
2023-07-20 14:27:00+07:00,11.0,11.0,11.0,11.0,13200.0
2023-07-20 14:28:00+07:00,11.1,11.1,11.1,11.1,378100.0
2023-07-20 14:29:00+07:00,11.1,11.1,11.1,11.1,100.0
2023-07-20 14:30:00+07:00,11.1,11.1,11.1,11.1,10000.0
2023-07-20 14:31:00+07:00,11.1,11.1,11.1,11.1,307200.0
2023-07-20 14:32:00+07:00,11.1,11.1,11.1,11.1,18000.0
2023-07-20 14:33:00+07:00,11.1,11.1,11.1,11.1,200.0
2023-07-20 14:35:00+07:00,11.1,11.1,11.1,11.1,100.0
2023-07-20 14:37:00+07:00,11.0,11.0,11.0,11.0,100.0
2023-07-20 14:38:00+07:00,11.1,11.1,11.1,11.1,300.0
2023-07-20 14:39:00+07:00,11.1,11.1,11.1,11.1,1000.0
2023-07-20 14:40:00+07:00,11.1,11.1,11.1,11.1,44000.0
2023-07-20 14:43:00+07:00,11.1,11.1,11.1,11.1,100.0
2023-07-20 14:44:00+07:00,11.1,11.1,11.1,11.1,500.0
2023-07-20 14:49:00+07:00,11.1,11.1,11.1,11.1,600.0
2023-07-20 14:53:00+07:00,11.1,11.1,11.1,11.1,100200.0
2023-07-20 14:57:00+07:00,11.1,11.1,11.0,11.0,4800.0
2023-07-20 14:58:00+07:00,11.1,11.1,11.1,11.1,200.0
2023-07-20 14:59:00+07:00,11.1,11.1,11.1,11.1,1000.0
2023-07-20 15:03:00+07:00,11.1,11.1,11.1,11.1,100.0
2023-07-20 15:04:00+07:00,11.1,11.1,11.1,11.1,40000.0
2023-07-20 15:06:00+07:00,11.1,11.1,11.1,11.1,50000.0
2023-07-20 15:08:00+07:00,11.1,11.1,11.1,11.1,100.0
2023-07-20 15:09:00+07:00,11.1,11.1,11.1,11.1,100.0
2023-07-20 15:11:00+07:00,11.1,11.1,11.1,11.1,100.0
2023-07-20 15:12:00+07:00,11.1,11.1,11.1,11.1,1800.0
2023-07-20 15:13:00+07:00,11.1,11.1,11.1,11.1,1000.0
2023-07-20 15:14:00+07:00,11.1,11.1,11.1,11.1,10100.0
2023-07-20 15:15:00+07:00,11.1,11.1,11.1,11.1,200.0
2023-07-20 15:19:00+07:00,11.0,11.0,11.0,11.0,1400.0
2023-07-20 15:21:00+07:00,11.0,11.0,11.0,11.0,100.0
2023-07-20 15:22:00+07:00,11.1,11.1,11.1,11.1,300.0
2023-07-20 15:24:00+07:00,11.1,11.1,11.1,11.1,100.0
2023-07-20 15:26:00+07:00,11.0,11.0,11.0,11.0,1300.0
2023-07-20 15:28:00+07:00,11.0,11.0,11.0,11.0,2400.0
2023-07-20 15:29:00+07:00,11.0,11.0,11.0,11.0,960200.0
2023-07-20 15:30:00+07:00,11.0,11.0,11.0,11.0,20200.0
2023-07-20 15:31:00+07:00,11.0,11.0,11.0,11.0,2200.0
2023-07-20 15:32:00+07:00,11.0,11.0,11.0,11.0,267200.0
2023-07-20 15:33:00+07:00,11.0,11.0,11.0,11.0,92700.0
2023-07-20 15:34:00+07:00,11.0,11.0,11.0,11.0,12900.0
2023-07-20 15:35:00+07:00,10.9,10.9,10.9,10.9,400.0
2023-07-20 15:37:00+07:00,11.0,11.0,11.0,11.0,61200.0
2023-07-20 15:38:00+07:00,11.0,11.0,11.0,11.0,600.0
2023-07-20 15:39:00+07:00,11.0,11.0,11.0,11.0,1000.0
2023-07-20 15:40:00+07:00,11.0,11.0,11.0,11.0,20000.0
2023-07-20 15:42:00+07:00,11.0,11.0,11.0,11.0,300.0
2023-07-20 15:43:00+07:00,11.0,11.0,11.0,11.0,1100.0
2023-07-20 15:44:00+07:00,11.0,11.0,11.0,11.0,4100.0
2023-07-20 15:45:00+07:00,11.0,11.0,11.0,11.0,173800.0
2023-07-20 15:46:00+07:00,10.9,11.0,10.9,11.0,1200.0
2023-07-20 15:47:00+07:00,11.0,11.0,11.0,11.0,1000.0
2023-07-20 15:50:00+07:00,11.0,11.0,11.0,11.0,2100.0
2023-07-20 15:51:00+07:00,11.0,11.0,11.0,11.0,1300.0
2023-07-20 15:52:00+07:00,11.0,11.0,11.0,11.0,1300.0
2023-07-20 15:53:00+07:00,11.0,11.0,10.9,10.9,700.0
2023-07-20 15:54:00+07:00,10.9,10.9,10.9,10.9,400.0
2023-07-20 15:56:00+07:00,11.0,11.0,11.0,11.0,100.0
2023-07-20 15:57:00+07:00,11.0,11.0,11.0,11.0,100.0
2023-07-20 15:58:00+07:00,11.0,11.0,11.0,11.0,1300.0
2023-07-20 15:59:00+07:00,11.0,11.0,11.0,11.0,100600.0
2023-07-20 16:00:00+07:00,11.0,11.0,11.0,11.0,6600.0
2023-07-20 16:01:00+07:00,11.0,11.0,11.0,11.0,1400.0
2023-07-20 16:02:00+07:00,11.0,11.0,11.0,11.0,4400.0
2023-07-20 16:03:00+07:00,10.9,11.0,10.9,11.0,200.0
2023-07-20 16:04:00+07:00,11.0,11.0,10.9,10.9,700.0
2023-07-20 16:06:00+07:00,11.0,11.0,11.0,11.0,2000.0
2023-07-20 16:07:00+07:00,11.0,11.0,11.0,11.0,3700.0
2023-07-20 16:08:00+07:00,11.0,11.0,11.0,11.0,500.0
2023-07-20 16:09:00+07:00,10.9,10.9,10.9,10.9,200.0
2023-07-20 16:10:00+07:00,11.0,11.0,11.0,11.0,5000.0
2023-07-20 16:11:00+07:00,11.0,11.0,11.0,11.0,4000.0
2023-07-20 16:12:00+07:00,11.0,11.0,11.0,11.0,900.0
2023-07-20 16:13:00+07:00,11.0,11.0,11.0,11.0,1600.0
2023-07-20 16:14:00+07:00,11.0,11.0,11.0,11.0,20000.0
2023-07-20 16:15:00+07:00,11.0,11.0,11.0,11.0,300.0
2023-07-20 16:17:00+07:00,11.0,11.0,11.0,11.0,20200.0
2023-07-20 16:18:00+07:00,11.0,11.0,11.0,11.0,300.0
2023-07-20 16:19:00+07:00,11.0,11.0,11.0,11.0,400.0
2023-07-20 16:20:00+07:00,11.0,11.0,11.0,11.0,100.0
2023-07-20 16:22:00+07:00,11.0,11.0,11.0,11.0,700.0
2023-07-20 16:23:00+07:00,11.0,11.0,11.0,11.0,1000.0
2023-07-20 16:24:00+07:00,11.0,11.0,10.9,10.9,2800.0
2023-07-20 16:25:00+07:00,10.9,10.9,10.9,10.9,2200.0
2023-07-20 16:26:00+07:00,10.9,11.0,10.9,11.0,431000.0
2023-07-20 16:27:00+07:00,10.9,11.0,10.9,10.9,141400.0
2023-07-20 16:28:00+07:00,10.9,11.0,10.9,10.9,7000.0
2023-07-20 16:29:00+07:00,10.9,11.0,10.9,11.0,7400.0
2023-07-20 16:36:00+07:00,11.0,11.0,11.0,11.0,2023500.0
2023-07-21 09:58:00+07:00,10.9,10.9,10.9,10.9,104900.0
2023-07-21 09:59:00+07:00,10.9,10.9,10.9,10.9,245300.0
2023-07-21 10:00:00+07:00,10.9,11.0,10.9,11.0,75500.0
2023-07-21 10:01:00+07:00,10.9,10.9,10.9,10.9,9600.0
2023-07-21 10:02:00+07:00,11.0,11.0,11.0,11.0,300.0
2023-07-21 10:04:00+07:00,11.0,11.0,11.0,11.0,400.0
2023-07-21 10:05:00+07:00,11.0,11.0,11.0,11.0,500.0
2023-07-21 10:06:00+07:00,11.0,11.0,10.9,10.9,51600.0
2023-07-21 10:07:00+07:00,10.9,10.9,10.9,10.9,105800.0
2023-07-21 10:08:00+07:00,10.8,10.8,10.8,10.8,300.0
2023-07-21 10:09:00+07:00,10.8,10.8,10.8,10.8,15000.0
2023-07-21 10:10:00+07:00,10.8,10.8,10.8,10.8,2000.0
2023-07-21 10:11:00+07:00,10.9,10.9,10.9,10.9,500.0
2023-07-21 10:12:00+07:00,10.9,10.9,10.9,10.9,5500.0
2023-07-21 10:13:00+07:00,10.9,10.9,10.9,10.9,700.0
2023-07-21 10:14:00+07:00,10.9,10.9,10.9,10.9,1200.0
2023-07-21 10:15:00+07:00,10.9,10.9,10.9,10.9,7600.0
2023-07-21 10:16:00+07:00,10.9,10.9,10.9,10.9,2800.0
2023-07-21 10:17:00+07:00,10.9,10.9,10.9,10.9,228500.0
2023-07-21 10:19:00+07:00,10.9,10.9,10.9,10.9,100.0
2023-07-21 10:22:00+07:00,10.9,10.9,10.9,10.9,1000.0
2023-07-21 10:23:00+07:00,11.0,11.0,11.0,11.0,449800.0
2023-07-21 10:24:00+07:00,11.0,11.0,11.0,11.0,100.0
2023-07-21 10:25:00+07:00,11.0,11.0,11.0,11.0,31400.0
2023-07-21 10:26:00+07:00,11.0,11.0,11.0,11.0,85300.0
2023-07-21 10:27:00+07:00,11.0,11.0,11.0,11.0,2200.0
2023-07-21 10:29:00+07:00,11.0,11.0,11.0,11.0,9700.0
2023-07-21 10:30:00+07:00,11.0,11.0,10.9,10.9,400.0
2023-07-21 10:31:00+07:00,10.9,10.9,10.9,10.9,100.0
2023-07-21 10:33:00+07:00,10.9,10.9,10.9,10.9,100.0
2023-07-21 10:34:00+07:00,11.0,11.0,11.0,11.0,1000.0
2023-07-21 10:35:00+07:00,11.0,11.0,11.0,11.0,200.0
2023-07-21 10:36:00+07:00,11.0,11.0,11.0,11.0,600.0
2023-07-21 10:39:00+07:00,11.0,11.0,11.0,11.0,200.0
2023-07-21 10:40:00+07:00,11.0,11.0,11.0,11.0,300.0
2023-07-21 10:43:00+07:00,11.0,11.0,11.0,11.0,25000.0
2023-07-21 10:44:00+07:00,11.0,11.0,11.0,11.0,900.0
2023-07-21 10:45:00+07:00,11.0,11.0,11.0,11.0,100.0
2023-07-21 10:48:00+07:00,11.0,11.0,11.0,11.0,100.0
2023-07-21 10:52:00+07:00,11.0,11.0,10.9,10.9,1200.0
2023-07-21 10:53:00+07:00,10.9,10.9,10.9,10.9,7200.0
2023-07-21 10:54:00+07:00,10.9,11.0,10.9,10.9,12500.0
2023-07-21 11:01:00+07:00,10.9,10.9,10.9,10.9,300.0
2023-07-21 11:04:00+07:00,11.0,11.0,11.0,11.0,1000.0
2023-07-21 11:06:00+07:00,10.9,10.9,10.9,10.9,6000.0
2023-07-21 11:07:00+07:00,10.9,10.9,10.9,10.9,3400.0
2023-07-21 11:08:00+07:00,10.9,10.9,10.9,10.9,5000.0
2023-07-21 11:10:00+07:00,10.9,10.9,10.9,10.9,20000.0
2023-07-21 11:11:00+07:00,10.9,10.9,10.9,10.9,14600.0
2023-07-21 11:12:00+07:00,11.0,11.0,11.0,11.0,1000.0
2023-07-21 11:13:00+07:00,11.0,11.0,11.0,11.0,1000.0
2023-07-21 11:16:00+07:00,11.0,11.0,11.0,11.0,100.0
2023-07-21 11:18:00+07:00,10.9,10.9,10.9,10.9,10000.0
2023-07-21 11:19:00+07:00,11.0,11.0,11.0,11.0,65000.0
2023-07-21 11:21:00+07:00,11.0,11.0,11.0,11.0,1100.0
2023-07-21 11:22:00+07:00,11.0,11.0,11.0,11.0,5100.0
2023-07-21 11:24:00+07:00,11.0,11.0,11.0,11.0,2000.0
2023-07-21 11:26:00+07:00,11.0,11.0,11.0,11.0,1000.0
2023-07-21 11:27:00+07:00,11.0,11.0,11.0,11.0,200.0
2023-07-21 11:28:00+07:00,11.0,11.0,11.0,11.0,248500.0
2023-07-21 11:29:00+07:00,11.0,11.0,11.0,11.0,52700.0
2023-07-21 11:30:00+07:00,11.0,11.0,11.0,11.0,1600.0
2023-07-21 11:31:00+07:00,11.1,11.1,11.1,11.1,300.0
2023-07-21 11:32:00+07:00,11.0,11.0,11.0,11.0,4200.0
2023-07-21 11:33:00+07:00,11.0,11.0,11.0,11.0,100.0
2023-07-21 11:35:00+07:00,11.0,11.0,11.0,11.0,100.0
2023-07-21 11:37:00+07:00,11.0,11.0,11.0,11.0,100.0
2023-07-21 11:38:00+07:00,11.0,11.0,11.0,11.0,40000.0
2023-07-21 11:39:00+07:00,11.0,11.0,11.0,11.0,11500.0
2023-07-21 11:40:00+07:00,11.1,11.1,11.1,11.1,100.0
2023-07-21 11:41:00+07:00,11.0,11.0,11.0,11.0,20300.0
2023-07-21 11:45:00+07:00,11.0,11.0,11.0,11.0,500.0
2023-07-21 11:49:00+07:00,11.1,11.1,11.1,11.1,150000.0
2023-07-21 11:52:00+07:00,11.1,11.1,11.1,11.1,100.0
2023-07-21 11:53:00+07:00,11.1,11.1,11.1,11.1,1100.0
2023-07-21 11:54:00+07:00,11.1,11.1,11.1,11.1,100.0
2023-07-21 12:01:00+07:00,11.1,11.1,11.1,11.1,4000.0
2023-07-21 12:02:00+07:00,11.1,11.1,11.1,11.1,500.0
2023-07-21 12:03:00+07:00,11.1,11.1,11.1,11.1,900.0
2023-07-21 12:04:00+07:00,11.1,11.1,11.1,11.1,200.0
2023-07-21 12:05:00+07:00,11.1,11.1,11.1,11.1,500.0
2023-07-21 12:10:00+07:00,11.0,11.0,11.0,11.0,10000.0
2023-07-21 12:12:00+07:00,11.1,11.1,11.1,11.1,600.0
2023-07-21 12:16:00+07:00,11.1,11.1,11.1,11.1,400.0
2023-07-21 12:19:00+07:00,11.0,11.1,11.0,11.1,200.0
2023-07-21 12:29:00+07:00,11.0,11.1,11.0,11.1,1900.0
2023-07-21 14:27:00+07:00,11.1,11.1,11.1,11.1,133000.0
2023-07-21 14:28:00+07:00,11.1,11.1,11.1,11.1,551900.0
2023-07-21 14:29:00+07:00,11.1,11.1,11.1,11.1,23100.0
2023-07-21 14:30:00+07:00,11.1,11.1,11.1,11.1,5200.0
2023-07-21 14:32:00+07:00,11.1,11.2,11.1,11.1,10400.0
2023-07-21 14:33:00+07:00,11.1,11.1,11.1,11.1,1600.0
2023-07-21 14:34:00+07:00,11.1,11.1,11.1,11.1,15300.0
2023-07-21 14:35:00+07:00,11.1,11.1,11.1,11.1,800.0
2023-07-21 14:36:00+07:00,11.1,11.1,11.1,11.1,1200.0
2023-07-21 14:37:00+07:00,11.1,11.2,11.1,11.2,4700.0
2023-07-21 14:38:00+07:00,11.1,11.1,11.1,11.1,25700.0
2023-07-21 14:39:00+07:00,11.1,11.1,11.1,11.1,4200.0
2023-07-21 14:40:00+07:00,11.1,11.1,11.1,11.1,7800.0
2023-07-21 14:41:00+07:00,11.1,11.2,11.1,11.1,13600.0
2023-07-21 14:42:00+07:00,11.1,11.1,11.1,11.1,8300.0
2023-07-21 14:43:00+07:00,11.1,11.1,11.1,11.1,300.0
2023-07-21 14:44:00+07:00,11.1,11.1,11.1,11.1,4700.0
2023-07-21 14:45:00+07:00,11.1,11.1,11.1,11.1,1900.0
2023-07-21 14:46:00+07:00,11.1,11.2,11.1,11.2,20800.0
2023-07-21 14:48:00+07:00,11.2,11.2,11.2,11.2,1500.0
2023-07-21 14:50:00+07:00,11.1,11.1,11.1,11.1,8900.0
2023-07-21 14:51:00+07:00,11.1,11.1,11.1,11.1,400.0
2023-07-21 14:52:00+07:00,11.1,11.1,11.1,11.1,1200.0
2023-07-21 14:53:00+07:00,11.1,11.1,11.1,11.1,14600.0
2023-07-21 14:54:00+07:00,11.1,11.1,11.1,11.1,500.0
2023-07-21 14:55:00+07:00,11.1,11.1,11.1,11.1,55200.0
2023-07-21 14:56:00+07:00,11.1,11.1,11.1,11.1,10200.0
2023-07-21 14:57:00+07:00,11.1,11.1,11.1,11.1,200.0
2023-07-21 14:58:00+07:00,11.1,11.1,11.1,11.1,700.0
2023-07-21 14:59:00+07:00,11.1,11.1,11.1,11.1,8100.0
2023-07-21 15:00:00+07:00,11.1,11.2,11.1,11.2,1500.0
2023-07-21 15:01:00+07:00,11.1,11.1,11.1,11.1,6300.0
2023-07-21 15:02:00+07:00,11.1,11.1,11.1,11.1,300.0
2023-07-21 15:03:00+07:00,11.1,11.1,11.1,11.1,1900.0
2023-07-21 15:04:00+07:00,11.1,11.1,11.1,11.1,900.0
2023-07-21 15:05:00+07:00,11.1,11.1,11.1,11.1,200.0
2023-07-21 15:06:00+07:00,11.1,11.1,11.1,11.1,100.0
2023-07-21 15:07:00+07:00,11.1,11.2,11.1,11.1,2500.0
2023-07-21 15:09:00+07:00,11.1,11.1,11.1,11.1,1200.0
2023-07-21 15:10:00+07:00,11.2,11.2,11.2,11.2,1400.0
2023-07-21 15:12:00+07:00,11.2,11.2,11.2,11.2,400.0
2023-07-21 15:18:00+07:00,11.1,11.1,11.1,11.1,100.0
2023-07-21 15:19:00+07:00,11.2,11.2,11.2,11.2,100.0
2023-07-21 15:20:00+07:00,11.1,11.1,11.1,11.1,500.0
2023-07-21 15:21:00+07:00,11.2,11.2,11.2,11.2,1400.0
2023-07-21 15:23:00+07:00,11.1,11.2,11.1,11.2,1300.0
2023-07-21 15:24:00+07:00,11.1,11.1,11.1,11.1,50100.0
2023-07-21 15:25:00+07:00,11.1,11.1,11.1,11.1,12100.0
2023-07-21 15:26:00+07:00,11.2,11.2,11.2,11.2,300.0
2023-07-21 15:30:00+07:00,11.1,11.1,11.1,11.1,2700.0
2023-07-21 15:31:00+07:00,11.1,11.1,11.1,11.1,600.0
2023-07-21 15:32:00+07:00,11.1,11.2,11.1,11.2,11800.0
2023-07-21 15:33:00+07:00,11.2,11.2,11.2,11.2,100.0
2023-07-21 15:37:00+07:00,11.2,11.2,11.1,11.1,2300.0
2023-07-21 15:39:00+07:00,11.1,11.1,11.1,11.1,20700.0
2023-07-21 15:40:00+07:00,11.1,11.1,11.1,11.1,14100.0
2023-07-21 15:41:00+07:00,11.1,11.1,11.1,11.1,1200.0
2023-07-21 15:43:00+07:00,11.1,11.2,11.1,11.1,2600.0
2023-07-21 15:44:00+07:00,11.1,11.1,11.1,11.1,31000.0
2023-07-21 15:45:00+07:00,11.1,11.1,11.1,11.1,200.0
2023-07-21 15:48:00+07:00,11.1,11.1,11.1,11.1,3600.0
2023-07-21 15:49:00+07:00,11.1,11.1,11.1,11.1,6200.0
2023-07-21 15:50:00+07:00,11.1,11.1,11.1,11.1,50000.0
2023-07-21 15:51:00+07:00,11.2,11.2,11.2,11.2,200.0
2023-07-21 15:52:00+07:00,11.1,11.1,11.1,11.1,1400.0
2023-07-21 15:53:00+07:00,11.1,11.1,11.1,11.1,4000.0
2023-07-21 15:54:00+07:00,11.2,11.2,11.1,11.1,6100.0
2023-07-21 15:56:00+07:00,11.1,11.1,11.1,11.1,32900.0
2023-07-21 15:57:00+07:00,11.1,11.1,11.1,11.1,300.0
2023-07-21 15:58:00+07:00,11.1,11.1,11.1,11.1,100.0
2023-07-21 15:59:00+07:00,11.2,11.2,11.1,11.1,1300.0
2023-07-21 16:01:00+07:00,11.1,11.1,11.1,11.1,200.0
2023-07-21 16:04:00+07:00,11.1,11.1,11.1,11.1,200.0
2023-07-21 16:05:00+07:00,11.2,11.2,11.2,11.2,1400.0
2023-07-21 16:06:00+07:00,11.2,11.2,11.2,11.2,2000.0
2023-07-21 16:08:00+07:00,11.2,11.2,11.1,11.1,3300.0
2023-07-21 16:09:00+07:00,11.1,11.1,11.1,11.1,11500.0
2023-07-21 16:11:00+07:00,11.1,11.1,11.1,11.1,207400.0
2023-07-21 16:12:00+07:00,11.1,11.2,11.1,11.2,13500.0
2023-07-21 16:13:00+07:00,11.2,11.2,11.2,11.2,100.0
2023-07-21 16:15:00+07:00,11.1,11.1,11.1,11.1,16000.0
2023-07-21 16:16:00+07:00,11.1,11.2,11.1,11.2,2500.0
2023-07-21 16:17:00+07:00,11.1,11.1,11.1,11.1,500.0
2023-07-21 16:19:00+07:00,11.1,11.1,11.1,11.1,1100.0
2023-07-21 16:20:00+07:00,11.1,11.1,11.1,11.1,8000.0
2023-07-21 16:22:00+07:00,11.1,11.1,11.1,11.1,10000.0
2023-07-21 16:23:00+07:00,11.1,11.1,11.1,11.1,1100.0
2023-07-21 16:24:00+07:00,11.1,11.2,11.1,11.2,844800.0
2023-07-21 16:25:00+07:00,11.1,11.2,11.1,11.2,1100.0
2023-07-21 16:26:00+07:00,11.1,11.2,11.1,11.2,399400.0
2023-07-21 16:27:00+07:00,11.2,11.2,11.2,11.2,172500.0
2023-07-21 16:28:00+07:00,11.2,11.2,11.2,11.2,2000.0
2023-07-21 16:29:00+07:00,11.1,11.2,11.1,11.2,4400.0
2023-07-21 16:36:00+07:00,11.2,11.2,11.2,11.2,839800.0
2023-07-24 09:58:00+07:00,11.1,11.1,11.1,11.1,135700.0
2023-07-24 09:59:00+07:00,11.1,11.1,11.1,11.1,3600.0
2023-07-24 10:00:00+07:00,11.2,11.2,11.2,11.2,500.0
2023-07-24 10:01:00+07:00,11.1,11.1,11.1,11.1,7000.0
2023-07-24 10:05:00+07:00,11.1,11.1,11.1,11.1,100.0
2023-07-24 10:06:00+07:00,11.1,11.2,11.1,11.2,54200.0
2023-07-24 10:09:00+07:00,11.2,11.2,11.1,11.1,10300.0
2023-07-24 10:10:00+07:00,11.1,11.2,11.1,11.2,4500.0
2023-07-24 10:12:00+07:00,11.1,11.1,11.1,11.1,400.0
2023-07-24 10:14:00+07:00,11.1,11.1,11.1,11.1,500.0
2023-07-24 10:15:00+07:00,11.1,11.1,11.1,11.1,400.0
2023-07-24 10:16:00+07:00,11.1,11.1,11.1,11.1,1000.0
2023-07-24 10:19:00+07:00,11.1,11.1,11.1,11.1,100.0
2023-07-24 10:21:00+07:00,11.1,11.1,11.1,11.1,2000.0
2023-07-24 10:22:00+07:00,11.1,11.1,11.1,11.1,1900.0
2023-07-24 10:29:00+07:00,11.1,11.1,11.1,11.1,3700.0
2023-07-24 10:30:00+07:00,11.1,11.2,11.1,11.2,10100.0
2023-07-24 10:34:00+07:00,11.1,11.1,11.1,11.1,100.0
2023-07-24 10:35:00+07:00,11.1,11.1,11.1,11.1,2500.0
2023-07-24 10:36:00+07:00,11.1,11.2,11.1,11.2,200.0
2023-07-24 10:38:00+07:00,11.2,11.2,11.2,11.2,5000.0
2023-07-24 10:43:00+07:00,11.1,11.1,11.1,11.1,375800.0
2023-07-24 10:46:00+07:00,11.0,11.2,11.0,11.2,292700.0
2023-07-24 10:48:00+07:00,11.2,11.2,11.2,11.2,3800.0
2023-07-24 10:49:00+07:00,11.2,11.2,11.2,11.2,100.0
2023-07-24 10:51:00+07:00,11.1,11.1,11.1,11.1,800.0
2023-07-24 10:54:00+07:00,11.1,11.1,11.1,11.1,30000.0
2023-07-24 10:56:00+07:00,11.1,11.1,11.1,11.1,209800.0
2023-07-24 10:57:00+07:00,11.0,11.1,11.0,11.1,5300.0
2023-07-24 10:58:00+07:00,11.1,11.1,11.1,11.1,1000.0
2023-07-24 10:59:00+07:00,11.1,11.1,11.1,11.1,16500.0
2023-07-24 11:00:00+07:00,11.1,11.1,11.1,11.1,3400.0
2023-07-24 11:01:00+07:00,11.1,11.1,11.1,11.1,200.0
2023-07-24 11:02:00+07:00,11.1,11.1,11.1,11.1,2300.0
2023-07-24 11:03:00+07:00,11.1,11.1,11.1,11.1,2000.0
2023-07-24 11:04:00+07:00,11.1,11.1,11.1,11.1,3100.0
2023-07-24 11:05:00+07:00,11.1,11.1,11.1,11.1,100.0
2023-07-24 11:07:00+07:00,11.1,11.1,11.0,11.0,14700.0
2023-07-24 11:09:00+07:00,11.1,11.1,11.1,11.1,300.0
2023-07-24 11:10:00+07:00,11.1,11.1,11.1,11.1,400.0
2023-07-24 11:11:00+07:00,11.1,11.1,11.1,11.1,200.0
2023-07-24 11:12:00+07:00,11.1,11.1,11.1,11.1,300.0
2023-07-24 11:13:00+07:00,11.1,11.1,11.1,11.1,300.0
2023-07-24 11:15:00+07:00,11.1,11.1,11.1,11.1,493100.0
2023-07-24 11:16:00+07:00,11.1,11.1,11.0,11.0,40100.0
2023-07-24 11:17:00+07:00,11.1,11.1,11.1,11.1,100.0
2023-07-24 11:18:00+07:00,11.0,11.1,11.0,11.1,1700.0
2023-07-24 11:19:00+07:00,11.1,11.1,11.1,11.1,700.0
2023-07-24 11:20:00+07:00,11.1,11.1,11.1,11.1,12000.0
2023-07-24 11:21:00+07:00,11.1,11.1,11.1,11.1,1400.0
2023-07-24 11:22:00+07:00,11.1,11.1,11.1,11.1,54300.0
2023-07-24 11:23:00+07:00,11.1,11.1,11.1,11.1,600.0
2023-07-24 11:24:00+07:00,11.1,11.1,11.1,11.1,200.0
2023-07-24 11:26:00+07:00,11.1,11.1,11.1,11.1,2000.0
2023-07-24 11:29:00+07:00,11.1,11.1,11.1,11.1,200.0
2023-07-24 11:30:00+07:00,11.0,11.0,11.0,11.0,400.0
2023-07-24 11:31:00+07:00,11.0,11.0,11.0,11.0,8400.0
2023-07-24 11:33:00+07:00,11.1,11.1,11.1,11.1,3100.0
2023-07-24 11:34:00+07:00,11.1,11.1,11.1,11.1,100.0
2023-07-24 11:43:00+07:00,11.1,11.1,11.1,11.1,5100.0
2023-07-24 11:45:00+07:00,11.1,11.1,11.1,11.1,300.0
2023-07-24 11:49:00+07:00,11.0,11.0,11.0,11.0,600.0
2023-07-24 11:50:00+07:00,11.1,11.1,11.1,11.1,10000.0
2023-07-24 11:54:00+07:00,11.1,11.1,11.1,11.1,100.0
2023-07-24 11:55:00+07:00,11.1,11.1,11.1,11.1,100.0
2023-07-24 11:56:00+07:00,11.1,11.1,11.1,11.1,1000.0
2023-07-24 11:59:00+07:00,11.1,11.1,11.1,11.1,100.0
2023-07-24 12:00:00+07:00,11.1,11.1,11.1,11.1,200.0
2023-07-24 12:01:00+07:00,11.1,11.1,11.1,11.1,400.0
2023-07-24 12:03:00+07:00,11.1,11.1,11.1,11.1,195800.0
2023-07-24 12:04:00+07:00,11.1,11.1,11.1,11.1,2000.0
2023-07-24 12:05:00+07:00,11.1,11.1,11.1,11.1,100.0
2023-07-24 12:07:00+07:00,11.1,11.1,11.1,11.1,100.0
2023-07-24 12:12:00+07:00,11.1,11.1,11.1,11.1,5000.0
2023-07-24 12:14:00+07:00,11.1,11.1,11.1,11.1,10000.0
2023-07-24 12:15:00+07:00,11.1,11.1,11.1,11.1,700.0
2023-07-24 12:17:00+07:00,11.1,11.1,11.1,11.1,5000.0
2023-07-24 12:18:00+07:00,11.1,11.1,11.1,11.1,700.0
2023-07-24 12:20:00+07:00,11.1,11.1,11.1,11.1,10000.0
2023-07-24 12:21:00+07:00,11.1,11.1,11.1,11.1,480900.0
2023-07-24 12:22:00+07:00,11.0,11.0,11.0,11.0,100.0
2023-07-24 12:24:00+07:00,11.1,11.1,11.1,11.1,100.0
2023-07-24 12:26:00+07:00,11.1,11.1,11.1,11.1,100.0
2023-07-24 12:29:00+07:00,11.1,11.1,11.1,11.1,600.0
2023-07-24 14:27:00+07:00,11.0,11.0,11.0,11.0,36200.0
2023-07-24 14:31:00+07:00,11.1,11.1,11.1,11.1,186000.0
2023-07-24 14:32:00+07:00,11.1,11.1,11.1,11.1,26300.0
2023-07-24 14:35:00+07:00,11.0,11.0,11.0,11.0,1400.0
2023-07-24 14:37:00+07:00,11.1,11.1,11.1,11.1,100.0
2023-07-24 14:38:00+07:00,11.1,11.1,11.0,11.0,87700.0
2023-07-24 14:39:00+07:00,11.0,11.0,11.0,11.0,600.0
2023-07-24 14:41:00+07:00,11.0,11.0,11.0,11.0,2400.0
2023-07-24 14:45:00+07:00,11.1,11.1,11.1,11.1,200.0
2023-07-24 14:46:00+07:00,11.1,11.1,11.1,11.1,100.0
2023-07-24 14:51:00+07:00,11.0,11.0,11.0,11.0,800.0
2023-07-24 14:53:00+07:00,11.1,11.1,11.1,11.1,900.0
2023-07-24 14:54:00+07:00,11.1,11.1,11.1,11.1,500.0
2023-07-24 14:58:00+07:00,11.0,11.0,11.0,11.0,400.0
2023-07-24 14:59:00+07:00,11.0,11.1,11.0,11.1,7500.0
2023-07-24 15:01:00+07:00,11.1,11.1,11.1,11.1,300.0
2023-07-24 15:05:00+07:00,11.1,11.1,11.1,11.1,14000.0
2023-07-24 15:06:00+07:00,11.0,11.0,11.0,11.0,600.0
2023-07-24 15:07:00+07:00,11.1,11.1,11.1,11.1,500.0
2023-07-24 15:08:00+07:00,11.1,11.1,11.0,11.1,9500.0
2023-07-24 15:13:00+07:00,11.1,11.1,11.1,11.1,600.0
2023-07-24 15:15:00+07:00,11.1,11.1,11.1,11.1,600.0
2023-07-24 15:20:00+07:00,11.1,11.1,11.1,11.1,100.0
2023-07-24 15:22:00+07:00,11.0,11.0,11.0,11.0,400.0
2023-07-24 15:23:00+07:00,11.0,11.0,11.0,11.0,1100.0
2023-07-24 15:24:00+07:00,11.1,11.1,11.1,11.1,100.0
2023-07-24 15:27:00+07:00,11.1,11.1,11.0,11.0,800.0
2023-07-24 15:29:00+07:00,11.0,11.0,11.0,11.0,3200.0
2023-07-24 15:30:00+07:00,11.0,11.0,11.0,11.0,1000.0
2023-07-24 15:32:00+07:00,11.1,11.1,11.1,11.1,100.0
2023-07-24 15:34:00+07:00,11.0,11.0,11.0,11.0,2100.0
2023-07-24 15:38:00+07:00,11.0,11.0,11.0,11.0,200.0
2023-07-24 15:40:00+07:00,11.1,11.1,11.1,11.1,10000.0
2023-07-24 15:43:00+07:00,11.0,11.0,11.0,11.0,500.0
2023-07-24 15:48:00+07:00,11.0,11.1,11.0,11.1,1200.0
2023-07-24 15:49:00+07:00,11.1,11.1,11.1,11.1,700.0
2023-07-24 15:51:00+07:00,11.1,11.1,11.1,11.1,100.0
2023-07-24 15:52:00+07:00,11.1,11.1,11.1,11.1,400.0
2023-07-24 15:53:00+07:00,11.1,11.1,11.1,11.1,900.0
2023-07-24 15:54:00+07:00,11.1,11.1,11.1,11.1,100.0
2023-07-24 15:55:00+07:00,11.1,11.1,11.1,11.1,100.0
2023-07-24 15:59:00+07:00,11.0,11.0,11.0,11.0,400.0
2023-07-24 16:00:00+07:00,11.0,11.0,11.0,11.0,200.0
2023-07-24 16:01:00+07:00,11.0,11.0,11.0,11.0,5800.0
2023-07-24 16:02:00+07:00,11.0,11.0,11.0,11.0,300.0
2023-07-24 16:04:00+07:00,11.0,11.1,11.0,11.1,300.0
2023-07-24 16:05:00+07:00,11.0,11.0,11.0,11.0,1000.0
2023-07-24 16:06:00+07:00,11.0,11.1,11.0,11.1,30200.0
2023-07-24 16:07:00+07:00,11.1,11.1,11.1,11.1,20000.0
2023-07-24 16:08:00+07:00,11.0,11.0,11.0,11.0,200.0
2023-07-24 16:09:00+07:00,11.1,11.1,11.0,11.0,500.0
2023-07-24 16:10:00+07:00,11.0,11.0,11.0,11.0,11300.0
2023-07-24 16:11:00+07:00,11.0,11.0,11.0,11.0,200.0
2023-07-24 16:13:00+07:00,11.0,11.0,11.0,11.0,200.0
2023-07-24 16:14:00+07:00,11.1,11.1,11.0,11.0,10300.0
2023-07-24 16:15:00+07:00,11.0,11.1,11.0,11.1,10500.0
2023-07-24 16:16:00+07:00,11.0,11.0,11.0,11.0,55000.0
2023-07-24 16:17:00+07:00,11.1,11.1,11.0,11.1,62100.0
2023-07-24 16:18:00+07:00,11.0,11.0,11.0,11.0,100.0
2023-07-24 16:19:00+07:00,11.0,11.1,11.0,11.1,5500.0
2023-07-24 16:20:00+07:00,11.0,11.0,11.0,11.0,100.0
2023-07-24 16:22:00+07:00,11.0,11.0,11.0,11.0,700.0
2023-07-24 16:23:00+07:00,11.0,11.0,11.0,11.0,4000.0
2023-07-24 16:24:00+07:00,11.0,11.1,11.0,11.1,4100.0
2023-07-24 16:25:00+07:00,11.1,11.1,11.1,11.1,100.0
2023-07-24 16:26:00+07:00,11.1,11.1,11.0,11.1,13700.0
2023-07-24 16:27:00+07:00,11.1,11.1,11.0,11.1,102100.0
2023-07-24 16:28:00+07:00,11.1,11.1,11.0,11.0,300.0
2023-07-24 16:29:00+07:00,11.1,11.1,11.1,11.1,3000.0
2023-07-24 16:36:00+07:00,11.1,11.1,11.1,11.1,559500.0
2023-07-25 09:58:00+07:00,11.0,11.0,11.0,11.0,64100.0
2023-07-25 10:00:00+07:00,11.1,11.1,11.1,11.1,15000.0
2023-07-25 10:01:00+07:00,11.1,11.1,11.1,11.1,132100.0
2023-07-25 10:02:00+07:00,11.2,11.2,11.1,11.1,272500.0
2023-07-25 10:03:00+07:00,11.1,11.1,11.1,11.1,5600.0
2023-07-25 10:04:00+07:00,11.1,11.1,11.1,11.1,106400.0
2023-07-25 10:05:00+07:00,11.1,11.2,11.1,11.2,5000.0
2023-07-25 10:07:00+07:00,11.2,11.2,11.2,11.2,100.0
2023-07-25 10:08:00+07:00,11.1,11.2,11.1,11.1,14400.0
2023-07-25 10:09:00+07:00,11.1,11.1,11.1,11.1,176600.0
2023-07-25 10:10:00+07:00,11.1,11.1,11.1,11.1,8700.0
2023-07-25 10:11:00+07:00,11.1,11.1,11.1,11.1,2000.0
2023-07-25 10:12:00+07:00,11.1,11.1,11.1,11.1,3000.0
2023-07-25 10:13:00+07:00,11.1,11.1,11.1,11.1,1000.0
2023-07-25 10:14:00+07:00,11.0,11.1,11.0,11.1,3100.0
2023-07-25 10:17:00+07:00,11.1,11.1,11.1,11.1,9000.0
2023-07-25 10:18:00+07:00,11.1,11.1,11.1,11.1,5000.0
2023-07-25 10:19:00+07:00,11.1,11.1,11.1,11.1,500.0
2023-07-25 10:20:00+07:00,11.1,11.1,11.1,11.1,200.0
2023-07-25 10:21:00+07:00,11.1,11.1,11.0,11.0,3000.0
2023-07-25 10:23:00+07:00,11.0,11.0,11.0,11.0,1000.0
2023-07-25 10:24:00+07:00,11.0,11.0,11.0,11.0,500.0
2023-07-25 10:27:00+07:00,11.0,11.1,11.0,11.1,401700.0
2023-07-25 10:30:00+07:00,11.0,11.0,11.0,11.0,10800.0
2023-07-25 10:31:00+07:00,11.0,11.0,11.0,11.0,56000.0
2023-07-25 10:33:00+07:00,11.1,11.1,11.1,11.1,1000.0
2023-07-25 10:39:00+07:00,11.1,11.1,11.1,11.1,2000.0
2023-07-25 10:41:00+07:00,11.1,11.1,11.1,11.1,1000.0
2023-07-25 10:45:00+07:00,11.1,11.1,11.1,11.1,1200.0
2023-07-25 10:48:00+07:00,11.0,11.0,11.0,11.0,434600.0
2023-07-25 10:49:00+07:00,11.0,11.0,11.0,11.0,11000.0
2023-07-25 10:51:00+07:00,11.0,11.0,11.0,11.0,10000.0
2023-07-25 10:52:00+07:00,11.0,11.0,11.0,11.0,345800.0
2023-07-25 10:53:00+07:00,11.0,11.0,11.0,11.0,1000.0
2023-07-25 10:55:00+07:00,11.0,11.0,11.0,11.0,100.0
2023-07-25 10:56:00+07:00,11.0,11.0,10.9,10.9,3700.0
2023-07-25 10:57:00+07:00,11.0,11.0,10.9,11.0,2600.0
2023-07-25 10:58:00+07:00,11.0,11.0,11.0,11.0,6000.0
2023-07-25 10:59:00+07:00,11.0,11.0,11.0,11.0,500.0
2023-07-25 11:00:00+07:00,11.0,11.0,11.0,11.0,2000.0
2023-07-25 11:01:00+07:00,11.0,11.0,11.0,11.0,100.0
2023-07-25 11:02:00+07:00,11.0,11.0,11.0,11.0,4000.0
2023-07-25 11:03:00+07:00,11.0,11.0,11.0,11.0,1000.0
2023-07-25 11:05:00+07:00,11.0,11.0,11.0,11.0,100.0
2023-07-25 11:07:00+07:00,11.0,11.0,11.0,11.0,1100.0
2023-07-25 11:09:00+07:00,11.0,11.0,11.0,11.0,3400.0
2023-07-25 11:10:00+07:00,11.0,11.0,11.0,11.0,2000.0
2023-07-25 11:12:00+07:00,11.0,11.0,11.0,11.0,183700.0
2023-07-25 11:13:00+07:00,11.0,11.0,11.0,11.0,12100.0
2023-07-25 11:14:00+07:00,11.0,11.0,11.0,11.0,39600.0
2023-07-25 11:15:00+07:00,11.0,11.0,11.0,11.0,190800.0
2023-07-25 11:16:00+07:00,11.0,11.0,11.0,11.0,500.0
2023-07-25 11:17:00+07:00,11.0,11.0,11.0,11.0,100.0
2023-07-25 11:18:00+07:00,11.0,11.0,11.0,11.0,20000.0
2023-07-25 11:19:00+07:00,11.0,11.0,11.0,11.0,300.0
2023-07-25 11:20:00+07:00,11.0,11.0,11.0,11.0,2200.0
2023-07-25 11:21:00+07:00,11.0,11.0,11.0,11.0,21200.0
2023-07-25 11:22:00+07:00,11.0,11.0,11.0,11.0,200.0
2023-07-25 11:23:00+07:00,11.0,11.0,11.0,11.0,11700.0
2023-07-25 11:24:00+07:00,10.9,10.9,10.9,10.9,100.0
2023-07-25 11:25:00+07:00,11.0,11.0,11.0,11.0,500.0
2023-07-25 11:27:00+07:00,11.0,11.0,11.0,11.0,2300.0
2023-07-25 11:28:00+07:00,11.0,11.0,11.0,11.0,600.0
2023-07-25 11:32:00+07:00,11.0,11.0,11.0,11.0,1000.0
2023-07-25 11:33:00+07:00,11.0,11.0,11.0,11.0,144000.0
2023-07-25 11:34:00+07:00,10.9,10.9,10.9,10.9,400.0
2023-07-25 11:36:00+07:00,11.0,11.0,10.9,10.9,1400.0
2023-07-25 11:40:00+07:00,11.0,11.0,11.0,11.0,300.0
2023-07-25 11:42:00+07:00,11.0,11.0,11.0,11.0,1100.0
2023-07-25 11:44:00+07:00,11.0,11.0,11.0,11.0,169000.0
2023-07-25 11:45:00+07:00,11.0,11.0,11.0,11.0,1700.0
2023-07-25 11:46:00+07:00,11.0,11.0,11.0,11.0,500.0
2023-07-25 11:48:00+07:00,11.0,11.0,11.0,11.0,10300.0
2023-07-25 11:52:00+07:00,11.0,11.0,11.0,11.0,15400.0
2023-07-25 12:00:00+07:00,11.0,11.0,11.0,11.0,2800.0
2023-07-25 12:07:00+07:00,11.0,11.0,11.0,11.0,376300.0
2023-07-25 12:08:00+07:00,11.0,11.0,11.0,11.0,43500.0
2023-07-25 12:09:00+07:00,11.0,11.0,11.0,11.0,700.0
2023-07-25 12:11:00+07:00,11.0,11.0,11.0,11.0,13900.0
2023-07-25 12:12:00+07:00,11.0,11.0,11.0,11.0,100.0
2023-07-25 12:17:00+07:00,11.0,11.0,11.0,11.0,4100.0
2023-07-25 12:19:00+07:00,11.1,11.1,11.0,11.0,207600.0
2023-07-25 12:22:00+07:00,11.0,11.0,11.0,11.0,2000.0
2023-07-25 12:23:00+07:00,11.0,11.0,11.0,11.0,100.0
2023-07-25 12:28:00+07:00,11.0,11.0,11.0,11.0,1000.0
2023-07-25 12:29:00+07:00,11.0,11.0,11.0,11.0,600.0
2023-07-25 14:27:00+07:00,11.0,11.0,11.0,11.0,18000.0
2023-07-25 14:30:00+07:00,11.0,11.0,11.0,11.0,271300.0
2023-07-25 14:33:00+07:00,11.0,11.0,11.0,11.0,3000.0
2023-07-25 14:34:00+07:00,11.0,11.0,11.0,11.0,5000.0
2023-07-25 14:36:00+07:00,11.0,11.0,11.0,11.0,1300.0
2023-07-25 14:39:00+07:00,11.0,11.0,11.0,11.0,400.0
2023-07-25 14:43:00+07:00,11.1,11.1,11.0,11.1,3700.0
2023-07-25 14:47:00+07:00,11.1,11.1,11.1,11.1,300.0
2023-07-25 14:49:00+07:00,11.0,11.0,11.0,11.0,200.0
2023-07-25 14:50:00+07:00,11.0,11.0,11.0,11.0,400.0
2023-07-25 14:51:00+07:00,11.0,11.0,11.0,11.0,25900.0
2023-07-25 14:52:00+07:00,11.0,11.0,11.0,11.0,400.0
2023-07-25 14:54:00+07:00,11.0,11.0,11.0,11.0,1000.0
2023-07-25 14:55:00+07:00,11.0,11.0,11.0,11.0,5500.0
2023-07-25 14:58:00+07:00,11.0,11.0,11.0,11.0,300.0
2023-07-25 14:59:00+07:00,11.0,11.0,11.0,11.0,3500.0
2023-07-25 15:00:00+07:00,11.0,11.0,11.0,11.0,3300.0
2023-07-25 15:06:00+07:00,11.0,11.0,11.0,11.0,100.0
2023-07-25 15:07:00+07:00,11.0,11.0,11.0,11.0,200.0
2023-07-25 15:09:00+07:00,11.0,11.0,11.0,11.0,600.0
2023-07-25 15:12:00+07:00,11.1,11.1,11.1,11.1,100.0
2023-07-25 15:15:00+07:00,11.1,11.1,11.1,11.1,100.0
2023-07-25 15:18:00+07:00,11.0,11.0,11.0,11.0,3000.0
2023-07-25 15:22:00+07:00,11.1,11.1,11.1,11.1,1000.0
2023-07-25 15:23:00+07:00,11.1,11.1,11.1,11.1,100.0
2023-07-25 15:25:00+07:00,11.0,11.0,11.0,11.0,400.0
2023-07-25 15:26:00+07:00,11.1,11.1,11.0,11.0,1100.0
2023-07-25 15:30:00+07:00,11.0,11.0,11.0,11.0,200.0
2023-07-25 15:34:00+07:00,11.0,11.0,11.0,11.0,300.0
2023-07-25 15:36:00+07:00,11.0,11.0,11.0,11.0,500.0
2023-07-25 15:39:00+07:00,11.1,11.1,11.1,11.1,500.0
2023-07-25 15:40:00+07:00,11.0,11.1,11.0,11.1,2100.0
2023-07-25 15:44:00+07:00,11.0,11.0,11.0,11.0,100.0
2023-07-25 15:45:00+07:00,11.0,11.0,11.0,11.0,3800.0
2023-07-25 15:47:00+07:00,11.1,11.1,11.1,11.1,200.0
2023-07-25 15:49:00+07:00,11.0,11.0,11.0,11.0,9000.0
2023-07-25 15:52:00+07:00,11.1,11.1,11.1,11.1,2000.0
2023-07-25 15:53:00+07:00,11.1,11.1,11.1,11.1,100.0
2023-07-25 15:54:00+07:00,11.1,11.1,11.0,11.0,106100.0
2023-07-25 15:55:00+07:00,11.1,11.1,11.1,11.1,200.0
2023-07-25 15:56:00+07:00,11.0,11.0,11.0,11.0,1000.0
2023-07-25 15:58:00+07:00,11.0,11.0,11.0,11.0,100.0
2023-07-25 15:59:00+07:00,11.0,11.0,11.0,11.0,10000.0
2023-07-25 16:02:00+07:00,11.0,11.0,11.0,11.0,41000.0
2023-07-25 16:05:00+07:00,11.0,11.0,11.0,11.0,1000.0
2023-07-25 16:06:00+07:00,11.1,11.1,11.0,11.0,1900.0
2023-07-25 16:08:00+07:00,11.0,11.0,11.0,11.0,1600.0
2023-07-25 16:17:00+07:00,11.0,11.0,11.0,11.0,2600.0
2023-07-25 16:20:00+07:00,11.0,11.0,11.0,11.0,2200.0
2023-07-25 16:21:00+07:00,11.0,11.0,11.0,11.0,7700.0
2023-07-25 16:22:00+07:00,11.0,11.0,11.0,11.0,5000.0
2023-07-25 16:24:00+07:00,11.0,11.1,11.0,11.1,3100.0
2023-07-25 16:27:00+07:00,11.0,11.0,11.0,11.0,208600.0
2023-07-25 16:28:00+07:00,11.0,11.0,11.0,11.0,2000.0
2023-07-25 16:29:00+07:00,11.0,11.0,11.0,11.0,300.0
2023-07-25 16:38:00+07:00,11.0,11.0,11.0,11.0,959500.0
2023-07-26 09:56:00+07:00,11.0,11.0,11.0,11.0,43700.0
2023-07-26 10:01:00+07:00,11.0,11.0,11.0,11.0,400.0
2023-07-26 10:03:00+07:00,11.0,11.0,11.0,11.0,1000.0
2023-07-26 10:04:00+07:00,11.0,11.0,11.0,11.0,1300.0
2023-07-26 10:05:00+07:00,11.0,11.1,11.0,11.1,1400.0
2023-07-26 10:06:00+07:00,11.0,11.1,11.0,11.0,4300.0
2023-07-26 10:07:00+07:00,11.0,11.1,11.0,11.1,38500.0
2023-07-26 10:08:00+07:00,11.0,11.1,11.0,11.1,1400.0
2023-07-26 10:09:00+07:00,11.0,11.1,11.0,11.1,1400.0
2023-07-26 10:10:00+07:00,11.0,11.1,11.0,11.0,1300.0
2023-07-26 10:11:00+07:00,11.0,11.1,11.0,11.0,1400.0
2023-07-26 10:12:00+07:00,11.0,11.1,11.0,11.1,1200.0
2023-07-26 10:13:00+07:00,11.0,11.1,11.0,11.1,1800.0
2023-07-26 10:14:00+07:00,11.0,11.1,11.0,11.0,900.0
2023-07-26 10:15:00+07:00,11.0,11.1,11.0,11.0,900.0
2023-07-26 10:16:00+07:00,11.0,11.1,11.0,11.0,1100.0
2023-07-26 10:17:00+07:00,11.0,11.1,11.0,11.0,36500.0
2023-07-26 10:18:00+07:00,11.1,11.1,11.0,11.0,6100.0
2023-07-26 10:19:00+07:00,11.0,11.1,11.0,11.0,900.0
2023-07-26 10:20:00+07:00,11.0,11.1,11.0,11.0,1000.0
2023-07-26 10:21:00+07:00,11.0,11.1,11.0,11.1,900.0
2023-07-26 10:22:00+07:00,11.1,11.1,11.0,11.0,1100.0
2023-07-26 10:23:00+07:00,11.0,11.1,11.0,11.1,4000.0
2023-07-26 10:24:00+07:00,11.0,11.1,11.0,11.1,1500.0
2023-07-26 10:25:00+07:00,11.0,11.0,11.0,11.0,800.0
2023-07-26 10:26:00+07:00,11.0,11.1,11.0,11.0,1000.0
2023-07-26 10:27:00+07:00,11.0,11.1,11.0,11.1,2900.0
2023-07-26 10:28:00+07:00,11.0,11.0,11.0,11.0,800.0
2023-07-26 10:29:00+07:00,11.0,11.1,11.0,11.0,1000.0
2023-07-26 10:30:00+07:00,11.0,11.0,11.0,11.0,800.0
2023-07-26 10:31:00+07:00,11.0,11.1,11.0,11.1,2000.0
2023-07-26 10:32:00+07:00,11.0,11.0,11.0,11.0,800.0
2023-07-26 10:33:00+07:00,11.0,11.1,11.0,11.0,1500.0
2023-07-26 10:34:00+07:00,11.0,11.1,11.0,11.0,1300.0
2023-07-26 10:35:00+07:00,11.0,11.1,11.0,11.1,1900.0
2023-07-26 10:36:00+07:00,11.0,11.0,11.0,11.0,1000.0
2023-07-26 10:37:00+07:00,11.0,11.1,11.0,11.1,700.0
2023-07-26 10:38:00+07:00,11.0,11.0,10.9,11.0,173600.0
2023-07-26 10:39:00+07:00,11.0,11.0,11.0,11.0,2100.0
2023-07-26 10:40:00+07:00,11.0,11.0,11.0,11.0,2200.0
2023-07-26 10:41:00+07:00,11.0,11.0,11.0,11.0,2000.0
2023-07-26 10:46:00+07:00,10.9,11.0,10.9,11.0,2700.0
2023-07-26 10:48:00+07:00,11.0,11.0,11.0,11.0,100.0
2023-07-26 10:51:00+07:00,10.9,10.9,10.9,10.9,50000.0
2023-07-26 10:52:00+07:00,11.0,11.0,11.0,11.0,300.0
2023-07-26 10:53:00+07:00,10.9,10.9,10.9,10.9,1142400.0
2023-07-26 10:54:00+07:00,10.9,10.9,10.9,10.9,261300.0
2023-07-26 10:55:00+07:00,10.9,10.9,10.9,10.9,1500.0
2023-07-26 10:58:00+07:00,10.9,11.0,10.9,11.0,1200.0
2023-07-26 10:59:00+07:00,11.0,11.0,11.0,11.0,300.0
2023-07-26 11:00:00+07:00,10.9,11.0,10.9,11.0,4100.0
2023-07-26 11:01:00+07:00,11.0,11.0,11.0,11.0,200.0
2023-07-26 11:09:00+07:00,10.9,10.9,10.9,10.9,600.0
2023-07-26 11:13:00+07:00,10.9,10.9,10.9,10.9,521100.0
2023-07-26 11:14:00+07:00,10.9,10.9,10.9,10.9,17600.0
2023-07-26 11:15:00+07:00,10.9,10.9,10.9,10.9,4700.0
2023-07-26 11:16:00+07:00,10.9,10.9,10.9,10.9,41300.0
2023-07-26 11:17:00+07:00,10.9,10.9,10.9,10.9,2200.0
2023-07-26 11:18:00+07:00,10.9,10.9,10.9,10.9,2200.0
2023-07-26 11:19:00+07:00,10.9,10.9,10.9,10.9,900.0
2023-07-26 11:20:00+07:00,10.9,10.9,10.9,10.9,5800.0
2023-07-26 11:21:00+07:00,10.9,10.9,10.9,10.9,3200.0
2023-07-26 11:22:00+07:00,10.9,10.9,10.9,10.9,1100.0
2023-07-26 11:23:00+07:00,10.9,10.9,10.9,10.9,5300.0
2023-07-26 11:25:00+07:00,10.9,10.9,10.9,10.9,7000.0
2023-07-26 11:26:00+07:00,10.9,10.9,10.9,10.9,1700.0
2023-07-26 11:28:00+07:00,10.9,10.9,10.9,10.9,7400.0
2023-07-26 11:29:00+07:00,10.9,10.9,10.9,10.9,1200.0
2023-07-26 11:30:00+07:00,10.8,10.9,10.8,10.9,10600.0
2023-07-26 11:32:00+07:00,10.9,10.9,10.9,10.9,5000.0
2023-07-26 11:33:00+07:00,10.9,10.9,10.9,10.9,600.0
2023-07-26 11:34:00+07:00,10.9,10.9,10.9,10.9,84800.0
2023-07-26 11:35:00+07:00,10.9,10.9,10.8,10.9,601100.0
2023-07-26 11:36:00+07:00,10.8,10.9,10.8,10.9,800.0
2023-07-26 11:37:00+07:00,10.9,10.9,10.9,10.9,2400.0
2023-07-26 11:38:00+07:00,10.9,10.9,10.9,10.9,600.0
2023-07-26 11:39:00+07:00,10.9,10.9,10.9,10.9,800.0
2023-07-26 11:41:00+07:00,10.9,10.9,10.8,10.8,8500.0
2023-07-26 11:43:00+07:00,10.9,10.9,10.9,10.9,500.0
2023-07-26 11:45:00+07:00,10.9,10.9,10.9,10.9,1200.0
2023-07-26 11:46:00+07:00,10.9,10.9,10.9,10.9,400.0
2023-07-26 11:47:00+07:00,10.9,10.9,10.9,10.9,39500.0
2023-07-26 11:48:00+07:00,10.9,10.9,10.9,10.9,200.0
2023-07-26 11:49:00+07:00,10.9,10.9,10.9,10.9,5500.0
2023-07-26 11:50:00+07:00,10.9,10.9,10.9,10.9,900.0
2023-07-26 11:52:00+07:00,10.9,10.9,10.9,10.9,400.0
2023-07-26 11:54:00+07:00,10.9,10.9,10.9,10.9,1500.0
2023-07-26 11:56:00+07:00,10.9,10.9,10.9,10.9,1000.0
2023-07-26 11:57:00+07:00,10.9,10.9,10.9,10.9,100.0
2023-07-26 11:58:00+07:00,10.9,10.9,10.9,10.9,2600.0
2023-07-26 11:59:00+07:00,10.9,10.9,10.9,10.9,1000.0
2023-07-26 12:00:00+07:00,10.9,10.9,10.8,10.8,1200.0
2023-07-26 12:04:00+07:00,10.9,10.9,10.9,10.9,1000.0
2023-07-26 12:06:00+07:00,10.9,10.9,10.9,10.9,20000.0
2023-07-26 12:07:00+07:00,10.9,10.9,10.9,10.9,3200.0
2023-07-26 12:08:00+07:00,10.9,10.9,10.9,10.9,200.0
2023-07-26 12:09:00+07:00,10.9,10.9,10.9,10.9,1200.0
2023-07-26 12:11:00+07:00,10.9,10.9,10.9,10.9,1000.0
2023-07-26 12:12:00+07:00,10.8,10.8,10.8,10.8,300.0
2023-07-26 12:17:00+07:00,10.9,10.9,10.9,10.9,400.0
2023-07-26 12:19:00+07:00,10.9,10.9,10.9,10.9,200.0
2023-07-26 12:20:00+07:00,10.9,10.9,10.9,10.9,2000.0
2023-07-26 12:21:00+07:00,10.9,10.9,10.9,10.9,400.0
2023-07-26 12:22:00+07:00,10.9,10.9,10.9,10.9,10400.0
2023-07-26 12:25:00+07:00,10.9,10.9,10.9,10.9,100.0
2023-07-26 12:27:00+07:00,10.9,10.9,10.9,10.9,600.0
2023-07-26 12:29:00+07:00,10.9,10.9,10.9,10.9,2900.0
2023-07-26 14:27:00+07:00,10.9,10.9,10.9,10.9,276600.0
2023-07-26 14:28:00+07:00,10.8,10.8,10.8,10.8,18900.0
2023-07-26 14:29:00+07:00,10.9,10.9,10.9,10.9,100.0
2023-07-26 14:31:00+07:00,10.9,10.9,10.9,10.9,100.0
2023-07-26 14:33:00+07:00,10.8,10.8,10.8,10.8,400.0
2023-07-26 14:35:00+07:00,10.8,10.8,10.8,10.8,400.0
2023-07-26 14:36:00+07:00,10.9,10.9,10.9,10.9,500.0
2023-07-26 14:37:00+07:00,10.9,10.9,10.9,10.9,200.0
2023-07-26 14:40:00+07:00,10.8,10.9,10.8,10.9,11500.0
2023-07-26 14:42:00+07:00,10.9,10.9,10.9,10.9,1500.0
2023-07-26 14:45:00+07:00,10.9,10.9,10.9,10.9,200.0
2023-07-26 14:46:00+07:00,10.9,10.9,10.9,10.9,1500.0
2023-07-26 14:47:00+07:00,10.8,10.9,10.8,10.9,10200.0
2023-07-26 14:48:00+07:00,10.8,10.8,10.8,10.8,600.0
2023-07-26 14:49:00+07:00,10.8,10.9,10.8,10.8,1800.0
2023-07-26 14:50:00+07:00,10.8,10.8,10.8,10.8,400.0
2023-07-26 14:51:00+07:00,10.8,10.9,10.8,10.8,15800.0
2023-07-26 14:52:00+07:00,10.8,10.8,10.8,10.8,400.0
2023-07-26 14:53:00+07:00,10.8,10.9,10.8,10.8,4100.0
2023-07-26 14:54:00+07:00,10.9,10.9,10.8,10.8,500.0
2023-07-26 14:55:00+07:00,10.8,10.8,10.8,10.8,11800.0
2023-07-26 14:56:00+07:00,10.8,10.9,10.8,10.9,32100.0
2023-07-26 14:57:00+07:00,10.8,10.8,10.8,10.8,10800.0
2023-07-26 14:58:00+07:00,10.8,10.9,10.8,10.8,68000.0
2023-07-26 14:59:00+07:00,10.8,10.8,10.8,10.8,1800.0
2023-07-26 15:00:00+07:00,10.8,10.9,10.8,10.8,1700.0
2023-07-26 15:01:00+07:00,10.8,10.8,10.8,10.8,800.0
2023-07-26 15:02:00+07:00,10.8,10.8,10.8,10.8,800.0
2023-07-26 15:03:00+07:00,10.8,10.8,10.8,10.8,800.0
2023-07-26 15:04:00+07:00,10.8,10.8,10.8,10.8,1100.0
2023-07-26 15:05:00+07:00,10.8,10.8,10.8,10.8,3300.0
2023-07-26 15:06:00+07:00,10.8,10.8,10.8,10.8,800.0
2023-07-26 15:07:00+07:00,10.9,10.9,10.8,10.8,700.0
2023-07-26 15:08:00+07:00,10.8,10.9,10.8,10.9,600.0
2023-07-26 15:09:00+07:00,10.8,10.8,10.8,10.8,1100.0
2023-07-26 15:10:00+07:00,10.8,10.8,10.8,10.8,3000.0
2023-07-26 15:11:00+07:00,10.8,10.8,10.8,10.8,1400.0
2023-07-26 15:12:00+07:00,10.8,10.8,10.8,10.8,800.0
2023-07-26 15:13:00+07:00,10.8,10.8,10.8,10.8,400.0
2023-07-26 15:14:00+07:00,10.8,10.9,10.8,10.9,200800.0
2023-07-26 15:15:00+07:00,10.9,10.9,10.9,10.9,11400.0
2023-07-26 15:19:00+07:00,10.8,10.9,10.8,10.8,4000.0
2023-07-26 15:21:00+07:00,10.8,10.8,10.8,10.8,1400.0
2023-07-26 15:23:00+07:00,10.8,10.8,10.8,10.8,2400.0
2023-07-26 15:24:00+07:00,10.9,10.9,10.9,10.9,400.0
2023-07-26 15:27:00+07:00,10.9,10.9,10.9,10.9,100.0
2023-07-26 15:31:00+07:00,10.8,10.8,10.8,10.8,21500.0
2023-07-26 15:33:00+07:00,10.8,10.8,10.8,10.8,300.0
2023-07-26 15:37:00+07:00,10.9,10.9,10.9,10.9,100.0
2023-07-26 15:38:00+07:00,10.9,10.9,10.9,10.9,1000.0
2023-07-26 15:40:00+07:00,10.8,10.9,10.8,10.9,300.0
2023-07-26 15:41:00+07:00,10.9,10.9,10.9,10.9,300.0
2023-07-26 15:43:00+07:00,10.9,10.9,10.9,10.9,500.0
2023-07-26 15:44:00+07:00,10.9,10.9,10.9,10.9,2300.0
2023-07-26 15:45:00+07:00,10.9,10.9,10.9,10.9,100.0
2023-07-26 15:46:00+07:00,10.9,10.9,10.9,10.9,202100.0
2023-07-26 15:47:00+07:00,10.9,10.9,10.9,10.9,300.0
2023-07-26 15:48:00+07:00,10.9,10.9,10.9,10.9,1100.0
2023-07-26 15:51:00+07:00,10.8,10.9,10.8,10.8,1100.0
2023-07-26 15:52:00+07:00,10.8,10.8,10.8,10.8,118500.0
2023-07-26 15:53:00+07:00,10.8,10.8,10.7,10.8,2004800.0
2023-07-26 15:54:00+07:00,10.8,10.8,10.7,10.7,20800.0
2023-07-26 15:55:00+07:00,10.8,10.8,10.7,10.8,3300.0
2023-07-26 15:56:00+07:00,10.7,10.8,10.7,10.7,12200.0
2023-07-26 15:57:00+07:00,10.8,10.8,10.7,10.8,9000.0
2023-07-26 15:58:00+07:00,10.7,10.8,10.7,10.8,5000.0
2023-07-26 15:59:00+07:00,10.8,10.8,10.7,10.8,2000.0
2023-07-26 16:00:00+07:00,10.7,10.8,10.7,10.8,11800.0
2023-07-26 16:01:00+07:00,10.7,10.8,10.7,10.8,14100.0
2023-07-26 16:02:00+07:00,10.8,10.8,10.7,10.7,7900.0
2023-07-26 16:03:00+07:00,10.8,10.8,10.7,10.8,7200.0
2023-07-26 16:04:00+07:00,10.8,10.8,10.7,10.7,5900.0
2023-07-26 16:05:00+07:00,10.7,10.8,10.7,10.8,2000.0
2023-07-26 16:06:00+07:00,10.7,10.8,10.7,10.7,3300.0
2023-07-26 16:07:00+07:00,10.7,10.8,10.7,10.7,3300.0
2023-07-26 16:08:00+07:00,10.8,10.8,10.7,10.7,48300.0
2023-07-26 16:09:00+07:00,10.8,10.8,10.7,10.8,10700.0
2023-07-26 16:10:00+07:00,10.8,10.8,10.7,10.8,6000.0
2023-07-26 16:11:00+07:00,10.8,10.8,10.7,10.8,12400.0
2023-07-26 16:12:00+07:00,10.8,10.8,10.7,10.7,8000.0
2023-07-26 16:13:00+07:00,10.8,10.8,10.7,10.8,557800.0
2023-07-26 16:14:00+07:00,10.8,10.9,10.8,10.8,946000.0
2023-07-26 16:15:00+07:00,10.9,10.9,10.8,10.8,40300.0
2023-07-26 16:17:00+07:00,10.8,10.8,10.8,10.8,100000.0
2023-07-26 16:18:00+07:00,10.8,10.8,10.8,10.8,38300.0
2023-07-26 16:19:00+07:00,10.9,10.9,10.9,10.9,1800.0
2023-07-26 16:21:00+07:00,10.9,10.9,10.9,10.9,200.0
2023-07-26 16:24:00+07:00,10.9,10.9,10.9,10.9,1000.0
2023-07-26 16:25:00+07:00,10.8,10.8,10.8,10.8,300100.0
2023-07-26 16:26:00+07:00,10.8,10.9,10.8,10.9,13900.0
2023-07-26 16:27:00+07:00,10.8,10.9,10.8,10.9,102600.0
2023-07-26 16:28:00+07:00,10.9,10.9,10.9,10.9,2600.0
2023-07-26 16:29:00+07:00,10.9,10.9,10.8,10.9,103000.0
2023-07-26 16:39:00+07:00,10.8,10.8,10.8,10.8,847400.0
2023-07-27 09:58:00+07:00,10.8,10.8,10.8,10.8,67400.0
2023-07-27 10:00:00+07:00,10.9,10.9,10.9,10.9,18400.0
2023-07-27 10:01:00+07:00,10.9,10.9,10.8,10.8,600.0
2023-07-27 10:02:00+07:00,10.8,10.8,10.8,10.8,1000.0
2023-07-27 10:05:00+07:00,10.8,10.8,10.8,10.8,3000.0
2023-07-27 10:06:00+07:00,10.8,10.8,10.8,10.8,200.0
2023-07-27 10:08:00+07:00,10.9,10.9,10.9,10.9,2000.0
2023-07-27 10:11:00+07:00,10.9,10.9,10.9,10.9,2000.0
2023-07-27 10:12:00+07:00,10.8,10.8,10.8,10.8,3000.0
2023-07-27 10:14:00+07:00,10.8,10.8,10.8,10.8,500.0
2023-07-27 10:15:00+07:00,10.9,10.9,10.9,10.9,200.0
2023-07-27 10:18:00+07:00,10.9,10.9,10.9,10.9,400.0
2023-07-27 10:19:00+07:00,10.9,10.9,10.9,10.9,600.0
2023-07-27 10:20:00+07:00,10.9,10.9,10.9,10.9,200.0
2023-07-27 10:21:00+07:00,10.8,10.8,10.8,10.8,20000.0
2023-07-27 10:22:00+07:00,10.8,10.8,10.8,10.8,22300.0
2023-07-27 10:23:00+07:00,10.8,10.9,10.8,10.9,12600.0
2023-07-27 10:29:00+07:00,10.8,10.8,10.8,10.8,400.0
2023-07-27 10:31:00+07:00,10.8,10.8,10.8,10.8,1000.0
2023-07-27 10:32:00+07:00,10.8,10.8,10.8,10.8,9300.0
2023-07-27 10:34:00+07:00,10.8,10.8,10.8,10.8,300.0
2023-07-27 10:35:00+07:00,10.8,10.8,10.8,10.8,336100.0
2023-07-27 10:36:00+07:00,10.8,10.8,10.8,10.8,154200.0
2023-07-27 10:37:00+07:00,10.8,10.8,10.8,10.8,3100.0
2023-07-27 10:38:00+07:00,10.8,10.8,10.8,10.8,600.0
2023-07-27 10:39:00+07:00,10.8,10.8,10.8,10.8,100.0
2023-07-27 10:40:00+07:00,10.8,10.8,10.8,10.8,100.0
2023-07-27 10:41:00+07:00,10.8,10.8,10.8,10.8,600.0
2023-07-27 10:42:00+07:00,10.8,10.8,10.8,10.8,3300.0
2023-07-27 10:43:00+07:00,10.7,10.8,10.7,10.8,10400.0
2023-07-27 10:45:00+07:00,10.8,10.8,10.8,10.8,170300.0
2023-07-27 10:47:00+07:00,10.8,10.9,10.8,10.9,6300.0
2023-07-27 10:48:00+07:00,10.9,10.9,10.9,10.9,400.0
2023-07-27 10:50:00+07:00,10.9,10.9,10.9,10.9,500.0
2023-07-27 10:51:00+07:00,10.9,10.9,10.9,10.9,3700.0
2023-07-27 10:52:00+07:00,10.8,10.9,10.8,10.8,107800.0
2023-07-27 10:53:00+07:00,10.9,10.9,10.9,10.9,1000.0
2023-07-27 11:02:00+07:00,10.9,10.9,10.8,10.8,40600.0
2023-07-27 11:03:00+07:00,10.8,10.8,10.8,10.8,300.0
2023-07-27 11:04:00+07:00,10.8,10.8,10.8,10.8,100.0
2023-07-27 11:07:00+07:00,10.9,10.9,10.9,10.9,300.0
2023-07-27 11:12:00+07:00,10.9,10.9,10.9,10.9,2000.0
2023-07-27 11:14:00+07:00,10.8,10.8,10.8,10.8,2000.0
2023-07-27 11:15:00+07:00,10.8,10.8,10.8,10.8,500.0
2023-07-27 11:16:00+07:00,10.8,10.8,10.8,10.8,500.0
2023-07-27 11:17:00+07:00,10.9,10.9,10.9,10.9,400.0
2023-07-27 11:25:00+07:00,10.8,10.8,10.8,10.8,1000.0
2023-07-27 11:26:00+07:00,10.9,10.9,10.9,10.9,9600.0
2023-07-27 11:28:00+07:00,10.9,10.9,10.9,10.9,500.0
2023-07-27 11:29:00+07:00,10.9,10.9,10.9,10.9,300.0
2023-07-27 11:35:00+07:00,10.9,10.9,10.9,10.9,300.0
2023-07-27 11:38:00+07:00,10.9,11.0,10.9,10.9,372000.0
2023-07-27 11:39:00+07:00,10.9,11.0,10.9,11.0,500.0
2023-07-27 11:40:00+07:00,11.0,11.0,11.0,11.0,800.0
2023-07-27 11:42:00+07:00,11.0,11.0,11.0,11.0,400.0
2023-07-27 11:46:00+07:00,11.0,11.0,11.0,11.0,1000.0
2023-07-27 11:49:00+07:00,10.9,11.0,10.9,10.9,48000.0
2023-07-27 11:51:00+07:00,11.0,11.0,11.0,11.0,8000.0
2023-07-27 11:53:00+07:00,10.9,10.9,10.9,10.9,24600.0
2023-07-27 11:54:00+07:00,11.0,11.0,10.9,11.0,2200.0
2023-07-27 11:55:00+07:00,11.0,11.0,11.0,11.0,200.0
2023-07-27 12:03:00+07:00,10.9,10.9,10.9,10.9,100.0
2023-07-27 12:04:00+07:00,10.9,10.9,10.9,10.9,300.0
2023-07-27 12:08:00+07:00,10.9,10.9,10.9,10.9,100.0
2023-07-27 12:11:00+07:00,11.0,11.0,10.9,10.9,400.0
2023-07-27 12:14:00+07:00,11.0,11.0,11.0,11.0,1500.0
2023-07-27 12:15:00+07:00,11.0,11.0,10.9,10.9,1300.0
2023-07-27 12:23:00+07:00,11.0,11.0,11.0,11.0,1500.0
2023-07-27 12:25:00+07:00,11.0,11.0,11.0,11.0,500.0
2023-07-27 12:26:00+07:00,10.9,10.9,10.9,10.9,300.0
2023-07-27 12:27:00+07:00,10.9,10.9,10.9,10.9,1000.0
2023-07-27 12:29:00+07:00,10.9,11.0,10.9,11.0,700.0
2023-07-27 14:28:00+07:00,11.0,11.0,11.0,11.0,807200.0
2023-07-27 14:29:00+07:00,11.0,11.0,11.0,11.0,300.0
2023-07-27 14:31:00+07:00,11.1,11.1,11.1,11.1,42100.0
2023-07-27 14:32:00+07:00,11.1,11.1,11.1,11.1,300.0
2023-07-27 14:33:00+07:00,11.1,11.1,11.0,11.0,7100.0
2023-07-27 14:34:00+07:00,11.0,11.0,11.0,11.0,300.0
2023-07-27 14:35:00+07:00,11.1,11.1,11.1,11.1,1000.0
2023-07-27 14:36:00+07:00,11.0,11.0,11.0,11.0,3300.0
2023-07-27 14:37:00+07:00,11.1,11.1,11.1,11.1,28100.0
2023-07-27 14:40:00+07:00,11.0,11.1,11.0,11.0,92900.0
2023-07-27 14:41:00+07:00,11.1,11.1,11.1,11.1,1600.0
2023-07-27 14:42:00+07:00,11.1,11.1,11.0,11.1,752000.0
2023-07-27 14:43:00+07:00,11.1,11.1,11.1,11.1,100.0
2023-07-27 14:45:00+07:00,11.1,11.1,11.1,11.1,5400.0
2023-07-27 14:46:00+07:00,11.1,11.1,11.1,11.1,3800.0
2023-07-27 14:47:00+07:00,11.2,11.2,11.1,11.1,4100.0
2023-07-27 14:48:00+07:00,11.1,11.2,11.1,11.2,400.0
2023-07-27 14:49:00+07:00,11.1,11.1,11.1,11.1,100.0
2023-07-27 14:50:00+07:00,11.1,11.1,11.1,11.1,100.0
2023-07-27 14:51:00+07:00,11.1,11.1,11.1,11.1,100.0
2023-07-27 14:52:00+07:00,11.2,11.2,11.1,11.1,96000.0
2023-07-27 14:53:00+07:00,11.1,11.2,11.1,11.2,61400.0
2023-07-27 14:54:00+07:00,11.2,11.2,11.2,11.2,100.0
2023-07-27 14:55:00+07:00,11.2,11.2,11.2,11.2,1100.0
2023-07-27 14:56:00+07:00,11.2,11.2,11.2,11.2,600.0
2023-07-27 14:57:00+07:00,11.2,11.3,11.2,11.3,1217100.0
2023-07-27 14:58:00+07:00,11.3,11.3,11.2,11.2,142200.0
2023-07-27 14:59:00+07:00,11.2,11.2,11.2,11.2,2100.0
2023-07-27 15:00:00+07:00,11.2,11.3,11.2,11.2,38400.0
2023-07-27 15:01:00+07:00,11.3,11.3,11.3,11.3,60000.0
2023-07-27 15:02:00+07:00,11.3,11.3,11.2,11.2,29700.0
2023-07-27 15:03:00+07:00,11.2,11.3,11.2,11.2,8700.0
2023-07-27 15:04:00+07:00,11.2,11.2,11.2,11.2,1100.0
2023-07-27 15:05:00+07:00,11.2,11.2,11.2,11.2,500.0
2023-07-27 15:06:00+07:00,11.2,11.2,11.2,11.2,8200.0
2023-07-27 15:07:00+07:00,11.2,11.2,11.2,11.2,1000.0
2023-07-27 15:08:00+07:00,11.2,11.2,11.2,11.2,1500.0
2023-07-27 15:09:00+07:00,11.2,11.2,11.2,11.2,59800.0
2023-07-27 15:10:00+07:00,11.2,11.3,11.2,11.3,18300.0
2023-07-27 15:11:00+07:00,11.2,11.3,11.2,11.3,3900.0
2023-07-27 15:12:00+07:00,11.2,11.2,11.2,11.2,13100.0
2023-07-27 15:13:00+07:00,11.2,11.2,11.2,11.2,3200.0
2023-07-27 15:14:00+07:00,11.2,11.3,11.2,11.3,53200.0
2023-07-27 15:15:00+07:00,11.2,11.2,11.2,11.2,10100.0
2023-07-27 15:16:00+07:00,11.3,11.3,11.2,11.3,6200.0
2023-07-27 15:17:00+07:00,11.2,11.2,11.2,11.2,11000.0
2023-07-27 15:18:00+07:00,11.3,11.3,11.3,11.3,200.0
2023-07-27 15:19:00+07:00,11.2,11.2,11.2,11.2,9600.0
2023-07-27 15:22:00+07:00,11.3,11.3,11.2,11.2,2500.0
2023-07-27 15:23:00+07:00,11.2,11.3,11.2,11.2,8000.0
2023-07-27 15:25:00+07:00,11.2,11.2,11.2,11.2,21600.0
2023-07-27 15:26:00+07:00,11.2,11.2,11.2,11.2,1400.0
2023-07-27 15:27:00+07:00,11.2,11.3,11.2,11.3,4400.0
2023-07-27 15:28:00+07:00,11.2,11.3,11.2,11.3,11700.0
2023-07-27 15:29:00+07:00,11.2,11.3,11.2,11.2,15700.0
2023-07-27 15:30:00+07:00,11.2,11.2,11.2,11.2,1000.0
2023-07-27 15:31:00+07:00,11.3,11.3,11.3,11.3,15000.0
2023-07-27 15:33:00+07:00,11.3,11.3,11.2,11.2,6300.0
2023-07-27 15:34:00+07:00,11.2,11.2,11.2,11.2,3000.0
2023-07-27 15:35:00+07:00,11.2,11.2,11.2,11.2,4100.0
2023-07-27 15:36:00+07:00,11.2,11.2,11.2,11.2,500.0
2023-07-27 15:37:00+07:00,11.2,11.2,11.2,11.2,1346500.0
2023-07-27 15:38:00+07:00,11.2,11.2,11.2,11.2,14700.0
2023-07-27 15:39:00+07:00,11.2,11.3,11.2,11.2,8300.0
2023-07-27 15:40:00+07:00,11.2,11.2,11.2,11.2,8200.0
2023-07-27 15:41:00+07:00,11.2,11.2,11.2,11.2,70600.0
2023-07-27 15:42:00+07:00,11.2,11.2,11.2,11.2,17100.0
2023-07-27 15:43:00+07:00,11.2,11.3,11.2,11.2,119100.0
2023-07-27 15:44:00+07:00,11.2,11.3,11.2,11.2,11900.0
2023-07-27 15:45:00+07:00,11.2,11.2,11.2,11.2,5000.0
2023-07-27 15:46:00+07:00,11.2,11.2,11.2,11.2,33000.0
2023-07-27 15:47:00+07:00,11.2,11.2,11.2,11.2,1200.0
2023-07-27 15:48:00+07:00,11.2,11.2,11.2,11.2,4200.0
2023-07-27 15:50:00+07:00,11.2,11.2,11.2,11.2,16900.0
2023-07-27 15:51:00+07:00,11.2,11.2,11.2,11.2,114400.0
2023-07-27 15:52:00+07:00,11.2,11.2,11.2,11.2,47600.0
2023-07-27 15:53:00+07:00,11.2,11.2,11.2,11.2,291900.0
2023-07-27 15:55:00+07:00,11.2,11.2,11.2,11.2,277600.0
2023-07-27 15:56:00+07:00,11.2,11.2,11.2,11.2,21800.0
2023-07-27 15:57:00+07:00,11.3,11.3,11.3,11.3,100.0
2023-07-27 15:58:00+07:00,11.3,11.3,11.2,11.3,16800.0
2023-07-27 16:00:00+07:00,11.2,11.2,11.2,11.2,16000.0
2023-07-27 16:02:00+07:00,11.2,11.2,11.2,11.2,1000.0
2023-07-27 16:03:00+07:00,11.3,11.3,11.3,11.3,200.0
2023-07-27 16:05:00+07:00,11.3,11.3,11.2,11.2,5900.0
2023-07-27 16:07:00+07:00,11.2,11.2,11.2,11.2,52300.0
2023-07-27 16:08:00+07:00,11.2,11.2,11.2,11.2,1600.0
2023-07-27 16:09:00+07:00,11.2,11.2,11.2,11.2,2200.0
2023-07-27 16:10:00+07:00,11.2,11.2,11.2,11.2,54100.0
2023-07-27 16:11:00+07:00,11.2,11.2,11.2,11.2,527100.0
2023-07-27 16:12:00+07:00,11.2,11.2,11.2,11.2,20200.0
2023-07-27 16:13:00+07:00,11.2,11.2,11.2,11.2,3100.0
2023-07-27 16:14:00+07:00,11.2,11.3,11.2,11.2,21700.0
2023-07-27 16:15:00+07:00,11.2,11.2,11.2,11.2,700.0
2023-07-27 16:16:00+07:00,11.2,11.2,11.2,11.2,1900.0
2023-07-27 16:17:00+07:00,11.2,11.2,11.2,11.2,5300.0
2023-07-27 16:18:00+07:00,11.3,11.3,11.2,11.2,7600.0
2023-07-27 16:19:00+07:00,11.2,11.2,11.2,11.2,8200.0
2023-07-27 16:20:00+07:00,11.3,11.3,11.2,11.2,22600.0
2023-07-27 16:21:00+07:00,11.2,11.3,11.2,11.2,3700.0
2023-07-27 16:22:00+07:00,11.2,11.2,11.2,11.2,2700.0
2023-07-27 16:23:00+07:00,11.2,11.2,11.2,11.2,12100.0
2023-07-27 16:24:00+07:00,11.2,11.2,11.2,11.2,6200.0
2023-07-27 16:25:00+07:00,11.2,11.2,11.2,11.2,78800.0
2023-07-27 16:26:00+07:00,11.2,11.2,11.2,11.2,193900.0
2023-07-27 16:28:00+07:00,11.2,11.2,11.2,11.2,3100.0
2023-07-27 16:36:00+07:00,11.2,11.2,11.2,11.2,1220200.0
2023-07-31 09:55:00+07:00,11.3,11.3,11.3,11.3,115500.0
2023-07-31 09:56:00+07:00,11.3,11.3,11.3,11.3,30600.0
2023-07-31 09:57:00+07:00,11.3,11.3,11.3,11.3,18700.0
2023-07-31 09:59:00+07:00,11.2,11.2,11.2,11.2,500.0
2023-07-31 10:00:00+07:00,11.3,11.3,11.3,11.3,10000.0
2023-07-31 10:01:00+07:00,11.3,11.3,11.2,11.2,187000.0
2023-07-31 10:02:00+07:00,11.2,11.2,11.2,11.2,100.0
2023-07-31 10:03:00+07:00,11.2,11.2,11.2,11.2,100.0
2023-07-31 10:05:00+07:00,11.2,11.2,11.2,11.2,900.0
2023-07-31 10:06:00+07:00,11.3,11.4,11.3,11.3,498700.0
2023-07-31 10:07:00+07:00,11.3,11.3,11.2,11.2,1900.0
2023-07-31 10:08:00+07:00,11.3,11.3,11.3,11.3,5600.0
2023-07-31 10:09:00+07:00,11.3,11.3,11.3,11.3,7000.0
2023-07-31 10:10:00+07:00,11.2,11.2,11.2,11.2,200.0
2023-07-31 10:13:00+07:00,11.2,11.2,11.2,11.2,200.0
2023-07-31 10:15:00+07:00,11.2,11.2,11.2,11.2,11000.0
2023-07-31 10:16:00+07:00,11.2,11.2,11.2,11.2,1000.0
2023-07-31 10:17:00+07:00,11.2,11.2,11.2,11.2,200.0
2023-07-31 10:18:00+07:00,11.2,11.2,11.2,11.2,8600.0
2023-07-31 10:19:00+07:00,11.2,11.2,11.2,11.2,1000.0
2023-07-31 10:20:00+07:00,11.2,11.2,11.2,11.2,800.0
2023-07-31 10:21:00+07:00,11.2,11.3,11.2,11.3,1400.0
2023-07-31 10:22:00+07:00,11.2,11.2,11.2,11.2,305300.0
2023-07-31 10:23:00+07:00,11.2,11.2,11.2,11.2,317100.0
2023-07-31 10:24:00+07:00,11.2,11.2,11.2,11.2,800.0
2023-07-31 10:25:00+07:00,11.2,11.2,11.2,11.2,1000.0
2023-07-31 10:27:00+07:00,11.2,11.2,11.2,11.2,10000.0
2023-07-31 10:28:00+07:00,11.2,11.2,11.2,11.2,3000.0
2023-07-31 10:30:00+07:00,11.2,11.3,11.2,11.3,19800.0
2023-07-31 10:31:00+07:00,11.2,11.2,11.2,11.2,5300.0
2023-07-31 10:32:00+07:00,11.3,11.3,11.2,11.2,2100.0
2023-07-31 10:34:00+07:00,11.2,11.3,11.2,11.3,3600.0
2023-07-31 10:37:00+07:00,11.2,11.3,11.2,11.2,900.0
2023-07-31 10:39:00+07:00,11.2,11.2,11.2,11.2,1600.0
2023-07-31 10:41:00+07:00,11.2,11.2,11.2,11.2,400.0
2023-07-31 10:43:00+07:00,11.2,11.2,11.2,11.2,200.0
2023-07-31 10:45:00+07:00,11.2,11.2,11.2,11.2,600.0
2023-07-31 10:47:00+07:00,11.2,11.2,11.2,11.2,16200.0
2023-07-31 10:48:00+07:00,11.2,11.2,11.2,11.2,1700.0
2023-07-31 10:49:00+07:00,11.2,11.2,11.2,11.2,4000.0
2023-07-31 10:50:00+07:00,11.2,11.2,11.2,11.2,23800.0
2023-07-31 10:52:00+07:00,11.2,11.3,11.2,11.3,10500.0
2023-07-31 10:53:00+07:00,11.3,11.3,11.3,11.3,200.0
2023-07-31 10:56:00+07:00,11.3,11.3,11.3,11.3,2000.0
2023-07-31 10:57:00+07:00,11.3,11.3,11.2,11.2,105900.0
2023-07-31 10:58:00+07:00,11.2,11.2,11.2,11.2,6200.0
2023-07-31 11:00:00+07:00,11.2,11.2,11.2,11.2,7000.0
2023-07-31 11:01:00+07:00,11.2,11.2,11.2,11.2,2100.0
2023-07-31 11:03:00+07:00,11.2,11.2,11.2,11.2,1500.0
2023-07-31 11:04:00+07:00,11.3,11.3,11.2,11.2,11000.0
2023-07-31 11:05:00+07:00,11.2,11.2,11.2,11.2,300.0
2023-07-31 11:06:00+07:00,11.2,11.3,11.2,11.2,600.0
2023-07-31 11:08:00+07:00,11.2,11.2,11.2,11.2,2700.0
2023-07-31 11:09:00+07:00,11.2,11.2,11.2,11.2,300.0
2023-07-31 11:10:00+07:00,11.2,11.2,11.2,11.2,400.0
2023-07-31 11:11:00+07:00,11.2,11.2,11.2,11.2,8500.0
2023-07-31 11:12:00+07:00,11.2,11.2,11.2,11.2,200.0
2023-07-31 11:13:00+07:00,11.2,11.2,11.2,11.2,200.0
2023-07-31 11:15:00+07:00,11.2,11.2,11.2,11.2,294800.0
2023-07-31 11:16:00+07:00,11.2,11.2,11.2,11.2,246700.0
2023-07-31 11:17:00+07:00,11.2,11.2,11.2,11.2,98400.0
2023-07-31 11:18:00+07:00,11.2,11.2,11.2,11.2,10100.0
2023-07-31 11:20:00+07:00,11.2,11.2,11.2,11.2,3700.0
2023-07-31 11:21:00+07:00,11.2,11.2,11.2,11.2,400.0
2023-07-31 11:23:00+07:00,11.2,11.2,11.2,11.2,10000.0
2023-07-31 11:25:00+07:00,11.2,11.2,11.2,11.2,1500.0
2023-07-31 11:26:00+07:00,11.2,11.2,11.2,11.2,300.0
2023-07-31 11:27:00+07:00,11.2,11.2,11.2,11.2,100.0
2023-07-31 11:28:00+07:00,11.2,11.2,11.2,11.2,2500.0
2023-07-31 11:29:00+07:00,11.2,11.2,11.2,11.2,5000.0
2023-07-31 11:30:00+07:00,11.2,11.2,11.1,11.2,20500.0
2023-07-31 11:31:00+07:00,11.2,11.2,11.2,11.2,400.0
2023-07-31 11:33:00+07:00,11.2,11.2,11.2,11.2,100.0
2023-07-31 11:34:00+07:00,11.2,11.3,11.2,11.2,550200.0
2023-07-31 11:35:00+07:00,11.2,11.2,11.2,11.2,30200.0
2023-07-31 11:36:00+07:00,11.2,11.2,11.2,11.2,100.0
2023-07-31 11:37:00+07:00,11.2,11.2,11.2,11.2,3100.0
2023-07-31 11:38:00+07:00,11.2,11.2,11.2,11.2,100.0
2023-07-31 11:39:00+07:00,11.2,11.2,11.2,11.2,2100.0
2023-07-31 11:40:00+07:00,11.2,11.2,11.2,11.2,8900.0
2023-07-31 11:41:00+07:00,11.2,11.2,11.2,11.2,100.0
2023-07-31 11:42:00+07:00,11.2,11.2,11.2,11.2,100.0
2023-07-31 11:43:00+07:00,11.2,11.2,11.2,11.2,100.0
2023-07-31 11:54:00+07:00,11.2,11.2,11.2,11.2,200.0
2023-07-31 11:57:00+07:00,11.3,11.3,11.3,11.3,700.0
2023-07-31 12:00:00+07:00,11.2,11.2,11.2,11.2,3000.0
2023-07-31 12:01:00+07:00,11.2,11.2,11.2,11.2,1200.0
2023-07-31 12:03:00+07:00,11.2,11.2,11.2,11.2,100.0
2023-07-31 12:05:00+07:00,11.2,11.2,11.2,11.2,1100.0
2023-07-31 12:06:00+07:00,11.2,11.3,11.2,11.3,6100.0
2023-07-31 12:08:00+07:00,11.3,11.3,11.3,11.3,100.0
2023-07-31 12:10:00+07:00,11.3,11.3,11.3,11.3,200.0
2023-07-31 12:15:00+07:00,11.2,11.2,11.2,11.2,2200.0
2023-07-31 12:18:00+07:00,11.2,11.3,11.2,11.3,300.0
2023-07-31 12:19:00+07:00,11.3,11.3,11.3,11.3,100.0
2023-07-31 12:22:00+07:00,11.2,11.2,11.2,11.2,1600.0
2023-07-31 12:23:00+07:00,11.3,11.3,11.3,11.3,300.0
2023-07-31 12:27:00+07:00,11.2,11.2,11.2,11.2,100.0
2023-07-31 12:28:00+07:00,11.2,11.3,11.2,11.3,21200.0
2023-07-31 12:29:00+07:00,11.3,11.3,11.3,11.3,5800.0
2023-07-31 14:28:00+07:00,11.3,11.3,11.2,11.2,9300.0
2023-07-31 14:33:00+07:00,11.2,11.2,11.2,11.2,100.0
2023-07-31 14:36:00+07:00,11.3,11.3,11.2,11.2,20500.0
2023-07-31 14:37:00+07:00,11.3,11.3,11.3,11.3,1100.0
2023-07-31 14:38:00+07:00,11.2,11.2,11.2,11.2,2600.0
2023-07-31 14:40:00+07:00,11.2,11.2,11.2,11.2,705100.0
2023-07-31 14:41:00+07:00,11.2,11.2,11.2,11.2,1000.0
2023-07-31 14:42:00+07:00,11.2,11.2,11.2,11.2,3000.0
2023-07-31 14:43:00+07:00,11.2,11.2,11.2,11.2,1000.0
2023-07-31 14:44:00+07:00,11.2,11.2,11.2,11.2,200.0
2023-07-31 14:45:00+07:00,11.1,11.1,11.1,11.1,1500.0
2023-07-31 14:46:00+07:00,11.2,11.2,11.2,11.2,3000.0
2023-07-31 14:47:00+07:00,11.2,11.2,11.2,11.2,300.0
2023-07-31 14:48:00+07:00,11.2,11.2,11.2,11.2,1000.0
2023-07-31 14:52:00+07:00,11.2,11.2,11.2,11.2,400.0
2023-07-31 14:54:00+07:00,11.2,11.2,11.2,11.2,100.0
2023-07-31 14:55:00+07:00,11.2,11.2,11.2,11.2,100.0
2023-07-31 14:56:00+07:00,11.2,11.2,11.2,11.2,3000.0
2023-07-31 14:59:00+07:00,11.2,11.2,11.2,11.2,2000.0
2023-07-31 15:00:00+07:00,11.1,11.1,11.1,11.1,100.0
2023-07-31 15:02:00+07:00,11.1,11.2,11.1,11.2,600.0
2023-07-31 15:03:00+07:00,11.2,11.2,11.2,11.2,100.0
2023-07-31 15:04:00+07:00,11.2,11.2,11.1,11.2,400.0
2023-07-31 15:05:00+07:00,11.2,11.2,11.1,11.1,300.0
2023-07-31 15:06:00+07:00,11.2,11.2,11.2,11.2,2000.0
2023-07-31 15:11:00+07:00,11.2,11.2,11.2,11.2,200.0
2023-07-31 15:12:00+07:00,11.1,11.2,11.1,11.2,700.0
2023-07-31 15:16:00+07:00,11.1,11.1,11.1,11.1,100.0
2023-07-31 15:18:00+07:00,11.1,11.1,11.1,11.1,100.0
2023-07-31 15:19:00+07:00,11.2,11.2,11.2,11.2,20000.0
2023-07-31 15:20:00+07:00,11.2,11.2,11.2,11.2,10000.0
2023-07-31 15:22:00+07:00,11.1,11.1,11.1,11.1,800.0
2023-07-31 15:23:00+07:00,11.2,11.2,11.2,11.2,1000.0
2023-07-31 15:24:00+07:00,11.2,11.2,11.2,11.2,10000.0
2023-07-31 15:25:00+07:00,11.1,11.1,11.1,11.1,300.0
2023-07-31 15:27:00+07:00,11.2,11.2,11.2,11.2,20100.0
2023-07-31 15:28:00+07:00,11.2,11.2,11.2,11.2,15000.0
2023-07-31 15:30:00+07:00,11.2,11.2,11.2,11.2,800.0
2023-07-31 15:31:00+07:00,11.2,11.2,11.2,11.2,2000.0
2023-07-31 15:32:00+07:00,11.1,11.2,11.1,11.2,2200.0
2023-07-31 15:34:00+07:00,11.2,11.2,11.2,11.2,20000.0
2023-07-31 15:36:00+07:00,11.2,11.2,11.2,11.2,500.0
2023-07-31 15:37:00+07:00,11.1,11.2,11.1,11.2,3200.0
2023-07-31 15:38:00+07:00,11.2,11.2,11.2,11.2,100.0
2023-07-31 15:39:00+07:00,11.2,11.2,11.2,11.2,5000.0
2023-07-31 15:40:00+07:00,11.2,11.2,11.2,11.2,600.0
2023-07-31 15:41:00+07:00,11.2,11.2,11.2,11.2,10000.0
2023-07-31 15:42:00+07:00,11.2,11.2,11.2,11.2,15000.0
2023-07-31 15:47:00+07:00,11.1,11.1,11.1,11.1,9200.0
2023-07-31 15:52:00+07:00,11.2,11.2,11.1,11.1,5900.0
2023-07-31 15:54:00+07:00,11.2,11.2,11.2,11.2,200.0
2023-07-31 15:55:00+07:00,11.1,11.1,11.1,11.1,301400.0
2023-07-31 15:56:00+07:00,11.2,11.2,11.2,11.2,5000.0
2023-07-31 15:57:00+07:00,11.1,11.1,11.1,11.1,2600.0
2023-07-31 16:00:00+07:00,11.1,11.1,11.1,11.1,20400.0
2023-07-31 16:02:00+07:00,11.1,11.2,11.1,11.1,9500.0
2023-07-31 16:03:00+07:00,11.1,11.1,11.1,11.1,2100.0
2023-07-31 16:04:00+07:00,11.1,11.1,11.1,11.1,43700.0
2023-07-31 16:05:00+07:00,11.2,11.2,11.2,11.2,1100.0
2023-07-31 16:06:00+07:00,11.1,11.2,11.1,11.2,1000.0
2023-07-31 16:07:00+07:00,11.2,11.2,11.1,11.1,5700.0
2023-07-31 16:08:00+07:00,11.2,11.2,11.2,11.2,1200.0
2023-07-31 16:09:00+07:00,11.1,11.1,11.1,11.1,8100.0
2023-07-31 16:10:00+07:00,11.2,11.2,11.2,11.2,200.0
2023-07-31 16:11:00+07:00,11.2,11.2,11.2,11.2,700.0
2023-07-31 16:12:00+07:00,11.2,11.2,11.1,11.1,3300.0
2023-07-31 16:13:00+07:00,11.2,11.2,11.1,11.2,7300.0
2023-07-31 16:14:00+07:00,11.2,11.2,11.2,11.2,3000.0
2023-07-31 16:16:00+07:00,11.2,11.2,11.2,11.2,100.0
2023-07-31 16:17:00+07:00,11.1,11.1,11.1,11.1,8200.0
2023-07-31 16:18:00+07:00,11.1,11.1,11.1,11.1,100.0
2023-07-31 16:19:00+07:00,11.2,11.2,11.2,11.2,100.0
2023-07-31 16:22:00+07:00,11.1,11.1,11.1,11.1,8600.0
2023-07-31 16:24:00+07:00,11.1,11.1,11.1,11.1,13100.0
2023-07-31 16:25:00+07:00,11.2,11.2,11.2,11.2,135200.0
2023-07-31 16:26:00+07:00,11.1,11.2,11.1,11.2,2700.0
2023-07-31 16:27:00+07:00,11.1,11.1,11.1,11.1,30700.0
2023-07-31 16:28:00+07:00,11.2,11.2,11.1,11.1,15900.0
2023-07-31 16:29:00+07:00,11.1,11.2,11.1,11.1,42000.0
2023-07-31 16:38:00+07:00,11.2,11.2,11.2,11.2,2227900.0
2023-08-02 09:59:00+07:00,11.1,11.2,11.1,11.2,229300.0
2023-08-02 10:00:00+07:00,11.2,11.2,11.2,11.2,62700.0
2023-08-02 10:01:00+07:00,11.2,11.2,11.2,11.2,5000.0
2023-08-02 10:02:00+07:00,11.2,11.2,11.2,11.2,137700.0
2023-08-02 10:03:00+07:00,11.2,11.2,11.2,11.2,5000.0
2023-08-02 10:04:00+07:00,11.2,11.2,11.2,11.2,34700.0
2023-08-02 10:05:00+07:00,11.2,11.2,11.2,11.2,2300.0
2023-08-02 10:06:00+07:00,11.2,11.2,11.2,11.2,400.0
2023-08-02 10:07:00+07:00,11.2,11.2,11.2,11.2,14000.0
2023-08-02 10:08:00+07:00,11.3,11.3,11.3,11.3,200.0
2023-08-02 10:09:00+07:00,11.2,11.2,11.2,11.2,79600.0
2023-08-02 10:10:00+07:00,11.1,11.2,11.1,11.2,345000.0
2023-08-02 10:11:00+07:00,11.2,11.2,11.2,11.2,56500.0
2023-08-02 10:13:00+07:00,11.2,11.2,11.2,11.2,30000.0
2023-08-02 10:14:00+07:00,11.1,11.1,11.1,11.1,200.0
2023-08-02 10:15:00+07:00,11.2,11.2,11.2,11.2,100.0
2023-08-02 10:16:00+07:00,11.2,11.2,11.2,11.2,11000.0
2023-08-02 10:17:00+07:00,11.2,11.2,11.2,11.2,100.0
2023-08-02 10:18:00+07:00,11.2,11.2,11.2,11.2,3100.0
2023-08-02 10:20:00+07:00,11.2,11.2,11.2,11.2,19800.0
2023-08-02 10:21:00+07:00,11.2,11.2,11.2,11.2,3100.0
2023-08-02 10:22:00+07:00,11.2,11.2,11.2,11.2,9400.0
2023-08-02 10:25:00+07:00,11.2,11.2,11.2,11.2,1000.0
2023-08-02 10:27:00+07:00,11.2,11.2,11.2,11.2,100.0
2023-08-02 10:28:00+07:00,11.2,11.2,11.2,11.2,1000.0
2023-08-02 10:29:00+07:00,11.1,11.1,11.1,11.1,400.0
2023-08-02 10:30:00+07:00,11.2,11.2,11.2,11.2,12000.0
2023-08-02 10:31:00+07:00,11.2,11.2,11.1,11.1,500.0
2023-08-02 10:34:00+07:00,11.1,11.2,11.1,11.2,1500.0
2023-08-02 10:35:00+07:00,11.2,11.2,11.2,11.2,10000.0
2023-08-02 10:36:00+07:00,11.2,11.2,11.2,11.2,20000.0
2023-08-02 10:37:00+07:00,11.2,11.2,11.1,11.2,65600.0
2023-08-02 10:38:00+07:00,11.2,11.2,11.2,11.2,10200.0
2023-08-02 10:40:00+07:00,11.2,11.2,11.2,11.2,35000.0
2023-08-02 10:43:00+07:00,11.1,11.1,11.1,11.1,5000.0
2023-08-02 10:47:00+07:00,11.1,11.1,11.1,11.1,1000.0
2023-08-02 10:48:00+07:00,11.1,11.1,11.1,11.1,161900.0
2023-08-02 10:52:00+07:00,11.1,11.1,11.1,11.1,100.0
2023-08-02 10:53:00+07:00,11.1,11.1,11.1,11.1,100.0
2023-08-02 10:57:00+07:00,11.2,11.2,11.2,11.2,100.0
2023-08-02 10:58:00+07:00,11.2,11.2,11.2,11.2,100.0
2023-08-02 11:01:00+07:00,11.1,11.1,11.1,11.1,300.0
2023-08-02 11:05:00+07:00,11.1,11.1,11.1,11.1,100.0
2023-08-02 11:06:00+07:00,11.1,11.1,11.1,11.1,900.0
2023-08-02 11:07:00+07:00,11.2,11.2,11.2,11.2,100.0
2023-08-02 11:14:00+07:00,11.2,11.2,11.2,11.2,100.0
2023-08-02 11:18:00+07:00,11.2,11.2,11.2,11.2,122600.0
2023-08-02 11:19:00+07:00,11.2,11.2,11.2,11.2,1000.0
2023-08-02 11:20:00+07:00,11.1,11.2,11.1,11.2,1900.0
2023-08-02 11:21:00+07:00,11.2,11.2,11.2,11.2,91100.0
2023-08-02 11:23:00+07:00,11.2,11.2,11.2,11.2,100.0
2023-08-02 11:24:00+07:00,11.2,11.2,11.2,11.2,1000.0
2023-08-02 11:25:00+07:00,11.2,11.2,11.2,11.2,3000.0
2023-08-02 11:26:00+07:00,11.1,11.1,11.1,11.1,100.0
2023-08-02 11:28:00+07:00,11.2,11.2,11.2,11.2,1000.0
2023-08-02 11:30:00+07:00,11.2,11.2,11.2,11.2,1000.0
2023-08-02 11:31:00+07:00,11.2,11.2,11.2,11.2,100.0
2023-08-02 11:33:00+07:00,11.2,11.2,11.2,11.2,1100.0
2023-08-02 11:36:00+07:00,11.2,11.2,11.2,11.2,1400.0
2023-08-02 11:37:00+07:00,11.2,11.2,11.2,11.2,700.0
2023-08-02 11:38:00+07:00,11.2,11.2,11.2,11.2,300.0
2023-08-02 11:39:00+07:00,11.2,11.2,11.2,11.2,1000.0
2023-08-02 11:40:00+07:00,11.2,11.3,11.2,11.2,181100.0
2023-08-02 11:41:00+07:00,11.2,11.2,11.2,11.2,100.0
2023-08-02 11:42:00+07:00,11.2,11.3,11.2,11.2,400.0
2023-08-02 11:44:00+07:00,11.2,11.2,11.2,11.2,2200.0
2023-08-02 11:45:00+07:00,11.2,11.3,11.2,11.2,2500.0
2023-08-02 11:46:00+07:00,11.2,11.2,11.2,11.2,65200.0
2023-08-02 11:47:00+07:00,11.2,11.2,11.2,11.2,73000.0
2023-08-02 11:51:00+07:00,11.2,11.2,11.2,11.2,1100.0
2023-08-02 11:53:00+07:00,11.2,11.2,11.2,11.2,100.0
2023-08-02 11:56:00+07:00,11.3,11.3,11.3,11.3,100.0
2023-08-02 11:57:00+07:00,11.2,11.2,11.2,11.2,8000.0
2023-08-02 11:58:00+07:00,11.2,11.2,11.2,11.2,900.0
2023-08-02 11:59:00+07:00,11.2,11.2,11.2,11.2,800.0
2023-08-02 12:02:00+07:00,11.3,11.3,11.3,11.3,1000.0
2023-08-02 12:03:00+07:00,11.2,11.2,11.2,11.2,100.0
2023-08-02 12:07:00+07:00,11.2,11.3,11.2,11.3,1400.0
2023-08-02 12:08:00+07:00,11.2,11.2,11.2,11.2,100.0
2023-08-02 12:10:00+07:00,11.3,11.3,11.3,11.3,1000.0
2023-08-02 12:15:00+07:00,11.3,11.3,11.3,11.3,1000.0
2023-08-02 12:16:00+07:00,11.2,11.2,11.2,11.2,10000.0
2023-08-02 12:18:00+07:00,11.3,11.3,11.3,11.3,1000.0
2023-08-02 12:23:00+07:00,11.3,11.3,11.3,11.3,1000.0
2023-08-02 12:24:00+07:00,11.2,11.2,11.2,11.2,7200.0
2023-08-02 12:26:00+07:00,11.3,11.3,11.3,11.3,400.0
2023-08-02 12:29:00+07:00,11.3,11.3,11.3,11.3,600.0
2023-08-02 14:26:00+07:00,11.3,11.3,11.2,11.3,284000.0
2023-08-02 14:28:00+07:00,11.3,11.3,11.3,11.3,60000.0
2023-08-02 14:30:00+07:00,11.3,11.3,11.3,11.3,4000.0
2023-08-02 14:31:00+07:00,11.2,11.2,11.2,11.2,500.0
2023-08-02 14:33:00+07:00,11.2,11.2,11.2,11.2,700.0
2023-08-02 14:34:00+07:00,11.3,11.3,11.2,11.2,1700.0
2023-08-02 14:37:00+07:00,11.3,11.3,11.3,11.3,1000.0
2023-08-02 14:40:00+07:00,11.2,11.3,11.2,11.3,25000.0
2023-08-02 14:41:00+07:00,11.3,11.3,11.3,11.3,566800.0
2023-08-02 14:42:00+07:00,11.3,11.4,11.3,11.4,6900.0
2023-08-02 14:43:00+07:00,11.4,11.6,11.4,11.5,2842600.0
2023-08-02 14:44:00+07:00,11.5,11.5,11.5,11.5,6300.0
2023-08-02 14:45:00+07:00,11.4,11.5,11.4,11.4,14200.0
2023-08-02 14:46:00+07:00,11.4,11.5,11.4,11.4,4400.0
2023-08-02 14:47:00+07:00,11.4,11.4,11.4,11.4,442200.0
2023-08-02 14:48:00+07:00,11.4,11.4,11.3,11.4,1800.0
2023-08-02 14:49:00+07:00,11.4,11.4,11.4,11.4,3200.0
2023-08-02 14:50:00+07:00,11.4,11.5,11.4,11.4,198400.0
2023-08-02 14:51:00+07:00,11.4,11.5,11.4,11.4,11000.0
2023-08-02 14:52:00+07:00,11.4,11.4,11.4,11.4,13400.0
2023-08-02 14:53:00+07:00,11.4,11.5,11.4,11.5,3500.0
2023-08-02 14:54:00+07:00,11.4,11.5,11.4,11.5,12900.0
2023-08-02 14:55:00+07:00,11.5,11.5,11.5,11.5,2000.0
2023-08-02 14:56:00+07:00,11.4,11.5,11.4,11.4,6100.0
2023-08-02 14:57:00+07:00,11.4,11.4,11.4,11.4,13600.0
2023-08-02 14:58:00+07:00,11.4,11.5,11.4,11.4,34300.0
2023-08-02 14:59:00+07:00,11.4,11.4,11.4,11.4,151800.0
2023-08-02 15:00:00+07:00,11.4,11.5,11.4,11.4,14800.0
2023-08-02 15:01:00+07:00,11.4,11.4,11.4,11.4,5400.0
2023-08-02 15:02:00+07:00,11.4,11.5,11.4,11.5,2100.0
2023-08-02 15:04:00+07:00,11.4,11.4,11.4,11.4,3400.0
2023-08-02 15:05:00+07:00,11.4,11.5,11.4,11.5,3700.0
2023-08-02 15:06:00+07:00,11.4,11.4,11.4,11.4,1400.0
2023-08-02 15:07:00+07:00,11.4,11.4,11.4,11.4,1700.0
2023-08-02 15:08:00+07:00,11.4,11.5,11.4,11.5,16000.0
2023-08-02 15:09:00+07:00,11.4,11.4,11.4,11.4,700.0
2023-08-02 15:10:00+07:00,11.4,11.4,11.4,11.4,1200.0
2023-08-02 15:11:00+07:00,11.4,11.4,11.4,11.4,6900.0
2023-08-02 15:12:00+07:00,11.4,11.4,11.4,11.4,600.0
2023-08-02 15:13:00+07:00,11.4,11.5,11.4,11.4,3000.0
2023-08-02 15:14:00+07:00,11.4,11.4,11.4,11.4,2900.0
2023-08-02 15:15:00+07:00,11.4,11.4,11.4,11.4,84900.0
2023-08-02 15:17:00+07:00,11.4,11.4,11.3,11.3,5300.0
2023-08-02 15:18:00+07:00,11.3,11.3,11.3,11.3,3000.0
2023-08-02 15:20:00+07:00,11.3,11.4,11.3,11.4,2300.0
2023-08-02 15:22:00+07:00,11.3,11.3,11.3,11.3,3700.0
2023-08-02 15:23:00+07:00,11.3,11.4,11.3,11.4,1100.0
2023-08-02 15:24:00+07:00,11.4,11.4,11.4,11.4,1100.0
2023-08-02 15:25:00+07:00,11.3,11.3,11.3,11.3,300.0
2023-08-02 15:27:00+07:00,11.4,11.4,11.4,11.4,1200.0
2023-08-02 15:30:00+07:00,11.3,11.3,11.3,11.3,1000.0
2023-08-02 15:31:00+07:00,11.3,11.4,11.3,11.4,3300.0
2023-08-02 15:33:00+07:00,11.4,11.4,11.4,11.4,1100.0
2023-08-02 15:34:00+07:00,11.3,11.3,11.3,11.3,1200.0
2023-08-02 15:35:00+07:00,11.4,11.4,11.4,11.4,15000.0
2023-08-02 15:36:00+07:00,11.3,11.4,11.3,11.4,1400.0
2023-08-02 15:37:00+07:00,11.3,11.3,11.3,11.3,400.0
2023-08-02 15:38:00+07:00,11.4,11.4,11.4,11.4,1000.0
2023-08-02 15:40:00+07:00,11.3,11.4,11.3,11.4,13100.0
2023-08-02 15:41:00+07:00,11.3,11.3,11.3,11.3,3900.0
2023-08-02 15:42:00+07:00,11.4,11.4,11.4,11.4,1000.0
2023-08-02 15:44:00+07:00,11.3,11.3,11.3,11.3,2600.0
2023-08-02 15:45:00+07:00,11.4,11.4,11.4,11.4,2000.0
2023-08-02 15:46:00+07:00,11.3,11.3,11.3,11.3,28000.0
2023-08-02 15:47:00+07:00,11.3,11.4,11.3,11.4,1700.0
2023-08-02 15:49:00+07:00,11.3,11.4,11.3,11.3,2000.0
2023-08-02 15:50:00+07:00,11.3,11.4,11.3,11.4,23500.0
2023-08-02 15:51:00+07:00,11.4,11.4,11.4,11.4,300.0
2023-08-02 15:52:00+07:00,11.4,11.4,11.3,11.3,24200.0
2023-08-02 15:53:00+07:00,11.3,11.4,11.3,11.4,1800.0
2023-08-02 15:55:00+07:00,11.3,11.4,11.3,11.3,4400.0
2023-08-02 15:57:00+07:00,11.3,11.3,11.3,11.3,614500.0
2023-08-02 15:58:00+07:00,11.3,11.3,11.2,11.2,315600.0
2023-08-02 15:59:00+07:00,11.2,11.2,11.2,11.2,600.0
2023-08-02 16:00:00+07:00,11.3,11.3,11.3,11.3,100.0
2023-08-02 16:01:00+07:00,11.3,11.3,11.3,11.3,13300.0
2023-08-02 16:02:00+07:00,11.3,11.3,11.3,11.3,23000.0
2023-08-02 16:03:00+07:00,11.3,11.3,11.3,11.3,2000.0
2023-08-02 16:04:00+07:00,11.3,11.3,11.3,11.3,10000.0
2023-08-02 16:05:00+07:00,11.2,11.2,11.2,11.2,1500.0
2023-08-02 16:06:00+07:00,11.2,11.2,11.2,11.2,1200.0
2023-08-02 16:08:00+07:00,11.2,11.2,11.2,11.2,1100.0
2023-08-02 16:09:00+07:00,11.3,11.3,11.3,11.3,1600.0
2023-08-02 16:10:00+07:00,11.3,11.3,11.3,11.3,100.0
2023-08-02 16:12:00+07:00,11.3,11.3,11.3,11.3,500.0
2023-08-02 16:13:00+07:00,11.2,11.2,11.2,11.2,800.0
2023-08-02 16:14:00+07:00,11.3,11.3,11.3,11.3,100.0
2023-08-02 16:15:00+07:00,11.2,11.2,11.2,11.2,4700.0
2023-08-02 16:17:00+07:00,11.2,11.2,11.2,11.2,2500.0
2023-08-02 16:18:00+07:00,11.2,11.2,11.2,11.2,100.0
2023-08-02 16:19:00+07:00,11.2,11.2,11.2,11.2,500.0
2023-08-02 16:20:00+07:00,11.2,11.2,11.2,11.2,200.0
2023-08-02 16:21:00+07:00,11.2,11.2,11.2,11.2,1500.0
2023-08-02 16:22:00+07:00,11.2,11.2,11.2,11.2,10000.0
2023-08-02 16:25:00+07:00,11.2,11.2,11.2,11.2,9100.0
2023-08-02 16:27:00+07:00,11.2,11.2,11.2,11.2,7000.0
2023-08-02 16:28:00+07:00,11.3,11.3,11.3,11.3,300.0
2023-08-02 16:29:00+07:00,11.2,11.3,11.2,11.2,15400.0
2023-08-02 16:38:00+07:00,11.3,11.3,11.3,11.3,1189200.0
2023-08-03 09:59:00+07:00,11.3,11.3,11.3,11.3,302200.0
2023-08-03 10:00:00+07:00,11.3,11.3,11.3,11.3,375900.0
2023-08-03 10:01:00+07:00,11.4,11.4,11.3,11.3,156900.0
2023-08-03 10:02:00+07:00,11.3,11.3,11.3,11.3,12000.0
2023-08-03 10:03:00+07:00,11.3,11.3,11.3,11.3,15000.0
2023-08-03 10:06:00+07:00,11.3,11.3,11.3,11.3,2100.0
2023-08-03 10:07:00+07:00,11.3,11.3,11.3,11.3,1000.0
2023-08-03 10:09:00+07:00,11.2,11.2,11.2,11.2,2400.0
2023-08-03 10:10:00+07:00,11.2,11.3,11.2,11.3,300.0
2023-08-03 10:11:00+07:00,11.2,11.3,11.2,11.3,1100.0
2023-08-03 10:13:00+07:00,11.3,11.3,11.3,11.3,500.0
2023-08-03 10:17:00+07:00,11.3,11.3,11.3,11.3,1000.0
2023-08-03 10:18:00+07:00,11.3,11.3,11.3,11.3,100.0
2023-08-03 10:19:00+07:00,11.3,11.3,11.3,11.3,1100.0
2023-08-03 10:21:00+07:00,11.2,11.2,11.2,11.2,869100.0
2023-08-03 10:22:00+07:00,11.1,11.1,11.1,11.1,10200.0
2023-08-03 10:24:00+07:00,11.2,11.2,11.2,11.2,2100.0
2023-08-03 10:25:00+07:00,11.2,11.2,11.2,11.2,5200.0
2023-08-03 10:26:00+07:00,11.2,11.2,11.2,11.2,300.0
2023-08-03 10:28:00+07:00,11.2,11.2,11.2,11.2,5200.0
2023-08-03 10:29:00+07:00,11.2,11.2,11.2,11.2,100.0
2023-08-03 10:31:00+07:00,11.2,11.2,11.2,11.2,100.0
2023-08-03 10:32:00+07:00,11.2,11.2,11.2,11.2,700.0
2023-08-03 10:33:00+07:00,11.2,11.2,11.2,11.2,7400.0
2023-08-03 10:35:00+07:00,11.2,11.2,11.2,11.2,800.0
2023-08-03 10:36:00+07:00,11.1,11.2,11.1,11.2,400.0
2023-08-03 10:37:00+07:00,11.2,11.2,11.2,11.2,2500.0
2023-08-03 10:38:00+07:00,11.2,11.2,11.2,11.2,500.0
2023-08-03 10:39:00+07:00,11.2,11.2,11.1,11.2,159400.0
2023-08-03 10:40:00+07:00,11.2,11.2,11.2,11.2,1000.0
2023-08-03 10:41:00+07:00,11.2,11.2,11.1,11.1,978300.0
2023-08-03 10:42:00+07:00,11.2,11.2,11.2,11.2,14100.0
2023-08-03 10:47:00+07:00,11.2,11.2,11.2,11.2,1100.0
2023-08-03 10:48:00+07:00,11.2,11.2,11.2,11.2,1100.0
2023-08-03 10:49:00+07:00,11.2,11.2,11.2,11.2,300.0
2023-08-03 10:50:00+07:00,11.2,11.2,11.2,11.2,100.0
2023-08-03 10:51:00+07:00,11.2,11.2,11.2,11.2,200.0
2023-08-03 10:52:00+07:00,11.2,11.2,11.2,11.2,30000.0
2023-08-03 10:53:00+07:00,11.2,11.2,11.2,11.2,1000.0
2023-08-03 10:54:00+07:00,11.2,11.2,11.2,11.2,100.0
2023-08-03 10:55:00+07:00,11.1,11.2,11.1,11.2,200.0
2023-08-03 10:57:00+07:00,11.2,11.2,11.2,11.2,100.0
2023-08-03 11:01:00+07:00,11.2,11.2,11.2,11.2,100.0
2023-08-03 11:02:00+07:00,11.2,11.2,11.2,11.2,1000.0
2023-08-03 11:03:00+07:00,11.2,11.2,11.2,11.2,500.0
2023-08-03 11:04:00+07:00,11.2,11.2,11.2,11.2,200.0
2023-08-03 11:08:00+07:00,11.2,11.2,11.2,11.2,200.0
2023-08-03 11:09:00+07:00,11.1,11.1,11.1,11.1,3000.0
2023-08-03 11:10:00+07:00,11.2,11.2,11.2,11.2,500.0
2023-08-03 11:11:00+07:00,11.2,11.2,11.2,11.2,100.0
2023-08-03 11:14:00+07:00,11.1,11.1,11.1,11.1,1000.0
2023-08-03 11:16:00+07:00,11.2,11.2,11.2,11.2,1000.0
2023-08-03 11:19:00+07:00,11.2,11.2,11.2,11.2,1000.0
2023-08-03 11:23:00+07:00,11.2,11.2,11.2,11.2,1000.0
2023-08-03 11:24:00+07:00,11.1,11.1,11.1,11.1,100000.0
2023-08-03 11:26:00+07:00,11.2,11.2,11.1,11.1,1900.0
2023-08-03 11:29:00+07:00,11.2,11.2,11.2,11.2,500.0
2023-08-03 11:30:00+07:00,11.2,11.2,11.2,11.2,2500.0
2023-08-03 11:31:00+07:00,11.1,11.1,11.1,11.1,2200.0
2023-08-03 11:33:00+07:00,11.2,11.2,11.1,11.1,20100.0
2023-08-03 11:34:00+07:00,11.2,11.2,11.2,11.2,100.0
2023-08-03 11:36:00+07:00,11.2,11.2,11.2,11.2,500.0
2023-08-03 11:38:00+07:00,11.1,11.1,11.1,11.1,2100.0
2023-08-03 11:39:00+07:00,11.2,11.2,11.2,11.2,100.0
2023-08-03 11:41:00+07:00,11.2,11.2,11.2,11.2,10500.0
2023-08-03 11:44:00+07:00,11.2,11.2,11.2,11.2,1500.0
2023-08-03 11:46:00+07:00,11.1,11.1,11.1,11.1,2200.0
2023-08-03 11:47:00+07:00,11.2,11.2,11.2,11.2,100.0
2023-08-03 11:53:00+07:00,11.2,11.2,11.2,11.2,7000.0
2023-08-03 11:54:00+07:00,11.1,11.1,11.1,11.1,116500.0
2023-08-03 11:55:00+07:00,11.2,11.2,11.2,11.2,2000.0
2023-08-03 11:57:00+07:00,11.1,11.2,11.1,11.2,700.0
2023-08-03 12:00:00+07:00,11.1,11.1,11.1,11.1,2000.0
2023-08-03 12:01:00+07:00,11.2,11.2,11.2,11.2,100.0
2023-08-03 12:08:00+07:00,11.1,11.1,11.1,11.1,2300.0
2023-08-03 12:09:00+07:00,11.2,11.2,11.2,11.2,100.0
2023-08-03 12:17:00+07:00,11.1,11.1,11.1,11.1,2300.0
2023-08-03 12:19:00+07:00,11.1,11.1,11.1,11.1,1600.0
2023-08-03 12:24:00+07:00,11.2,11.2,11.2,11.2,100.0
2023-08-03 12:27:00+07:00,11.1,11.1,11.1,11.1,2300.0
2023-08-03 12:29:00+07:00,11.2,11.2,11.2,11.2,100.0
2023-08-03 14:29:00+07:00,11.1,11.1,11.1,11.1,627500.0
2023-08-03 14:30:00+07:00,11.1,11.1,11.1,11.1,213400.0
2023-08-03 14:31:00+07:00,11.1,11.1,11.1,11.1,100.0
2023-08-03 14:32:00+07:00,11.1,11.1,11.1,11.1,1100.0
2023-08-03 14:33:00+07:00,11.0,11.0,11.0,11.0,2300.0
2023-08-03 14:34:00+07:00,11.1,11.1,11.1,11.1,6000.0
2023-08-03 14:35:00+07:00,11.1,11.1,11.1,11.1,900.0
2023-08-03 14:36:00+07:00,11.1,11.1,11.1,11.1,100.0
2023-08-03 14:37:00+07:00,11.1,11.1,11.1,11.1,1100.0
2023-08-03 14:38:00+07:00,11.1,11.1,11.1,11.1,50000.0
2023-08-03 14:39:00+07:00,11.1,11.2,11.1,11.2,252900.0
2023-08-03 14:40:00+07:00,11.1,11.1,11.1,11.1,41000.0
2023-08-03 14:41:00+07:00,11.1,11.1,11.1,11.1,7300.0
2023-08-03 14:42:00+07:00,11.1,11.1,11.1,11.1,500.0
2023-08-03 14:43:00+07:00,11.1,11.1,11.1,11.1,7200.0
2023-08-03 14:44:00+07:00,11.1,11.1,11.1,11.1,700.0
2023-08-03 14:46:00+07:00,11.1,11.1,11.1,11.1,600.0
2023-08-03 14:47:00+07:00,11.1,11.1,11.1,11.1,100.0
2023-08-03 14:48:00+07:00,11.1,11.1,11.1,11.1,100.0
2023-08-03 14:49:00+07:00,11.1,11.1,11.0,11.1,2600.0
2023-08-03 14:50:00+07:00,11.1,11.1,11.1,11.1,400.0
2023-08-03 14:51:00+07:00,11.1,11.1,11.1,11.1,9500.0
2023-08-03 14:52:00+07:00,11.1,11.1,11.1,11.1,2000.0
2023-08-03 14:53:00+07:00,11.1,11.1,11.1,11.1,2200.0
2023-08-03 14:54:00+07:00,11.1,11.1,11.1,11.1,28600.0
2023-08-03 14:55:00+07:00,11.1,11.1,11.1,11.1,2400.0
2023-08-03 14:56:00+07:00,11.1,11.1,11.1,11.1,1100.0
2023-08-03 14:57:00+07:00,11.1,11.1,11.1,11.1,200.0
2023-08-03 14:58:00+07:00,11.1,11.1,11.1,11.1,1200.0
2023-08-03 14:59:00+07:00,11.1,11.1,11.1,11.1,600.0
2023-08-03 15:00:00+07:00,11.1,11.1,11.1,11.1,700.0
2023-08-03 15:01:00+07:00,11.1,11.1,11.1,11.1,2000.0
2023-08-03 15:03:00+07:00,11.0,11.0,11.0,11.0,100.0
2023-08-03 15:04:00+07:00,11.1,11.1,11.1,11.1,300.0
2023-08-03 15:05:00+07:00,11.1,11.1,11.1,11.1,200.0
2023-08-03 15:08:00+07:00,11.1,11.1,11.1,11.1,800.0
2023-08-03 15:11:00+07:00,11.1,11.1,11.1,11.1,1100.0
2023-08-03 15:12:00+07:00,11.1,11.1,11.1,11.1,100.0
2023-08-03 15:14:00+07:00,11.1,11.1,11.1,11.1,1000.0
2023-08-03 15:16:00+07:00,11.1,11.1,11.1,11.1,100.0
2023-08-03 15:17:00+07:00,11.1,11.1,11.1,11.1,100.0
2023-08-03 15:18:00+07:00,11.1,11.1,11.1,11.1,1000.0
2023-08-03 15:19:00+07:00,11.1,11.1,11.1,11.1,800.0
2023-08-03 15:20:00+07:00,11.1,11.1,11.1,11.1,100.0
2023-08-03 15:21:00+07:00,11.1,11.1,11.1,11.1,400.0
2023-08-03 15:23:00+07:00,11.0,11.1,11.0,11.1,600.0
2023-08-03 15:25:00+07:00,11.1,11.1,11.0,11.0,2000.0
2023-08-03 15:29:00+07:00,11.0,11.0,11.0,11.0,1200.0
2023-08-03 15:30:00+07:00,11.0,11.1,11.0,11.1,1000.0
2023-08-03 15:31:00+07:00,11.0,11.0,11.0,11.0,1800.0
2023-08-03 15:32:00+07:00,11.1,11.1,11.1,11.1,500.0
2023-08-03 15:33:00+07:00,11.1,11.1,11.1,11.1,100.0
2023-08-03 15:35:00+07:00,11.1,11.1,11.1,11.1,399000.0
2023-08-03 15:36:00+07:00,11.1,11.1,11.1,11.1,300.0
2023-08-03 15:38:00+07:00,11.1,11.1,11.1,11.1,1300.0
2023-08-03 15:40:00+07:00,11.1,11.1,11.1,11.1,2800.0
2023-08-03 15:41:00+07:00,11.1,11.1,11.1,11.1,300.0
2023-08-03 15:45:00+07:00,11.0,11.0,11.0,11.0,10000.0
2023-08-03 15:49:00+07:00,11.1,11.1,11.1,11.1,2000.0
2023-08-03 15:50:00+07:00,11.1,11.1,11.1,11.1,700.0
2023-08-03 15:52:00+07:00,11.0,11.0,11.0,11.0,100.0
2023-08-03 15:53:00+07:00,11.1,11.1,11.1,11.1,500.0
2023-08-03 15:55:00+07:00,11.1,11.1,11.1,11.1,100.0
2023-08-03 15:57:00+07:00,11.1,11.1,11.1,11.1,1200.0
2023-08-03 15:58:00+07:00,11.1,11.1,11.1,11.1,500.0
2023-08-03 15:59:00+07:00,11.1,11.1,11.1,11.1,100.0
2023-08-03 16:00:00+07:00,11.1,11.1,11.1,11.1,5000.0
2023-08-03 16:01:00+07:00,11.1,11.1,11.1,11.1,100.0
2023-08-03 16:03:00+07:00,11.1,11.1,11.0,11.0,2500.0
2023-08-03 16:04:00+07:00,11.0,11.0,11.0,11.0,1100.0
2023-08-03 16:06:00+07:00,11.1,11.1,11.1,11.1,2000.0
2023-08-03 16:07:00+07:00,11.1,11.1,11.1,11.1,100.0
2023-08-03 16:08:00+07:00,11.1,11.1,11.1,11.1,200.0
2023-08-03 16:09:00+07:00,11.0,11.0,11.0,11.0,5000.0
2023-08-03 16:10:00+07:00,11.0,11.0,11.0,11.0,100.0
2023-08-03 16:12:00+07:00,11.0,11.0,11.0,11.0,7000.0
2023-08-03 16:15:00+07:00,11.0,11.0,11.0,11.0,22300.0
2023-08-03 16:16:00+07:00,11.0,11.1,11.0,11.1,252600.0
2023-08-03 16:18:00+07:00,11.0,11.0,11.0,11.0,1000.0
2023-08-03 16:20:00+07:00,11.0,11.0,11.0,11.0,5000.0
2023-08-03 16:21:00+07:00,11.1,11.1,11.1,11.1,300.0
2023-08-03 16:22:00+07:00,11.0,11.0,11.0,11.0,2100.0
2023-08-03 16:24:00+07:00,11.0,11.0,11.0,11.0,1500.0
2023-08-03 16:25:00+07:00,11.0,11.0,11.0,11.0,6800.0
2023-08-03 16:26:00+07:00,11.0,11.1,11.0,11.1,1100.0
2023-08-03 16:27:00+07:00,11.0,11.1,11.0,11.1,2100.0
2023-08-03 16:28:00+07:00,11.1,11.1,11.1,11.1,900.0
2023-08-03 16:29:00+07:00,11.1,11.1,11.0,11.0,159100.0
2023-08-03 16:37:00+07:00,11.0,11.0,11.0,11.0,1131100.0
2023-08-04 09:55:00+07:00,11.0,11.1,11.0,11.0,246900.0
2023-08-04 09:56:00+07:00,11.0,11.0,10.9,11.0,108100.0
2023-08-04 09:57:00+07:00,11.0,11.0,11.0,11.0,9200.0
2023-08-04 10:00:00+07:00,11.0,11.0,11.0,11.0,100.0
2023-08-04 10:01:00+07:00,11.0,11.0,11.0,11.0,11500.0
2023-08-04 10:02:00+07:00,11.0,11.1,11.0,11.1,3000.0
2023-08-04 10:05:00+07:00,11.1,11.1,11.1,11.1,2000.0
2023-08-04 10:06:00+07:00,11.0,11.0,11.0,11.0,3500.0
2023-08-04 10:07:00+07:00,11.1,11.1,11.1,11.1,136600.0
2023-08-04 10:08:00+07:00,11.1,11.1,11.0,11.1,81900.0
2023-08-04 10:09:00+07:00,11.1,11.1,11.1,11.1,61500.0
2023-08-04 10:10:00+07:00,11.1,11.1,11.1,11.1,331500.0
2023-08-04 10:11:00+07:00,11.1,11.1,11.1,11.1,143000.0
2023-08-04 10:12:00+07:00,11.1,11.1,11.1,11.1,600.0
2023-08-04 10:13:00+07:00,11.1,11.1,11.1,11.1,5700.0
2023-08-04 10:15:00+07:00,11.1,11.1,11.1,11.1,500.0
2023-08-04 10:19:00+07:00,11.1,11.1,11.1,11.1,2700.0
2023-08-04 10:20:00+07:00,11.1,11.1,11.1,11.1,1000.0
2023-08-04 10:26:00+07:00,11.1,11.1,11.1,11.1,100.0
2023-08-04 10:31:00+07:00,11.1,11.1,11.1,11.1,15300.0
2023-08-04 10:32:00+07:00,11.1,11.1,11.1,11.1,100.0
2023-08-04 10:33:00+07:00,11.1,11.1,11.1,11.1,700.0
2023-08-04 10:36:00+07:00,11.1,11.1,11.1,11.1,2900.0
2023-08-04 10:37:00+07:00,11.1,11.1,11.1,11.1,200.0
2023-08-04 10:38:00+07:00,11.0,11.1,11.0,11.1,1800.0
2023-08-04 10:40:00+07:00,11.1,11.1,11.1,11.1,300.0
2023-08-04 10:44:00+07:00,11.1,11.1,11.1,11.1,50000.0
2023-08-04 10:45:00+07:00,11.1,11.1,11.1,11.1,5500.0
2023-08-04 10:47:00+07:00,11.0,11.1,11.0,11.1,2200.0
2023-08-04 10:48:00+07:00,11.1,11.1,11.1,11.1,2500.0
2023-08-04 10:50:00+07:00,11.1,11.1,11.1,11.1,500.0
2023-08-04 10:53:00+07:00,11.1,11.1,11.1,11.1,100.0
2023-08-04 10:54:00+07:00,11.1,11.1,11.1,11.1,10200.0
2023-08-04 10:55:00+07:00,11.1,11.1,11.1,11.1,600.0
2023-08-04 10:57:00+07:00,11.0,11.0,11.0,11.0,12000.0
2023-08-04 10:58:00+07:00,11.1,11.1,11.1,11.1,500.0
2023-08-04 11:01:00+07:00,11.0,11.1,11.0,11.1,1100.0
2023-08-04 11:10:00+07:00,11.0,11.0,11.0,11.0,200.0
2023-08-04 11:11:00+07:00,11.0,11.0,11.0,11.0,47400.0
2023-08-04 11:13:00+07:00,11.1,11.1,11.1,11.1,10000.0
2023-08-04 11:14:00+07:00,11.1,11.1,11.1,11.1,500.0
2023-08-04 11:16:00+07:00,11.1,11.1,11.1,11.1,1000.0
2023-08-04 11:27:00+07:00,11.1,11.1,11.1,11.1,900.0
2023-08-04 11:28:00+07:00,11.1,11.1,11.1,11.1,100.0
2023-08-04 11:29:00+07:00,11.1,11.1,11.1,11.1,50000.0
2023-08-04 11:30:00+07:00,11.1,11.1,11.1,11.1,10000.0
2023-08-04 11:31:00+07:00,11.1,11.1,11.1,11.1,300.0
2023-08-04 11:32:00+07:00,11.0,11.0,11.0,11.0,1100.0
2023-08-04 11:33:00+07:00,11.1,11.2,11.1,11.2,251100.0
2023-08-04 11:34:00+07:00,11.2,11.2,11.2,11.2,100.0
2023-08-04 11:35:00+07:00,11.2,11.2,11.2,11.2,200.0
2023-08-04 11:36:00+07:00,11.2,11.2,11.1,11.1,9100.0
2023-08-04 11:37:00+07:00,11.2,11.2,11.2,11.2,200.0
2023-08-04 11:38:00+07:00,11.2,11.2,11.2,11.2,200.0
2023-08-04 11:39:00+07:00,11.2,11.2,11.2,11.2,200.0
2023-08-04 11:40:00+07:00,11.2,11.2,11.2,11.2,1600.0
2023-08-04 11:41:00+07:00,11.2,11.2,11.2,11.2,500.0
2023-08-04 11:42:00+07:00,11.2,11.2,11.2,11.2,800.0
2023-08-04 11:44:00+07:00,11.2,11.2,11.2,11.2,100.0
2023-08-04 11:47:00+07:00,11.1,11.1,11.1,11.1,300.0
2023-08-04 11:51:00+07:00,11.1,11.1,11.1,11.1,200.0
2023-08-04 11:53:00+07:00,11.1,11.1,11.1,11.1,100.0
2023-08-04 11:54:00+07:00,11.1,11.1,11.1,11.1,2900.0
2023-08-04 11:55:00+07:00,11.1,11.1,11.1,11.1,200.0
2023-08-04 11:56:00+07:00,11.1,11.1,11.1,11.1,25300.0
2023-08-04 11:57:00+07:00,11.1,11.1,11.1,11.1,300.0
2023-08-04 11:58:00+07:00,11.1,11.1,11.1,11.1,3100.0
2023-08-04 12:00:00+07:00,11.1,11.1,11.1,11.1,152500.0
2023-08-04 12:03:00+07:00,11.1,11.1,11.1,11.1,100.0
2023-08-04 12:04:00+07:00,11.0,11.0,11.0,11.0,1000.0
2023-08-04 12:07:00+07:00,11.1,11.1,11.1,11.1,500.0
2023-08-04 12:09:00+07:00,11.1,11.1,11.1,11.1,400.0
2023-08-04 12:10:00+07:00,11.1,11.1,11.1,11.1,400.0
2023-08-04 12:21:00+07:00,11.1,11.1,11.1,11.1,8200.0
2023-08-04 12:25:00+07:00,11.1,11.1,11.1,11.1,133700.0
2023-08-04 12:29:00+07:00,11.2,11.2,11.2,11.2,600.0
2023-08-04 14:27:00+07:00,11.1,11.1,11.1,11.1,145500.0
2023-08-04 14:28:00+07:00,11.1,11.1,11.1,11.1,92400.0
2023-08-04 14:32:00+07:00,11.1,11.1,11.1,11.1,10000.0
2023-08-04 14:41:00+07:00,11.1,11.1,11.1,11.1,4100.0
2023-08-04 14:48:00+07:00,11.1,11.1,11.1,11.1,1200.0
2023-08-04 15:00:00+07:00,11.1,11.1,11.1,11.1,200.0
2023-08-04 15:01:00+07:00,11.1,11.1,11.1,11.1,100.0
2023-08-04 15:02:00+07:00,11.1,11.1,11.1,11.1,600.0
2023-08-04 15:03:00+07:00,11.1,11.1,11.1,11.1,20000.0
2023-08-04 15:07:00+07:00,11.1,11.1,11.1,11.1,100.0
2023-08-04 15:08:00+07:00,11.1,11.1,11.1,11.1,168300.0
2023-08-04 15:13:00+07:00,11.1,11.2,11.1,11.2,21300.0
2023-08-04 15:16:00+07:00,11.1,11.1,11.1,11.1,5000.0
2023-08-04 15:20:00+07:00,11.1,11.1,11.1,11.1,800.0
2023-08-04 15:21:00+07:00,11.1,11.1,11.1,11.1,10000.0
2023-08-04 15:22:00+07:00,11.1,11.2,11.1,11.2,10200.0
2023-08-04 15:24:00+07:00,11.1,11.1,11.1,11.1,100.0
2023-08-04 15:25:00+07:00,11.1,11.1,11.1,11.1,14000.0
2023-08-04 15:26:00+07:00,11.2,11.2,11.1,11.1,5000.0
2023-08-04 15:27:00+07:00,11.1,11.1,11.1,11.1,200.0
2023-08-04 15:30:00+07:00,11.2,11.2,11.2,11.2,100.0
2023-08-04 15:31:00+07:00,11.1,11.1,11.1,11.1,5000.0
2023-08-04 15:32:00+07:00,11.1,11.1,11.1,11.1,200.0
2023-08-04 15:39:00+07:00,11.1,11.1,11.1,11.1,200.0
2023-08-04 15:42:00+07:00,11.1,11.1,11.1,11.1,12800.0
2023-08-04 15:43:00+07:00,11.1,11.1,11.1,11.1,152200.0
2023-08-04 15:45:00+07:00,11.1,11.1,11.1,11.1,6300.0
2023-08-04 15:47:00+07:00,11.1,11.1,11.1,11.1,400.0
2023-08-04 15:48:00+07:00,11.1,11.1,11.1,11.1,10900.0
2023-08-04 15:51:00+07:00,11.1,11.1,11.1,11.1,2700.0
2023-08-04 15:55:00+07:00,11.1,11.1,11.1,11.1,2200.0
2023-08-04 15:56:00+07:00,11.1,11.1,11.1,11.1,54600.0
2023-08-04 15:57:00+07:00,11.1,11.1,11.1,11.1,3200.0
2023-08-04 15:58:00+07:00,11.1,11.1,11.1,11.1,700.0
2023-08-04 15:59:00+07:00,11.1,11.1,11.1,11.1,500.0
2023-08-04 16:00:00+07:00,11.1,11.1,11.1,11.1,400.0
2023-08-04 16:01:00+07:00,11.1,11.1,11.1,11.1,200.0
2023-08-04 16:02:00+07:00,11.1,11.1,11.1,11.1,500.0
2023-08-04 16:03:00+07:00,11.1,11.1,11.1,11.1,1200.0
2023-08-04 16:04:00+07:00,11.1,11.1,11.1,11.1,1100.0
2023-08-04 16:08:00+07:00,11.1,11.1,11.1,11.1,100.0
2023-08-04 16:10:00+07:00,11.1,11.1,11.1,11.1,100.0
2023-08-04 16:15:00+07:00,11.1,11.1,11.1,11.1,1000.0
2023-08-04 16:17:00+07:00,11.0,11.1,11.0,11.1,2100.0
2023-08-04 16:19:00+07:00,11.0,11.0,11.0,11.0,1800.0
2023-08-04 16:20:00+07:00,11.0,11.0,11.0,11.0,2500.0
2023-08-04 16:24:00+07:00,11.0,11.0,11.0,11.0,11000.0
2023-08-04 16:25:00+07:00,11.0,11.0,11.0,11.0,33100.0
2023-08-04 16:27:00+07:00,11.0,11.0,11.0,11.0,900.0
2023-08-04 16:29:00+07:00,11.0,11.1,11.0,11.1,1000.0
2023-08-04 16:36:00+07:00,11.0,11.0,11.0,11.0,1062800.0
2023-08-07 09:57:00+07:00,11.0,11.0,11.0,11.0,31700.0
2023-08-07 10:00:00+07:00,11.1,11.1,11.1,11.1,100.0
2023-08-07 10:02:00+07:00,11.1,11.1,11.1,11.1,11500.0
2023-08-07 10:03:00+07:00,11.0,11.0,11.0,11.0,10000.0
2023-08-07 10:04:00+07:00,11.0,11.0,11.0,11.0,10000.0
2023-08-07 10:05:00+07:00,11.1,11.1,11.1,11.1,26000.0
2023-08-07 10:06:00+07:00,11.1,11.1,11.1,11.1,7000.0
2023-08-07 10:07:00+07:00,11.1,11.1,11.1,11.1,11000.0
2023-08-07 10:08:00+07:00,11.1,11.1,11.1,11.1,2000.0
2023-08-07 10:09:00+07:00,11.0,11.1,11.0,11.1,22700.0
2023-08-07 10:12:00+07:00,11.0,11.0,11.0,11.0,45000.0
2023-08-07 10:14:00+07:00,11.1,11.1,11.1,11.1,100.0
2023-08-07 10:15:00+07:00,11.1,11.1,11.1,11.1,1300.0
2023-08-07 10:17:00+07:00,11.1,11.1,11.1,11.1,100.0
2023-08-07 10:18:00+07:00,11.0,11.1,11.0,11.0,9000.0
2023-08-07 10:22:00+07:00,11.1,11.1,11.1,11.1,300.0
2023-08-07 10:23:00+07:00,11.0,11.0,11.0,11.0,3200.0
2023-08-07 10:24:00+07:00,11.1,11.1,11.1,11.1,5000.0
2023-08-07 10:27:00+07:00,11.1,11.1,11.1,11.1,500.0
2023-08-07 10:29:00+07:00,11.1,11.1,11.1,11.1,900.0
2023-08-07 10:30:00+07:00,11.1,11.1,11.1,11.1,371900.0
2023-08-07 10:31:00+07:00,11.1,11.1,11.0,11.0,5500.0
2023-08-07 10:32:00+07:00,11.1,11.1,11.1,11.1,10000.0
2023-08-07 10:33:00+07:00,11.0,11.0,11.0,11.0,100.0
2023-08-07 10:34:00+07:00,11.1,11.1,11.1,11.1,200.0
2023-08-07 10:37:00+07:00,11.1,11.1,11.1,11.1,200.0
2023-08-07 10:40:00+07:00,11.0,11.0,11.0,11.0,600.0
2023-08-07 10:42:00+07:00,11.1,11.1,11.1,11.1,100.0
2023-08-07 10:45:00+07:00,11.1,11.1,11.1,11.1,1200.0
2023-08-07 10:50:00+07:00,11.1,11.1,11.1,11.1,10000.0
2023-08-07 10:54:00+07:00,11.1,11.1,11.1,11.1,200.0
2023-08-07 10:55:00+07:00,11.0,11.1,11.0,11.0,37000.0
2023-08-07 10:56:00+07:00,11.0,11.0,10.9,11.0,1104800.0
2023-08-07 11:01:00+07:00,11.0,11.0,11.0,11.0,100.0
2023-08-07 11:04:00+07:00,11.0,11.0,11.0,11.0,1100.0
2023-08-07 11:05:00+07:00,11.0,11.0,10.9,10.9,1700.0
2023-08-07 11:06:00+07:00,11.0,11.0,11.0,11.0,100.0
2023-08-07 11:08:00+07:00,11.0,11.0,11.0,11.0,800.0
2023-08-07 11:09:00+07:00,11.0,11.0,10.9,10.9,3000.0
2023-08-07 11:10:00+07:00,11.0,11.0,10.9,10.9,165100.0
2023-08-07 11:13:00+07:00,10.9,10.9,10.9,10.9,5100.0
2023-08-07 11:16:00+07:00,11.0,11.0,11.0,11.0,300.0
2023-08-07 11:17:00+07:00,11.0,11.0,11.0,11.0,300.0
2023-08-07 11:18:00+07:00,11.0,11.0,10.9,10.9,2000.0
2023-08-07 11:19:00+07:00,11.0,11.0,11.0,11.0,5200.0
2023-08-07 11:20:00+07:00,10.9,10.9,10.9,10.9,2000.0
2023-08-07 11:21:00+07:00,11.0,11.0,11.0,11.0,500.0
2023-08-07 11:22:00+07:00,11.0,11.0,11.0,11.0,100.0
2023-08-07 11:23:00+07:00,11.0,11.0,11.0,11.0,2000.0
2023-08-07 11:24:00+07:00,11.0,11.0,11.0,11.0,100.0
2023-08-07 11:25:00+07:00,10.9,11.0,10.9,10.9,145000.0
2023-08-07 11:26:00+07:00,10.9,11.0,10.9,11.0,7400.0
2023-08-07 11:29:00+07:00,10.9,10.9,10.9,10.9,2000.0
2023-08-07 11:30:00+07:00,11.0,11.0,11.0,11.0,500.0
2023-08-07 11:34:00+07:00,11.0,11.0,11.0,11.0,500.0
2023-08-07 11:37:00+07:00,11.0,11.0,10.9,10.9,1100.0
2023-08-07 11:39:00+07:00,11.0,11.0,11.0,11.0,200.0
2023-08-07 11:41:00+07:00,10.9,10.9,10.9,10.9,500.0
2023-08-07 11:43:00+07:00,10.9,10.9,10.9,10.9,100.0
2023-08-07 11:46:00+07:00,10.9,11.0,10.9,11.0,6000.0
2023-08-07 11:48:00+07:00,11.0,11.0,11.0,11.0,22000.0
2023-08-07 11:49:00+07:00,11.0,11.0,11.0,11.0,1100.0
2023-08-07 11:52:00+07:00,11.0,11.0,11.0,11.0,1100.0
2023-08-07 11:53:00+07:00,11.0,11.0,11.0,11.0,300.0
2023-08-07 12:00:00+07:00,10.9,10.9,10.9,10.9,7000.0
2023-08-07 12:02:00+07:00,11.0,11.0,11.0,11.0,100.0
2023-08-07 12:04:00+07:00,11.0,11.0,11.0,11.0,700.0
2023-08-07 12:05:00+07:00,11.0,11.0,11.0,11.0,200.0
2023-08-07 12:07:00+07:00,11.0,11.0,11.0,11.0,100.0
2023-08-07 12:10:00+07:00,11.0,11.0,11.0,11.0,200.0
2023-08-07 12:11:00+07:00,11.0,11.0,11.0,11.0,500.0
2023-08-07 12:23:00+07:00,10.9,10.9,10.9,10.9,1200.0
2023-08-07 12:24:00+07:00,11.0,11.0,11.0,11.0,18600.0
2023-08-07 12:29:00+07:00,11.0,11.0,11.0,11.0,600.0
2023-08-07 14:27:00+07:00,11.0,11.0,11.0,11.0,46800.0
2023-08-07 14:34:00+07:00,11.0,11.0,11.0,11.0,9000.0
2023-08-07 14:37:00+07:00,11.0,11.0,11.0,11.0,300.0
2023-08-07 14:38:00+07:00,10.9,11.0,10.9,11.0,3200.0
2023-08-07 14:40:00+07:00,11.0,11.0,11.0,11.0,651100.0
2023-08-07 14:41:00+07:00,11.0,11.1,11.0,11.1,5500.0
2023-08-07 14:46:00+07:00,11.0,11.0,11.0,11.0,600.0
2023-08-07 14:47:00+07:00,11.0,11.0,11.0,11.0,300.0
2023-08-07 14:50:00+07:00,11.1,11.1,11.0,11.0,1600.0
2023-08-07 14:52:00+07:00,11.0,11.0,11.0,11.0,500.0
2023-08-07 14:53:00+07:00,11.1,11.1,11.0,11.0,2900.0
2023-08-07 14:55:00+07:00,11.0,11.0,11.0,11.0,5000.0
2023-08-07 14:56:00+07:00,11.1,11.1,11.1,11.1,2000.0
2023-08-07 14:59:00+07:00,11.1,11.1,11.1,11.1,100.0
2023-08-07 15:01:00+07:00,11.0,11.0,11.0,11.0,2000.0
2023-08-07 15:02:00+07:00,11.1,11.1,11.1,11.1,900.0
2023-08-07 15:06:00+07:00,11.0,11.1,11.0,11.1,59000.0
2023-08-07 15:07:00+07:00,11.1,11.1,11.1,11.1,600.0
2023-08-07 15:08:00+07:00,11.1,11.1,11.1,11.1,9000.0
2023-08-07 15:09:00+07:00,11.1,11.1,11.1,11.1,5000.0
2023-08-07 15:14:00+07:00,11.1,11.1,11.1,11.1,100.0
2023-08-07 15:15:00+07:00,11.1,11.1,11.1,11.1,100.0
2023-08-07 15:17:00+07:00,11.1,11.1,11.1,11.1,400.0
2023-08-07 15:21:00+07:00,11.1,11.1,11.1,11.1,2000.0
2023-08-07 15:24:00+07:00,11.1,11.1,11.1,11.1,100.0
2023-08-07 15:26:00+07:00,11.1,11.1,11.1,11.1,4000.0
2023-08-07 15:29:00+07:00,11.0,11.0,11.0,11.0,100.0
2023-08-07 15:30:00+07:00,11.1,11.1,11.1,11.1,3000.0
2023-08-07 15:31:00+07:00,11.1,11.1,11.0,11.0,400.0
2023-08-07 15:32:00+07:00,11.1,11.1,11.1,11.1,900.0
2023-08-07 15:33:00+07:00,11.1,11.1,11.1,11.1,53200.0
2023-08-07 15:35:00+07:00,11.1,11.1,11.1,11.1,1300.0
2023-08-07 15:36:00+07:00,11.1,11.1,11.1,11.1,6000.0
2023-08-07 15:38:00+07:00,11.1,11.1,11.1,11.1,2100.0
2023-08-07 15:41:00+07:00,11.1,11.1,11.1,11.1,28200.0
2023-08-07 15:43:00+07:00,11.1,11.1,11.1,11.1,1200.0
2023-08-07 15:44:00+07:00,11.0,11.0,11.0,11.0,5000.0
2023-08-07 15:45:00+07:00,11.1,11.1,11.1,11.1,300.0
2023-08-07 15:49:00+07:00,11.1,11.1,11.1,11.1,300.0
2023-08-07 15:55:00+07:00,11.1,11.1,11.1,11.1,100.0
2023-08-07 16:03:00+07:00,11.1,11.1,11.1,11.1,100.0
2023-08-07 16:09:00+07:00,11.1,11.1,11.1,11.1,2500.0
2023-08-07 16:10:00+07:00,11.0,11.1,11.0,11.1,68600.0
2023-08-07 16:13:00+07:00,11.1,11.1,11.1,11.1,10000.0
2023-08-07 16:14:00+07:00,11.1,11.1,11.1,11.1,300.0
2023-08-07 16:15:00+07:00,11.0,11.0,11.0,11.0,15400.0
2023-08-07 16:16:00+07:00,11.0,11.1,11.0,11.1,7700.0
2023-08-07 16:18:00+07:00,11.0,11.0,11.0,11.0,8600.0
2023-08-07 16:20:00+07:00,11.0,11.0,11.0,11.0,7400.0
2023-08-07 16:22:00+07:00,11.0,11.0,11.0,11.0,17500.0
2023-08-07 16:23:00+07:00,11.0,11.0,11.0,11.0,55000.0
2023-08-07 16:24:00+07:00,11.0,11.0,11.0,11.0,7500.0
2023-08-07 16:25:00+07:00,11.0,11.0,11.0,11.0,5000.0
2023-08-07 16:27:00+07:00,11.1,11.1,11.1,11.1,500.0
2023-08-07 16:28:00+07:00,11.0,11.0,11.0,11.0,700.0
2023-08-07 16:29:00+07:00,11.0,11.1,11.0,11.1,1900.0
2023-08-07 16:30:00+07:00,11.1,11.1,11.1,11.1,800.0
2023-08-07 16:39:00+07:00,11.1,11.1,11.1,11.1,1337200.0
2023-08-08 09:57:00+07:00,11.1,11.1,11.1,11.1,59600.0
2023-08-08 10:02:00+07:00,11.1,11.1,11.0,11.0,10500.0
2023-08-08 10:03:00+07:00,11.1,11.1,11.1,11.1,100.0
2023-08-08 10:05:00+07:00,11.1,11.1,11.1,11.1,129600.0
2023-08-08 10:06:00+07:00,11.2,11.2,11.2,11.2,500.0
2023-08-08 10:07:00+07:00,11.1,11.1,11.1,11.1,500.0
2023-08-08 10:08:00+07:00,11.1,11.1,11.1,11.1,400.0
2023-08-08 10:09:00+07:00,11.1,11.1,11.1,11.1,2500.0
2023-08-08 10:10:00+07:00,11.1,11.1,11.1,11.1,1000.0
2023-08-08 10:11:00+07:00,11.1,11.1,11.1,11.1,158400.0
2023-08-08 10:17:00+07:00,11.1,11.1,11.1,11.1,100.0
2023-08-08 10:19:00+07:00,11.0,11.0,11.0,11.0,200.0
2023-08-08 10:21:00+07:00,11.1,11.1,11.1,11.1,500.0
2023-08-08 10:23:00+07:00,11.1,11.1,11.1,11.1,1000.0
2023-08-08 10:25:00+07:00,11.1,11.1,11.1,11.1,1000.0
2023-08-08 10:26:00+07:00,11.0,11.1,11.0,11.1,5300.0
2023-08-08 10:28:00+07:00,11.1,11.1,11.1,11.1,800.0
2023-08-08 10:29:00+07:00,11.1,11.1,11.1,11.1,1000.0
2023-08-08 10:34:00+07:00,11.1,11.1,11.1,11.1,20000.0
2023-08-08 10:37:00+07:00,11.1,11.1,11.1,11.1,200.0
2023-08-08 10:40:00+07:00,11.0,11.0,11.0,11.0,5000.0
2023-08-08 10:42:00+07:00,11.0,11.0,11.0,11.0,500.0
2023-08-08 10:45:00+07:00,11.1,11.1,11.1,11.1,900.0
2023-08-08 10:46:00+07:00,11.1,11.1,11.1,11.1,100.0
2023-08-08 10:47:00+07:00,11.0,11.1,11.0,11.1,22000.0
2023-08-08 10:55:00+07:00,11.1,11.1,11.1,11.1,500.0
2023-08-08 10:56:00+07:00,11.1,11.1,11.1,11.1,100.0
2023-08-08 10:58:00+07:00,11.1,11.1,11.1,11.1,100.0
2023-08-08 11:03:00+07:00,11.1,11.1,11.1,11.1,5000.0
2023-08-08 11:09:00+07:00,11.1,11.1,11.1,11.1,1000.0
2023-08-08 11:11:00+07:00,11.0,11.0,11.0,11.0,400.0
2023-08-08 11:14:00+07:00,11.0,11.0,11.0,11.0,100.0
2023-08-08 11:15:00+07:00,11.0,11.0,11.0,11.0,1000.0
2023-08-08 11:20:00+07:00,11.1,11.1,11.1,11.1,500.0
2023-08-08 11:23:00+07:00,11.0,11.0,11.0,11.0,100.0
2023-08-08 11:28:00+07:00,11.1,11.1,11.1,11.1,1000.0
2023-08-08 11:29:00+07:00,11.1,11.1,11.1,11.1,4000.0
2023-08-08 11:31:00+07:00,11.1,11.1,11.1,11.1,4500.0
2023-08-08 11:33:00+07:00,11.1,11.1,11.1,11.1,1000.0
2023-08-08 11:35:00+07:00,11.0,11.0,11.0,11.0,100.0
2023-08-08 11:36:00+07:00,11.1,11.1,11.1,11.1,100.0
2023-08-08 11:38:00+07:00,11.1,11.1,11.1,11.1,3000.0
2023-08-08 11:43:00+07:00,11.0,11.0,11.0,11.0,800.0
2023-08-08 11:44:00+07:00,11.1,11.1,11.1,11.1,100.0
2023-08-08 11:46:00+07:00,11.1,11.1,11.1,11.1,156100.0
2023-08-08 11:47:00+07:00,11.1,11.1,11.1,11.1,80100.0
2023-08-08 11:48:00+07:00,11.1,11.1,11.1,11.1,100.0
2023-08-08 11:50:00+07:00,11.1,11.1,11.1,11.1,100.0
2023-08-08 11:57:00+07:00,11.0,11.0,11.0,11.0,28000.0
2023-08-08 12:04:00+07:00,11.1,11.1,11.1,11.1,1000.0
2023-08-08 12:05:00+07:00,11.0,11.0,11.0,11.0,100.0
2023-08-08 12:12:00+07:00,11.1,11.1,11.1,11.1,5000.0
2023-08-08 12:13:00+07:00,11.1,11.1,11.1,11.1,1000.0
2023-08-08 12:19:00+07:00,11.1,11.1,11.1,11.1,300.0
2023-08-08 12:29:00+07:00,11.1,11.1,11.1,11.1,600.0
2023-08-08 14:26:00+07:00,11.0,11.0,11.0,11.0,335400.0
2023-08-08 14:27:00+07:00,11.0,11.0,11.0,11.0,11000.0
2023-08-08 14:28:00+07:00,11.0,11.0,11.0,11.0,200.0
2023-08-08 14:29:00+07:00,11.0,11.0,11.0,11.0,200.0
2023-08-08 14:30:00+07:00,11.0,11.0,11.0,11.0,5500.0
2023-08-08 14:31:00+07:00,11.0,11.0,11.0,11.0,300.0
2023-08-08 14:36:00+07:00,11.1,11.1,11.1,11.1,100.0
2023-08-08 14:49:00+07:00,11.1,11.1,11.1,11.1,100.0
2023-08-08 14:51:00+07:00,11.1,11.1,11.1,11.1,500.0
2023-08-08 14:54:00+07:00,11.0,11.0,11.0,11.0,500.0
2023-08-08 14:56:00+07:00,11.0,11.0,11.0,11.0,3200.0
2023-08-08 15:00:00+07:00,11.1,11.1,11.1,11.1,200.0
2023-08-08 15:01:00+07:00,11.1,11.1,11.1,11.1,500.0
2023-08-08 15:05:00+07:00,11.1,11.1,11.1,11.1,100.0
2023-08-08 15:06:00+07:00,11.1,11.1,11.1,11.1,1000.0
2023-08-08 15:07:00+07:00,11.1,11.1,11.1,11.1,100.0
2023-08-08 15:09:00+07:00,11.0,11.0,11.0,11.0,1000.0
2023-08-08 15:11:00+07:00,11.0,11.1,11.0,11.0,59900.0
2023-08-08 15:12:00+07:00,11.0,11.0,11.0,11.0,200.0
2023-08-08 15:13:00+07:00,11.0,11.0,11.0,11.0,200.0
2023-08-08 15:14:00+07:00,11.0,11.0,11.0,11.0,200.0
2023-08-08 15:16:00+07:00,11.0,11.0,11.0,11.0,300.0
2023-08-08 15:17:00+07:00,11.0,11.0,11.0,11.0,200.0
2023-08-08 15:18:00+07:00,11.0,11.0,11.0,11.0,100.0
2023-08-08 15:19:00+07:00,11.0,11.0,11.0,11.0,100.0
2023-08-08 15:20:00+07:00,11.1,11.1,11.1,11.1,5000.0
2023-08-08 15:23:00+07:00,11.0,11.0,11.0,11.0,5500.0
2023-08-08 15:24:00+07:00,11.0,11.0,11.0,11.0,100.0
2023-08-08 15:26:00+07:00,11.0,11.0,11.0,11.0,4500.0
2023-08-08 15:27:00+07:00,11.0,11.0,11.0,11.0,1100.0
2023-08-08 15:28:00+07:00,11.0,11.0,11.0,11.0,200.0
2023-08-08 15:29:00+07:00,11.0,11.0,11.0,11.0,200.0
2023-08-08 15:30:00+07:00,11.0,11.0,11.0,11.0,100.0
2023-08-08 15:31:00+07:00,11.0,11.0,11.0,11.0,64600.0
2023-08-08 15:32:00+07:00,11.0,11.0,11.0,11.0,84600.0
2023-08-08 15:34:00+07:00,11.0,11.0,11.0,11.0,37500.0
2023-08-08 15:35:00+07:00,11.0,11.0,11.0,11.0,500.0
2023-08-08 15:36:00+07:00,11.0,11.1,11.0,11.1,300.0
2023-08-08 15:37:00+07:00,11.0,11.0,11.0,11.0,1000.0
2023-08-08 15:38:00+07:00,11.0,11.0,11.0,11.0,400.0
2023-08-08 15:39:00+07:00,11.0,11.0,11.0,11.0,2700.0
2023-08-08 15:40:00+07:00,11.0,11.0,11.0,11.0,200.0
2023-08-08 15:41:00+07:00,11.0,11.0,11.0,11.0,600.0
2023-08-08 15:42:00+07:00,11.0,11.0,11.0,11.0,400.0
2023-08-08 15:44:00+07:00,11.0,11.0,11.0,11.0,100.0
2023-08-08 15:47:00+07:00,11.0,11.0,11.0,11.0,100.0
2023-08-08 15:49:00+07:00,11.0,11.0,11.0,11.0,200.0
2023-08-08 15:51:00+07:00,11.0,11.0,11.0,11.0,13300.0
2023-08-08 15:54:00+07:00,11.0,11.0,11.0,11.0,1000.0
2023-08-08 15:55:00+07:00,11.1,11.1,11.1,11.1,100.0
2023-08-08 15:57:00+07:00,11.0,11.1,11.0,11.1,10200.0
2023-08-08 16:03:00+07:00,11.0,11.0,11.0,11.0,1800.0
2023-08-08 16:04:00+07:00,11.0,11.0,11.0,11.0,10000.0
2023-08-08 16:05:00+07:00,11.0,11.0,11.0,11.0,11800.0
2023-08-08 16:06:00+07:00,11.0,11.0,11.0,11.0,44400.0
2023-08-08 16:08:00+07:00,11.0,11.0,11.0,11.0,395200.0
2023-08-08 16:09:00+07:00,11.0,11.0,10.9,10.9,43000.0
2023-08-08 16:11:00+07:00,11.0,11.0,11.0,11.0,500.0
2023-08-08 16:12:00+07:00,11.0,11.0,11.0,11.0,3200.0
2023-08-08 16:13:00+07:00,11.0,11.0,11.0,11.0,100.0
2023-08-08 16:14:00+07:00,10.9,11.0,10.9,11.0,800.0
2023-08-08 16:15:00+07:00,11.0,11.0,11.0,11.0,2300.0
2023-08-08 16:16:00+07:00,11.0,11.0,11.0,11.0,300.0
2023-08-08 16:17:00+07:00,11.0,11.0,11.0,11.0,100.0
2023-08-08 16:18:00+07:00,11.0,11.0,10.9,11.0,1100.0
2023-08-08 16:19:00+07:00,11.0,11.0,11.0,11.0,300.0
2023-08-08 16:21:00+07:00,11.0,11.0,11.0,11.0,20000.0
2023-08-08 16:22:00+07:00,11.0,11.0,11.0,11.0,100.0
2023-08-08 16:23:00+07:00,11.0,11.0,11.0,11.0,10500.0
2023-08-08 16:25:00+07:00,11.0,11.0,10.9,11.0,51500.0
2023-08-08 16:27:00+07:00,11.0,11.0,11.0,11.0,500.0
2023-08-08 16:28:00+07:00,11.0,11.0,10.9,10.9,13700.0
2023-08-08 16:29:00+07:00,11.0,11.0,11.0,11.0,13300.0
2023-08-08 16:35:00+07:00,11.0,11.0,11.0,11.0,1170600.0
2023-08-09 09:57:00+07:00,11.1,11.1,11.0,11.0,165500.0
2023-08-09 09:59:00+07:00,11.0,11.0,11.0,11.0,10600.0
2023-08-09 10:01:00+07:00,11.0,11.0,11.0,11.0,500.0
2023-08-09 10:02:00+07:00,11.0,11.0,11.0,11.0,1100.0
2023-08-09 10:03:00+07:00,11.0,11.0,11.0,11.0,11900.0
2023-08-09 10:04:00+07:00,11.0,11.0,11.0,11.0,137000.0
2023-08-09 10:05:00+07:00,11.0,11.0,11.0,11.0,20000.0
2023-08-09 10:06:00+07:00,11.0,11.0,11.0,11.0,1500.0
2023-08-09 10:08:00+07:00,11.0,11.0,11.0,11.0,200.0
2023-08-09 10:09:00+07:00,11.0,11.0,11.0,11.0,500.0
2023-08-09 10:11:00+07:00,11.0,11.0,11.0,11.0,1300.0
2023-08-09 10:12:00+07:00,11.0,11.0,11.0,11.0,1200.0
2023-08-09 10:13:00+07:00,11.0,11.0,11.0,11.0,10100.0
2023-08-09 10:16:00+07:00,11.0,11.0,11.0,11.0,200.0
2023-08-09 10:17:00+07:00,11.0,11.0,11.0,11.0,200.0
2023-08-09 10:18:00+07:00,11.0,11.0,10.9,10.9,38300.0
2023-08-09 10:19:00+07:00,10.9,10.9,10.9,10.9,1000.0
2023-08-09 10:20:00+07:00,10.9,10.9,10.9,10.9,400.0
2023-08-09 10:21:00+07:00,10.9,10.9,10.9,10.9,1100.0
2023-08-09 10:22:00+07:00,10.9,11.0,10.9,11.0,500.0
2023-08-09 10:24:00+07:00,11.0,11.0,11.0,11.0,100.0
2023-08-09 10:27:00+07:00,10.9,10.9,10.9,10.9,5100.0
2023-08-09 10:28:00+07:00,10.9,10.9,10.9,10.9,11000.0
2023-08-09 10:29:00+07:00,10.9,10.9,10.9,10.9,7800.0
2023-08-09 10:30:00+07:00,10.9,11.0,10.9,11.0,400.0
2023-08-09 10:34:00+07:00,11.0,11.0,11.0,11.0,2100.0
2023-08-09 10:35:00+07:00,11.0,11.0,11.0,11.0,1000.0
2023-08-09 10:36:00+07:00,11.0,11.0,11.0,11.0,31400.0
2023-08-09 10:37:00+07:00,11.0,11.0,11.0,11.0,1900.0
2023-08-09 10:38:00+07:00,11.0,11.0,11.0,11.0,100.0
2023-08-09 10:39:00+07:00,11.0,11.0,11.0,11.0,1300.0
2023-08-09 10:41:00+07:00,11.0,11.0,11.0,11.0,1600.0
2023-08-09 10:42:00+07:00,11.0,11.0,11.0,11.0,1400.0
2023-08-09 10:43:00+07:00,11.0,11.0,11.0,11.0,2200.0
2023-08-09 10:44:00+07:00,11.0,11.0,11.0,11.0,900.0
2023-08-09 10:45:00+07:00,11.0,11.0,11.0,11.0,1000.0
2023-08-09 10:46:00+07:00,11.0,11.0,11.0,11.0,1800.0
2023-08-09 10:47:00+07:00,11.0,11.0,11.0,11.0,100.0
2023-08-09 10:48:00+07:00,11.0,11.0,11.0,11.0,3400.0
2023-08-09 10:49:00+07:00,11.0,11.0,11.0,11.0,400.0
2023-08-09 10:50:00+07:00,11.0,11.0,11.0,11.0,4700.0
2023-08-09 10:52:00+07:00,11.0,11.0,11.0,11.0,1900.0
2023-08-09 10:53:00+07:00,11.0,11.0,11.0,11.0,200.0
2023-08-09 10:54:00+07:00,11.0,11.0,10.9,10.9,9100.0
2023-08-09 10:55:00+07:00,10.9,11.0,10.9,11.0,5400.0
2023-08-09 10:56:00+07:00,11.0,11.0,11.0,11.0,20200.0
2023-08-09 10:57:00+07:00,11.0,11.0,11.0,11.0,6700.0
2023-08-09 10:59:00+07:00,11.0,11.0,11.0,11.0,1500.0
2023-08-09 11:01:00+07:00,11.0,11.0,11.0,11.0,1500.0
2023-08-09 11:02:00+07:00,11.0,11.0,11.0,11.0,1600.0
2023-08-09 11:04:00+07:00,11.0,11.0,11.0,11.0,4800.0
2023-08-09 11:05:00+07:00,11.0,11.0,11.0,11.0,2000.0
2023-08-09 11:06:00+07:00,11.0,11.0,11.0,11.0,62200.0
2023-08-09 11:07:00+07:00,11.0,11.0,11.0,11.0,10000.0
2023-08-09 11:10:00+07:00,11.0,11.0,11.0,11.0,3100.0
2023-08-09 11:11:00+07:00,10.9,11.0,10.9,11.0,5700.0
2023-08-09 11:12:00+07:00,10.9,10.9,10.9,10.9,4500.0
2023-08-09 11:15:00+07:00,10.9,10.9,10.9,10.9,4700.0
2023-08-09 11:16:00+07:00,10.9,11.0,10.9,11.0,13800.0
2023-08-09 11:17:00+07:00,11.0,11.0,11.0,11.0,300.0
2023-08-09 11:18:00+07:00,11.0,11.0,11.0,11.0,200.0
2023-08-09 11:19:00+07:00,11.0,11.0,11.0,11.0,200.0
2023-08-09 11:20:00+07:00,11.0,11.0,11.0,11.0,300.0
2023-08-09 11:22:00+07:00,11.0,11.0,11.0,11.0,100.0
2023-08-09 11:23:00+07:00,11.0,11.0,11.0,11.0,2300.0
2023-08-09 11:25:00+07:00,11.0,11.0,11.0,11.0,100.0
2023-08-09 11:26:00+07:00,11.0,11.0,11.0,11.0,2100.0
2023-08-09 11:29:00+07:00,11.0,11.0,11.0,11.0,1700.0
2023-08-09 11:31:00+07:00,11.0,11.0,11.0,11.0,100.0
2023-08-09 11:32:00+07:00,11.0,11.0,11.0,11.0,1800.0
2023-08-09 11:33:00+07:00,11.0,11.0,11.0,11.0,100.0
2023-08-09 11:35:00+07:00,11.0,11.0,11.0,11.0,1900.0
2023-08-09 11:38:00+07:00,10.9,10.9,10.9,10.9,12700.0
2023-08-09 11:39:00+07:00,11.0,11.0,11.0,11.0,2300.0
2023-08-09 11:41:00+07:00,11.0,11.0,10.9,10.9,3200.0
2023-08-09 11:42:00+07:00,10.9,10.9,10.9,10.9,300.0
2023-08-09 11:45:00+07:00,10.9,10.9,10.9,10.9,400.0
2023-08-09 11:46:00+07:00,11.0,11.0,11.0,11.0,1900.0
2023-08-09 11:47:00+07:00,11.0,11.0,11.0,11.0,600.0
2023-08-09 11:48:00+07:00,10.9,10.9,10.9,10.9,3000.0
2023-08-09 11:49:00+07:00,11.0,11.0,11.0,11.0,1700.0
2023-08-09 11:51:00+07:00,11.0,11.0,11.0,11.0,100.0
2023-08-09 11:57:00+07:00,11.0,11.0,10.9,10.9,2100.0
2023-08-09 12:00:00+07:00,11.0,11.0,11.0,11.0,2700.0
2023-08-09 12:09:00+07:00,11.0,11.0,11.0,11.0,1000.0
2023-08-09 12:16:00+07:00,11.0,11.0,11.0,11.0,42100.0
2023-08-09 12:21:00+07:00,10.9,10.9,10.9,10.9,9500.0
2023-08-09 12:23:00+07:00,10.9,11.0,10.9,11.0,5600.0
2023-08-09 12:24:00+07:00,11.0,11.0,11.0,11.0,2200.0
2023-08-09 12:25:00+07:00,11.0,11.0,11.0,11.0,1000.0
2023-08-09 12:28:00+07:00,11.0,11.0,11.0,11.0,4700.0
2023-08-09 12:29:00+07:00,11.0,11.0,10.9,11.0,10800.0
2023-08-09 14:27:00+07:00,11.0,11.0,11.0,11.0,20200.0
2023-08-09 14:30:00+07:00,10.9,10.9,10.9,10.9,4900.0
2023-08-09 14:31:00+07:00,10.9,10.9,10.9,10.9,100.0
2023-08-09 14:32:00+07:00,10.9,10.9,10.9,10.9,100.0
2023-08-09 14:37:00+07:00,11.0,11.0,11.0,11.0,100.0
2023-08-09 14:39:00+07:00,11.0,11.0,11.0,11.0,100.0
2023-08-09 14:40:00+07:00,10.9,10.9,10.9,10.9,3000.0
2023-08-09 14:42:00+07:00,10.9,10.9,10.9,10.9,12100.0
2023-08-09 14:43:00+07:00,11.0,11.0,11.0,11.0,300.0
2023-08-09 14:44:00+07:00,11.0,11.0,11.0,11.0,5000.0
2023-08-09 14:45:00+07:00,11.0,11.0,11.0,11.0,200.0
2023-08-09 14:46:00+07:00,11.0,11.0,11.0,11.0,100.0
2023-08-09 14:47:00+07:00,11.0,11.0,11.0,11.0,100.0
2023-08-09 14:48:00+07:00,11.0,11.0,11.0,11.0,5000.0
2023-08-09 14:51:00+07:00,11.0,11.0,11.0,11.0,1500.0
2023-08-09 14:54:00+07:00,11.0,11.0,11.0,11.0,200.0
2023-08-09 14:59:00+07:00,10.9,11.0,10.9,11.0,1900.0
2023-08-09 15:00:00+07:00,11.0,11.0,10.9,11.0,90400.0
2023-08-09 15:01:00+07:00,11.0,11.0,11.0,11.0,2100.0
2023-08-09 15:02:00+07:00,11.0,11.0,11.0,11.0,2200.0
2023-08-09 15:03:00+07:00,11.0,11.0,11.0,11.0,100.0
2023-08-09 15:04:00+07:00,11.0,11.0,11.0,11.0,500.0
2023-08-09 15:05:00+07:00,11.0,11.0,11.0,11.0,1900.0
2023-08-09 15:06:00+07:00,11.0,11.0,11.0,11.0,3000.0
2023-08-09 15:07:00+07:00,11.0,11.0,11.0,11.0,800.0
2023-08-09 15:08:00+07:00,11.0,11.0,11.0,11.0,3000.0
2023-08-09 15:10:00+07:00,11.0,11.0,11.0,11.0,1000.0
2023-08-09 15:11:00+07:00,11.0,11.0,11.0,11.0,600.0
2023-08-09 15:12:00+07:00,11.0,11.0,11.0,11.0,1900.0
2023-08-09 15:16:00+07:00,11.0,11.0,11.0,11.0,4500.0
2023-08-09 15:20:00+07:00,10.9,10.9,10.9,10.9,13000.0
2023-08-09 15:21:00+07:00,11.0,11.0,11.0,11.0,100.0
2023-08-09 15:23:00+07:00,11.0,11.0,11.0,11.0,100.0
2023-08-09 15:24:00+07:00,11.0,11.0,11.0,11.0,1600.0
2023-08-09 15:25:00+07:00,11.0,11.0,11.0,11.0,5400.0
2023-08-09 15:26:00+07:00,11.0,11.0,11.0,11.0,4400.0
2023-08-09 15:27:00+07:00,10.9,10.9,10.9,10.9,4100.0
2023-08-09 15:28:00+07:00,11.0,11.0,11.0,11.0,2900.0
2023-08-09 15:31:00+07:00,11.0,11.0,11.0,11.0,2000.0
2023-08-09 15:32:00+07:00,11.0,11.0,11.0,11.0,12100.0
2023-08-09 15:33:00+07:00,11.0,11.0,11.0,11.0,3100.0
2023-08-09 15:34:00+07:00,11.0,11.0,11.0,11.0,7900.0
2023-08-09 15:35:00+07:00,11.0,11.0,11.0,11.0,3000.0
2023-08-09 15:36:00+07:00,11.0,11.0,11.0,11.0,1100.0
2023-08-09 15:37:00+07:00,11.0,11.0,10.9,10.9,12900.0
2023-08-09 15:38:00+07:00,11.0,11.0,11.0,11.0,1700.0
2023-08-09 15:39:00+07:00,10.9,11.0,10.9,11.0,1400.0
2023-08-09 15:41:00+07:00,11.0,11.0,11.0,11.0,2400.0
2023-08-09 15:45:00+07:00,11.0,11.0,11.0,11.0,1900.0
2023-08-09 15:49:00+07:00,11.0,11.0,11.0,11.0,85000.0
2023-08-09 15:51:00+07:00,11.0,11.0,11.0,11.0,200.0
2023-08-09 15:53:00+07:00,11.0,11.0,11.0,11.0,8000.0
2023-08-09 15:54:00+07:00,10.9,10.9,10.9,10.9,11400.0
2023-08-09 15:55:00+07:00,10.9,10.9,10.9,10.9,1400.0
2023-08-09 15:56:00+07:00,10.9,11.0,10.9,11.0,12300.0
2023-08-09 15:57:00+07:00,11.0,11.0,11.0,11.0,300.0
2023-08-09 15:58:00+07:00,11.0,11.0,11.0,11.0,400.0
2023-08-09 15:59:00+07:00,11.0,11.0,11.0,11.0,5000.0
2023-08-09 16:00:00+07:00,11.0,11.0,11.0,11.0,1800.0
2023-08-09 16:01:00+07:00,11.0,11.0,11.0,11.0,46000.0
2023-08-09 16:02:00+07:00,11.0,11.0,11.0,11.0,1500.0
2023-08-09 16:03:00+07:00,11.0,11.0,11.0,11.0,300.0
2023-08-09 16:04:00+07:00,11.0,11.0,11.0,11.0,4200.0
2023-08-09 16:07:00+07:00,11.0,11.0,10.9,10.9,5900.0
2023-08-09 16:08:00+07:00,11.0,11.0,11.0,11.0,4200.0
2023-08-09 16:09:00+07:00,11.0,11.0,11.0,11.0,5400.0
2023-08-09 16:10:00+07:00,11.0,11.0,11.0,11.0,5200.0
2023-08-09 16:11:00+07:00,11.0,11.0,11.0,11.0,17200.0
2023-08-09 16:12:00+07:00,11.0,11.0,11.0,11.0,2300.0
2023-08-09 16:13:00+07:00,11.0,11.0,11.0,11.0,200.0
2023-08-09 16:14:00+07:00,11.0,11.0,11.0,11.0,16100.0
2023-08-09 16:15:00+07:00,11.0,11.0,10.9,10.9,277600.0
2023-08-09 16:16:00+07:00,11.0,11.0,10.9,11.0,1300.0
2023-08-09 16:17:00+07:00,10.9,10.9,10.9,10.9,2000.0
2023-08-09 16:18:00+07:00,11.0,11.0,11.0,11.0,1900.0
2023-08-09 16:19:00+07:00,11.0,11.0,11.0,11.0,3100.0
2023-08-09 16:20:00+07:00,11.0,11.0,11.0,11.0,14900.0
2023-08-09 16:21:00+07:00,10.9,11.0,10.9,11.0,4600.0
2023-08-09 16:22:00+07:00,11.0,11.0,10.9,10.9,6900.0
2023-08-09 16:23:00+07:00,11.0,11.0,11.0,11.0,12000.0
2023-08-09 16:24:00+07:00,11.0,11.0,11.0,11.0,5700.0
2023-08-09 16:25:00+07:00,11.0,11.0,11.0,11.0,13800.0
2023-08-09 16:26:00+07:00,11.0,11.0,11.0,11.0,3900.0
2023-08-09 16:27:00+07:00,11.0,11.0,10.9,11.0,8900.0
2023-08-09 16:28:00+07:00,10.9,11.0,10.9,11.0,4700.0
2023-08-09 16:29:00+07:00,11.0,11.0,10.9,11.0,9400.0
2023-08-09 16:36:00+07:00,11.0,11.0,11.0,11.0,722400.0
2023-08-10 09:55:00+07:00,10.9,11.0,10.9,11.0,136500.0
2023-08-10 09:57:00+07:00,11.0,11.0,11.0,11.0,20000.0
2023-08-10 09:58:00+07:00,11.0,11.0,11.0,11.0,1500.0
2023-08-10 10:01:00+07:00,11.0,11.0,11.0,11.0,1000.0
2023-08-10 10:02:00+07:00,11.0,11.0,11.0,11.0,1500.0
2023-08-10 10:04:00+07:00,11.0,11.0,11.0,11.0,20000.0
2023-08-10 10:05:00+07:00,11.0,11.0,11.0,11.0,1600.0
2023-08-10 10:06:00+07:00,11.0,11.0,11.0,11.0,700.0
2023-08-10 10:09:00+07:00,11.0,11.0,11.0,11.0,2100.0
2023-08-10 10:10:00+07:00,11.0,11.0,11.0,11.0,51900.0
2023-08-10 10:15:00+07:00,11.0,11.0,11.0,11.0,2000.0
2023-08-10 10:17:00+07:00,11.0,11.0,11.0,11.0,1000.0
2023-08-10 10:20:00+07:00,10.9,11.0,10.9,11.0,1700.0
2023-08-10 10:21:00+07:00,11.0,11.0,11.0,11.0,400.0
2023-08-10 10:25:00+07:00,11.0,11.0,11.0,11.0,100.0
2023-08-10 10:29:00+07:00,11.0,11.0,11.0,11.0,100.0
2023-08-10 10:30:00+07:00,11.0,11.0,11.0,11.0,3000.0
2023-08-10 10:32:00+07:00,11.0,11.0,11.0,11.0,400.0
2023-08-10 10:33:00+07:00,10.9,10.9,10.9,10.9,1600.0
2023-08-10 10:37:00+07:00,10.9,11.0,10.9,11.0,5200.0
2023-08-10 10:42:00+07:00,11.0,11.0,11.0,11.0,10000.0
2023-08-10 10:43:00+07:00,11.0,11.0,11.0,11.0,3400.0
2023-08-10 10:46:00+07:00,11.0,11.0,11.0,11.0,3300.0
2023-08-10 10:49:00+07:00,11.0,11.0,10.9,10.9,1600.0
2023-08-10 10:50:00+07:00,11.0,11.0,11.0,11.0,1900.0
2023-08-10 10:51:00+07:00,11.0,11.0,11.0,11.0,1000.0
2023-08-10 10:53:00+07:00,10.9,10.9,10.9,10.9,11500.0
2023-08-10 10:54:00+07:00,11.0,11.0,11.0,11.0,9000.0
2023-08-10 10:56:00+07:00,11.0,11.0,11.0,11.0,1700.0
2023-08-10 10:59:00+07:00,10.9,10.9,10.9,10.9,53500.0
2023-08-10 11:01:00+07:00,11.0,11.0,11.0,11.0,1400.0
2023-08-10 11:02:00+07:00,11.0,11.0,11.0,11.0,500.0
2023-08-10 11:03:00+07:00,10.9,10.9,10.9,10.9,18900.0
2023-08-10 11:07:00+07:00,11.0,11.0,11.0,11.0,1300.0
2023-08-10 11:09:00+07:00,10.9,10.9,10.9,10.9,700.0
2023-08-10 11:11:00+07:00,11.0,11.0,11.0,11.0,1600.0
2023-08-10 11:13:00+07:00,11.0,11.0,10.9,10.9,37200.0
2023-08-10 11:16:00+07:00,10.9,10.9,10.9,10.9,6400.0
2023-08-10 11:18:00+07:00,11.0,11.0,11.0,11.0,2100.0
2023-08-10 11:21:00+07:00,11.0,11.0,11.0,11.0,300.0
2023-08-10 11:23:00+07:00,10.9,10.9,10.9,10.9,22800.0
2023-08-10 11:26:00+07:00,11.0,11.0,11.0,11.0,300.0
2023-08-10 11:27:00+07:00,11.0,11.0,11.0,11.0,2200.0
2023-08-10 11:29:00+07:00,11.0,11.0,11.0,11.0,10000.0
2023-08-10 11:30:00+07:00,11.0,11.0,11.0,11.0,1000.0
2023-08-10 11:31:00+07:00,11.0,11.0,11.0,11.0,200.0
2023-08-10 11:33:00+07:00,11.0,11.0,10.9,10.9,29800.0
2023-08-10 11:36:00+07:00,10.9,10.9,10.9,10.9,6100.0
2023-08-10 11:38:00+07:00,11.0,11.0,11.0,11.0,1700.0
2023-08-10 11:40:00+07:00,11.0,11.0,11.0,11.0,100.0
2023-08-10 11:41:00+07:00,11.0,11.0,10.9,10.9,800.0
2023-08-10 11:44:00+07:00,10.9,10.9,10.9,10.9,23800.0
2023-08-10 11:46:00+07:00,10.9,10.9,10.9,10.9,64500.0
2023-08-10 11:47:00+07:00,10.9,11.0,10.9,11.0,2200.0
2023-08-10 11:52:00+07:00,11.0,11.0,11.0,11.0,90000.0
2023-08-10 11:53:00+07:00,11.0,11.0,11.0,11.0,1000.0
2023-08-10 11:54:00+07:00,10.9,10.9,10.9,10.9,16300.0
2023-08-10 11:58:00+07:00,11.0,11.0,10.9,10.9,47900.0
2023-08-10 11:59:00+07:00,10.9,10.9,10.9,10.9,200.0
2023-08-10 12:00:00+07:00,10.9,10.9,10.9,10.9,64200.0
2023-08-10 12:01:00+07:00,10.9,10.9,10.9,10.9,200.0
2023-08-10 12:04:00+07:00,10.9,10.9,10.9,10.9,13900.0
2023-08-10 12:05:00+07:00,10.9,10.9,10.9,10.9,40200.0
2023-08-10 12:06:00+07:00,10.9,11.0,10.9,11.0,300.0
2023-08-10 12:08:00+07:00,10.9,11.0,10.9,11.0,1900.0
2023-08-10 12:09:00+07:00,11.0,11.0,11.0,11.0,100.0
2023-08-10 12:14:00+07:00,10.9,10.9,10.9,10.9,11700.0
2023-08-10 12:15:00+07:00,10.9,10.9,10.9,10.9,1500.0
2023-08-10 12:16:00+07:00,11.0,11.0,11.0,11.0,1800.0
2023-08-10 12:17:00+07:00,10.9,10.9,10.9,10.9,400.0
2023-08-10 12:21:00+07:00,10.9,10.9,10.9,10.9,6000.0
2023-08-10 12:23:00+07:00,10.9,10.9,10.9,10.9,9900.0
2023-08-10 12:24:00+07:00,11.0,11.0,11.0,11.0,49600.0
2023-08-10 12:26:00+07:00,11.0,11.0,11.0,11.0,100.0
2023-08-10 12:28:00+07:00,11.0,11.0,10.9,10.9,20100.0
2023-08-10 12:29:00+07:00,11.0,11.0,11.0,11.0,600.0
2023-08-10 14:29:00+07:00,10.9,10.9,10.9,10.9,85100.0
2023-08-10 14:30:00+07:00,10.9,10.9,10.9,10.9,400.0
2023-08-10 14:31:00+07:00,10.9,10.9,10.9,10.9,400.0
2023-08-10 14:33:00+07:00,11.0,11.0,10.9,10.9,6200.0
2023-08-10 14:37:00+07:00,11.0,11.0,11.0,11.0,500.0
2023-08-10 14:38:00+07:00,11.0,11.0,11.0,11.0,100.0
2023-08-10 14:41:00+07:00,11.0,11.0,11.0,11.0,200.0
2023-08-10 14:42:00+07:00,11.0,11.0,11.0,11.0,1900.0
2023-08-10 14:44:00+07:00,10.9,10.9,10.9,10.9,6900.0
2023-08-10 14:47:00+07:00,10.9,10.9,10.9,10.9,1500.0
2023-08-10 14:55:00+07:00,10.9,10.9,10.9,10.9,9700.0
2023-08-10 14:56:00+07:00,10.9,10.9,10.9,10.9,777900.0
2023-08-10 14:57:00+07:00,10.9,10.9,10.9,10.9,2000.0
2023-08-10 14:59:00+07:00,10.9,11.0,10.9,10.9,155700.0
2023-08-10 15:00:00+07:00,10.9,10.9,10.9,10.9,3100.0
2023-08-10 15:01:00+07:00,10.9,10.9,10.9,10.9,600.0
2023-08-10 15:02:00+07:00,10.9,10.9,10.9,10.9,2000.0
2023-08-10 15:03:00+07:00,10.9,10.9,10.9,10.9,16500.0
2023-08-10 15:04:00+07:00,10.9,10.9,10.9,10.9,5000.0
2023-08-10 15:05:00+07:00,10.9,10.9,10.9,10.9,300.0
2023-08-10 15:06:00+07:00,10.9,10.9,10.8,10.9,10900.0
2023-08-10 15:07:00+07:00,10.9,10.9,10.9,10.9,1000.0
2023-08-10 15:08:00+07:00,10.9,10.9,10.9,10.9,3300.0
2023-08-10 15:09:00+07:00,10.8,10.8,10.8,10.8,900.0
2023-08-10 15:10:00+07:00,10.9,10.9,10.9,10.9,800.0
2023-08-10 15:12:00+07:00,10.9,10.9,10.8,10.8,1000.0
2023-08-10 15:13:00+07:00,10.9,10.9,10.9,10.9,100.0
2023-08-10 15:14:00+07:00,10.9,10.9,10.9,10.9,200.0
2023-08-10 15:15:00+07:00,10.9,10.9,10.9,10.9,600.0
2023-08-10 15:16:00+07:00,10.9,10.9,10.9,10.9,100.0
2023-08-10 15:18:00+07:00,10.8,10.9,10.8,10.9,6300.0
2023-08-10 15:19:00+07:00,10.9,10.9,10.9,10.9,200.0
2023-08-10 15:20:00+07:00,10.9,10.9,10.8,10.8,4000.0
2023-08-10 15:24:00+07:00,10.9,10.9,10.9,10.9,14900.0
2023-08-10 15:26:00+07:00,10.9,10.9,10.9,10.9,2200.0
2023-08-10 15:27:00+07:00,10.9,10.9,10.9,10.9,13500.0
2023-08-10 15:29:00+07:00,10.9,10.9,10.8,10.8,13700.0
2023-08-10 15:30:00+07:00,10.8,10.9,10.8,10.9,600.0
2023-08-10 15:31:00+07:00,10.9,10.9,10.9,10.9,1100.0
2023-08-10 15:32:00+07:00,10.9,10.9,10.8,10.9,9100.0
2023-08-10 15:33:00+07:00,10.9,10.9,10.9,10.9,5000.0
2023-08-10 15:34:00+07:00,10.9,10.9,10.9,10.9,300.0
2023-08-10 15:35:00+07:00,10.9,10.9,10.9,10.9,600.0
2023-08-10 15:37:00+07:00,10.9,10.9,10.9,10.9,21600.0
2023-08-10 15:38:00+07:00,10.9,10.9,10.9,10.9,200.0
2023-08-10 15:39:00+07:00,10.9,10.9,10.9,10.9,10300.0
2023-08-10 15:40:00+07:00,10.9,10.9,10.8,10.8,9100.0
2023-08-10 15:41:00+07:00,10.9,10.9,10.9,10.9,200.0
2023-08-10 15:42:00+07:00,10.9,10.9,10.9,10.9,200.0
2023-08-10 15:43:00+07:00,10.9,10.9,10.8,10.9,8700.0
2023-08-10 15:44:00+07:00,10.9,10.9,10.9,10.9,200.0
2023-08-10 15:45:00+07:00,10.9,10.9,10.9,10.9,100.0
2023-08-10 15:46:00+07:00,10.9,10.9,10.9,10.9,100.0
2023-08-10 15:47:00+07:00,10.9,10.9,10.9,10.9,1000.0
2023-08-10 15:48:00+07:00,10.9,10.9,10.8,10.9,15200.0
2023-08-10 15:49:00+07:00,10.9,10.9,10.9,10.9,2200.0
2023-08-10 15:51:00+07:00,10.9,10.9,10.8,10.8,10200.0
2023-08-10 15:52:00+07:00,10.9,10.9,10.9,10.9,100.0
2023-08-10 15:54:00+07:00,10.8,10.8,10.8,10.8,8100.0
2023-08-10 15:55:00+07:00,10.9,10.9,10.9,10.9,100.0
2023-08-10 15:56:00+07:00,10.9,10.9,10.9,10.9,1000.0
2023-08-10 15:57:00+07:00,10.9,10.9,10.9,10.9,10000.0
2023-08-10 15:58:00+07:00,10.9,10.9,10.9,10.9,8200.0
2023-08-10 15:59:00+07:00,10.9,10.9,10.9,10.9,2800.0
2023-08-10 16:00:00+07:00,10.9,10.9,10.9,10.9,800.0
2023-08-10 16:03:00+07:00,10.8,10.9,10.8,10.9,8600.0
2023-08-10 16:04:00+07:00,10.9,10.9,10.9,10.9,100.0
2023-08-10 16:05:00+07:00,10.9,10.9,10.8,10.8,37100.0
2023-08-10 16:08:00+07:00,10.8,10.8,10.8,10.8,1200.0
2023-08-10 16:10:00+07:00,10.9,10.9,10.8,10.8,6700.0
2023-08-10 16:13:00+07:00,10.9,10.9,10.9,10.9,2100.0
2023-08-10 16:14:00+07:00,10.9,10.9,10.8,10.8,13100.0
2023-08-10 16:15:00+07:00,10.9,10.9,10.9,10.9,1800.0
2023-08-10 16:16:00+07:00,10.9,10.9,10.9,10.9,10500.0
2023-08-10 16:17:00+07:00,10.8,10.8,10.8,10.8,12200.0
2023-08-10 16:18:00+07:00,10.8,10.9,10.8,10.9,3300.0
2023-08-10 16:19:00+07:00,10.9,10.9,10.9,10.9,16200.0
2023-08-10 16:20:00+07:00,10.9,10.9,10.9,10.9,7000.0
2023-08-10 16:21:00+07:00,10.9,10.9,10.9,10.9,6700.0
2023-08-10 16:22:00+07:00,10.9,10.9,10.9,10.9,1900.0
2023-08-10 16:23:00+07:00,10.9,10.9,10.8,10.8,1737200.0
2023-08-10 16:24:00+07:00,10.8,10.9,10.8,10.9,466800.0
2023-08-10 16:25:00+07:00,10.9,10.9,10.9,10.9,4000.0
2023-08-10 16:26:00+07:00,10.8,10.9,10.8,10.8,3400.0
2023-08-10 16:27:00+07:00,10.9,10.9,10.9,10.9,2400.0
2023-08-10 16:28:00+07:00,10.9,10.9,10.8,10.8,13300.0
2023-08-10 16:29:00+07:00,10.8,10.9,10.8,10.9,23900.0
2023-08-10 16:38:00+07:00,10.9,10.9,10.9,10.9,1136100.0
2023-08-11 09:57:00+07:00,10.9,10.9,10.8,10.9,93400.0
2023-08-11 09:58:00+07:00,10.9,10.9,10.9,10.9,83400.0
2023-08-11 09:59:00+07:00,10.9,10.9,10.9,10.9,7400.0
2023-08-11 10:00:00+07:00,10.9,10.9,10.9,10.9,54900.0
2023-08-11 10:01:00+07:00,10.9,10.9,10.9,10.9,100.0
2023-08-11 10:02:00+07:00,10.9,10.9,10.9,10.9,1000.0
2023-08-11 10:03:00+07:00,10.9,10.9,10.9,10.9,17000.0
2023-08-11 10:06:00+07:00,10.9,10.9,10.9,10.9,100.0
2023-08-11 10:07:00+07:00,10.8,10.8,10.8,10.8,1000.0
2023-08-11 10:08:00+07:00,10.8,10.8,10.8,10.8,900.0
2023-08-11 10:09:00+07:00,10.8,10.9,10.8,10.9,11000.0
2023-08-11 10:10:00+07:00,10.8,10.8,10.8,10.8,521900.0
2023-08-11 10:11:00+07:00,10.8,10.8,10.8,10.8,199900.0
2023-08-11 10:12:00+07:00,10.8,10.8,10.8,10.8,300.0
2023-08-11 10:13:00+07:00,10.8,10.9,10.8,10.9,7200.0
2023-08-11 10:16:00+07:00,10.9,10.9,10.9,10.9,500.0
2023-08-11 10:18:00+07:00,10.9,10.9,10.9,10.9,91800.0
2023-08-11 10:19:00+07:00,10.8,10.9,10.8,10.9,7200.0
2023-08-11 10:21:00+07:00,10.9,10.9,10.9,10.9,1100.0
2023-08-11 10:22:00+07:00,10.8,10.8,10.8,10.8,2000.0
2023-08-11 10:23:00+07:00,10.9,10.9,10.8,10.8,30200.0
2023-08-11 10:25:00+07:00,10.9,10.9,10.9,10.9,1500.0
2023-08-11 10:26:00+07:00,10.9,10.9,10.8,10.8,2300.0
2023-08-11 10:27:00+07:00,10.8,10.8,10.8,10.8,31900.0
2023-08-11 10:29:00+07:00,10.9,10.9,10.9,10.9,1000.0
2023-08-11 10:30:00+07:00,10.9,10.9,10.8,10.8,17900.0
2023-08-11 10:31:00+07:00,10.8,10.8,10.8,10.8,22800.0
2023-08-11 10:32:00+07:00,10.8,10.9,10.8,10.9,4000.0
2023-08-11 10:34:00+07:00,10.9,10.9,10.9,10.9,200.0
2023-08-11 10:35:00+07:00,10.8,10.8,10.8,10.8,25900.0
2023-08-11 10:36:00+07:00,10.8,10.8,10.8,10.8,3000.0
2023-08-11 10:37:00+07:00,10.8,10.8,10.8,10.8,8100.0
2023-08-11 10:38:00+07:00,10.8,10.8,10.8,10.8,100.0
2023-08-11 10:39:00+07:00,10.8,10.9,10.8,10.8,30900.0
2023-08-11 10:40:00+07:00,10.8,10.9,10.8,10.8,31600.0
2023-08-11 10:41:00+07:00,10.8,10.8,10.8,10.8,100.0
2023-08-11 10:42:00+07:00,10.8,10.9,10.8,10.9,5200.0
2023-08-11 10:43:00+07:00,10.8,10.8,10.8,10.8,27900.0
2023-08-11 10:44:00+07:00,10.8,10.8,10.8,10.8,8100.0
2023-08-11 10:45:00+07:00,10.8,10.8,10.8,10.8,20000.0
2023-08-11 10:46:00+07:00,10.8,10.9,10.8,10.9,200.0
2023-08-11 10:47:00+07:00,10.8,10.8,10.8,10.8,28900.0
2023-08-11 10:48:00+07:00,10.8,10.8,10.8,10.8,1100.0
2023-08-11 10:50:00+07:00,10.8,10.8,10.8,10.8,300.0
2023-08-11 10:51:00+07:00,10.8,10.8,10.8,10.8,33400.0
2023-08-11 10:55:00+07:00,10.8,10.8,10.8,10.8,23600.0
2023-08-11 10:56:00+07:00,10.8,10.8,10.8,10.8,100.0
2023-08-11 10:59:00+07:00,10.8,10.8,10.8,10.8,20000.0
2023-08-11 11:00:00+07:00,10.8,10.8,10.8,10.8,3000.0
2023-08-11 11:03:00+07:00,10.8,10.8,10.8,10.8,26500.0
2023-08-11 11:05:00+07:00,10.8,10.8,10.8,10.8,12000.0
2023-08-11 11:06:00+07:00,10.8,10.9,10.8,10.9,2400.0
2023-08-11 11:07:00+07:00,10.9,10.9,10.8,10.8,20700.0
2023-08-11 11:08:00+07:00,10.9,10.9,10.9,10.9,100.0
2023-08-11 11:09:00+07:00,10.8,10.8,10.8,10.8,500.0
2023-08-11 11:10:00+07:00,10.8,10.8,10.8,10.8,200.0
2023-08-11 11:11:00+07:00,10.8,10.8,10.8,10.8,19300.0
2023-08-11 11:13:00+07:00,10.8,10.8,10.8,10.8,300.0
2023-08-11 11:15:00+07:00,10.8,10.8,10.8,10.8,20200.0
2023-08-11 11:17:00+07:00,10.9,10.9,10.9,10.9,100.0
2023-08-11 11:18:00+07:00,10.8,10.8,10.8,10.8,100.0
2023-08-11 11:19:00+07:00,10.8,10.8,10.8,10.8,20400.0
2023-08-11 11:20:00+07:00,10.8,10.9,10.8,10.9,5200.0
2023-08-11 11:21:00+07:00,10.9,10.9,10.9,10.9,1700.0
2023-08-11 11:22:00+07:00,10.8,10.8,10.8,10.8,4000.0
2023-08-11 11:23:00+07:00,10.8,10.8,10.8,10.8,19600.0
2023-08-11 11:24:00+07:00,10.9,10.9,10.8,10.8,3000.0
2023-08-11 11:25:00+07:00,10.8,10.8,10.8,10.8,3500.0
2023-08-11 11:26:00+07:00,10.8,10.8,10.8,10.8,3100.0
2023-08-11 11:27:00+07:00,10.8,10.8,10.8,10.8,19100.0
2023-08-11 11:30:00+07:00,10.8,10.8,10.8,10.8,1000.0
2023-08-11 11:31:00+07:00,10.8,10.8,10.8,10.8,16800.0
2023-08-11 11:32:00+07:00,10.8,10.8,10.8,10.8,10000.0
2023-08-11 11:33:00+07:00,10.8,10.8,10.8,10.8,10000.0
2023-08-11 11:34:00+07:00,10.9,10.9,10.8,10.8,5000.0
2023-08-11 11:35:00+07:00,10.8,10.8,10.8,10.8,40200.0
2023-08-11 11:36:00+07:00,10.8,10.9,10.8,10.9,5500.0
2023-08-11 11:38:00+07:00,10.8,10.8,10.8,10.8,300.0
2023-08-11 11:39:00+07:00,10.8,10.8,10.8,10.8,16700.0
2023-08-11 11:40:00+07:00,10.9,10.9,10.9,10.9,10000.0
2023-08-11 11:43:00+07:00,10.8,10.8,10.8,10.8,13100.0
2023-08-11 11:46:00+07:00,10.9,10.9,10.9,10.9,100.0
2023-08-11 11:47:00+07:00,10.9,10.9,10.9,10.9,1000.0
2023-08-11 11:48:00+07:00,10.9,10.9,10.8,10.8,1600.0
2023-08-11 11:49:00+07:00,10.8,10.8,10.8,10.8,400.0
2023-08-11 11:50:00+07:00,10.9,10.9,10.8,10.8,2500.0
2023-08-11 11:51:00+07:00,10.8,10.8,10.8,10.8,500.0
2023-08-11 11:52:00+07:00,10.9,10.9,10.9,10.9,2000.0
2023-08-11 11:55:00+07:00,10.9,10.9,10.9,10.9,2000.0
2023-08-11 11:57:00+07:00,10.9,10.9,10.9,10.9,100.0
2023-08-11 11:58:00+07:00,10.9,10.9,10.9,10.9,300.0
2023-08-11 11:59:00+07:00,10.9,10.9,10.8,10.8,7200.0
2023-08-11 12:00:00+07:00,10.9,10.9,10.8,10.8,6900.0
2023-08-11 12:03:00+07:00,10.8,10.8,10.8,10.8,300.0
2023-08-11 12:04:00+07:00,10.9,10.9,10.8,10.8,4600.0
2023-08-11 12:08:00+07:00,10.8,10.9,10.8,10.8,3700.0
2023-08-11 12:09:00+07:00,10.9,10.9,10.8,10.8,1500.0
2023-08-11 12:11:00+07:00,10.9,10.9,10.8,10.8,700.0
2023-08-11 12:12:00+07:00,10.8,10.8,10.8,10.8,15300.0
2023-08-11 12:14:00+07:00,10.8,10.8,10.8,10.8,16000.0
2023-08-11 12:15:00+07:00,10.8,10.8,10.8,10.8,71600.0
2023-08-11 12:16:00+07:00,10.8,10.8,10.8,10.8,2600.0
2023-08-11 12:19:00+07:00,10.8,10.9,10.8,10.8,16500.0
2023-08-11 12:20:00+07:00,10.9,10.9,10.8,10.8,200.0
2023-08-11 12:23:00+07:00,10.8,10.8,10.8,10.8,4000.0
2023-08-11 12:24:00+07:00,10.8,10.9,10.8,10.8,10900.0
2023-08-11 12:25:00+07:00,10.8,10.8,10.8,10.8,2700.0
2023-08-11 12:26:00+07:00,10.9,10.9,10.9,10.9,1100.0
2023-08-11 12:28:00+07:00,10.8,10.8,10.8,10.8,85000.0
2023-08-11 12:29:00+07:00,10.8,10.9,10.8,10.9,10700.0
2023-08-11 14:25:00+07:00,10.8,10.8,10.8,10.8,13100.0
2023-08-11 14:27:00+07:00,10.9,10.9,10.9,10.9,3000.0
2023-08-11 14:30:00+07:00,10.8,10.8,10.8,10.8,102600.0
2023-08-11 14:32:00+07:00,10.9,10.9,10.9,10.9,200.0
2023-08-11 14:34:00+07:00,10.9,10.9,10.9,10.9,100.0
2023-08-11 14:35:00+07:00,10.8,10.8,10.8,10.8,10000.0
2023-08-11 14:36:00+07:00,10.8,10.8,10.8,10.8,10000.0
2023-08-11 14:37:00+07:00,10.9,10.9,10.9,10.9,100.0
2023-08-11 14:38:00+07:00,10.9,10.9,10.9,10.9,100.0
2023-08-11 14:39:00+07:00,10.8,10.8,10.8,10.8,10000.0
2023-08-11 14:40:00+07:00,10.8,10.8,10.8,10.8,10000.0
2023-08-11 14:41:00+07:00,10.8,10.8,10.8,10.8,103500.0
2023-08-11 14:42:00+07:00,10.8,10.8,10.8,10.8,1400.0
2023-08-11 14:43:00+07:00,10.8,10.8,10.8,10.8,10000.0
2023-08-11 14:44:00+07:00,10.9,10.9,10.9,10.9,500.0
2023-08-11 14:45:00+07:00,10.8,10.8,10.8,10.8,20500.0
2023-08-11 14:46:00+07:00,10.8,10.8,10.8,10.8,10600.0
2023-08-11 14:47:00+07:00,10.8,10.8,10.8,10.8,108600.0
2023-08-11 14:48:00+07:00,10.8,10.8,10.8,10.8,15000.0
2023-08-11 14:50:00+07:00,10.9,10.9,10.9,10.9,400.0
2023-08-11 14:51:00+07:00,10.9,10.9,10.9,10.9,1700.0
2023-08-11 14:52:00+07:00,10.8,10.9,10.8,10.8,8500.0
2023-08-11 14:53:00+07:00,10.9,10.9,10.8,10.8,1800.0
2023-08-11 14:55:00+07:00,10.8,10.8,10.8,10.8,155200.0
2023-08-11 14:56:00+07:00,10.8,10.8,10.8,10.8,8900.0
2023-08-11 14:57:00+07:00,10.9,10.9,10.9,10.9,2000.0
2023-08-11 14:58:00+07:00,10.8,10.9,10.8,10.9,7100.0
2023-08-11 15:00:00+07:00,10.9,10.9,10.9,10.9,100.0
2023-08-11 15:01:00+07:00,10.9,10.9,10.9,10.9,800.0
2023-08-11 15:03:00+07:00,10.8,10.8,10.8,10.8,400.0
2023-08-11 15:05:00+07:00,10.8,10.8,10.8,10.8,1000.0
2023-08-11 15:06:00+07:00,10.9,10.9,10.9,10.9,1300.0
2023-08-11 15:07:00+07:00,10.8,10.8,10.8,10.8,35400.0
2023-08-11 15:08:00+07:00,10.8,10.8,10.8,10.8,100.0
2023-08-11 15:09:00+07:00,10.8,10.9,10.8,10.9,2400.0
2023-08-11 15:10:00+07:00,10.8,10.8,10.8,10.8,200.0
2023-08-11 15:12:00+07:00,10.9,10.9,10.9,10.9,1400.0
2023-08-11 15:13:00+07:00,10.9,10.9,10.9,10.9,400.0
2023-08-11 15:15:00+07:00,10.8,10.8,10.8,10.8,30300.0
2023-08-11 15:16:00+07:00,10.8,10.8,10.8,10.8,5800.0
2023-08-11 15:17:00+07:00,10.9,10.9,10.9,10.9,1800.0
2023-08-11 15:20:00+07:00,10.9,10.9,10.9,10.9,200.0
2023-08-11 15:21:00+07:00,10.9,10.9,10.8,10.8,20400.0
2023-08-11 15:24:00+07:00,10.8,10.8,10.8,10.8,2000.0
2023-08-11 15:26:00+07:00,10.9,10.9,10.9,10.9,1400.0
2023-08-11 15:28:00+07:00,10.9,10.9,10.9,10.9,900.0
2023-08-11 15:31:00+07:00,10.8,10.9,10.8,10.9,448600.0
2023-08-11 15:35:00+07:00,10.8,10.8,10.8,10.8,4000.0
2023-08-11 15:37:00+07:00,10.8,10.8,10.8,10.8,3200.0
2023-08-11 15:38:00+07:00,10.9,10.9,10.9,10.9,500.0
2023-08-11 15:41:00+07:00,10.8,10.9,10.8,10.9,239500.0
2023-08-11 15:42:00+07:00,10.8,10.8,10.8,10.8,3000.0
2023-08-11 15:43:00+07:00,10.8,10.9,10.8,10.9,11800.0
2023-08-11 15:44:00+07:00,10.8,10.8,10.8,10.8,9000.0
2023-08-11 15:50:00+07:00,10.9,10.9,10.9,10.9,100.0
2023-08-11 15:51:00+07:00,10.9,10.9,10.9,10.9,58000.0
2023-08-11 15:55:00+07:00,10.8,10.8,10.8,10.8,300.0
2023-08-11 15:59:00+07:00,10.9,10.9,10.9,10.9,1100.0
2023-08-11 16:02:00+07:00,10.9,10.9,10.9,10.9,5000.0
2023-08-11 16:03:00+07:00,10.9,10.9,10.8,10.8,101600.0
2023-08-11 16:05:00+07:00,10.8,10.8,10.8,10.8,1200.0
2023-08-11 16:06:00+07:00,10.8,10.8,10.8,10.8,10000.0
2023-08-11 16:08:00+07:00,10.8,10.8,10.8,10.8,300.0
2023-08-11 16:10:00+07:00,10.8,10.8,10.8,10.8,500.0
2023-08-11 16:12:00+07:00,10.9,10.9,10.9,10.9,100.0
2023-08-11 16:13:00+07:00,10.8,10.8,10.8,10.8,2200.0
2023-08-11 16:14:00+07:00,10.8,10.8,10.8,10.8,200.0
2023-08-11 16:15:00+07:00,10.8,10.8,10.8,10.8,1700.0
2023-08-11 16:18:00+07:00,10.8,10.9,10.8,10.9,3100.0
2023-08-11 16:19:00+07:00,10.9,10.9,10.9,10.9,100.0
2023-08-11 16:21:00+07:00,10.9,10.9,10.8,10.9,103200.0
2023-08-11 16:22:00+07:00,10.9,10.9,10.9,10.9,900.0
2023-08-11 16:23:00+07:00,10.8,10.9,10.8,10.8,9800.0
2023-08-11 16:24:00+07:00,10.8,10.8,10.8,10.8,1900.0
2023-08-11 16:25:00+07:00,10.8,10.9,10.8,10.9,4500.0
2023-08-11 16:26:00+07:00,10.9,10.9,10.8,10.8,3200.0
2023-08-11 16:27:00+07:00,10.8,10.9,10.8,10.9,27000.0
2023-08-11 16:28:00+07:00,10.9,10.9,10.9,10.9,1800.0
2023-08-11 16:29:00+07:00,10.8,10.9,10.8,10.8,16200.0
2023-08-11 16:35:00+07:00,10.8,10.8,10.8,10.8,736400.0
2023-08-15 09:57:00+07:00,11.0,11.1,11.0,11.1,472200.0
2023-08-15 09:58:00+07:00,11.0,11.0,11.0,11.0,14500.0
2023-08-15 09:59:00+07:00,11.0,11.0,11.0,11.0,4200.0
2023-08-15 10:00:00+07:00,11.1,11.1,11.1,11.1,16400.0
2023-08-15 10:01:00+07:00,11.0,11.1,11.0,11.1,119400.0
2023-08-15 10:02:00+07:00,11.1,11.2,11.0,11.1,374700.0
2023-08-15 10:03:00+07:00,11.1,11.2,11.1,11.1,21600.0
2023-08-15 10:04:00+07:00,11.1,11.2,11.1,11.1,144300.0
2023-08-15 10:05:00+07:00,11.1,11.1,11.1,11.1,3000.0
2023-08-15 10:06:00+07:00,11.1,11.1,11.1,11.1,30000.0
2023-08-15 10:07:00+07:00,11.1,11.1,11.0,11.0,22500.0
2023-08-15 10:08:00+07:00,11.0,11.1,11.0,11.1,18900.0
2023-08-15 10:09:00+07:00,11.0,11.1,11.0,11.0,72700.0
2023-08-15 10:10:00+07:00,11.0,11.1,11.0,11.0,16500.0
2023-08-15 10:11:00+07:00,11.0,11.0,11.0,11.0,59800.0
2023-08-15 10:12:00+07:00,11.0,11.0,11.0,11.0,1600.0
2023-08-15 10:13:00+07:00,11.0,11.0,11.0,11.0,6500.0
2023-08-15 10:14:00+07:00,11.1,11.1,11.1,11.1,1100.0
2023-08-15 10:15:00+07:00,11.1,11.1,11.1,11.1,3000.0
2023-08-15 10:16:00+07:00,11.0,11.0,11.0,11.0,25000.0
2023-08-15 10:19:00+07:00,11.0,11.0,11.0,11.0,1000.0
2023-08-15 10:20:00+07:00,11.0,11.1,11.0,11.1,131800.0
2023-08-15 10:22:00+07:00,11.0,11.0,11.0,11.0,100.0
2023-08-15 10:23:00+07:00,11.1,11.1,11.0,11.0,275200.0
2023-08-15 10:24:00+07:00,11.0,11.1,11.0,11.1,85900.0
2023-08-15 10:25:00+07:00,11.0,11.1,11.0,11.0,16900.0
2023-08-15 10:27:00+07:00,11.1,11.1,11.1,11.1,100.0
2023-08-15 10:28:00+07:00,11.1,11.1,11.0,11.1,3700.0
2023-08-15 10:29:00+07:00,11.1,11.1,11.1,11.1,10000.0
2023-08-15 10:31:00+07:00,11.1,11.1,11.1,11.1,100.0
2023-08-15 10:32:00+07:00,11.1,11.1,11.1,11.1,1000.0
2023-08-15 10:34:00+07:00,11.1,11.1,11.1,11.1,10000.0
2023-08-15 10:36:00+07:00,11.1,11.1,11.1,11.1,428800.0
2023-08-15 10:37:00+07:00,11.1,11.2,11.1,11.1,9100.0
2023-08-15 10:38:00+07:00,11.1,11.1,11.1,11.1,11200.0
2023-08-15 10:39:00+07:00,11.1,11.1,11.1,11.1,10100.0
2023-08-15 10:40:00+07:00,11.2,11.2,11.2,11.2,1005900.0
2023-08-15 10:41:00+07:00,11.2,11.2,11.2,11.2,140100.0
2023-08-15 10:42:00+07:00,11.2,11.2,11.2,11.2,98800.0
2023-08-15 10:44:00+07:00,11.2,11.2,11.1,11.1,300.0
2023-08-15 10:45:00+07:00,11.2,11.2,11.2,11.2,3200.0
2023-08-15 10:48:00+07:00,11.2,11.2,11.2,11.2,5000.0
2023-08-15 10:50:00+07:00,11.1,11.2,11.1,11.2,34100.0
2023-08-15 10:51:00+07:00,11.2,11.2,11.2,11.2,2100.0
2023-08-15 10:52:00+07:00,11.2,11.2,11.2,11.2,300.0
2023-08-15 10:53:00+07:00,11.1,11.1,11.1,11.1,200.0
2023-08-15 10:54:00+07:00,11.1,11.2,11.1,11.1,3500.0
2023-08-15 10:55:00+07:00,11.1,11.1,11.1,11.1,507400.0
2023-08-15 10:56:00+07:00,11.1,11.1,11.1,11.1,8000.0
2023-08-15 10:57:00+07:00,11.1,11.1,11.1,11.1,25600.0
2023-08-15 10:58:00+07:00,11.1,11.1,11.1,11.1,66800.0
2023-08-15 10:59:00+07:00,11.1,11.1,11.1,11.1,29800.0
2023-08-15 11:00:00+07:00,11.1,11.1,11.1,11.1,22200.0
2023-08-15 11:01:00+07:00,11.1,11.1,11.1,11.1,8000.0
2023-08-15 11:02:00+07:00,11.1,11.1,11.1,11.1,2100.0
2023-08-15 11:03:00+07:00,11.1,11.1,11.1,11.1,54000.0
2023-08-15 11:04:00+07:00,11.1,11.1,11.1,11.1,3200.0
2023-08-15 11:06:00+07:00,11.1,11.1,11.1,11.1,2000.0
2023-08-15 11:07:00+07:00,11.1,11.1,11.1,11.1,10500.0
2023-08-15 11:09:00+07:00,11.1,11.1,11.1,11.1,500.0
2023-08-15 11:10:00+07:00,11.1,11.1,11.1,11.1,5000.0
2023-08-15 11:11:00+07:00,11.1,11.1,11.1,11.1,100.0
2023-08-15 11:12:00+07:00,11.1,11.1,11.1,11.1,15000.0
2023-08-15 11:13:00+07:00,11.1,11.1,11.1,11.1,7200.0
2023-08-15 11:14:00+07:00,11.1,11.1,11.1,11.1,500.0
2023-08-15 11:15:00+07:00,11.1,11.1,11.1,11.1,300.0
2023-08-15 11:21:00+07:00,11.1,11.2,11.1,11.2,9200.0
2023-08-15 11:22:00+07:00,11.2,11.2,11.2,11.2,100.0
2023-08-15 11:24:00+07:00,11.1,11.1,11.1,11.1,100.0
2023-08-15 11:26:00+07:00,11.2,11.2,11.2,11.2,20000.0
2023-08-15 11:27:00+07:00,11.2,11.2,11.2,11.2,20500.0
2023-08-15 11:28:00+07:00,11.2,11.2,11.2,11.2,20000.0
2023-08-15 11:29:00+07:00,11.2,11.2,11.2,11.2,45000.0
2023-08-15 11:30:00+07:00,11.2,11.2,11.2,11.2,100100.0
2023-08-15 11:34:00+07:00,11.1,11.1,11.1,11.1,2900.0
2023-08-15 11:35:00+07:00,11.2,11.2,11.2,11.2,100.0
2023-08-15 11:36:00+07:00,11.1,11.2,11.1,11.2,44500.0
2023-08-15 11:39:00+07:00,11.2,11.2,11.2,11.2,32000.0
2023-08-15 11:42:00+07:00,11.2,11.2,11.2,11.2,10000.0
2023-08-15 11:43:00+07:00,11.2,11.2,11.2,11.2,100.0
2023-08-15 11:45:00+07:00,11.2,11.2,11.2,11.2,1500.0
2023-08-15 11:48:00+07:00,11.2,11.2,11.2,11.2,1700.0
2023-08-15 11:50:00+07:00,11.2,11.2,11.2,11.2,3300.0
2023-08-15 11:52:00+07:00,11.1,11.2,11.1,11.1,15900.0
2023-08-15 11:55:00+07:00,11.2,11.2,11.2,11.2,1700.0
2023-08-15 11:57:00+07:00,11.2,11.2,11.2,11.2,200.0
2023-08-15 11:58:00+07:00,11.2,11.2,11.2,11.2,1800.0
2023-08-15 11:59:00+07:00,11.2,11.2,11.2,11.2,2100.0
2023-08-15 12:00:00+07:00,11.2,11.2,11.2,11.2,2000.0
2023-08-15 12:02:00+07:00,11.2,11.2,11.2,11.2,300.0
2023-08-15 12:03:00+07:00,11.2,11.2,11.2,11.2,1500.0
2023-08-15 12:04:00+07:00,11.2,11.2,11.2,11.2,2200.0
2023-08-15 12:06:00+07:00,11.2,11.2,11.2,11.2,2000.0
2023-08-15 12:10:00+07:00,11.1,11.2,11.1,11.1,2500.0
2023-08-15 12:11:00+07:00,11.1,11.1,11.1,11.1,397600.0
2023-08-15 12:24:00+07:00,11.1,11.1,11.1,11.1,10000.0
2023-08-15 12:25:00+07:00,11.1,11.1,11.1,11.1,17000.0
2023-08-15 12:27:00+07:00,11.1,11.1,11.1,11.1,500.0
2023-08-15 12:28:00+07:00,11.1,11.1,11.1,11.1,1000.0
2023-08-15 12:29:00+07:00,11.1,11.1,11.1,11.1,162000.0
2023-08-15 14:28:00+07:00,11.0,11.0,11.0,11.0,97000.0
2023-08-15 14:29:00+07:00,11.1,11.1,11.1,11.1,13600.0
2023-08-15 14:32:00+07:00,11.0,11.0,11.0,11.0,2500.0
2023-08-15 14:34:00+07:00,11.0,11.0,11.0,11.0,500.0
2023-08-15 14:35:00+07:00,11.1,11.1,11.1,11.1,100000.0
2023-08-15 14:36:00+07:00,11.1,11.1,11.1,11.1,1000.0
2023-08-15 14:37:00+07:00,11.1,11.1,11.0,11.0,30900.0
2023-08-15 14:38:00+07:00,11.1,11.1,11.1,11.1,20000.0
2023-08-15 14:44:00+07:00,11.1,11.1,11.0,11.0,79800.0
2023-08-15 14:48:00+07:00,11.1,11.1,11.1,11.1,52300.0
2023-08-15 14:49:00+07:00,11.1,11.1,11.0,11.0,18700.0
2023-08-15 14:50:00+07:00,11.1,11.1,11.1,11.1,3400.0
2023-08-15 14:51:00+07:00,11.1,11.1,11.1,11.1,1800.0
2023-08-15 14:52:00+07:00,11.1,11.1,11.1,11.1,1800.0
2023-08-15 14:53:00+07:00,11.1,11.1,11.1,11.1,3100.0
2023-08-15 14:54:00+07:00,11.1,11.1,11.0,11.0,2600.0
2023-08-15 14:55:00+07:00,11.1,11.1,11.1,11.1,1900.0
2023-08-15 14:56:00+07:00,11.1,11.1,11.1,11.1,1700.0
2023-08-15 14:57:00+07:00,11.1,11.1,11.1,11.1,1900.0
2023-08-15 14:58:00+07:00,11.1,11.1,11.0,11.1,5200.0
2023-08-15 14:59:00+07:00,11.1,11.1,11.1,11.1,1600.0
2023-08-15 15:00:00+07:00,11.1,11.1,11.1,11.1,2300.0
2023-08-15 15:01:00+07:00,11.1,11.1,11.1,11.1,3400.0
2023-08-15 15:02:00+07:00,11.0,11.0,10.9,10.9,1385200.0
2023-08-15 15:03:00+07:00,10.9,10.9,10.9,10.9,945500.0
2023-08-15 15:04:00+07:00,10.9,10.9,10.8,10.9,53000.0
2023-08-15 15:05:00+07:00,10.9,10.9,10.8,10.9,129100.0
2023-08-15 15:06:00+07:00,10.9,11.0,10.9,10.9,740600.0
2023-08-15 15:07:00+07:00,10.9,11.0,10.9,10.9,763500.0
2023-08-15 15:08:00+07:00,10.9,10.9,10.9,10.9,369400.0
2023-08-15 15:09:00+07:00,10.9,10.9,10.9,10.9,1000.0
2023-08-15 15:10:00+07:00,10.9,10.9,10.9,10.9,156600.0
2023-08-15 15:11:00+07:00,10.9,10.9,10.9,10.9,73100.0
2023-08-15 15:12:00+07:00,10.9,10.9,10.9,10.9,23800.0
2023-08-15 15:13:00+07:00,10.9,10.9,10.9,10.9,11300.0
2023-08-15 15:14:00+07:00,10.9,10.9,10.9,10.9,43300.0
2023-08-15 15:15:00+07:00,10.9,10.9,10.9,10.9,3500.0
2023-08-15 15:16:00+07:00,10.9,10.9,10.9,10.9,7500.0
2023-08-15 15:17:00+07:00,10.9,10.9,10.9,10.9,100.0
2023-08-15 15:18:00+07:00,10.8,10.8,10.8,10.8,100.0
2023-08-15 15:19:00+07:00,10.9,10.9,10.9,10.9,28000.0
2023-08-15 15:20:00+07:00,10.9,10.9,10.9,10.9,26700.0
2023-08-15 15:21:00+07:00,10.9,10.9,10.9,10.9,300.0
2023-08-15 15:22:00+07:00,10.9,10.9,10.9,10.9,3800.0
2023-08-15 15:23:00+07:00,10.9,10.9,10.9,10.9,400.0
2023-08-15 15:24:00+07:00,10.9,10.9,10.9,10.9,2000.0
2023-08-15 15:25:00+07:00,10.8,10.8,10.8,10.8,110000.0
2023-08-15 15:28:00+07:00,10.9,10.9,10.9,10.9,2000.0
2023-08-15 15:29:00+07:00,10.9,10.9,10.9,10.9,2100.0
2023-08-15 15:30:00+07:00,10.9,10.9,10.9,10.9,41000.0
2023-08-15 15:31:00+07:00,10.9,10.9,10.9,10.9,5200.0
2023-08-15 15:32:00+07:00,10.9,10.9,10.9,10.9,10000.0
2023-08-15 15:33:00+07:00,10.9,10.9,10.9,10.9,7000.0
2023-08-15 15:34:00+07:00,10.9,10.9,10.8,10.8,1740200.0
2023-08-15 15:35:00+07:00,10.7,10.8,10.7,10.8,51100.0
2023-08-15 15:36:00+07:00,10.8,10.8,10.8,10.8,32700.0
2023-08-15 15:37:00+07:00,10.8,10.8,10.8,10.8,75200.0
2023-08-15 15:38:00+07:00,10.8,10.8,10.8,10.8,58800.0
2023-08-15 15:39:00+07:00,10.8,10.8,10.8,10.8,76600.0
2023-08-15 15:40:00+07:00,10.8,10.8,10.8,10.8,15900.0
2023-08-15 15:41:00+07:00,10.8,10.8,10.8,10.8,30000.0
2023-08-15 15:42:00+07:00,10.8,10.8,10.8,10.8,1415000.0
2023-08-15 15:43:00+07:00,10.8,10.8,10.7,10.7,2065700.0
2023-08-15 15:44:00+07:00,10.7,10.7,10.6,10.7,86800.0
2023-08-15 15:45:00+07:00,10.7,10.7,10.6,10.7,29900.0
2023-08-15 15:46:00+07:00,10.7,10.7,10.7,10.7,27700.0
2023-08-15 15:47:00+07:00,10.7,10.7,10.7,10.7,75700.0
2023-08-15 15:48:00+07:00,10.7,10.7,10.7,10.7,96100.0
2023-08-15 15:49:00+07:00,10.7,10.7,10.7,10.7,124900.0
2023-08-15 15:50:00+07:00,10.7,10.7,10.6,10.7,1044400.0
2023-08-15 15:51:00+07:00,10.7,10.7,10.7,10.7,21500.0
2023-08-15 15:52:00+07:00,10.7,10.7,10.7,10.7,88500.0
2023-08-15 15:53:00+07:00,10.7,10.7,10.6,10.6,1573100.0
2023-08-15 15:54:00+07:00,10.6,10.7,10.5,10.7,786900.0
2023-08-15 15:55:00+07:00,10.6,10.7,10.6,10.7,10300.0
2023-08-15 15:56:00+07:00,10.7,10.7,10.7,10.7,3500.0
2023-08-15 15:57:00+07:00,10.7,10.7,10.7,10.7,14100.0
2023-08-15 15:58:00+07:00,10.7,10.7,10.6,10.6,1204900.0
2023-08-15 15:59:00+07:00,10.6,10.6,10.6,10.6,168900.0
2023-08-15 16:00:00+07:00,10.6,10.6,10.5,10.6,49700.0
2023-08-15 16:01:00+07:00,10.6,10.6,10.6,10.6,101300.0
2023-08-15 16:02:00+07:00,10.6,10.6,10.6,10.6,34700.0
2023-08-15 16:03:00+07:00,10.6,10.6,10.5,10.6,89500.0
2023-08-15 16:04:00+07:00,10.6,10.6,10.6,10.6,924300.0
2023-08-15 16:05:00+07:00,10.6,10.6,10.6,10.6,244600.0
2023-08-15 16:06:00+07:00,10.6,10.6,10.6,10.6,95300.0
2023-08-15 16:07:00+07:00,10.6,10.6,10.6,10.6,565700.0
2023-08-15 16:08:00+07:00,10.6,10.6,10.6,10.6,21700.0
2023-08-15 16:09:00+07:00,10.6,10.6,10.6,10.6,23700.0
2023-08-15 16:10:00+07:00,10.6,10.6,10.6,10.6,23100.0
2023-08-15 16:11:00+07:00,10.6,10.6,10.6,10.6,55100.0
2023-08-15 16:12:00+07:00,10.6,10.6,10.6,10.6,7100.0
2023-08-15 16:13:00+07:00,10.6,10.6,10.5,10.6,43100.0
2023-08-15 16:14:00+07:00,10.6,10.6,10.6,10.6,7600.0
2023-08-15 16:15:00+07:00,10.6,10.6,10.6,10.6,29800.0
2023-08-15 16:16:00+07:00,10.6,10.6,10.6,10.6,110300.0
2023-08-15 16:17:00+07:00,10.6,10.6,10.6,10.6,99800.0
2023-08-15 16:18:00+07:00,10.6,10.6,10.5,10.6,146900.0
2023-08-15 16:19:00+07:00,10.6,10.6,10.6,10.6,30400.0
2023-08-15 16:20:00+07:00,10.6,10.6,10.6,10.6,62000.0
2023-08-15 16:21:00+07:00,10.6,10.6,10.6,10.6,178400.0
2023-08-15 16:22:00+07:00,10.6,10.6,10.6,10.6,26200.0
2023-08-15 16:23:00+07:00,10.6,10.6,10.6,10.6,126500.0
2023-08-15 16:24:00+07:00,10.6,10.6,10.6,10.6,385200.0
2023-08-15 16:25:00+07:00,10.6,10.6,10.6,10.6,30800.0
2023-08-15 16:26:00+07:00,10.6,10.6,10.6,10.6,104200.0
2023-08-15 16:27:00+07:00,10.6,10.6,10.6,10.6,30000.0
2023-08-15 16:28:00+07:00,10.6,10.6,10.5,10.6,87900.0
2023-08-15 16:29:00+07:00,10.6,10.7,10.5,10.6,917600.0
2023-08-15 16:37:00+07:00,10.6,10.6,10.6,10.6,2354000.0
2023-08-16 09:57:00+07:00,10.5,10.6,10.5,10.6,431500.0
2023-08-16 09:58:00+07:00,10.6,10.6,10.5,10.5,414800.0
2023-08-16 09:59:00+07:00,10.6,10.6,10.6,10.6,7200.0
2023-08-16 10:00:00+07:00,10.6,10.6,10.6,10.6,67000.0
2023-08-16 10:01:00+07:00,10.6,10.6,10.5,10.5,3100.0
2023-08-16 10:02:00+07:00,10.6,10.6,10.5,10.6,9700.0
2023-08-16 10:03:00+07:00,10.5,10.6,10.5,10.5,14800.0
2023-08-16 10:04:00+07:00,10.5,10.6,10.5,10.5,810600.0
2023-08-16 10:05:00+07:00,10.5,10.5,10.4,10.5,72600.0
2023-08-16 10:06:00+07:00,10.5,10.5,10.4,10.4,1361100.0
2023-08-16 10:07:00+07:00,10.4,10.5,10.4,10.5,376700.0
2023-08-16 10:08:00+07:00,10.4,10.5,10.4,10.5,11100.0
2023-08-16 10:09:00+07:00,10.5,10.5,10.4,10.5,11400.0
2023-08-16 10:10:00+07:00,10.5,10.5,10.5,10.5,5500.0
2023-08-16 10:11:00+07:00,10.4,10.5,10.4,10.5,12900.0
2023-08-16 10:12:00+07:00,10.5,10.5,10.4,10.5,104900.0
2023-08-16 10:13:00+07:00,10.5,10.5,10.4,10.4,91300.0
2023-08-16 10:14:00+07:00,10.4,10.4,10.3,10.4,237500.0
2023-08-16 10:15:00+07:00,10.3,10.4,10.3,10.4,47200.0
2023-08-16 10:16:00+07:00,10.4,10.4,10.3,10.4,477300.0
2023-08-16 10:17:00+07:00,10.4,10.4,10.4,10.4,311800.0
2023-08-16 10:18:00+07:00,10.4,10.4,10.4,10.4,14200.0
2023-08-16 10:19:00+07:00,10.4,10.5,10.4,10.4,23500.0
2023-08-16 10:20:00+07:00,10.4,10.5,10.4,10.4,4900.0
2023-08-16 10:21:00+07:00,10.4,10.5,10.4,10.5,6200.0
2023-08-16 10:22:00+07:00,10.5,10.5,10.5,10.5,5000.0
2023-08-16 10:23:00+07:00,10.5,10.5,10.5,10.5,1000.0
2023-08-16 10:24:00+07:00,10.5,10.5,10.5,10.5,424100.0
2023-08-16 10:25:00+07:00,10.5,10.5,10.5,10.5,54300.0
2023-08-16 10:26:00+07:00,10.5,10.5,10.4,10.5,33600.0
2023-08-16 10:27:00+07:00,10.5,10.5,10.5,10.5,2400.0
2023-08-16 10:28:00+07:00,10.5,10.5,10.4,10.5,13700.0
2023-08-16 10:29:00+07:00,10.4,10.5,10.4,10.5,2900.0
2023-08-16 10:30:00+07:00,10.5,10.5,10.5,10.5,3000.0
2023-08-16 10:32:00+07:00,10.5,10.5,10.5,10.5,900.0
2023-08-16 10:33:00+07:00,10.5,10.5,10.5,10.5,1100.0
2023-08-16 10:34:00+07:00,10.5,10.5,10.5,10.5,2200.0
2023-08-16 10:35:00+07:00,10.4,10.5,10.4,10.5,3700.0
2023-08-16 10:36:00+07:00,10.5,10.5,10.5,10.5,5400.0
2023-08-16 10:37:00+07:00,10.5,10.5,10.4,10.5,1500.0
2023-08-16 10:38:00+07:00,10.5,10.5,10.5,10.5,800.0
2023-08-16 10:39:00+07:00,10.5,10.5,10.5,10.5,2300.0
2023-08-16 10:40:00+07:00,10.5,10.5,10.4,10.4,23800.0
2023-08-16 10:42:00+07:00,10.5,10.5,10.4,10.5,27000.0
2023-08-16 10:43:00+07:00,10.5,10.5,10.4,10.5,32600.0
2023-08-16 10:44:00+07:00,10.5,10.5,10.4,10.4,21500.0
2023-08-16 10:45:00+07:00,10.5,10.5,10.4,10.4,15200.0
2023-08-16 10:46:00+07:00,10.5,10.5,10.4,10.4,13200.0
2023-08-16 10:47:00+07:00,10.5,10.5,10.5,10.5,2500.0
2023-08-16 10:48:00+07:00,10.5,10.5,10.4,10.5,14900.0
2023-08-16 10:49:00+07:00,10.5,10.5,10.4,10.4,11700.0
2023-08-16 10:50:00+07:00,10.5,10.5,10.5,10.5,700.0
2023-08-16 10:51:00+07:00,10.5,10.5,10.4,10.5,32900.0
2023-08-16 10:52:00+07:00,10.5,10.5,10.4,10.5,13000.0
2023-08-16 10:53:00+07:00,10.4,10.5,10.4,10.5,15000.0
2023-08-16 10:54:00+07:00,10.4,10.5,10.4,10.5,66000.0
2023-08-16 10:55:00+07:00,10.4,10.5,10.4,10.5,19000.0
2023-08-16 10:56:00+07:00,10.5,10.5,10.4,10.5,27000.0
2023-08-16 10:57:00+07:00,10.4,10.5,10.4,10.5,22400.0
2023-08-16 10:58:00+07:00,10.5,10.5,10.4,10.5,23400.0
2023-08-16 10:59:00+07:00,10.4,10.5,10.4,10.5,21700.0
2023-08-16 11:00:00+07:00,10.5,10.5,10.4,10.5,22900.0
2023-08-16 11:01:00+07:00,10.5,10.5,10.4,10.4,9900.0
2023-08-16 11:02:00+07:00,10.5,10.5,10.4,10.5,3800.0
2023-08-16 11:03:00+07:00,10.5,10.5,10.4,10.5,8000.0
2023-08-16 11:04:00+07:00,10.4,10.4,10.4,10.4,8500.0
2023-08-16 11:05:00+07:00,10.4,10.4,10.4,10.4,7000.0
2023-08-16 11:06:00+07:00,10.4,10.4,10.4,10.4,2100.0
2023-08-16 11:07:00+07:00,10.4,10.4,10.4,10.4,51900.0
2023-08-16 11:08:00+07:00,10.5,10.5,10.4,10.5,17700.0
2023-08-16 11:09:00+07:00,10.4,10.5,10.4,10.5,10900.0
2023-08-16 11:10:00+07:00,10.4,10.5,10.4,10.5,1200.0
2023-08-16 11:11:00+07:00,10.4,10.5,10.4,10.5,20100.0
2023-08-16 11:12:00+07:00,10.5,10.5,10.4,10.4,16700.0
2023-08-16 11:13:00+07:00,10.4,10.5,10.4,10.4,52400.0
2023-08-16 11:14:00+07:00,10.4,10.5,10.4,10.4,24000.0
2023-08-16 11:15:00+07:00,10.5,10.5,10.4,10.4,21500.0
2023-08-16 11:16:00+07:00,10.4,10.5,10.4,10.4,6500.0
2023-08-16 11:17:00+07:00,10.4,10.5,10.4,10.5,20800.0
2023-08-16 11:18:00+07:00,10.4,10.4,10.4,10.4,26200.0
2023-08-16 11:19:00+07:00,10.4,10.5,10.4,10.4,6000.0
2023-08-16 11:20:00+07:00,10.5,10.5,10.4,10.4,21600.0
2023-08-16 11:21:00+07:00,10.5,10.5,10.4,10.4,9300.0
2023-08-16 11:22:00+07:00,10.5,10.5,10.5,10.5,2000.0
2023-08-16 11:23:00+07:00,10.4,10.5,10.4,10.4,6700.0
2023-08-16 11:24:00+07:00,10.5,10.5,10.4,10.4,197300.0
2023-08-16 11:25:00+07:00,10.4,10.4,10.4,10.4,515000.0
2023-08-16 11:26:00+07:00,10.4,10.4,10.3,10.4,7500.0
2023-08-16 11:27:00+07:00,10.4,10.4,10.4,10.4,6600.0
2023-08-16 11:28:00+07:00,10.3,10.4,10.3,10.3,13000.0
2023-08-16 11:29:00+07:00,10.4,10.4,10.3,10.4,34000.0
2023-08-16 11:30:00+07:00,10.3,10.4,10.3,10.4,17200.0
2023-08-16 11:31:00+07:00,10.4,10.4,10.3,10.4,22400.0
2023-08-16 11:32:00+07:00,10.4,10.4,10.3,10.3,2235500.0
2023-08-16 11:33:00+07:00,10.3,10.3,10.3,10.3,73700.0
2023-08-16 11:34:00+07:00,10.3,10.3,10.2,10.3,50500.0
2023-08-16 11:35:00+07:00,10.3,10.3,10.2,10.3,69900.0
2023-08-16 11:36:00+07:00,10.3,10.3,10.2,10.3,127300.0
2023-08-16 11:37:00+07:00,10.3,10.3,10.2,10.3,35800.0
2023-08-16 11:38:00+07:00,10.3,10.3,10.3,10.3,12600.0
2023-08-16 11:39:00+07:00,10.2,10.3,10.2,10.2,305700.0
2023-08-16 11:40:00+07:00,10.2,10.3,10.2,10.3,43400.0
2023-08-16 11:41:00+07:00,10.2,10.3,10.2,10.3,139700.0
2023-08-16 11:42:00+07:00,10.3,10.3,10.2,10.3,7700.0
2023-08-16 11:43:00+07:00,10.3,10.3,10.3,10.3,400.0
2023-08-16 11:44:00+07:00,10.2,10.3,10.2,10.3,1423300.0
2023-08-16 11:45:00+07:00,10.4,10.4,10.3,10.3,600.0
2023-08-16 11:46:00+07:00,10.4,10.4,10.4,10.4,400.0
2023-08-16 11:47:00+07:00,10.4,10.4,10.4,10.4,900.0
2023-08-16 11:48:00+07:00,10.4,10.4,10.4,10.4,900.0
2023-08-16 11:49:00+07:00,10.4,10.4,10.3,10.4,100500.0
2023-08-16 11:50:00+07:00,10.4,10.4,10.4,10.4,1400.0
2023-08-16 11:51:00+07:00,10.4,10.4,10.4,10.4,400.0
2023-08-16 11:52:00+07:00,10.4,10.4,10.4,10.4,9900.0
2023-08-16 11:54:00+07:00,10.4,10.4,10.4,10.4,1500.0
2023-08-16 11:56:00+07:00,10.4,10.4,10.4,10.4,27800.0
2023-08-16 11:57:00+07:00,10.4,10.4,10.4,10.4,18800.0
2023-08-16 11:58:00+07:00,10.4,10.4,10.4,10.4,9000.0
2023-08-16 11:59:00+07:00,10.4,10.4,10.4,10.4,11900.0
2023-08-16 12:00:00+07:00,10.4,10.4,10.3,10.3,8600.0
2023-08-16 12:01:00+07:00,10.4,10.4,10.4,10.4,10500.0
2023-08-16 12:02:00+07:00,10.4,10.4,10.4,10.4,11900.0
2023-08-16 12:03:00+07:00,10.4,10.4,10.4,10.4,13400.0
2023-08-16 12:04:00+07:00,10.4,10.4,10.4,10.4,8400.0
2023-08-16 12:05:00+07:00,10.4,10.4,10.4,10.4,12600.0
2023-08-16 12:06:00+07:00,10.4,10.4,10.4,10.4,21300.0
2023-08-16 12:07:00+07:00,10.4,10.4,10.4,10.4,16500.0
2023-08-16 12:08:00+07:00,10.4,10.4,10.4,10.4,14900.0
2023-08-16 12:09:00+07:00,10.3,10.4,10.3,10.4,14400.0
2023-08-16 12:10:00+07:00,10.4,10.4,10.4,10.4,16900.0
2023-08-16 12:11:00+07:00,10.4,10.4,10.4,10.4,18000.0
2023-08-16 12:12:00+07:00,10.4,10.4,10.4,10.4,3400.0
2023-08-16 12:13:00+07:00,10.4,10.4,10.4,10.4,4500.0
2023-08-16 12:14:00+07:00,10.4,10.4,10.4,10.4,1700.0
2023-08-16 12:15:00+07:00,10.4,10.4,10.4,10.4,3400.0
2023-08-16 12:16:00+07:00,10.4,10.4,10.4,10.4,3900.0
2023-08-16 12:17:00+07:00,10.4,10.4,10.4,10.4,2500.0
2023-08-16 12:18:00+07:00,10.4,10.4,10.3,10.4,2500.0
2023-08-16 12:19:00+07:00,10.4,10.4,10.4,10.4,1800.0
2023-08-16 12:20:00+07:00,10.4,10.4,10.4,10.4,3700.0
2023-08-16 12:21:00+07:00,10.4,10.4,10.4,10.4,3000.0
2023-08-16 12:22:00+07:00,10.4,10.4,10.4,10.4,5200.0
2023-08-16 12:23:00+07:00,10.4,10.4,10.4,10.4,7100.0
2023-08-16 12:24:00+07:00,10.4,10.4,10.4,10.4,2100.0
2023-08-16 12:25:00+07:00,10.4,10.4,10.4,10.4,1400.0
2023-08-16 12:26:00+07:00,10.4,10.4,10.4,10.4,1400.0
2023-08-16 12:27:00+07:00,10.4,10.4,10.4,10.4,10500.0
2023-08-16 12:28:00+07:00,10.4,10.4,10.4,10.4,3200.0
2023-08-16 12:29:00+07:00,10.4,10.4,10.4,10.4,1800.0
2023-08-16 14:28:00+07:00,10.3,10.5,10.3,10.4,940900.0
2023-08-16 14:29:00+07:00,10.4,10.4,10.4,10.4,34600.0
2023-08-16 14:30:00+07:00,10.4,10.4,10.4,10.4,42900.0
2023-08-16 14:31:00+07:00,10.4,10.4,10.4,10.4,616500.0
2023-08-16 14:32:00+07:00,10.4,10.4,10.4,10.4,19200.0
2023-08-16 14:34:00+07:00,10.4,10.4,10.4,10.4,200.0
2023-08-16 14:35:00+07:00,10.3,10.4,10.3,10.4,8900.0
2023-08-16 14:36:00+07:00,10.4,10.4,10.4,10.4,6400.0
2023-08-16 14:37:00+07:00,10.4,10.4,10.4,10.4,11300.0
2023-08-16 14:38:00+07:00,10.4,10.4,10.4,10.4,5200.0
2023-08-16 14:39:00+07:00,10.4,10.4,10.4,10.4,2000.0
2023-08-16 14:40:00+07:00,10.4,10.4,10.4,10.4,2200.0
2023-08-16 14:41:00+07:00,10.4,10.4,10.4,10.4,4100.0
2023-08-16 14:42:00+07:00,10.4,10.4,10.4,10.4,100.0
2023-08-16 14:43:00+07:00,10.4,10.4,10.4,10.4,31700.0
2023-08-16 14:44:00+07:00,10.4,10.4,10.4,10.4,2100.0
2023-08-16 14:45:00+07:00,10.4,10.4,10.4,10.4,5600.0
2023-08-16 14:46:00+07:00,10.4,10.4,10.4,10.4,8600.0
2023-08-16 14:47:00+07:00,10.4,10.4,10.4,10.4,500.0
2023-08-16 14:48:00+07:00,10.4,10.4,10.4,10.4,1200.0
2023-08-16 14:49:00+07:00,10.4,10.4,10.4,10.4,7200.0
2023-08-16 14:50:00+07:00,10.4,10.4,10.4,10.4,1300.0
2023-08-16 14:51:00+07:00,10.4,10.4,10.4,10.4,101000.0
2023-08-16 14:52:00+07:00,10.4,10.4,10.3,10.4,47500.0
2023-08-16 14:53:00+07:00,10.4,10.4,10.4,10.4,22300.0
2023-08-16 14:54:00+07:00,10.4,10.4,10.4,10.4,800.0
2023-08-16 14:55:00+07:00,10.4,10.4,10.4,10.4,12700.0
2023-08-16 14:56:00+07:00,10.4,10.4,10.4,10.4,1400.0
2023-08-16 14:57:00+07:00,10.4,10.4,10.4,10.4,11000.0
2023-08-16 14:58:00+07:00,10.4,10.4,10.4,10.4,14000.0
2023-08-16 14:59:00+07:00,10.4,10.4,10.4,10.4,10600.0
2023-08-16 15:00:00+07:00,10.4,10.4,10.4,10.4,8300.0
2023-08-16 15:01:00+07:00,10.4,10.4,10.4,10.4,289500.0
2023-08-16 15:02:00+07:00,10.5,10.5,10.4,10.4,84400.0
2023-08-16 15:03:00+07:00,10.4,10.4,10.4,10.4,2800.0
2023-08-16 15:04:00+07:00,10.4,10.4,10.4,10.4,5500.0
2023-08-16 15:05:00+07:00,10.4,10.5,10.3,10.4,198800.0
2023-08-16 15:06:00+07:00,10.5,10.5,10.4,10.5,600.0
2023-08-16 15:07:00+07:00,10.5,10.5,10.5,10.5,1200.0
2023-08-16 15:08:00+07:00,10.5,10.5,10.4,10.4,185800.0
2023-08-16 15:09:00+07:00,10.4,10.4,10.4,10.4,6000.0
2023-08-16 15:10:00+07:00,10.3,10.4,10.3,10.4,17000.0
2023-08-16 15:11:00+07:00,10.4,10.4,10.3,10.3,4500.0
2023-08-16 15:12:00+07:00,10.4,10.4,10.4,10.4,400.0
2023-08-16 15:14:00+07:00,10.4,10.4,10.3,10.4,27000.0
2023-08-16 15:15:00+07:00,10.4,10.4,10.4,10.4,3300.0
2023-08-16 15:16:00+07:00,10.4,10.4,10.3,10.4,3400.0
2023-08-16 15:17:00+07:00,10.4,10.4,10.4,10.4,400.0
2023-08-16 15:18:00+07:00,10.4,10.4,10.4,10.4,4500.0
2023-08-16 15:19:00+07:00,10.4,10.4,10.4,10.4,400.0
2023-08-16 15:20:00+07:00,10.4,10.4,10.4,10.4,3500.0
2023-08-16 15:21:00+07:00,10.4,10.4,10.4,10.4,45800.0
2023-08-16 15:22:00+07:00,10.4,10.4,10.4,10.4,300.0
2023-08-16 15:23:00+07:00,10.4,10.4,10.4,10.4,5600.0
2023-08-16 15:24:00+07:00,10.4,10.4,10.3,10.3,35000.0
2023-08-16 15:25:00+07:00,10.4,10.4,10.4,10.4,1500.0
2023-08-16 15:26:00+07:00,10.4,10.4,10.3,10.4,7800.0
2023-08-16 15:27:00+07:00,10.4,10.4,10.4,10.4,1500.0
2023-08-16 15:28:00+07:00,10.4,10.4,10.4,10.4,15400.0
2023-08-16 15:29:00+07:00,10.4,10.4,10.4,10.4,3900.0
2023-08-16 15:30:00+07:00,10.4,10.4,10.4,10.4,800.0
2023-08-16 15:31:00+07:00,10.4,10.4,10.4,10.4,500.0
2023-08-16 15:32:00+07:00,10.4,10.4,10.4,10.4,2000.0
2023-08-16 15:33:00+07:00,10.4,10.4,10.4,10.4,200.0
2023-08-16 15:34:00+07:00,10.4,10.4,10.4,10.4,1300.0
2023-08-16 15:35:00+07:00,10.4,10.4,10.3,10.4,7300.0
2023-08-16 15:36:00+07:00,10.4,10.4,10.3,10.4,18800.0
2023-08-16 15:37:00+07:00,10.4,10.4,10.4,10.4,7900.0
2023-08-16 15:38:00+07:00,10.3,10.4,10.3,10.4,17200.0
2023-08-16 15:39:00+07:00,10.4,10.4,10.3,10.4,47600.0
2023-08-16 15:40:00+07:00,10.4,10.4,10.3,10.4,16400.0
2023-08-16 15:41:00+07:00,10.4,10.4,10.3,10.4,11500.0
2023-08-16 15:42:00+07:00,10.3,10.4,10.3,10.4,33700.0
2023-08-16 15:43:00+07:00,10.4,10.4,10.3,10.4,11300.0
2023-08-16 15:44:00+07:00,10.3,10.4,10.3,10.4,7000.0
2023-08-16 15:45:00+07:00,10.4,10.4,10.3,10.4,15300.0
2023-08-16 15:46:00+07:00,10.4,10.4,10.4,10.4,12700.0
2023-08-16 15:47:00+07:00,10.3,10.4,10.3,10.4,14400.0
2023-08-16 15:48:00+07:00,10.4,10.4,10.3,10.3,21800.0
2023-08-16 15:49:00+07:00,10.4,10.4,10.4,10.4,85400.0
2023-08-16 15:50:00+07:00,10.4,10.4,10.3,10.4,54500.0
2023-08-16 15:51:00+07:00,10.3,10.4,10.3,10.3,25900.0
2023-08-16 15:52:00+07:00,10.4,10.4,10.3,10.4,18800.0
2023-08-16 15:53:00+07:00,10.3,10.4,10.3,10.4,19700.0
2023-08-16 15:54:00+07:00,10.3,10.4,10.3,10.3,23500.0
2023-08-16 15:55:00+07:00,10.4,10.4,10.4,10.4,400.0
2023-08-16 15:56:00+07:00,10.3,10.4,10.3,10.4,169200.0
2023-08-16 15:57:00+07:00,10.4,10.5,10.4,10.5,435200.0
2023-08-16 15:58:00+07:00,10.5,10.5,10.5,10.5,1100.0
2023-08-16 15:59:00+07:00,10.5,10.5,10.5,10.5,1400.0
2023-08-16 16:00:00+07:00,10.5,10.5,10.5,10.5,900.0
2023-08-16 16:01:00+07:00,10.5,10.5,10.5,10.5,400.0
2023-08-16 16:02:00+07:00,10.5,10.5,10.5,10.5,3000.0
2023-08-16 16:03:00+07:00,10.5,10.5,10.5,10.5,1000.0
2023-08-16 16:04:00+07:00,10.5,10.5,10.5,10.5,200.0
2023-08-16 16:05:00+07:00,10.4,10.4,10.4,10.4,6800.0
2023-08-16 16:07:00+07:00,10.5,10.5,10.5,10.5,1900.0
2023-08-16 16:08:00+07:00,10.5,10.5,10.4,10.4,2000.0
2023-08-16 16:10:00+07:00,10.5,10.5,10.4,10.4,2500.0
2023-08-16 16:11:00+07:00,10.4,10.4,10.4,10.4,20000.0
2023-08-16 16:12:00+07:00,10.4,10.5,10.4,10.5,4800.0
2023-08-16 16:13:00+07:00,10.4,10.4,10.4,10.4,40500.0
2023-08-16 16:14:00+07:00,10.5,10.5,10.4,10.5,1490500.0
2023-08-16 16:15:00+07:00,10.5,10.5,10.5,10.5,126000.0
2023-08-16 16:16:00+07:00,10.5,10.5,10.5,10.5,21600.0
2023-08-16 16:17:00+07:00,10.5,10.6,10.5,10.6,14400.0
2023-08-16 16:18:00+07:00,10.6,10.6,10.5,10.6,24900.0
2023-08-16 16:19:00+07:00,10.5,10.6,10.5,10.6,17100.0
2023-08-16 16:20:00+07:00,10.5,10.6,10.5,10.5,326600.0
2023-08-16 16:21:00+07:00,10.5,10.6,10.5,10.6,13400.0
2023-08-16 16:22:00+07:00,10.6,10.6,10.6,10.6,25200.0
2023-08-16 16:23:00+07:00,10.6,10.6,10.5,10.6,19800.0
2023-08-16 16:24:00+07:00,10.6,10.6,10.5,10.6,19400.0
2023-08-16 16:25:00+07:00,10.6,10.6,10.6,10.6,5100.0
2023-08-16 16:26:00+07:00,10.6,10.6,10.5,10.6,14400.0
2023-08-16 16:27:00+07:00,10.6,10.6,10.6,10.6,12400.0
2023-08-16 16:28:00+07:00,10.6,10.6,10.5,10.5,16600.0
2023-08-16 16:29:00+07:00,10.6,10.6,10.6,10.6,22800.0
2023-08-16 16:35:00+07:00,10.6,10.6,10.6,10.6,1132800.0
2023-08-17 09:59:00+07:00,10.6,10.6,10.6,10.6,210800.0
2023-08-17 10:00:00+07:00,10.6,10.8,10.6,10.7,1085400.0
2023-08-17 10:01:00+07:00,10.7,10.8,10.7,10.8,772600.0
2023-08-17 10:02:00+07:00,10.8,10.8,10.7,10.7,19400.0
2023-08-17 10:03:00+07:00,10.7,10.8,10.7,10.7,369300.0
2023-08-17 10:04:00+07:00,10.7,10.7,10.7,10.7,4200.0
2023-08-17 10:05:00+07:00,10.6,10.6,10.6,10.6,400.0
2023-08-17 10:07:00+07:00,10.6,10.6,10.6,10.6,200.0
2023-08-17 10:08:00+07:00,10.6,10.7,10.6,10.7,5700.0
2023-08-17 10:09:00+07:00,10.7,10.7,10.7,10.7,1200.0
2023-08-17 10:10:00+07:00,10.6,10.6,10.6,10.6,1000.0
2023-08-17 10:11:00+07:00,10.6,10.6,10.6,10.6,1000.0
2023-08-17 10:12:00+07:00,10.6,10.6,10.5,10.5,918700.0
2023-08-17 10:13:00+07:00,10.5,10.6,10.5,10.5,20700.0
2023-08-17 10:14:00+07:00,10.6,10.6,10.5,10.5,1000.0
2023-08-17 10:16:00+07:00,10.6,10.6,10.6,10.6,600.0
2023-08-17 10:17:00+07:00,10.6,10.6,10.5,10.5,891200.0
2023-08-17 10:18:00+07:00,10.6,10.6,10.6,10.6,8400.0
2023-08-17 10:19:00+07:00,10.6,10.6,10.6,10.6,3100.0
2023-08-17 10:20:00+07:00,10.6,10.6,10.6,10.6,300.0
2023-08-17 10:21:00+07:00,10.6,10.6,10.5,10.5,25400.0
2023-08-17 10:22:00+07:00,10.6,10.6,10.6,10.6,100.0
2023-08-17 10:23:00+07:00,10.6,10.6,10.6,10.6,3000.0
2023-08-17 10:26:00+07:00,10.6,10.6,10.5,10.6,1000.0
2023-08-17 10:27:00+07:00,10.5,10.5,10.5,10.5,500.0
2023-08-17 10:29:00+07:00,10.5,10.6,10.5,10.6,200.0
2023-08-17 10:31:00+07:00,10.6,10.6,10.5,10.6,24700.0
2023-08-17 10:32:00+07:00,10.6,10.6,10.5,10.5,15900.0
2023-08-17 10:33:00+07:00,10.6,10.6,10.6,10.6,4300.0
2023-08-17 10:34:00+07:00,10.6,10.6,10.6,10.6,11900.0
2023-08-17 10:35:00+07:00,10.6,10.6,10.6,10.6,17500.0
2023-08-17 10:36:00+07:00,10.6,10.6,10.6,10.6,371100.0
2023-08-17 10:37:00+07:00,10.6,10.6,10.6,10.6,23100.0
2023-08-17 10:38:00+07:00,10.6,10.6,10.6,10.6,10700.0
2023-08-17 10:39:00+07:00,10.6,10.6,10.6,10.6,99700.0
2023-08-17 10:40:00+07:00,10.6,10.6,10.6,10.6,600.0
2023-08-17 10:44:00+07:00,10.7,10.7,10.7,10.7,200.0
2023-08-17 10:45:00+07:00,10.7,10.7,10.7,10.7,500.0
2023-08-17 10:46:00+07:00,10.6,10.6,10.6,10.6,100.0
2023-08-17 10:48:00+07:00,10.6,10.6,10.6,10.6,1000.0
2023-08-17 10:49:00+07:00,10.7,10.7,10.7,10.7,100.0
2023-08-17 10:53:00+07:00,10.7,10.7,10.7,10.7,459300.0
2023-08-17 10:54:00+07:00,10.7,10.7,10.7,10.7,4500.0
2023-08-17 10:55:00+07:00,10.7,10.7,10.7,10.7,5500.0
2023-08-17 10:56:00+07:00,10.7,10.7,10.7,10.7,12500.0
2023-08-17 10:57:00+07:00,10.7,10.7,10.7,10.7,12700.0
2023-08-17 10:58:00+07:00,10.7,10.7,10.6,10.6,436600.0
2023-08-17 10:59:00+07:00,10.6,10.6,10.6,10.6,54700.0
2023-08-17 11:02:00+07:00,10.6,10.6,10.6,10.6,7000.0
2023-08-17 11:04:00+07:00,10.7,10.7,10.7,10.7,500.0
2023-08-17 11:05:00+07:00,10.7,10.7,10.7,10.7,300.0
2023-08-17 11:06:00+07:00,10.7,10.7,10.7,10.7,110700.0
2023-08-17 11:07:00+07:00,10.7,10.7,10.7,10.7,20400.0
2023-08-17 11:08:00+07:00,10.7,10.7,10.7,10.7,35900.0
2023-08-17 11:09:00+07:00,10.7,10.7,10.7,10.7,12200.0
2023-08-17 11:10:00+07:00,10.7,10.8,10.7,10.7,442100.0
2023-08-17 11:11:00+07:00,10.8,10.8,10.7,10.8,10400.0
2023-08-17 11:12:00+07:00,10.8,10.8,10.8,10.8,300.0
2023-08-17 11:13:00+07:00,10.8,10.8,10.8,10.8,200.0
2023-08-17 11:14:00+07:00,10.8,10.8,10.7,10.8,28000.0
2023-08-17 11:15:00+07:00,10.8,10.8,10.8,10.8,22000.0
2023-08-17 11:16:00+07:00,10.7,10.7,10.7,10.7,104800.0
2023-08-17 11:17:00+07:00,10.8,10.8,10.8,10.8,4000.0
2023-08-17 11:18:00+07:00,10.8,10.8,10.7,10.7,7800.0
2023-08-17 11:20:00+07:00,10.8,10.8,10.8,10.8,100.0
2023-08-17 11:22:00+07:00,10.8,10.8,10.8,10.8,1000.0
2023-08-17 11:23:00+07:00,10.8,10.8,10.8,10.8,100.0
2023-08-17 11:25:00+07:00,10.8,10.8,10.7,10.7,205300.0
2023-08-17 11:26:00+07:00,10.7,10.8,10.7,10.7,5600.0
2023-08-17 11:27:00+07:00,10.8,10.8,10.7,10.7,25600.0
2023-08-17 11:28:00+07:00,10.8,10.8,10.8,10.8,2300.0
2023-08-17 11:30:00+07:00,10.8,10.8,10.7,10.8,1012600.0
2023-08-17 11:31:00+07:00,10.8,10.8,10.8,10.8,4100.0
2023-08-17 11:32:00+07:00,10.8,10.8,10.8,10.8,9400.0
2023-08-17 11:33:00+07:00,10.9,10.9,10.8,10.8,1100.0
2023-08-17 11:34:00+07:00,10.8,10.8,10.8,10.8,200.0
2023-08-17 11:35:00+07:00,10.8,10.8,10.8,10.8,7500.0
2023-08-17 11:36:00+07:00,10.8,10.9,10.8,10.9,1070800.0
2023-08-17 11:37:00+07:00,10.9,11.0,10.9,10.9,173600.0
2023-08-17 11:38:00+07:00,10.9,11.0,10.9,10.9,34300.0
2023-08-17 11:39:00+07:00,10.9,10.9,10.9,10.9,146000.0
2023-08-17 11:40:00+07:00,10.9,10.9,10.8,10.9,421100.0
2023-08-17 11:42:00+07:00,10.8,10.9,10.8,10.9,484100.0
2023-08-17 11:43:00+07:00,10.9,11.0,10.9,10.9,15200.0
2023-08-17 11:44:00+07:00,10.9,11.0,10.9,10.9,4500.0
2023-08-17 11:45:00+07:00,10.9,10.9,10.9,10.9,35200.0
2023-08-17 11:46:00+07:00,10.9,11.0,10.9,11.0,6100.0
2023-08-17 11:47:00+07:00,10.9,10.9,10.9,10.9,233300.0
2023-08-17 11:48:00+07:00,10.9,10.9,10.9,10.9,154900.0
2023-08-17 11:49:00+07:00,10.9,10.9,10.9,10.9,4900.0
2023-08-17 11:50:00+07:00,10.9,11.0,10.9,10.9,835100.0
2023-08-17 11:51:00+07:00,10.9,10.9,10.9,10.9,117300.0
2023-08-17 11:52:00+07:00,10.9,10.9,10.9,10.9,559400.0
2023-08-17 11:54:00+07:00,10.9,10.9,10.9,10.9,700.0
2023-08-17 11:55:00+07:00,10.8,10.8,10.8,10.8,500.0
2023-08-17 11:56:00+07:00,10.9,10.9,10.9,10.9,600.0
2023-08-17 11:57:00+07:00,10.9,10.9,10.8,10.8,13100.0
2023-08-17 11:58:00+07:00,10.9,10.9,10.8,10.9,5900.0
2023-08-17 11:59:00+07:00,10.8,10.9,10.8,10.9,10300.0
2023-08-17 12:00:00+07:00,10.9,10.9,10.9,10.9,300.0
2023-08-17 12:01:00+07:00,10.9,10.9,10.9,10.9,300.0
2023-08-17 12:02:00+07:00,10.9,10.9,10.9,10.9,203400.0
2023-08-17 12:03:00+07:00,10.9,10.9,10.9,10.9,4100.0
2023-08-17 12:04:00+07:00,10.9,10.9,10.9,10.9,5500.0
2023-08-17 12:05:00+07:00,10.9,10.9,10.9,10.9,400.0
2023-08-17 12:06:00+07:00,10.9,10.9,10.9,10.9,700.0
2023-08-17 12:07:00+07:00,10.8,10.9,10.8,10.9,14200.0
2023-08-17 12:08:00+07:00,10.9,10.9,10.9,10.9,1500.0
2023-08-17 12:09:00+07:00,10.8,10.9,10.8,10.9,1200.0
2023-08-17 12:10:00+07:00,10.8,10.8,10.8,10.8,100.0
2023-08-17 12:12:00+07:00,10.8,10.8,10.8,10.8,100.0
2023-08-17 12:14:00+07:00,10.9,10.9,10.8,10.8,11700.0
2023-08-17 12:15:00+07:00,10.8,10.9,10.8,10.9,500.0
2023-08-17 12:16:00+07:00,10.9,10.9,10.8,10.8,2200.0
2023-08-17 12:17:00+07:00,10.9,10.9,10.9,10.9,300.0
2023-08-17 12:18:00+07:00,10.8,10.9,10.8,10.9,1400.0
2023-08-17 12:19:00+07:00,10.9,10.9,10.9,10.9,400.0
2023-08-17 12:20:00+07:00,10.9,10.9,10.9,10.9,500.0
2023-08-17 12:21:00+07:00,10.9,10.9,10.9,10.9,300.0
2023-08-17 12:22:00+07:00,10.9,10.9,10.9,10.9,200.0
2023-08-17 12:23:00+07:00,10.9,10.9,10.9,10.9,1000.0
2023-08-17 12:24:00+07:00,10.8,10.8,10.8,10.8,100.0
2023-08-17 12:25:00+07:00,10.8,10.8,10.8,10.8,35000.0
2023-08-17 12:26:00+07:00,10.8,10.8,10.8,10.8,1200.0
2023-08-17 12:27:00+07:00,10.8,10.8,10.8,10.8,300.0
2023-08-17 12:28:00+07:00,10.9,10.9,10.9,10.9,200.0
2023-08-17 14:25:00+07:00,10.9,10.9,10.9,10.9,110800.0
2023-08-17 14:27:00+07:00,10.9,10.9,10.9,10.9,1600.0
2023-08-17 14:34:00+07:00,10.9,10.9,10.9,10.9,100.0
2023-08-17 14:35:00+07:00,10.9,10.9,10.9,10.9,100.0
2023-08-17 14:41:00+07:00,10.9,10.9,10.9,10.9,100.0
2023-08-17 14:42:00+07:00,10.9,10.9,10.9,10.9,100.0
2023-08-17 14:43:00+07:00,10.8,10.8,10.8,10.8,1200.0
2023-08-17 14:44:00+07:00,10.8,10.9,10.8,10.9,200.0
2023-08-17 14:45:00+07:00,10.9,10.9,10.9,10.9,1900.0
2023-08-17 14:46:00+07:00,10.9,10.9,10.9,10.9,500.0
2023-08-17 14:50:00+07:00,10.9,10.9,10.8,10.9,4700.0
2023-08-17 14:51:00+07:00,10.8,10.9,10.8,10.9,6500.0
2023-08-17 14:52:00+07:00,10.9,10.9,10.9,10.9,13500.0
2023-08-17 14:53:00+07:00,10.9,10.9,10.9,10.9,11900.0
2023-08-17 14:54:00+07:00,10.9,10.9,10.8,10.9,4900.0
2023-08-17 14:55:00+07:00,10.8,10.9,10.8,10.9,14900.0
2023-08-17 14:56:00+07:00,10.9,10.9,10.8,10.8,129100.0
2023-08-17 14:57:00+07:00,10.8,10.9,10.8,10.9,23000.0
2023-08-17 14:58:00+07:00,10.9,10.9,10.9,10.9,2400.0
2023-08-17 14:59:00+07:00,10.9,10.9,10.8,10.9,4000.0
2023-08-17 15:01:00+07:00,10.9,10.9,10.9,10.9,7900.0
2023-08-17 15:02:00+07:00,10.9,10.9,10.9,10.9,3400.0
2023-08-17 15:03:00+07:00,10.9,10.9,10.9,10.9,2000.0
2023-08-17 15:04:00+07:00,10.9,10.9,10.9,10.9,1900.0
2023-08-17 15:05:00+07:00,10.9,10.9,10.9,10.9,1600.0
2023-08-17 15:06:00+07:00,10.9,10.9,10.8,10.9,3700.0
2023-08-17 15:07:00+07:00,10.9,10.9,10.9,10.9,100.0
2023-08-17 15:08:00+07:00,10.8,10.9,10.8,10.8,5400.0
2023-08-17 15:09:00+07:00,10.8,10.8,10.8,10.8,16300.0
2023-08-17 15:10:00+07:00,10.8,10.9,10.8,10.9,7100.0
2023-08-17 15:11:00+07:00,10.9,10.9,10.9,10.9,1400.0
2023-08-17 15:12:00+07:00,10.8,10.8,10.8,10.8,1700.0
2023-08-17 15:13:00+07:00,10.9,10.9,10.8,10.8,7500.0
2023-08-17 15:14:00+07:00,10.9,10.9,10.9,10.9,2300.0
2023-08-17 15:16:00+07:00,10.9,10.9,10.9,10.9,2300.0
2023-08-17 15:17:00+07:00,10.9,10.9,10.8,10.9,33600.0
2023-08-17 15:18:00+07:00,10.9,10.9,10.8,10.9,5000.0
2023-08-17 15:19:00+07:00,10.9,10.9,10.8,10.8,102100.0
2023-08-17 15:20:00+07:00,10.9,10.9,10.8,10.8,33000.0
2023-08-17 15:21:00+07:00,10.9,10.9,10.8,10.8,6900.0
2023-08-17 15:22:00+07:00,10.9,10.9,10.8,10.8,38800.0
2023-08-17 15:23:00+07:00,10.9,10.9,10.8,10.8,11100.0
2023-08-17 15:24:00+07:00,10.9,10.9,10.8,10.8,33900.0
2023-08-17 15:25:00+07:00,10.8,10.9,10.8,10.9,11100.0
2023-08-17 15:26:00+07:00,10.9,10.9,10.9,10.9,3100.0
2023-08-17 15:27:00+07:00,10.9,10.9,10.8,10.8,75400.0
2023-08-17 15:28:00+07:00,10.9,10.9,10.9,10.9,1900.0
2023-08-17 15:29:00+07:00,10.9,10.9,10.9,10.9,4500.0
2023-08-17 15:30:00+07:00,10.9,10.9,10.9,10.9,2100.0
2023-08-17 15:31:00+07:00,10.9,10.9,10.9,10.9,2100.0
2023-08-17 15:32:00+07:00,10.9,10.9,10.8,10.8,2400.0
2023-08-17 15:33:00+07:00,10.9,10.9,10.9,10.9,3200.0
2023-08-17 15:34:00+07:00,10.9,10.9,10.9,10.9,4100.0
2023-08-17 15:35:00+07:00,10.9,10.9,10.9,10.9,3300.0
2023-08-17 15:36:00+07:00,10.9,10.9,10.8,10.8,57500.0
2023-08-17 15:37:00+07:00,10.9,10.9,10.8,10.9,5700.0
2023-08-17 15:38:00+07:00,10.9,10.9,10.9,10.9,12500.0
2023-08-17 15:39:00+07:00,10.9,10.9,10.9,10.9,216300.0
2023-08-17 15:40:00+07:00,10.9,10.9,10.9,10.9,3800.0
2023-08-17 15:41:00+07:00,10.9,10.9,10.9,10.9,4900.0
2023-08-17 15:42:00+07:00,10.9,10.9,10.9,10.9,3500.0
2023-08-17 15:43:00+07:00,10.9,10.9,10.9,10.9,5400.0
2023-08-17 15:44:00+07:00,10.9,10.9,10.9,10.9,3900.0
2023-08-17 15:45:00+07:00,10.9,10.9,10.9,10.9,5400.0
2023-08-17 15:46:00+07:00,10.9,10.9,10.9,10.9,4000.0
2023-08-17 15:47:00+07:00,10.9,10.9,10.9,10.9,4500.0
2023-08-17 15:48:00+07:00,10.9,10.9,10.9,10.9,8300.0
2023-08-17 15:49:00+07:00,10.8,10.9,10.8,10.9,4600.0
2023-08-17 15:50:00+07:00,10.9,10.9,10.9,10.9,5800.0
2023-08-17 15:51:00+07:00,10.8,10.9,10.8,10.9,7000.0
2023-08-17 15:52:00+07:00,10.9,10.9,10.9,10.9,7500.0
2023-08-17 15:53:00+07:00,10.9,10.9,10.9,10.9,2000.0
2023-08-17 15:54:00+07:00,10.9,10.9,10.9,10.9,5800.0
2023-08-17 15:55:00+07:00,10.9,10.9,10.8,10.8,29700.0
2023-08-17 15:56:00+07:00,10.9,10.9,10.8,10.9,7800.0
2023-08-17 15:57:00+07:00,10.9,10.9,10.8,10.8,6800.0
2023-08-17 15:58:00+07:00,10.9,10.9,10.9,10.9,3300.0
2023-08-17 15:59:00+07:00,10.9,10.9,10.8,10.8,5800.0
2023-08-17 16:00:00+07:00,10.9,10.9,10.9,10.9,4300.0
2023-08-17 16:01:00+07:00,10.9,10.9,10.9,10.9,7300.0
2023-08-17 16:02:00+07:00,10.9,10.9,10.9,10.9,7100.0
2023-08-17 16:03:00+07:00,10.8,10.9,10.8,10.9,7700.0
2023-08-17 16:04:00+07:00,10.9,10.9,10.9,10.9,8000.0
2023-08-17 16:05:00+07:00,10.8,10.9,10.8,10.9,8500.0
2023-08-17 16:06:00+07:00,10.9,10.9,10.9,10.9,7000.0
2023-08-17 16:07:00+07:00,10.9,10.9,10.8,10.9,6100.0
2023-08-17 16:08:00+07:00,10.9,10.9,10.9,10.9,6000.0
2023-08-17 16:09:00+07:00,10.8,10.9,10.8,10.8,7400.0
2023-08-17 16:10:00+07:00,10.8,10.8,10.8,10.8,400.0
2023-08-17 16:11:00+07:00,10.8,10.8,10.8,10.8,3000.0
2023-08-17 16:13:00+07:00,10.8,10.8,10.8,10.8,20000.0
2023-08-17 16:14:00+07:00,10.8,10.8,10.8,10.8,40400.0
2023-08-17 16:15:00+07:00,10.8,10.8,10.8,10.8,80800.0
2023-08-17 16:16:00+07:00,10.8,10.9,10.8,10.9,1500.0
2023-08-17 16:20:00+07:00,10.8,10.8,10.8,10.8,600.0
2023-08-17 16:22:00+07:00,10.9,10.9,10.9,10.9,4200.0
2023-08-17 16:23:00+07:00,10.9,10.9,10.9,10.9,12500.0
2023-08-17 16:24:00+07:00,10.9,10.9,10.9,10.9,9900.0
2023-08-17 16:25:00+07:00,10.9,10.9,10.9,10.9,1096200.0
2023-08-17 16:26:00+07:00,10.9,10.9,10.9,10.9,143100.0
2023-08-17 16:27:00+07:00,10.9,10.9,10.9,10.9,18100.0
2023-08-17 16:28:00+07:00,10.9,10.9,10.9,10.9,8600.0
2023-08-17 16:29:00+07:00,10.9,10.9,10.9,10.9,76200.0
2023-08-17 16:36:00+07:00,10.9,10.9,10.9,10.9,989100.0
2023-08-18 09:59:00+07:00,10.8,10.9,10.8,10.9,258700.0
2023-08-18 10:00:00+07:00,10.9,10.9,10.9,10.9,100.0
2023-08-18 10:02:00+07:00,10.8,10.8,10.8,10.8,3000.0
2023-08-18 10:03:00+07:00,10.8,10.9,10.8,10.9,2600.0
2023-08-18 10:04:00+07:00,10.8,10.8,10.7,10.7,549200.0
2023-08-18 10:05:00+07:00,10.7,10.8,10.7,10.8,11000.0
2023-08-18 10:08:00+07:00,10.8,10.8,10.8,10.8,1300.0
2023-08-18 10:09:00+07:00,10.7,10.7,10.7,10.7,1000.0
2023-08-18 10:10:00+07:00,10.7,10.7,10.7,10.7,3000.0
2023-08-18 10:13:00+07:00,10.7,10.8,10.7,10.8,1700.0
2023-08-18 10:14:00+07:00,10.8,10.8,10.8,10.8,100.0
2023-08-18 10:15:00+07:00,10.8,10.8,10.8,10.8,400.0
2023-08-18 10:16:00+07:00,10.7,10.7,10.7,10.7,1000.0
2023-08-18 10:17:00+07:00,10.8,10.8,10.8,10.8,200.0
2023-08-18 10:19:00+07:00,10.8,10.8,10.7,10.8,2600.0
2023-08-18 10:20:00+07:00,10.8,10.8,10.8,10.8,11100.0
2023-08-18 10:21:00+07:00,10.7,10.8,10.7,10.8,2500.0
2023-08-18 10:22:00+07:00,10.8,10.8,10.7,10.8,1300.0
2023-08-18 10:23:00+07:00,10.8,10.8,10.8,10.8,300.0
2023-08-18 10:24:00+07:00,10.8,10.8,10.8,10.8,1000.0
2023-08-18 10:28:00+07:00,10.8,10.8,10.7,10.7,2600.0
2023-08-18 10:30:00+07:00,10.7,10.7,10.7,10.7,100.0
2023-08-18 10:31:00+07:00,10.8,10.8,10.8,10.8,1000.0
2023-08-18 10:32:00+07:00,10.8,10.8,10.8,10.8,2500.0
2023-08-18 10:33:00+07:00,10.8,10.8,10.8,10.8,1200.0
2023-08-18 10:34:00+07:00,10.8,10.8,10.7,10.7,1200.0
2023-08-18 10:36:00+07:00,10.7,10.7,10.7,10.7,1000.0
2023-08-18 10:38:00+07:00,10.7,10.8,10.7,10.8,500.0
2023-08-18 10:39:00+07:00,10.8,10.8,10.8,10.8,100.0
2023-08-18 10:41:00+07:00,10.7,10.8,10.7,10.8,1100.0
2023-08-18 10:43:00+07:00,10.8,10.8,10.8,10.8,2000.0
2023-08-18 10:44:00+07:00,10.8,10.8,10.7,10.8,1102200.0
2023-08-18 10:45:00+07:00,10.8,10.8,10.7,10.7,267300.0
2023-08-18 10:47:00+07:00,10.7,10.7,10.7,10.7,200.0
2023-08-18 10:49:00+07:00,10.8,10.8,10.7,10.7,1600.0
2023-08-18 10:50:00+07:00,10.8,10.8,10.8,10.8,2000.0
2023-08-18 10:51:00+07:00,10.8,10.8,10.8,10.8,100.0
2023-08-18 11:03:00+07:00,10.8,10.8,10.7,10.8,8700.0
2023-08-18 11:04:00+07:00,10.8,10.8,10.8,10.8,5100.0
2023-08-18 11:05:00+07:00,10.8,10.8,10.7,10.8,9000.0
2023-08-18 11:06:00+07:00,10.8,10.8,10.8,10.8,800.0
2023-08-18 11:07:00+07:00,10.8,10.8,10.7,10.7,12100.0
2023-08-18 11:10:00+07:00,10.8,10.9,10.8,10.8,686500.0
2023-08-18 11:11:00+07:00,10.8,10.8,10.8,10.8,1300.0
2023-08-18 11:12:00+07:00,10.8,10.8,10.8,10.8,13300.0
2023-08-18 11:13:00+07:00,10.8,10.8,10.8,10.8,15300.0
2023-08-18 11:14:00+07:00,10.8,10.8,10.8,10.8,72600.0
2023-08-18 11:15:00+07:00,10.8,10.8,10.8,10.8,15700.0
2023-08-18 11:16:00+07:00,10.8,10.8,10.8,10.8,700.0
2023-08-18 11:17:00+07:00,10.8,10.8,10.8,10.8,2600.0
2023-08-18 11:19:00+07:00,10.8,10.8,10.8,10.8,1500.0
2023-08-18 11:20:00+07:00,10.8,10.9,10.8,10.8,1800.0
2023-08-18 11:21:00+07:00,10.8,10.8,10.8,10.8,500.0
2023-08-18 11:22:00+07:00,10.8,10.8,10.8,10.8,400.0
2023-08-18 11:23:00+07:00,10.8,10.8,10.8,10.8,1200.0
2023-08-18 11:27:00+07:00,10.8,10.8,10.8,10.8,3400.0
2023-08-18 11:28:00+07:00,10.8,10.8,10.8,10.8,1700.0
2023-08-18 11:29:00+07:00,10.8,10.8,10.7,10.8,142000.0
2023-08-18 11:30:00+07:00,10.7,10.7,10.7,10.7,21100.0
2023-08-18 11:32:00+07:00,10.8,10.8,10.8,10.8,500.0
2023-08-18 11:37:00+07:00,10.7,10.8,10.7,10.8,5600.0
2023-08-18 11:41:00+07:00,10.8,10.8,10.8,10.8,700.0
2023-08-18 11:42:00+07:00,10.8,10.8,10.8,10.8,800.0
2023-08-18 11:43:00+07:00,10.8,10.8,10.7,10.8,1500.0
2023-08-18 11:44:00+07:00,10.8,10.8,10.7,10.8,23300.0
2023-08-18 11:45:00+07:00,10.8,10.8,10.8,10.8,700.0
2023-08-18 11:46:00+07:00,10.8,10.8,10.8,10.8,700.0
2023-08-18 11:47:00+07:00,10.8,10.8,10.8,10.8,500.0
2023-08-18 11:48:00+07:00,10.8,10.8,10.8,10.8,600.0
2023-08-18 11:49:00+07:00,10.8,10.8,10.8,10.8,600.0
2023-08-18 11:50:00+07:00,10.8,10.8,10.8,10.8,1700.0
2023-08-18 11:51:00+07:00,10.8,10.8,10.8,10.8,500.0
2023-08-18 11:52:00+07:00,10.8,10.8,10.8,10.8,300.0
2023-08-18 11:53:00+07:00,10.8,10.8,10.8,10.8,100.0
2023-08-18 11:55:00+07:00,10.8,10.8,10.8,10.8,100.0
2023-08-18 11:57:00+07:00,10.8,10.8,10.7,10.7,12600.0
2023-08-18 11:58:00+07:00,10.7,10.8,10.7,10.8,15600.0
2023-08-18 11:59:00+07:00,10.8,10.8,10.8,10.8,200.0
2023-08-18 12:00:00+07:00,10.8,10.8,10.8,10.8,400.0
2023-08-18 12:01:00+07:00,10.8,10.8,10.8,10.8,400.0
2023-08-18 12:02:00+07:00,10.8,10.8,10.8,10.8,900.0
2023-08-18 12:03:00+07:00,10.8,10.8,10.8,10.8,33100.0
2023-08-18 12:05:00+07:00,10.8,10.8,10.7,10.7,4300.0
2023-08-18 12:06:00+07:00,10.8,10.8,10.8,10.8,300.0
2023-08-18 12:07:00+07:00,10.8,10.8,10.7,10.8,6300.0
2023-08-18 12:08:00+07:00,10.8,10.8,10.8,10.8,5200.0
2023-08-18 12:09:00+07:00,10.8,10.8,10.8,10.8,100.0
2023-08-18 12:10:00+07:00,10.8,10.8,10.8,10.8,200.0
2023-08-18 12:11:00+07:00,10.8,10.8,10.8,10.8,2300.0
2023-08-18 12:12:00+07:00,10.8,10.8,10.8,10.8,800.0
2023-08-18 12:13:00+07:00,10.8,10.8,10.8,10.8,100.0
2023-08-18 12:14:00+07:00,10.7,10.8,10.7,10.8,13500.0
2023-08-18 12:15:00+07:00,10.8,10.8,10.8,10.8,10100.0
2023-08-18 12:16:00+07:00,10.8,10.8,10.8,10.8,7700.0
2023-08-18 12:17:00+07:00,10.8,10.8,10.8,10.8,129000.0
2023-08-18 12:18:00+07:00,10.8,10.9,10.8,10.9,1000.0
2023-08-18 12:19:00+07:00,10.8,10.9,10.8,10.9,15300.0
2023-08-18 12:20:00+07:00,10.9,10.9,10.9,10.9,300.0
2023-08-18 12:21:00+07:00,10.9,10.9,10.9,10.9,300.0
2023-08-18 12:22:00+07:00,10.9,10.9,10.9,10.9,300.0
2023-08-18 12:26:00+07:00,10.8,10.8,10.7,10.7,164400.0
2023-08-18 12:27:00+07:00,10.8,10.8,10.7,10.7,64500.0
2023-08-18 12:29:00+07:00,10.8,10.8,10.8,10.8,100.0
2023-08-18 14:27:00+07:00,10.7,10.7,10.7,10.7,83100.0
2023-08-18 14:29:00+07:00,10.8,10.8,10.8,10.8,2000.0
2023-08-18 14:30:00+07:00,10.8,10.8,10.8,10.8,47100.0
2023-08-18 14:33:00+07:00,10.8,10.8,10.8,10.8,2200.0
2023-08-18 14:34:00+07:00,10.8,10.8,10.8,10.8,100.0
2023-08-18 14:36:00+07:00,10.8,10.8,10.8,10.8,100.0
2023-08-18 14:42:00+07:00,10.8,10.8,10.8,10.8,400.0
2023-08-18 14:45:00+07:00,10.8,10.8,10.8,10.8,100.0
2023-08-18 14:46:00+07:00,10.7,10.7,10.7,10.7,1000.0
2023-08-18 14:48:00+07:00,10.7,10.7,10.7,10.7,3000.0
2023-08-18 14:51:00+07:00,10.8,10.8,10.7,10.7,2000.0
2023-08-18 14:56:00+07:00,10.7,10.7,10.7,10.7,100.0
2023-08-18 15:00:00+07:00,10.8,10.8,10.8,10.8,600.0
2023-08-18 15:05:00+07:00,10.8,10.8,10.8,10.8,367900.0
2023-08-18 15:06:00+07:00,10.8,10.8,10.8,10.8,200.0
2023-08-18 15:11:00+07:00,10.8,10.8,10.8,10.8,64700.0
2023-08-18 15:12:00+07:00,10.8,10.8,10.8,10.8,1000.0
2023-08-18 15:14:00+07:00,10.8,10.8,10.8,10.8,500.0
2023-08-18 15:16:00+07:00,10.8,10.8,10.8,10.8,2300.0
2023-08-18 15:18:00+07:00,10.8,10.8,10.8,10.8,400.0
2023-08-18 15:19:00+07:00,10.8,10.8,10.8,10.8,1000.0
2023-08-18 15:20:00+07:00,10.8,10.8,10.8,10.8,700.0
2023-08-18 15:21:00+07:00,10.9,10.9,10.9,10.9,100.0
2023-08-18 15:23:00+07:00,10.9,10.9,10.9,10.9,10000.0
2023-08-18 15:24:00+07:00,10.9,10.9,10.9,10.9,200.0
2023-08-18 15:28:00+07:00,10.8,10.8,10.8,10.8,1000.0
2023-08-18 15:29:00+07:00,10.9,10.9,10.9,10.9,1000.0
2023-08-18 15:30:00+07:00,10.8,10.8,10.8,10.8,2000.0
2023-08-18 15:31:00+07:00,10.8,10.8,10.8,10.8,10000.0
2023-08-18 15:37:00+07:00,10.8,10.8,10.8,10.8,500.0
2023-08-18 15:38:00+07:00,10.8,10.8,10.8,10.8,1100.0
2023-08-18 15:46:00+07:00,10.8,10.8,10.8,10.8,10000.0
2023-08-18 15:47:00+07:00,10.8,10.8,10.8,10.8,3200.0
2023-08-18 15:55:00+07:00,10.8,10.8,10.8,10.8,100.0
2023-08-18 15:56:00+07:00,10.8,10.8,10.8,10.8,16100.0
2023-08-18 16:01:00+07:00,10.8,10.8,10.8,10.8,1000.0
2023-08-18 16:03:00+07:00,10.8,10.8,10.8,10.8,3800.0
2023-08-18 16:04:00+07:00,10.8,10.8,10.8,10.8,100.0
2023-08-18 16:05:00+07:00,10.8,10.8,10.8,10.8,210000.0
2023-08-18 16:06:00+07:00,10.8,10.8,10.8,10.8,120800.0
2023-08-18 16:07:00+07:00,10.8,10.8,10.8,10.8,113400.0
2023-08-18 16:08:00+07:00,10.8,10.8,10.8,10.8,173900.0
2023-08-18 16:10:00+07:00,10.8,10.8,10.8,10.8,2800.0
2023-08-18 16:11:00+07:00,10.8,10.8,10.8,10.8,3300.0
2023-08-18 16:12:00+07:00,10.8,10.8,10.8,10.8,273100.0
2023-08-18 16:13:00+07:00,10.8,10.8,10.8,10.8,100000.0
2023-08-18 16:14:00+07:00,10.8,10.8,10.8,10.8,5000.0
2023-08-18 16:15:00+07:00,10.8,10.8,10.8,10.8,4000.0
2023-08-18 16:16:00+07:00,10.8,10.8,10.8,10.8,63100.0
2023-08-18 16:17:00+07:00,10.8,10.8,10.7,10.7,389000.0
2023-08-18 16:18:00+07:00,10.7,10.7,10.7,10.7,2000.0
2023-08-18 16:19:00+07:00,10.8,10.8,10.8,10.8,100.0
2023-08-18 16:20:00+07:00,10.8,10.8,10.8,10.8,2500.0
2023-08-18 16:22:00+07:00,10.7,10.8,10.7,10.8,51000.0
2023-08-18 16:23:00+07:00,10.7,10.8,10.7,10.7,2400.0
2023-08-18 16:25:00+07:00,10.7,10.7,10.7,10.7,5000.0
2023-08-18 16:26:00+07:00,10.7,10.7,10.7,10.7,2000.0
2023-08-18 16:27:00+07:00,10.7,10.7,10.7,10.7,500.0
2023-08-18 16:28:00+07:00,10.8,10.8,10.8,10.8,900.0
2023-08-18 16:29:00+07:00,10.7,10.8,10.7,10.8,1700.0
2023-08-18 16:37:00+07:00,10.8,10.8,10.8,10.8,1811200.0
2023-08-21 09:56:00+07:00,10.9,10.9,10.9,10.9,486800.0
2023-08-21 09:57:00+07:00,10.9,10.9,10.9,10.9,1000.0
2023-08-21 10:02:00+07:00,10.8,10.8,10.7,10.7,320900.0
2023-08-21 10:03:00+07:00,10.7,10.7,10.7,10.7,2100.0
2023-08-21 10:04:00+07:00,10.8,10.8,10.8,10.8,22100.0
2023-08-21 10:07:00+07:00,10.8,10.8,10.8,10.8,100.0
2023-08-21 10:08:00+07:00,10.8,10.8,10.7,10.7,11200.0
2023-08-21 10:09:00+07:00,10.8,10.8,10.7,10.8,2400.0
2023-08-21 10:13:00+07:00,10.8,10.8,10.8,10.8,500.0
2023-08-21 10:16:00+07:00,10.8,10.8,10.8,10.8,1100.0
2023-08-21 10:17:00+07:00,10.7,10.8,10.7,10.8,9300.0
2023-08-21 10:22:00+07:00,10.8,10.8,10.8,10.8,1600.0
2023-08-21 10:23:00+07:00,10.8,10.8,10.8,10.8,100.0
2023-08-21 10:24:00+07:00,10.7,10.7,10.7,10.7,32300.0
2023-08-21 10:27:00+07:00,10.7,10.8,10.7,10.8,4100.0
2023-08-21 10:28:00+07:00,10.8,10.8,10.8,10.8,400.0
2023-08-21 10:33:00+07:00,10.7,10.7,10.7,10.7,100.0
2023-08-21 10:34:00+07:00,10.8,10.8,10.8,10.8,100.0
2023-08-21 10:37:00+07:00,10.7,10.7,10.7,10.7,870300.0
2023-08-21 10:38:00+07:00,10.7,10.8,10.7,10.7,5000.0
2023-08-21 10:39:00+07:00,10.7,10.7,10.7,10.7,3800.0
2023-08-21 10:40:00+07:00,10.7,10.7,10.7,10.7,4000.0
2023-08-21 10:41:00+07:00,10.7,10.7,10.7,10.7,13200.0
2023-08-21 10:42:00+07:00,10.7,10.7,10.7,10.7,246700.0
2023-08-21 10:45:00+07:00,10.8,10.8,10.8,10.8,300.0
2023-08-21 10:47:00+07:00,10.8,10.8,10.8,10.8,200.0
2023-08-21 10:49:00+07:00,10.7,10.7,10.7,10.7,201000.0
2023-08-21 10:50:00+07:00,10.7,10.7,10.7,10.7,1800.0
2023-08-21 10:51:00+07:00,10.7,10.7,10.7,10.7,1900.0
2023-08-21 10:52:00+07:00,10.6,10.7,10.6,10.6,19400.0
2023-08-21 10:53:00+07:00,10.6,10.7,10.6,10.6,6100.0
2023-08-21 10:54:00+07:00,10.7,10.7,10.6,10.6,55600.0
2023-08-21 10:55:00+07:00,10.7,10.7,10.6,10.6,11800.0
2023-08-21 10:56:00+07:00,10.7,10.7,10.7,10.7,3000.0
2023-08-21 10:57:00+07:00,10.7,10.7,10.6,10.6,1400.0
2023-08-21 10:58:00+07:00,10.7,10.7,10.6,10.7,4500.0
2023-08-21 10:59:00+07:00,10.7,10.7,10.7,10.7,100.0
2023-08-21 11:00:00+07:00,10.7,10.7,10.6,10.7,12300.0
2023-08-21 11:01:00+07:00,10.7,10.7,10.7,10.7,900.0
2023-08-21 11:03:00+07:00,10.7,10.7,10.6,10.6,8500.0
2023-08-21 11:04:00+07:00,10.6,10.7,10.6,10.7,300.0
2023-08-21 11:05:00+07:00,10.7,10.7,10.7,10.7,11000.0
2023-08-21 11:06:00+07:00,10.7,10.7,10.6,10.7,1600.0
2023-08-21 11:07:00+07:00,10.7,10.7,10.7,10.7,100.0
2023-08-21 11:08:00+07:00,10.7,10.7,10.6,10.7,2900.0
2023-08-21 11:09:00+07:00,10.7,10.7,10.7,10.7,100.0
2023-08-21 11:10:00+07:00,10.7,10.7,10.7,10.7,200.0
2023-08-21 11:11:00+07:00,10.7,10.7,10.7,10.7,200.0
2023-08-21 11:12:00+07:00,10.7,10.7,10.7,10.7,500.0
2023-08-21 11:13:00+07:00,10.7,10.7,10.7,10.7,100.0
2023-08-21 11:14:00+07:00,10.7,10.7,10.7,10.7,1200.0
2023-08-21 11:15:00+07:00,10.7,10.7,10.7,10.7,500.0
2023-08-21 11:18:00+07:00,10.7,10.7,10.7,10.7,1100.0
2023-08-21 11:20:00+07:00,10.7,10.7,10.7,10.7,2100.0
2023-08-21 11:21:00+07:00,10.7,10.7,10.7,10.7,5000.0
2023-08-21 11:22:00+07:00,10.7,10.7,10.7,10.7,254900.0
2023-08-21 11:23:00+07:00,10.7,10.7,10.7,10.7,4000.0
2023-08-21 11:24:00+07:00,10.7,10.7,10.7,10.7,1000.0
2023-08-21 11:25:00+07:00,10.7,10.7,10.7,10.7,13000.0
2023-08-21 11:26:00+07:00,10.7,10.7,10.7,10.7,36100.0
2023-08-21 11:27:00+07:00,10.7,10.7,10.7,10.7,17700.0
2023-08-21 11:28:00+07:00,10.7,10.7,10.7,10.7,12300.0
2023-08-21 11:29:00+07:00,10.7,10.7,10.7,10.7,30200.0
2023-08-21 11:31:00+07:00,10.7,10.7,10.7,10.7,2000.0
2023-08-21 11:32:00+07:00,10.7,10.7,10.6,10.6,1100.0
2023-08-21 11:33:00+07:00,10.7,10.7,10.7,10.7,200.0
2023-08-21 11:34:00+07:00,10.7,10.7,10.7,10.7,1000.0
2023-08-21 11:35:00+07:00,10.7,10.7,10.7,10.7,562100.0
2023-08-21 11:36:00+07:00,10.7,10.8,10.7,10.7,242700.0
2023-08-21 11:37:00+07:00,10.7,10.7,10.7,10.7,150000.0
2023-08-21 11:38:00+07:00,10.7,10.7,10.7,10.7,1500.0
2023-08-21 11:39:00+07:00,10.7,10.7,10.7,10.7,20100.0
2023-08-21 11:40:00+07:00,10.7,10.7,10.7,10.7,35300.0
2023-08-21 11:41:00+07:00,10.7,10.7,10.7,10.7,2000.0
2023-08-21 11:42:00+07:00,10.7,10.7,10.7,10.7,65400.0
2023-08-21 11:43:00+07:00,10.7,10.7,10.7,10.7,3100.0
2023-08-21 11:44:00+07:00,10.7,10.7,10.7,10.7,35200.0
2023-08-21 11:45:00+07:00,10.7,10.7,10.7,10.7,400.0
2023-08-21 11:46:00+07:00,10.8,10.8,10.8,10.8,200.0
2023-08-21 11:47:00+07:00,10.8,10.8,10.8,10.8,2300.0
2023-08-21 11:48:00+07:00,10.8,10.8,10.8,10.8,200.0
2023-08-21 11:49:00+07:00,10.8,10.8,10.8,10.8,200.0
2023-08-21 11:50:00+07:00,10.8,10.8,10.8,10.8,200.0
2023-08-21 11:51:00+07:00,10.8,10.8,10.8,10.8,300.0
2023-08-21 11:52:00+07:00,10.8,10.8,10.8,10.8,100.0
2023-08-21 11:55:00+07:00,10.7,10.7,10.7,10.7,5000.0
2023-08-21 11:56:00+07:00,10.7,10.7,10.7,10.7,1000.0
2023-08-21 11:57:00+07:00,10.7,10.7,10.7,10.7,3700.0
2023-08-21 11:58:00+07:00,10.7,10.7,10.7,10.7,1100.0
2023-08-21 12:00:00+07:00,10.7,10.7,10.7,10.7,800.0
2023-08-21 12:01:00+07:00,10.7,10.7,10.7,10.7,500.0
2023-08-21 12:02:00+07:00,10.8,10.8,10.7,10.7,1900.0
2023-08-21 12:03:00+07:00,10.7,10.7,10.7,10.7,200.0
2023-08-21 12:04:00+07:00,10.7,10.7,10.7,10.7,300.0
2023-08-21 12:05:00+07:00,10.7,10.7,10.7,10.7,200.0
2023-08-21 12:06:00+07:00,10.8,10.8,10.8,10.8,100.0
2023-08-21 12:09:00+07:00,10.7,10.7,10.7,10.7,1100.0
2023-08-21 12:11:00+07:00,10.8,10.8,10.8,10.8,100.0
2023-08-21 12:12:00+07:00,10.8,10.8,10.7,10.7,12400.0
2023-08-21 12:13:00+07:00,10.7,10.7,10.7,10.7,7100.0
2023-08-21 12:15:00+07:00,10.7,10.7,10.7,10.7,400.0
2023-08-21 12:16:00+07:00,10.7,10.7,10.7,10.7,1800.0
2023-08-21 12:18:00+07:00,10.7,10.7,10.7,10.7,200.0
2023-08-21 12:19:00+07:00,10.7,10.7,10.7,10.7,100.0
2023-08-21 12:21:00+07:00,10.7,10.7,10.7,10.7,3900.0
2023-08-21 12:22:00+07:00,10.7,10.7,10.7,10.7,1100.0
2023-08-21 12:24:00+07:00,10.8,10.8,10.8,10.8,1000.0
2023-08-21 12:26:00+07:00,10.7,10.7,10.7,10.7,800.0
2023-08-21 12:29:00+07:00,10.8,10.8,10.8,10.8,100.0
2023-08-21 14:29:00+07:00,10.8,10.8,10.7,10.7,12300.0
2023-08-21 14:30:00+07:00,10.7,10.7,10.7,10.7,221700.0
2023-08-21 14:31:00+07:00,10.7,10.7,10.7,10.7,2100.0
2023-08-21 14:32:00+07:00,10.7,10.7,10.7,10.7,1200.0
2023-08-21 14:33:00+07:00,10.7,10.7,10.7,10.7,484800.0
2023-08-21 14:34:00+07:00,10.7,10.7,10.7,10.7,100.0
2023-08-21 14:35:00+07:00,10.7,10.7,10.7,10.7,49600.0
2023-08-21 14:36:00+07:00,10.7,10.7,10.7,10.7,44400.0
2023-08-21 14:37:00+07:00,10.7,10.7,10.7,10.7,62000.0
2023-08-21 14:38:00+07:00,10.7,10.7,10.7,10.7,27900.0
2023-08-21 14:39:00+07:00,10.7,10.7,10.7,10.7,2000.0
2023-08-21 14:40:00+07:00,10.7,10.7,10.7,10.7,78700.0
2023-08-21 14:41:00+07:00,10.7,10.7,10.7,10.7,40800.0
2023-08-21 14:42:00+07:00,10.7,10.7,10.7,10.7,266100.0
2023-08-21 14:43:00+07:00,10.7,10.8,10.7,10.8,129200.0
2023-08-21 14:44:00+07:00,10.8,10.8,10.7,10.7,300.0
2023-08-21 14:45:00+07:00,10.8,10.8,10.7,10.7,300.0
2023-08-21 14:46:00+07:00,10.8,10.8,10.7,10.8,600.0
2023-08-21 14:47:00+07:00,10.8,10.8,10.8,10.8,100.0
2023-08-21 14:49:00+07:00,10.8,10.8,10.7,10.7,38100.0
2023-08-21 14:50:00+07:00,10.7,10.7,10.7,10.7,186500.0
2023-08-21 14:51:00+07:00,10.7,10.7,10.7,10.7,1600.0
2023-08-21 14:52:00+07:00,10.7,10.7,10.7,10.7,22400.0
2023-08-21 14:53:00+07:00,10.7,10.7,10.7,10.7,13600.0
2023-08-21 14:54:00+07:00,10.7,10.7,10.7,10.7,400.0
2023-08-21 14:55:00+07:00,10.7,10.7,10.7,10.7,2000.0
2023-08-21 14:56:00+07:00,10.7,10.7,10.7,10.7,6000.0
2023-08-21 14:57:00+07:00,10.6,10.7,10.6,10.7,8100.0
2023-08-21 14:58:00+07:00,10.7,10.7,10.7,10.7,2400.0
2023-08-21 14:59:00+07:00,10.7,10.7,10.7,10.7,2100.0
2023-08-21 15:00:00+07:00,10.7,10.7,10.7,10.7,88600.0
2023-08-21 15:01:00+07:00,10.7,10.7,10.7,10.7,69700.0
2023-08-21 15:02:00+07:00,10.7,10.8,10.7,10.8,21900.0
2023-08-21 15:03:00+07:00,10.7,10.7,10.7,10.7,137700.0
2023-08-21 15:04:00+07:00,10.7,10.7,10.7,10.7,1100.0
2023-08-21 15:05:00+07:00,10.7,10.7,10.7,10.7,44200.0
2023-08-21 15:06:00+07:00,10.7,10.7,10.7,10.7,14900.0
2023-08-21 15:07:00+07:00,10.7,10.7,10.7,10.7,12800.0
2023-08-21 15:08:00+07:00,10.7,10.7,10.7,10.7,2000.0
2023-08-21 15:09:00+07:00,10.7,10.7,10.7,10.7,100.0
2023-08-21 15:10:00+07:00,10.7,10.7,10.7,10.7,44000.0
2023-08-21 15:11:00+07:00,10.7,10.7,10.7,10.7,2600.0
2023-08-21 15:12:00+07:00,10.7,10.7,10.7,10.7,3800.0
2023-08-21 15:13:00+07:00,10.7,10.7,10.7,10.7,4000.0
2023-08-21 15:14:00+07:00,10.7,10.7,10.7,10.7,4800.0
2023-08-21 15:15:00+07:00,10.7,10.7,10.7,10.7,500.0
2023-08-21 15:16:00+07:00,10.7,10.7,10.7,10.7,1000.0
2023-08-21 15:18:00+07:00,10.7,10.7,10.7,10.7,3300.0
2023-08-21 15:19:00+07:00,10.7,10.7,10.7,10.7,2700.0
2023-08-21 15:20:00+07:00,10.7,10.7,10.7,10.7,3000.0
2023-08-21 15:21:00+07:00,10.7,10.7,10.7,10.7,1000.0
2023-08-21 15:22:00+07:00,10.7,10.7,10.7,10.7,11000.0
2023-08-21 15:23:00+07:00,10.7,10.7,10.7,10.7,1600.0
2023-08-21 15:24:00+07:00,10.7,10.7,10.7,10.7,20300.0
2023-08-21 15:25:00+07:00,10.7,10.7,10.6,10.7,1300.0
2023-08-21 15:26:00+07:00,10.7,10.7,10.7,10.7,1400.0
2023-08-21 15:27:00+07:00,10.7,10.7,10.7,10.7,11000.0
2023-08-21 15:28:00+07:00,10.7,10.7,10.7,10.7,1300.0
2023-08-21 15:29:00+07:00,10.7,10.7,10.7,10.7,61700.0
2023-08-21 15:31:00+07:00,10.7,10.7,10.7,10.7,5000.0
2023-08-21 15:33:00+07:00,10.7,10.7,10.7,10.7,100.0
2023-08-21 15:37:00+07:00,10.7,10.7,10.7,10.7,600.0
2023-08-21 15:41:00+07:00,10.7,10.7,10.7,10.7,2000.0
2023-08-21 15:42:00+07:00,10.7,10.7,10.7,10.7,50000.0
2023-08-21 15:47:00+07:00,10.8,10.8,10.8,10.8,200.0
2023-08-21 15:51:00+07:00,10.7,10.7,10.7,10.7,200.0
2023-08-21 15:56:00+07:00,10.7,10.7,10.7,10.7,100.0
2023-08-21 15:57:00+07:00,10.8,10.8,10.8,10.8,500.0
2023-08-21 15:58:00+07:00,10.7,10.7,10.7,10.7,2000.0
2023-08-21 15:59:00+07:00,10.8,10.8,10.8,10.8,500.0
2023-08-21 16:02:00+07:00,10.7,10.7,10.7,10.7,500.0
2023-08-21 16:03:00+07:00,10.7,10.7,10.7,10.7,2300.0
2023-08-21 16:04:00+07:00,10.7,10.7,10.7,10.7,5200.0
2023-08-21 16:09:00+07:00,10.7,10.7,10.7,10.7,100.0
2023-08-21 16:10:00+07:00,10.7,10.7,10.7,10.7,100.0
2023-08-21 16:11:00+07:00,10.7,10.7,10.7,10.7,100.0
2023-08-21 16:12:00+07:00,10.7,10.7,10.7,10.7,100.0
2023-08-21 16:17:00+07:00,10.8,10.8,10.7,10.7,34800.0
2023-08-21 16:22:00+07:00,10.7,10.7,10.7,10.7,600.0
2023-08-21 16:27:00+07:00,10.7,10.7,10.7,10.7,800.0
2023-08-21 16:28:00+07:00,10.8,10.8,10.7,10.7,7900.0
2023-08-21 16:29:00+07:00,10.7,10.7,10.7,10.7,1900.0
2023-08-21 16:35:00+07:00,10.7,10.7,10.7,10.7,1398400.0
2023-08-22 09:59:00+07:00,10.7,10.7,10.7,10.7,238700.0
2023-08-22 10:00:00+07:00,10.7,10.7,10.7,10.7,11300.0
2023-08-22 10:01:00+07:00,10.7,10.7,10.7,10.7,100.0
2023-08-22 10:02:00+07:00,10.7,10.7,10.7,10.7,800.0
2023-08-22 10:03:00+07:00,10.7,10.7,10.7,10.7,700.0
2023-08-22 10:04:00+07:00,10.7,10.8,10.7,10.8,5800.0
2023-08-22 10:05:00+07:00,10.7,10.7,10.7,10.7,2300.0
2023-08-22 10:06:00+07:00,10.7,10.7,10.7,10.7,500.0
2023-08-22 10:07:00+07:00,10.7,10.7,10.7,10.7,2000.0
2023-08-22 10:08:00+07:00,10.7,10.7,10.7,10.7,500.0
2023-08-22 10:09:00+07:00,10.7,10.8,10.7,10.8,1000.0
2023-08-22 10:10:00+07:00,10.8,10.9,10.8,10.9,477500.0
2023-08-22 10:11:00+07:00,10.8,10.8,10.8,10.8,23400.0
2023-08-22 10:12:00+07:00,10.8,10.8,10.8,10.8,9600.0
2023-08-22 10:14:00+07:00,10.8,10.8,10.8,10.8,2600.0
2023-08-22 10:15:00+07:00,10.8,10.8,10.8,10.8,200.0
2023-08-22 10:16:00+07:00,10.8,10.8,10.8,10.8,21000.0
2023-08-22 10:17:00+07:00,10.8,10.8,10.8,10.8,200.0
2023-08-22 10:18:00+07:00,10.8,10.8,10.7,10.8,2600.0
2023-08-22 10:19:00+07:00,10.8,10.8,10.8,10.8,30000.0
2023-08-22 10:20:00+07:00,10.8,10.8,10.8,10.8,500.0
2023-08-22 10:21:00+07:00,10.8,10.8,10.8,10.8,32000.0
2023-08-22 10:22:00+07:00,10.8,10.8,10.8,10.8,10100.0
2023-08-22 10:23:00+07:00,10.8,10.8,10.7,10.8,106000.0
2023-08-22 10:24:00+07:00,10.8,10.8,10.8,10.8,45400.0
2023-08-22 10:25:00+07:00,10.8,10.8,10.8,10.8,5000.0
2023-08-22 10:26:00+07:00,10.8,10.8,10.7,10.8,6500.0
2023-08-22 10:27:00+07:00,10.8,10.8,10.8,10.8,1400.0
2023-08-22 10:28:00+07:00,10.7,10.8,10.7,10.8,2000.0
2023-08-22 10:29:00+07:00,10.8,10.8,10.8,10.8,6300.0
2023-08-22 10:30:00+07:00,10.8,10.8,10.7,10.7,7200.0
2023-08-22 10:31:00+07:00,10.8,10.8,10.7,10.7,800.0
2023-08-22 10:33:00+07:00,10.7,10.7,10.7,10.7,1000.0
2023-08-22 10:34:00+07:00,10.8,10.8,10.8,10.8,1100.0
2023-08-22 10:35:00+07:00,10.8,10.8,10.8,10.8,5000.0
2023-08-22 10:36:00+07:00,10.7,10.7,10.7,10.7,1000.0
2023-08-22 10:39:00+07:00,10.8,10.8,10.8,10.8,3100.0
2023-08-22 10:40:00+07:00,10.8,10.8,10.7,10.8,12200.0
2023-08-22 10:41:00+07:00,10.8,10.8,10.8,10.8,1000.0
2023-08-22 10:43:00+07:00,10.7,10.7,10.7,10.7,1000.0
2023-08-22 10:45:00+07:00,10.7,10.7,10.7,10.7,300.0
2023-08-22 10:46:00+07:00,10.8,10.8,10.7,10.7,41000.0
2023-08-22 10:51:00+07:00,10.7,10.7,10.7,10.7,200.0
2023-08-22 10:52:00+07:00,10.8,10.8,10.7,10.7,3300.0
2023-08-22 10:53:00+07:00,10.7,10.7,10.7,10.7,3000.0
2023-08-22 10:54:00+07:00,10.7,10.7,10.7,10.7,2100.0
2023-08-22 10:55:00+07:00,10.7,10.8,10.7,10.8,600.0
2023-08-22 10:56:00+07:00,10.8,10.8,10.7,10.7,1200.0
2023-08-22 10:57:00+07:00,10.8,10.8,10.8,10.8,1000.0
2023-08-22 10:58:00+07:00,10.8,10.8,10.8,10.8,200.0
2023-08-22 10:59:00+07:00,10.7,10.7,10.7,10.7,1000.0
2023-08-22 11:01:00+07:00,10.8,10.8,10.8,10.8,1000.0
2023-08-22 11:02:00+07:00,10.7,10.8,10.7,10.8,4000.0
2023-08-22 11:03:00+07:00,10.8,10.8,10.8,10.8,1000.0
2023-08-22 11:04:00+07:00,10.7,10.7,10.7,10.7,1100.0
2023-08-22 11:06:00+07:00,10.8,10.8,10.8,10.8,1600.0
2023-08-22 11:08:00+07:00,10.8,10.8,10.8,10.8,10000.0
2023-08-22 11:09:00+07:00,10.8,10.8,10.7,10.8,10100.0
2023-08-22 11:11:00+07:00,10.7,10.7,10.7,10.7,1000.0
2023-08-22 11:14:00+07:00,10.7,10.7,10.7,10.7,1000.0
2023-08-22 11:16:00+07:00,10.7,10.7,10.7,10.7,1500.0
2023-08-22 11:17:00+07:00,10.8,10.8,10.8,10.8,100.0
2023-08-22 11:18:00+07:00,10.8,10.8,10.8,10.8,100.0
2023-08-22 11:19:00+07:00,10.7,10.7,10.7,10.7,1000.0
2023-08-22 11:20:00+07:00,10.8,10.8,10.8,10.8,35000.0
2023-08-22 11:21:00+07:00,10.8,10.8,10.8,10.8,1000.0
2023-08-22 11:22:00+07:00,10.8,10.8,10.8,10.8,1400.0
2023-08-22 11:23:00+07:00,10.8,10.8,10.8,10.8,10000.0
2023-08-22 11:24:00+07:00,10.7,10.7,10.7,10.7,1000.0
2023-08-22 11:25:00+07:00,10.7,10.8,10.7,10.8,3100.0
2023-08-22 11:26:00+07:00,10.8,10.8,10.8,10.8,1200.0
2023-08-22 11:28:00+07:00,10.7,10.8,10.7,10.8,2800.0
2023-08-22 11:29:00+07:00,10.8,10.8,10.8,10.8,900.0
2023-08-22 11:30:00+07:00,10.8,10.8,10.8,10.8,2200.0
2023-08-22 11:31:00+07:00,10.8,10.8,10.8,10.8,60000.0
2023-08-22 11:32:00+07:00,10.8,10.8,10.7,10.7,18800.0
2023-08-22 11:33:00+07:00,10.7,10.7,10.7,10.7,100.0
2023-08-22 11:34:00+07:00,10.7,10.7,10.7,10.7,600.0
2023-08-22 11:36:00+07:00,10.7,10.7,10.7,10.7,1000.0
2023-08-22 11:41:00+07:00,10.7,10.7,10.7,10.7,10000.0
2023-08-22 11:42:00+07:00,10.8,10.8,10.8,10.8,2000.0
2023-08-22 11:45:00+07:00,10.8,10.8,10.8,10.8,100.0
2023-08-22 11:46:00+07:00,10.7,10.8,10.7,10.8,3800.0
2023-08-22 11:49:00+07:00,10.7,10.8,10.7,10.8,1500.0
2023-08-22 11:50:00+07:00,10.7,10.7,10.7,10.7,1700.0
2023-08-22 11:51:00+07:00,10.8,10.8,10.8,10.8,971700.0
2023-08-22 11:52:00+07:00,10.8,10.8,10.8,10.8,187100.0
2023-08-22 11:53:00+07:00,10.8,10.8,10.8,10.8,2700.0
2023-08-22 11:54:00+07:00,10.8,10.8,10.8,10.8,422100.0
2023-08-22 11:55:00+07:00,10.8,10.8,10.8,10.8,1000.0
2023-08-22 11:56:00+07:00,10.8,10.8,10.8,10.8,100.0
2023-08-22 11:57:00+07:00,10.8,10.8,10.8,10.8,900.0
2023-08-22 11:58:00+07:00,10.8,10.8,10.8,10.8,20900.0
2023-08-22 12:01:00+07:00,10.8,10.8,10.8,10.8,4700.0
2023-08-22 12:04:00+07:00,10.8,10.8,10.8,10.8,1500.0
2023-08-22 12:05:00+07:00,10.8,10.9,10.8,10.9,2100.0
2023-08-22 12:07:00+07:00,10.8,10.8,10.8,10.8,6000.0
2023-08-22 12:08:00+07:00,10.8,10.8,10.8,10.8,6000.0
2023-08-22 12:10:00+07:00,10.8,10.8,10.8,10.8,1000.0
2023-08-22 12:15:00+07:00,10.8,10.8,10.8,10.8,4000.0
2023-08-22 12:19:00+07:00,10.8,10.8,10.8,10.8,200.0
2023-08-22 12:21:00+07:00,10.8,10.8,10.8,10.8,900.0
2023-08-22 12:22:00+07:00,10.8,10.8,10.8,10.8,5000.0
2023-08-22 12:23:00+07:00,10.8,10.8,10.8,10.8,6500.0
2023-08-22 12:24:00+07:00,10.8,10.8,10.8,10.8,173300.0
2023-08-22 12:25:00+07:00,10.8,10.8,10.8,10.8,6000.0
2023-08-22 12:26:00+07:00,10.8,10.8,10.8,10.8,3900.0
2023-08-22 12:29:00+07:00,10.8,10.8,10.8,10.8,100.0
2023-08-22 14:26:00+07:00,10.8,10.8,10.8,10.8,262500.0
2023-08-22 14:27:00+07:00,10.8,10.8,10.7,10.7,13800.0
2023-08-22 14:28:00+07:00,10.8,10.8,10.8,10.8,162000.0
2023-08-22 14:32:00+07:00,10.8,10.8,10.8,10.8,2000.0
2023-08-22 14:33:00+07:00,10.8,10.8,10.8,10.8,1000.0
2023-08-22 14:34:00+07:00,10.8,10.8,10.8,10.8,10000.0
2023-08-22 14:36:00+07:00,10.8,10.8,10.8,10.8,300.0
2023-08-22 14:37:00+07:00,10.8,10.8,10.8,10.8,20000.0
2023-08-22 14:39:00+07:00,10.8,10.8,10.8,10.8,5000.0
2023-08-22 14:40:00+07:00,10.9,10.9,10.9,10.9,1000.0
2023-08-22 14:42:00+07:00,10.8,10.8,10.8,10.8,1000.0
2023-08-22 14:45:00+07:00,10.8,10.8,10.8,10.8,2500.0
2023-08-22 14:46:00+07:00,10.8,10.8,10.8,10.8,200.0
2023-08-22 14:47:00+07:00,10.8,10.8,10.8,10.8,42100.0
2023-08-22 14:48:00+07:00,10.8,10.8,10.8,10.8,1000.0
2023-08-22 14:49:00+07:00,10.8,10.8,10.8,10.8,100.0
2023-08-22 14:50:00+07:00,10.8,10.8,10.8,10.8,2000.0
2023-08-22 14:53:00+07:00,10.8,10.8,10.8,10.8,11000.0
2023-08-22 14:54:00+07:00,10.8,10.8,10.8,10.8,400.0
2023-08-22 14:55:00+07:00,10.8,10.8,10.8,10.8,1000.0
2023-08-22 14:56:00+07:00,10.8,10.8,10.8,10.8,42100.0
2023-08-22 14:57:00+07:00,10.8,10.8,10.8,10.8,42100.0
2023-08-22 14:58:00+07:00,10.8,10.8,10.8,10.8,11000.0
2023-08-22 15:00:00+07:00,10.8,10.9,10.8,10.9,47800.0
2023-08-22 15:02:00+07:00,10.9,10.9,10.9,10.9,200.0
2023-08-22 15:03:00+07:00,10.8,10.8,10.8,10.8,1000.0
2023-08-22 15:05:00+07:00,10.8,10.8,10.8,10.8,6500.0
2023-08-22 15:06:00+07:00,10.8,10.8,10.8,10.8,400.0
2023-08-22 15:07:00+07:00,10.8,10.8,10.8,10.8,43200.0
2023-08-22 15:09:00+07:00,10.8,10.8,10.8,10.8,2000.0
2023-08-22 15:11:00+07:00,10.8,10.8,10.8,10.8,1000.0
2023-08-22 15:14:00+07:00,10.8,10.8,10.8,10.8,42100.0
2023-08-22 15:17:00+07:00,10.8,10.8,10.8,10.8,3200.0
2023-08-22 15:18:00+07:00,10.9,10.9,10.8,10.8,1100.0
2023-08-22 15:19:00+07:00,10.8,10.8,10.8,10.8,8100.0
2023-08-22 15:20:00+07:00,10.8,10.8,10.8,10.8,150000.0
2023-08-22 15:21:00+07:00,10.8,10.8,10.8,10.8,60800.0
2023-08-22 15:22:00+07:00,10.8,10.8,10.8,10.8,6700.0
2023-08-22 15:23:00+07:00,10.8,10.8,10.8,10.8,200.0
2023-08-22 15:24:00+07:00,10.8,10.8,10.8,10.8,1400.0
2023-08-22 15:25:00+07:00,10.8,10.8,10.8,10.8,100.0
2023-08-22 15:26:00+07:00,10.8,10.8,10.8,10.8,300.0
2023-08-22 15:27:00+07:00,10.8,10.9,10.8,10.9,6300.0
2023-08-22 15:29:00+07:00,10.8,10.8,10.8,10.8,2500.0
2023-08-22 15:30:00+07:00,10.8,10.8,10.8,10.8,100.0
2023-08-22 15:31:00+07:00,10.8,10.8,10.8,10.8,23600.0
2023-08-22 15:32:00+07:00,10.8,10.8,10.8,10.8,300.0
2023-08-22 15:33:00+07:00,10.8,10.8,10.8,10.8,11000.0
2023-08-22 15:34:00+07:00,10.8,10.8,10.8,10.8,300.0
2023-08-22 15:35:00+07:00,10.8,10.9,10.8,10.8,11100.0
2023-08-22 15:36:00+07:00,10.8,10.9,10.8,10.9,15100.0
2023-08-22 15:37:00+07:00,10.9,10.9,10.9,10.9,200.0
2023-08-22 15:38:00+07:00,10.8,10.8,10.8,10.8,1500.0
2023-08-22 15:39:00+07:00,10.8,10.8,10.8,10.8,200.0
2023-08-22 15:40:00+07:00,10.8,10.8,10.8,10.8,100.0
2023-08-22 15:41:00+07:00,10.8,10.8,10.8,10.8,200.0
2023-08-22 15:42:00+07:00,10.8,10.8,10.8,10.8,200.0
2023-08-22 15:43:00+07:00,10.8,10.8,10.8,10.8,1100.0
2023-08-22 15:46:00+07:00,10.8,10.8,10.8,10.8,1000.0
2023-08-22 15:47:00+07:00,10.9,10.9,10.9,10.9,10100.0
2023-08-22 15:49:00+07:00,10.8,10.8,10.8,10.8,1000.0
2023-08-22 15:54:00+07:00,10.8,10.8,10.8,10.8,1600.0
2023-08-22 15:56:00+07:00,10.9,10.9,10.8,10.8,1100.0
2023-08-22 15:57:00+07:00,10.9,10.9,10.8,10.8,3200.0
2023-08-22 15:58:00+07:00,10.8,10.8,10.8,10.8,1000.0
2023-08-22 16:02:00+07:00,10.8,10.8,10.8,10.8,1000.0
2023-08-22 16:03:00+07:00,10.8,10.8,10.8,10.8,10000.0
2023-08-22 16:04:00+07:00,10.9,10.9,10.8,10.8,1300.0
2023-08-22 16:06:00+07:00,10.8,10.8,10.8,10.8,1000.0
2023-08-22 16:08:00+07:00,10.8,10.9,10.8,10.9,3100.0
2023-08-22 16:12:00+07:00,10.8,10.8,10.8,10.8,1000.0
2023-08-22 16:13:00+07:00,10.8,10.8,10.8,10.8,200.0
2023-08-22 16:14:00+07:00,10.9,10.9,10.9,10.9,500.0
2023-08-22 16:15:00+07:00,10.8,10.8,10.8,10.8,1300.0
2023-08-22 16:16:00+07:00,10.9,10.9,10.8,10.8,3300.0
2023-08-22 16:17:00+07:00,10.8,10.8,10.8,10.8,5400.0
2023-08-22 16:18:00+07:00,10.8,10.8,10.8,10.8,1300.0
2023-08-22 16:19:00+07:00,10.8,10.8,10.8,10.8,4000.0
2023-08-22 16:20:00+07:00,10.8,10.8,10.8,10.8,2700.0
2023-08-22 16:21:00+07:00,10.9,10.9,10.9,10.9,1000.0
2023-08-22 16:22:00+07:00,10.9,10.9,10.9,10.9,11000.0
2023-08-22 16:23:00+07:00,10.8,10.9,10.8,10.9,6600.0
2023-08-22 16:24:00+07:00,10.8,10.9,10.8,10.9,3700.0
2023-08-22 16:25:00+07:00,10.8,10.8,10.8,10.8,2200.0
2023-08-22 16:26:00+07:00,10.8,10.9,10.8,10.9,1200.0
2023-08-22 16:27:00+07:00,10.8,10.9,10.8,10.8,45500.0
2023-08-22 16:28:00+07:00,10.8,10.8,10.8,10.8,15800.0
2023-08-22 16:29:00+07:00,10.8,10.9,10.8,10.9,174600.0
2023-08-22 16:35:00+07:00,10.9,10.9,10.9,10.9,1369000.0
2023-08-23 09:55:00+07:00,10.8,10.9,10.8,10.9,347100.0
2023-08-23 09:56:00+07:00,10.9,10.9,10.9,10.9,3500.0
2023-08-23 09:57:00+07:00,10.9,10.9,10.9,10.9,200.0
2023-08-23 09:58:00+07:00,10.9,10.9,10.9,10.9,33100.0
2023-08-23 09:59:00+07:00,10.9,10.9,10.9,10.9,12000.0
2023-08-23 10:00:00+07:00,10.9,10.9,10.9,10.9,21000.0
2023-08-23 10:01:00+07:00,10.9,10.9,10.8,10.8,7200.0
2023-08-23 10:03:00+07:00,10.9,10.9,10.9,10.9,4400.0
2023-08-23 10:04:00+07:00,10.9,10.9,10.8,10.9,4300.0
2023-08-23 10:06:00+07:00,10.9,10.9,10.9,10.9,2000.0
2023-08-23 10:07:00+07:00,10.8,10.8,10.8,10.8,5100.0
2023-08-23 10:08:00+07:00,10.8,10.8,10.8,10.8,600.0
2023-08-23 10:10:00+07:00,10.8,10.8,10.8,10.8,10600.0
2023-08-23 10:11:00+07:00,10.8,10.8,10.8,10.8,1600.0
2023-08-23 10:12:00+07:00,10.8,10.8,10.8,10.8,500.0
2023-08-23 10:13:00+07:00,10.8,10.8,10.8,10.8,400.0
2023-08-23 10:14:00+07:00,10.8,10.8,10.8,10.8,2400.0
2023-08-23 10:15:00+07:00,10.8,10.8,10.8,10.8,31400.0
2023-08-23 10:17:00+07:00,10.8,10.9,10.8,10.9,4800.0
2023-08-23 10:20:00+07:00,10.8,10.8,10.8,10.8,2200.0
2023-08-23 10:22:00+07:00,10.8,10.8,10.8,10.8,4000.0
2023-08-23 10:23:00+07:00,10.8,10.9,10.8,10.9,7200.0
2023-08-23 10:24:00+07:00,10.9,10.9,10.9,10.9,1400.0
2023-08-23 10:25:00+07:00,10.9,10.9,10.8,10.8,12200.0
2023-08-23 10:28:00+07:00,10.8,10.8,10.8,10.8,1800.0
2023-08-23 10:29:00+07:00,10.8,10.8,10.8,10.8,2300.0
2023-08-23 10:30:00+07:00,10.8,10.8,10.8,10.8,800.0
2023-08-23 10:31:00+07:00,10.8,10.8,10.8,10.8,2000.0
2023-08-23 10:32:00+07:00,10.8,10.9,10.8,10.9,18700.0
2023-08-23 10:33:00+07:00,10.9,10.9,10.9,10.9,15000.0
2023-08-23 10:34:00+07:00,10.9,10.9,10.9,10.9,20100.0
2023-08-23 10:35:00+07:00,10.8,10.9,10.8,10.9,4900.0
2023-08-23 10:36:00+07:00,10.9,10.9,10.9,10.9,5000.0
2023-08-23 10:37:00+07:00,10.9,10.9,10.8,10.8,5200.0
2023-08-23 10:39:00+07:00,10.8,10.8,10.8,10.8,100.0
2023-08-23 10:40:00+07:00,10.8,10.8,10.8,10.8,4000.0
2023-08-23 10:41:00+07:00,10.8,10.8,10.8,10.8,1200.0
2023-08-23 10:42:00+07:00,10.8,10.8,10.8,10.8,10100.0
2023-08-23 10:43:00+07:00,10.9,10.9,10.9,10.9,21500.0
2023-08-23 10:45:00+07:00,10.8,10.8,10.8,10.8,469300.0
2023-08-23 10:46:00+07:00,10.8,10.8,10.8,10.8,500.0
2023-08-23 10:47:00+07:00,10.8,10.8,10.8,10.8,2100.0
2023-08-23 10:48:00+07:00,10.8,10.8,10.8,10.8,1100.0
2023-08-23 10:49:00+07:00,10.8,10.8,10.8,10.8,30000.0
2023-08-23 10:50:00+07:00,10.7,10.7,10.7,10.7,1000.0
2023-08-23 10:52:00+07:00,10.8,10.8,10.8,10.8,1000.0
2023-08-23 10:53:00+07:00,10.8,10.8,10.8,10.8,100.0
2023-08-23 10:54:00+07:00,10.8,10.8,10.8,10.8,1100.0
2023-08-23 10:55:00+07:00,10.7,10.8,10.7,10.8,200.0
2023-08-23 10:57:00+07:00,10.7,10.8,10.7,10.8,800.0
2023-08-23 10:59:00+07:00,10.8,10.8,10.8,10.8,600.0
2023-08-23 11:00:00+07:00,10.8,10.9,10.8,10.9,787700.0
2023-08-23 11:01:00+07:00,10.9,10.9,10.9,10.9,600.0
2023-08-23 11:02:00+07:00,10.9,10.9,10.9,10.9,400.0
2023-08-23 11:07:00+07:00,10.9,10.9,10.9,10.9,3800.0
2023-08-23 11:09:00+07:00,10.9,10.9,10.9,10.9,700.0
2023-08-23 11:10:00+07:00,10.9,10.9,10.9,10.9,1000.0
2023-08-23 11:15:00+07:00,10.9,10.9,10.9,10.9,1000.0
2023-08-23 11:17:00+07:00,10.9,10.9,10.9,10.9,5400.0
2023-08-23 11:19:00+07:00,10.9,10.9,10.9,10.9,100.0
2023-08-23 11:21:00+07:00,10.8,10.8,10.8,10.8,12300.0
2023-08-23 11:25:00+07:00,10.8,10.8,10.8,10.8,1100.0
2023-08-23 11:26:00+07:00,10.8,10.8,10.8,10.8,1000.0
2023-08-23 11:27:00+07:00,10.8,10.8,10.8,10.8,5000.0
2023-08-23 11:35:00+07:00,10.8,10.8,10.8,10.8,14300.0
2023-08-23 11:37:00+07:00,10.8,10.8,10.8,10.8,100.0
2023-08-23 11:39:00+07:00,10.9,10.9,10.9,10.9,200.0
2023-08-23 11:40:00+07:00,10.9,10.9,10.9,10.9,1000.0
2023-08-23 11:42:00+07:00,10.8,10.8,10.8,10.8,2500.0
2023-08-23 11:43:00+07:00,10.8,10.8,10.8,10.8,1500.0
2023-08-23 11:44:00+07:00,10.8,10.8,10.8,10.8,200.0
2023-08-23 11:45:00+07:00,10.8,10.8,10.8,10.8,6900.0
2023-08-23 11:47:00+07:00,10.8,10.8,10.8,10.8,500.0
2023-08-23 11:52:00+07:00,10.8,10.8,10.8,10.8,1600.0
2023-08-23 11:53:00+07:00,10.8,10.8,10.8,10.8,101100.0
2023-08-23 11:55:00+07:00,10.8,10.8,10.8,10.8,1100.0
2023-08-23 11:56:00+07:00,10.8,10.8,10.8,10.8,22700.0
2023-08-23 11:57:00+07:00,10.8,10.8,10.8,10.8,300.0
2023-08-23 11:58:00+07:00,10.8,10.8,10.8,10.8,300.0
2023-08-23 11:59:00+07:00,10.8,10.8,10.8,10.8,100.0
2023-08-23 12:00:00+07:00,10.8,10.8,10.8,10.8,1500.0
2023-08-23 12:01:00+07:00,10.9,10.9,10.8,10.8,3000.0
2023-08-23 12:02:00+07:00,10.9,10.9,10.9,10.9,1500.0
2023-08-23 12:03:00+07:00,10.8,10.8,10.8,10.8,1900.0
2023-08-23 12:04:00+07:00,10.8,10.9,10.8,10.9,1900.0
2023-08-23 12:06:00+07:00,10.8,10.8,10.8,10.8,3800.0
2023-08-23 12:07:00+07:00,10.8,10.8,10.8,10.8,6000.0
2023-08-23 12:08:00+07:00,10.8,10.8,10.8,10.8,1700.0
2023-08-23 12:10:00+07:00,10.8,10.8,10.8,10.8,6600.0
2023-08-23 12:16:00+07:00,10.8,10.8,10.8,10.8,2000.0
2023-08-23 12:17:00+07:00,10.8,10.8,10.8,10.8,35100.0
2023-08-23 12:18:00+07:00,10.9,10.9,10.9,10.9,100.0
2023-08-23 12:25:00+07:00,10.9,10.9,10.9,10.9,400.0
2023-08-23 12:27:00+07:00,10.9,10.9,10.9,10.9,100.0
2023-08-23 14:27:00+07:00,10.9,10.9,10.8,10.8,23000.0
2023-08-23 14:28:00+07:00,10.8,10.8,10.8,10.8,12300.0
2023-08-23 14:29:00+07:00,10.8,10.8,10.8,10.8,10800.0
2023-08-23 14:31:00+07:00,10.8,10.8,10.8,10.8,8100.0
2023-08-23 14:32:00+07:00,10.8,10.8,10.8,10.8,1000.0
2023-08-23 14:33:00+07:00,10.8,10.8,10.8,10.8,12800.0
2023-08-23 14:35:00+07:00,10.8,10.8,10.8,10.8,790500.0
2023-08-23 14:36:00+07:00,10.8,10.8,10.8,10.8,10000.0
2023-08-23 14:37:00+07:00,10.8,10.8,10.8,10.8,145700.0
2023-08-23 14:38:00+07:00,10.8,10.8,10.7,10.7,127700.0
2023-08-23 14:40:00+07:00,10.8,10.8,10.7,10.8,446500.0
2023-08-23 14:41:00+07:00,10.8,10.8,10.8,10.8,10000.0
2023-08-23 14:44:00+07:00,10.9,10.9,10.9,10.9,200.0
2023-08-23 14:45:00+07:00,10.8,10.9,10.8,10.8,4100.0
2023-08-23 14:51:00+07:00,10.9,10.9,10.9,10.9,9900.0
2023-08-23 14:52:00+07:00,10.9,10.9,10.9,10.9,1800.0
2023-08-23 14:54:00+07:00,10.9,10.9,10.9,10.9,500.0
2023-08-23 14:57:00+07:00,10.9,10.9,10.9,10.9,1000.0
2023-08-23 14:59:00+07:00,10.8,10.8,10.8,10.8,100.0
2023-08-23 15:01:00+07:00,10.8,10.8,10.8,10.8,600.0
2023-08-23 15:04:00+07:00,10.8,10.8,10.8,10.8,1100.0
2023-08-23 15:05:00+07:00,10.9,10.9,10.8,10.8,1100.0
2023-08-23 15:08:00+07:00,10.8,10.8,10.8,10.8,100.0
2023-08-23 15:10:00+07:00,10.8,10.8,10.8,10.8,4000.0
2023-08-23 15:14:00+07:00,10.8,10.8,10.8,10.8,5000.0
2023-08-23 15:15:00+07:00,10.8,10.8,10.8,10.8,400.0
2023-08-23 15:16:00+07:00,10.8,10.8,10.8,10.8,1700.0
2023-08-23 15:18:00+07:00,10.9,10.9,10.9,10.9,100.0
2023-08-23 15:27:00+07:00,10.9,10.9,10.8,10.9,1500000.0
2023-08-23 15:28:00+07:00,10.9,10.9,10.8,10.8,89800.0
2023-08-23 15:30:00+07:00,10.9,10.9,10.8,10.8,10000.0
2023-08-23 15:32:00+07:00,10.8,10.8,10.8,10.8,700.0
2023-08-23 15:33:00+07:00,10.9,10.9,10.9,10.9,10500.0
2023-08-23 15:34:00+07:00,10.9,10.9,10.9,10.9,730500.0
2023-08-23 15:35:00+07:00,10.9,11.0,10.9,10.9,262800.0
2023-08-23 15:37:00+07:00,11.0,11.0,10.9,11.0,123300.0
2023-08-23 15:38:00+07:00,10.9,11.0,10.9,11.0,1300.0
2023-08-23 15:39:00+07:00,11.0,11.0,11.0,11.0,300.0
2023-08-23 15:40:00+07:00,10.9,10.9,10.9,10.9,268700.0
2023-08-23 15:41:00+07:00,10.9,10.9,10.9,10.9,2000.0
2023-08-23 15:42:00+07:00,10.9,10.9,10.9,10.9,900.0
2023-08-23 15:43:00+07:00,10.9,10.9,10.9,10.9,20000.0
2023-08-23 15:44:00+07:00,10.9,10.9,10.9,10.9,6300.0
2023-08-23 15:45:00+07:00,10.9,10.9,10.9,10.9,100.0
2023-08-23 15:46:00+07:00,10.9,10.9,10.9,10.9,1000.0
2023-08-23 15:47:00+07:00,10.9,10.9,10.9,10.9,10500.0
2023-08-23 15:48:00+07:00,10.9,10.9,10.9,10.9,2200.0
2023-08-23 15:49:00+07:00,10.9,10.9,10.9,10.9,600.0
2023-08-23 15:50:00+07:00,10.9,10.9,10.9,10.9,1500.0
2023-08-23 15:51:00+07:00,10.9,10.9,10.9,10.9,1000.0
2023-08-23 15:53:00+07:00,10.9,10.9,10.9,10.9,58500.0
2023-08-23 15:54:00+07:00,10.9,10.9,10.9,10.9,700.0
2023-08-23 15:55:00+07:00,10.9,10.9,10.9,10.9,2800.0
2023-08-23 15:56:00+07:00,10.9,10.9,10.9,10.9,4700.0
2023-08-23 15:57:00+07:00,10.9,10.9,10.9,10.9,8700.0
2023-08-23 15:58:00+07:00,10.8,10.9,10.8,10.9,17900.0
2023-08-23 15:59:00+07:00,10.9,10.9,10.9,10.9,100.0
2023-08-23 16:00:00+07:00,10.9,10.9,10.8,10.9,10000.0
2023-08-23 16:01:00+07:00,10.9,10.9,10.9,10.9,400.0
2023-08-23 16:02:00+07:00,10.9,10.9,10.9,10.9,12400.0
2023-08-23 16:03:00+07:00,10.8,10.9,10.8,10.9,8200.0
2023-08-23 16:05:00+07:00,10.9,10.9,10.9,10.9,6500.0
2023-08-23 16:06:00+07:00,10.9,10.9,10.9,10.9,1700.0
2023-08-23 16:07:00+07:00,10.8,10.9,10.8,10.9,175000.0
2023-08-23 16:08:00+07:00,10.9,10.9,10.9,10.9,200.0
2023-08-23 16:09:00+07:00,10.9,10.9,10.9,10.9,105100.0
2023-08-23 16:10:00+07:00,10.9,10.9,10.9,10.9,7000.0
2023-08-23 16:13:00+07:00,10.9,10.9,10.9,10.9,5000.0
2023-08-23 16:16:00+07:00,10.9,10.9,10.9,10.9,15200.0
2023-08-23 16:17:00+07:00,10.9,10.9,10.9,10.9,200.0
2023-08-23 16:19:00+07:00,10.9,10.9,10.9,10.9,500.0
2023-08-23 16:20:00+07:00,10.9,10.9,10.9,10.9,700.0
2023-08-23 16:23:00+07:00,10.9,10.9,10.9,10.9,22000.0
2023-08-23 16:24:00+07:00,10.9,10.9,10.9,10.9,5100.0
2023-08-23 16:25:00+07:00,10.8,10.8,10.8,10.8,14400.0
2023-08-23 16:26:00+07:00,10.9,10.9,10.9,10.9,500.0
2023-08-23 16:27:00+07:00,10.8,10.9,10.8,10.8,509300.0
2023-08-23 16:28:00+07:00,10.9,10.9,10.8,10.8,31600.0
2023-08-23 16:29:00+07:00,10.8,10.9,10.8,10.8,12000.0
2023-08-23 16:39:00+07:00,10.9,10.9,10.9,10.9,1358800.0
2023-08-24 09:56:00+07:00,10.9,10.9,10.9,10.9,296500.0
2023-08-24 09:57:00+07:00,10.9,10.9,10.9,10.9,200.0
2023-08-24 09:58:00+07:00,10.9,10.9,10.8,10.8,31500.0
2023-08-24 09:59:00+07:00,10.8,10.8,10.8,10.8,37000.0
2023-08-24 10:00:00+07:00,10.8,10.8,10.8,10.8,1700.0
2023-08-24 10:01:00+07:00,10.9,10.9,10.9,10.9,200.0
2023-08-24 10:02:00+07:00,10.8,10.8,10.8,10.8,5000.0
2023-08-24 10:03:00+07:00,10.8,10.8,10.8,10.8,1000.0
2023-08-24 10:05:00+07:00,10.8,10.8,10.8,10.8,600.0
2023-08-24 10:07:00+07:00,10.8,10.8,10.8,10.8,5000.0
2023-08-24 10:10:00+07:00,10.9,10.9,10.9,10.9,300.0
2023-08-24 10:11:00+07:00,10.9,10.9,10.9,10.9,2000.0
2023-08-24 10:12:00+07:00,10.9,10.9,10.9,10.9,1500.0
2023-08-24 10:13:00+07:00,10.9,10.9,10.9,10.9,20600.0
2023-08-24 10:14:00+07:00,10.9,10.9,10.9,10.9,50500.0
2023-08-24 10:15:00+07:00,10.9,10.9,10.9,10.9,51900.0
2023-08-24 10:16:00+07:00,10.9,10.9,10.9,10.9,19200.0
2023-08-24 10:17:00+07:00,10.9,10.9,10.8,10.8,5900.0
2023-08-24 10:19:00+07:00,10.9,10.9,10.9,10.9,1200.0
2023-08-24 10:20:00+07:00,10.8,10.8,10.8,10.8,5000.0
2023-08-24 10:21:00+07:00,10.9,10.9,10.9,10.9,61000.0
2023-08-24 10:22:00+07:00,10.8,10.8,10.8,10.8,4200.0
2023-08-24 10:24:00+07:00,10.8,10.9,10.8,10.9,6600.0
2023-08-24 10:25:00+07:00,10.8,10.9,10.8,10.8,15000.0
2023-08-24 10:26:00+07:00,10.9,10.9,10.9,10.9,100.0
2023-08-24 10:27:00+07:00,10.8,10.9,10.8,10.9,32000.0
2023-08-24 10:28:00+07:00,10.9,10.9,10.9,10.9,3300.0
2023-08-24 10:29:00+07:00,10.8,10.9,10.8,10.9,5200.0
2023-08-24 10:30:00+07:00,10.9,10.9,10.9,10.9,32100.0
2023-08-24 10:31:00+07:00,10.9,11.0,10.9,11.0,608500.0
2023-08-24 10:32:00+07:00,11.0,11.0,11.0,11.0,300.0
2023-08-24 10:33:00+07:00,10.9,11.0,10.9,11.0,4300.0
2023-08-24 10:34:00+07:00,11.0,11.0,10.9,11.0,53100.0
2023-08-24 10:35:00+07:00,11.0,11.0,11.0,11.0,1000.0
2023-08-24 10:36:00+07:00,11.0,11.0,11.0,11.0,5300.0
2023-08-24 10:37:00+07:00,11.0,11.0,11.0,11.0,53100.0
2023-08-24 10:38:00+07:00,11.0,11.0,11.0,11.0,17600.0
2023-08-24 10:39:00+07:00,11.0,11.0,11.0,11.0,46800.0
2023-08-24 10:40:00+07:00,11.0,11.0,11.0,11.0,32000.0
2023-08-24 10:41:00+07:00,11.0,11.0,11.0,11.0,2000.0
2023-08-24 10:42:00+07:00,11.0,11.0,11.0,11.0,25600.0
2023-08-24 10:43:00+07:00,11.0,11.0,11.0,11.0,50100.0
2023-08-24 10:44:00+07:00,11.0,11.0,11.0,11.0,6500.0
2023-08-24 10:45:00+07:00,11.0,11.0,11.0,11.0,2300.0
2023-08-24 10:48:00+07:00,11.0,11.0,10.9,10.9,2100.0
2023-08-24 10:49:00+07:00,10.9,10.9,10.9,10.9,2200.0
2023-08-24 10:53:00+07:00,11.0,11.0,10.9,11.0,1225100.0
2023-08-24 10:54:00+07:00,11.1,11.1,11.1,11.1,5200.0
2023-08-24 10:55:00+07:00,11.1,11.1,11.0,11.0,85000.0
2023-08-24 10:56:00+07:00,11.1,11.1,11.0,11.1,425100.0
2023-08-24 10:57:00+07:00,11.1,11.1,11.1,11.1,13700.0
2023-08-24 10:58:00+07:00,11.1,11.1,11.1,11.1,500.0
2023-08-24 10:59:00+07:00,11.1,11.1,11.0,11.0,6100.0
2023-08-24 11:00:00+07:00,11.1,11.1,11.1,11.1,6300.0
2023-08-24 11:01:00+07:00,11.0,11.1,11.0,11.1,63300.0
2023-08-24 11:02:00+07:00,11.1,11.1,11.1,11.1,5500.0
2023-08-24 11:03:00+07:00,11.1,11.1,11.1,11.1,200.0
2023-08-24 11:04:00+07:00,11.1,11.1,11.1,11.1,5000.0
2023-08-24 11:05:00+07:00,11.1,11.1,11.1,11.1,500.0
2023-08-24 11:06:00+07:00,11.1,11.1,11.1,11.1,200.0
2023-08-24 11:08:00+07:00,11.0,11.0,11.0,11.0,100.0
2023-08-24 11:10:00+07:00,11.0,11.0,11.0,11.0,2000.0
2023-08-24 11:11:00+07:00,11.0,11.0,11.0,11.0,3100.0
2023-08-24 11:12:00+07:00,11.0,11.0,11.0,11.0,10600.0
2023-08-24 11:13:00+07:00,11.0,11.0,11.0,11.0,100.0
2023-08-24 11:15:00+07:00,11.0,11.0,11.0,11.0,11500.0
2023-08-24 11:17:00+07:00,11.1,11.1,11.1,11.1,2000.0
2023-08-24 11:18:00+07:00,11.1,11.1,11.1,11.1,500.0
2023-08-24 11:19:00+07:00,11.0,11.0,11.0,11.0,1479400.0
2023-08-24 11:20:00+07:00,11.0,11.0,11.0,11.0,817400.0
2023-08-24 11:21:00+07:00,11.0,11.0,11.0,11.0,100.0
2023-08-24 11:22:00+07:00,11.0,11.0,11.0,11.0,6600.0
2023-08-24 11:23:00+07:00,11.0,11.0,11.0,11.0,3200.0
2023-08-24 11:24:00+07:00,11.0,11.0,11.0,11.0,22000.0
2023-08-24 11:25:00+07:00,11.0,11.0,11.0,11.0,2000.0
2023-08-24 11:27:00+07:00,11.1,11.1,11.1,11.1,300.0
2023-08-24 11:32:00+07:00,11.0,11.0,11.0,11.0,3200.0
2023-08-24 11:33:00+07:00,11.0,11.0,11.0,11.0,1000.0
2023-08-24 11:34:00+07:00,11.0,11.0,11.0,11.0,200.0
2023-08-24 11:38:00+07:00,11.1,11.1,11.0,11.0,1800.0
2023-08-24 11:39:00+07:00,11.0,11.0,11.0,11.0,101300.0
2023-08-24 11:40:00+07:00,11.0,11.0,11.0,11.0,61000.0
2023-08-24 11:41:00+07:00,11.0,11.0,11.0,11.0,200000.0
2023-08-24 11:42:00+07:00,11.0,11.0,11.0,11.0,216300.0
2023-08-24 11:43:00+07:00,11.0,11.0,11.0,11.0,387200.0
2023-08-24 11:44:00+07:00,11.0,11.0,11.0,11.0,100.0
2023-08-24 11:46:00+07:00,11.1,11.1,11.0,11.0,300.0
2023-08-24 11:47:00+07:00,11.0,11.0,11.0,11.0,15300.0
2023-08-24 11:49:00+07:00,11.0,11.0,11.0,11.0,7600.0
2023-08-24 11:50:00+07:00,11.0,11.0,11.0,11.0,100.0
2023-08-24 11:51:00+07:00,11.0,11.0,11.0,11.0,300.0
2023-08-24 11:55:00+07:00,11.0,11.0,11.0,11.0,12000.0
2023-08-24 11:56:00+07:00,11.0,11.0,11.0,11.0,6400.0
2023-08-24 11:57:00+07:00,11.0,11.0,11.0,11.0,2600.0
2023-08-24 11:58:00+07:00,11.1,11.1,11.1,11.1,8900.0
2023-08-24 12:00:00+07:00,11.0,11.0,11.0,11.0,20100.0
2023-08-24 12:01:00+07:00,11.0,11.0,11.0,11.0,100.0
2023-08-24 12:02:00+07:00,11.0,11.0,11.0,11.0,55000.0
2023-08-24 12:03:00+07:00,11.1,11.1,11.1,11.1,500.0
2023-08-24 12:04:00+07:00,11.0,11.0,11.0,11.0,2500.0
2023-08-24 12:05:00+07:00,11.0,11.0,11.0,11.0,60200.0
2023-08-24 12:06:00+07:00,11.0,11.0,11.0,11.0,20000.0
2023-08-24 12:07:00+07:00,11.0,11.0,11.0,11.0,500.0
2023-08-24 12:08:00+07:00,11.0,11.0,11.0,11.0,1000.0
2023-08-24 12:10:00+07:00,11.0,11.0,11.0,11.0,4000.0
2023-08-24 12:11:00+07:00,11.0,11.0,11.0,11.0,5200.0
2023-08-24 12:12:00+07:00,11.0,11.0,11.0,11.0,300.0
2023-08-24 12:13:00+07:00,11.0,11.0,11.0,11.0,1500.0
2023-08-24 12:14:00+07:00,11.0,11.0,11.0,11.0,100.0
2023-08-24 12:15:00+07:00,11.0,11.0,11.0,11.0,49000.0
2023-08-24 12:16:00+07:00,11.0,11.0,11.0,11.0,15100.0
2023-08-24 12:17:00+07:00,11.0,11.0,11.0,11.0,262200.0
2023-08-24 12:18:00+07:00,11.0,11.0,11.0,11.0,12200.0
2023-08-24 12:19:00+07:00,11.0,11.0,11.0,11.0,59000.0
2023-08-24 12:20:00+07:00,11.0,11.0,11.0,11.0,3500.0
2023-08-24 12:21:00+07:00,11.0,11.0,11.0,11.0,500.0
2023-08-24 12:22:00+07:00,11.0,11.0,11.0,11.0,600.0
2023-08-24 12:23:00+07:00,11.0,11.0,11.0,11.0,3600.0
2023-08-24 12:24:00+07:00,11.0,11.0,11.0,11.0,3000.0
2023-08-24 12:25:00+07:00,11.0,11.0,11.0,11.0,22000.0
2023-08-24 12:26:00+07:00,11.0,11.0,11.0,11.0,11400.0
2023-08-24 12:27:00+07:00,11.0,11.0,11.0,11.0,5000.0
2023-08-24 12:29:00+07:00,11.0,11.1,11.0,11.1,4400.0
2023-08-24 14:26:00+07:00,11.1,11.1,11.0,11.0,52500.0
2023-08-24 14:30:00+07:00,11.1,11.1,11.0,11.0,300.0
2023-08-24 14:31:00+07:00,11.1,11.1,11.0,11.0,400.0
2023-08-24 14:33:00+07:00,11.0,11.0,11.0,11.0,12100.0
2023-08-24 14:36:00+07:00,11.0,11.0,11.0,11.0,300.0
2023-08-24 14:39:00+07:00,11.0,11.0,11.0,11.0,100.0
2023-08-24 14:41:00+07:00,11.0,11.0,11.0,11.0,30000.0
2023-08-24 14:42:00+07:00,11.0,11.0,11.0,11.0,4000.0
2023-08-24 14:45:00+07:00,11.1,11.1,11.1,11.1,5200.0
2023-08-24 14:46:00+07:00,11.0,11.0,11.0,11.0,3000.0
2023-08-24 14:48:00+07:00,11.0,11.0,11.0,11.0,10000.0
2023-08-24 14:51:00+07:00,11.0,11.0,11.0,11.0,80000.0
2023-08-24 14:53:00+07:00,11.0,11.1,11.0,11.1,39800.0
2023-08-24 14:55:00+07:00,11.0,11.0,11.0,11.0,11000.0
2023-08-24 14:57:00+07:00,11.0,11.0,11.0,11.0,3700.0
2023-08-24 14:58:00+07:00,11.0,11.0,11.0,11.0,1500.0
2023-08-24 14:59:00+07:00,11.0,11.0,11.0,11.0,5000.0
2023-08-24 15:00:00+07:00,11.0,11.0,11.0,11.0,1500.0
2023-08-24 15:01:00+07:00,11.0,11.0,11.0,11.0,7800.0
2023-08-24 15:02:00+07:00,11.0,11.0,11.0,11.0,859100.0
2023-08-24 15:04:00+07:00,11.0,11.0,11.0,11.0,100.0
2023-08-24 15:05:00+07:00,10.9,11.0,10.9,11.0,2700.0
2023-08-24 15:06:00+07:00,11.0,11.0,10.9,11.0,2700.0
2023-08-24 15:07:00+07:00,10.9,11.0,10.9,11.0,400.0
2023-08-24 15:08:00+07:00,11.0,11.0,10.9,10.9,4200.0
2023-08-24 15:09:00+07:00,11.0,11.0,11.0,11.0,100.0
2023-08-24 15:10:00+07:00,11.0,11.0,11.0,11.0,10200.0
2023-08-24 15:11:00+07:00,11.0,11.0,11.0,11.0,100.0
2023-08-24 15:12:00+07:00,11.0,11.0,10.9,11.0,2500.0
2023-08-24 15:14:00+07:00,11.0,11.0,11.0,11.0,100.0
2023-08-24 15:15:00+07:00,11.0,11.0,10.9,11.0,3500.0
2023-08-24 15:16:00+07:00,11.0,11.0,10.9,11.0,3100.0
2023-08-24 15:18:00+07:00,11.0,11.0,11.0,11.0,100.0
2023-08-24 15:19:00+07:00,11.0,11.0,10.9,10.9,4400.0
2023-08-24 15:20:00+07:00,11.0,11.0,10.9,10.9,2600.0
2023-08-24 15:21:00+07:00,11.0,11.0,11.0,11.0,200.0
2023-08-24 15:22:00+07:00,11.0,11.0,11.0,11.0,100.0
2023-08-24 15:24:00+07:00,10.9,10.9,10.9,10.9,2200.0
2023-08-24 15:25:00+07:00,11.0,11.0,10.9,11.0,2900.0
2023-08-24 15:26:00+07:00,11.0,11.0,11.0,11.0,100.0
2023-08-24 15:27:00+07:00,11.0,11.0,11.0,11.0,1200.0
2023-08-24 15:28:00+07:00,10.9,11.0,10.9,11.0,2100.0
2023-08-24 15:29:00+07:00,11.0,11.0,10.9,10.9,100600.0
2023-08-24 15:30:00+07:00,10.9,11.0,10.9,11.0,1700.0
2023-08-24 15:31:00+07:00,11.0,11.0,10.9,11.0,1800.0
2023-08-24 15:32:00+07:00,11.0,11.0,11.0,11.0,500.0
2023-08-24 15:33:00+07:00,10.9,10.9,10.9,10.9,2200.0
2023-08-24 15:34:00+07:00,10.9,10.9,10.9,10.9,3500.0
2023-08-24 15:35:00+07:00,10.9,10.9,10.9,10.9,55000.0
2023-08-24 15:36:00+07:00,10.9,10.9,10.9,10.9,2300.0
2023-08-24 15:37:00+07:00,10.9,10.9,10.9,10.9,1000.0
2023-08-24 15:39:00+07:00,10.9,10.9,10.9,10.9,2000.0
2023-08-24 15:40:00+07:00,11.0,11.0,11.0,11.0,1500.0
2023-08-24 15:42:00+07:00,10.9,11.0,10.9,10.9,3100.0
2023-08-24 15:43:00+07:00,10.9,10.9,10.9,10.9,1900.0
2023-08-24 15:45:00+07:00,10.9,10.9,10.9,10.9,800.0
2023-08-24 15:46:00+07:00,10.9,10.9,10.9,10.9,2100.0
2023-08-24 15:47:00+07:00,10.9,10.9,10.9,10.9,7900.0
2023-08-24 15:49:00+07:00,10.9,10.9,10.9,10.9,22800.0
2023-08-24 15:50:00+07:00,10.9,11.0,10.9,11.0,100100.0
2023-08-24 15:51:00+07:00,10.9,10.9,10.9,10.9,15100.0
2023-08-24 15:53:00+07:00,10.9,10.9,10.9,10.9,1600.0
2023-08-24 15:54:00+07:00,10.9,10.9,10.9,10.9,42100.0
2023-08-24 15:55:00+07:00,10.9,10.9,10.9,10.9,500.0
2023-08-24 15:56:00+07:00,10.9,10.9,10.9,10.9,2300.0
2023-08-24 15:57:00+07:00,10.9,10.9,10.9,10.9,200.0
2023-08-24 15:58:00+07:00,11.0,11.0,10.9,10.9,9600.0
2023-08-24 16:00:00+07:00,10.9,10.9,10.9,10.9,2600.0
2023-08-24 16:03:00+07:00,11.0,11.0,10.9,10.9,14300.0
2023-08-24 16:05:00+07:00,10.9,10.9,10.9,10.9,1000.0
2023-08-24 16:07:00+07:00,10.9,10.9,10.9,10.9,4500.0
2023-08-24 16:09:00+07:00,10.9,10.9,10.9,10.9,2600.0
2023-08-24 16:11:00+07:00,11.0,11.0,10.9,10.9,17500.0
2023-08-24 16:12:00+07:00,10.9,10.9,10.9,10.9,2500.0
2023-08-24 16:13:00+07:00,10.9,10.9,10.9,10.9,1900.0
2023-08-24 16:14:00+07:00,10.9,10.9,10.9,10.9,2000.0
2023-08-24 16:15:00+07:00,10.9,11.0,10.9,10.9,3500.0
2023-08-24 16:16:00+07:00,10.9,10.9,10.9,10.9,10500.0
2023-08-24 16:17:00+07:00,10.9,10.9,10.9,10.9,13800.0
2023-08-24 16:19:00+07:00,10.9,10.9,10.9,10.9,44600.0
2023-08-24 16:20:00+07:00,10.9,10.9,10.9,10.9,1700.0
2023-08-24 16:21:00+07:00,10.9,11.0,10.9,11.0,4200.0
2023-08-24 16:22:00+07:00,10.9,10.9,10.9,10.9,1500.0
2023-08-24 16:23:00+07:00,10.9,11.0,10.9,11.0,4700.0
2023-08-24 16:25:00+07:00,10.9,10.9,10.9,10.9,5400.0
2023-08-24 16:26:00+07:00,10.9,10.9,10.9,10.9,400.0
2023-08-24 16:27:00+07:00,10.9,10.9,10.9,10.9,2700.0
2023-08-24 16:28:00+07:00,11.0,11.0,11.0,11.0,100.0
2023-08-24 16:29:00+07:00,10.9,10.9,10.9,10.9,5700.0
2023-08-24 16:39:00+07:00,10.9,10.9,10.9,10.9,1805000.0
2023-08-25 09:55:00+07:00,10.9,10.9,10.9,10.9,230900.0
2023-08-25 09:57:00+07:00,10.9,10.9,10.9,10.9,100.0
2023-08-25 09:58:00+07:00,10.9,10.9,10.9,10.9,2000.0
2023-08-25 09:59:00+07:00,10.9,10.9,10.9,10.9,21600.0
2023-08-25 10:00:00+07:00,10.9,10.9,10.8,10.8,44400.0
2023-08-25 10:01:00+07:00,10.9,10.9,10.8,10.8,34300.0
2023-08-25 10:02:00+07:00,10.9,10.9,10.9,10.9,5300.0
2023-08-25 10:03:00+07:00,10.9,10.9,10.9,10.9,57000.0
2023-08-25 10:05:00+07:00,10.9,10.9,10.9,10.9,100.0
2023-08-25 10:06:00+07:00,10.8,10.8,10.8,10.8,7300.0
2023-08-25 10:07:00+07:00,10.8,10.8,10.8,10.8,700.0
2023-08-25 10:08:00+07:00,10.8,10.8,10.8,10.8,700.0
2023-08-25 10:09:00+07:00,10.8,10.8,10.8,10.8,5200.0
2023-08-25 10:10:00+07:00,10.8,10.9,10.8,10.9,10700.0
2023-08-25 10:11:00+07:00,10.9,10.9,10.8,10.8,2400.0
2023-08-25 10:12:00+07:00,10.8,10.8,10.8,10.8,500.0
2023-08-25 10:13:00+07:00,10.9,10.9,10.9,10.9,2000.0
2023-08-25 10:14:00+07:00,10.9,10.9,10.9,10.9,100.0
2023-08-25 10:15:00+07:00,10.9,10.9,10.9,10.9,400.0
2023-08-25 10:16:00+07:00,10.9,10.9,10.9,10.9,1100.0
2023-08-25 10:17:00+07:00,10.9,10.9,10.9,10.9,5200.0
2023-08-25 10:18:00+07:00,10.9,10.9,10.8,10.8,30200.0
2023-08-25 10:20:00+07:00,10.9,10.9,10.9,10.9,500.0
2023-08-25 10:21:00+07:00,10.9,10.9,10.9,10.9,2800.0
2023-08-25 10:22:00+07:00,10.9,10.9,10.9,10.9,1000.0
2023-08-25 10:24:00+07:00,10.9,10.9,10.9,10.9,1300.0
2023-08-25 10:25:00+07:00,10.9,10.9,10.9,10.9,200.0
2023-08-25 10:26:00+07:00,10.9,10.9,10.9,10.9,3600.0
2023-08-25 10:28:00+07:00,10.9,10.9,10.9,10.9,915600.0
2023-08-25 10:29:00+07:00,10.9,10.9,10.9,10.9,46000.0
2023-08-25 10:30:00+07:00,10.9,10.9,10.9,10.9,12300.0
2023-08-25 10:31:00+07:00,10.9,10.9,10.9,10.9,89100.0
2023-08-25 10:32:00+07:00,10.9,10.9,10.9,10.9,285800.0
2023-08-25 10:34:00+07:00,10.9,10.9,10.9,10.9,335500.0
2023-08-25 10:35:00+07:00,10.9,10.9,10.9,10.9,4200.0
2023-08-25 10:36:00+07:00,10.9,10.9,10.9,10.9,200.0
2023-08-25 10:37:00+07:00,10.9,10.9,10.9,10.9,1400.0
2023-08-25 10:38:00+07:00,10.9,10.9,10.9,10.9,300.0
2023-08-25 10:39:00+07:00,10.9,10.9,10.9,10.9,300.0
2023-08-25 10:40:00+07:00,10.9,10.9,10.9,10.9,20600.0
2023-08-25 10:41:00+07:00,10.9,10.9,10.9,10.9,50300.0
2023-08-25 10:42:00+07:00,10.9,10.9,10.8,10.9,900.0
2023-08-25 10:43:00+07:00,10.9,10.9,10.9,10.9,100.0
2023-08-25 10:48:00+07:00,10.9,10.9,10.9,10.9,700.0
2023-08-25 10:49:00+07:00,10.9,10.9,10.9,10.9,100100.0
2023-08-25 10:50:00+07:00,10.9,10.9,10.8,10.8,32100.0
2023-08-25 10:51:00+07:00,10.9,10.9,10.9,10.9,101100.0
2023-08-25 10:52:00+07:00,10.9,10.9,10.9,10.9,5000.0
2023-08-25 10:53:00+07:00,10.9,10.9,10.9,10.9,100.0
2023-08-25 10:55:00+07:00,10.9,10.9,10.9,10.9,32600.0
2023-08-25 10:56:00+07:00,10.9,10.9,10.9,10.9,1800.0
2023-08-25 10:57:00+07:00,10.9,10.9,10.9,10.9,1800.0
2023-08-25 10:58:00+07:00,10.9,10.9,10.8,10.9,1500.0
2023-08-25 10:59:00+07:00,10.9,10.9,10.9,10.9,200.0
2023-08-25 11:00:00+07:00,10.9,10.9,10.9,10.9,287700.0
2023-08-25 11:02:00+07:00,10.9,10.9,10.9,10.9,12100.0
2023-08-25 11:03:00+07:00,10.9,10.9,10.9,10.9,700.0
2023-08-25 11:04:00+07:00,10.9,10.9,10.9,10.9,2000.0
2023-08-25 11:05:00+07:00,10.9,10.9,10.9,10.9,1300.0
2023-08-25 11:06:00+07:00,10.9,10.9,10.9,10.9,10600.0
2023-08-25 11:07:00+07:00,10.9,10.9,10.9,10.9,2200.0
2023-08-25 11:08:00+07:00,10.9,10.9,10.9,10.9,200.0
2023-08-25 11:09:00+07:00,10.9,10.9,10.9,10.9,6100.0
2023-08-25 11:10:00+07:00,10.9,10.9,10.9,10.9,100.0
2023-08-25 11:11:00+07:00,10.9,10.9,10.9,10.9,300.0
2023-08-25 11:12:00+07:00,10.9,10.9,10.9,10.9,20500.0
2023-08-25 11:13:00+07:00,10.9,10.9,10.9,10.9,1000.0
2023-08-25 11:14:00+07:00,10.9,10.9,10.8,10.8,200.0
2023-08-25 11:15:00+07:00,10.8,10.9,10.8,10.9,200.0
2023-08-25 11:17:00+07:00,10.9,10.9,10.9,10.9,1100.0
2023-08-25 11:18:00+07:00,10.8,10.9,10.8,10.9,400.0
2023-08-25 11:19:00+07:00,10.9,10.9,10.9,10.9,5900.0
2023-08-25 11:20:00+07:00,10.9,10.9,10.9,10.9,400.0
2023-08-25 11:21:00+07:00,10.9,10.9,10.9,10.9,5300.0
2023-08-25 11:22:00+07:00,10.9,10.9,10.9,10.9,2300.0
2023-08-25 11:23:00+07:00,10.9,10.9,10.9,10.9,2800.0
2023-08-25 11:24:00+07:00,10.9,10.9,10.9,10.9,1100.0
2023-08-25 11:25:00+07:00,10.9,10.9,10.9,10.9,100.0
2023-08-25 11:26:00+07:00,10.9,10.9,10.9,10.9,600.0
2023-08-25 11:27:00+07:00,10.9,10.9,10.9,10.9,200.0
2023-08-25 11:28:00+07:00,10.9,10.9,10.9,10.9,100.0
2023-08-25 11:29:00+07:00,10.9,10.9,10.9,10.9,100.0
2023-08-25 11:30:00+07:00,10.9,10.9,10.9,10.9,4500.0
2023-08-25 11:31:00+07:00,10.9,10.9,10.9,10.9,400.0
2023-08-25 11:32:00+07:00,10.9,10.9,10.9,10.9,400.0
2023-08-25 11:35:00+07:00,10.9,10.9,10.9,10.9,1000.0
2023-08-25 11:36:00+07:00,10.9,10.9,10.9,10.9,50000.0
2023-08-25 11:37:00+07:00,10.9,10.9,10.9,10.9,39000.0
2023-08-25 11:38:00+07:00,10.9,10.9,10.9,10.9,2000.0
2023-08-25 11:42:00+07:00,10.9,10.9,10.9,10.9,300.0
2023-08-25 11:43:00+07:00,10.9,10.9,10.9,10.9,1000.0
2023-08-25 11:49:00+07:00,10.9,10.9,10.9,10.9,20000.0
2023-08-25 11:50:00+07:00,10.9,10.9,10.9,10.9,20000.0
2023-08-25 11:51:00+07:00,10.9,10.9,10.9,10.9,42700.0
2023-08-25 11:52:00+07:00,10.9,10.9,10.9,10.9,28100.0
2023-08-25 11:53:00+07:00,10.9,10.9,10.9,10.9,400.0
2023-08-25 12:00:00+07:00,10.9,10.9,10.9,10.9,3000.0
2023-08-25 12:07:00+07:00,10.9,10.9,10.9,10.9,180200.0
2023-08-25 12:08:00+07:00,10.9,11.0,10.9,11.0,55600.0
2023-08-25 12:09:00+07:00,11.0,11.0,11.0,11.0,3100.0
2023-08-25 12:11:00+07:00,11.0,11.1,11.0,11.1,2122000.0
2023-08-25 12:14:00+07:00,11.0,11.1,11.0,11.1,1100.0
2023-08-25 12:15:00+07:00,11.1,11.1,11.1,11.1,11300.0
2023-08-25 12:17:00+07:00,11.0,11.1,11.0,11.0,33800.0
2023-08-25 12:18:00+07:00,11.0,11.0,11.0,11.0,1700.0
2023-08-25 12:21:00+07:00,11.1,11.1,11.1,11.1,5000.0
2023-08-25 12:23:00+07:00,11.1,11.1,11.1,11.1,6600.0
2023-08-25 12:24:00+07:00,11.0,11.0,11.0,11.0,100.0
2023-08-25 12:26:00+07:00,11.0,11.0,11.0,11.0,11000.0
2023-08-25 12:27:00+07:00,11.1,11.1,11.0,11.0,17500.0
2023-08-25 12:28:00+07:00,11.0,11.1,11.0,11.1,7700.0
2023-08-25 12:29:00+07:00,11.0,11.1,11.0,11.1,21300.0
2023-08-25 14:28:00+07:00,11.0,11.1,11.0,11.1,82000.0
2023-08-25 14:30:00+07:00,11.1,11.1,11.0,11.0,1200.0
2023-08-25 14:31:00+07:00,11.0,11.0,11.0,11.0,100.0
2023-08-25 14:32:00+07:00,11.0,11.0,11.0,11.0,500.0
2023-08-25 14:33:00+07:00,11.0,11.1,11.0,11.1,20100.0
2023-08-25 14:35:00+07:00,11.0,11.0,11.0,11.0,20200.0
2023-08-25 14:36:00+07:00,11.0,11.0,11.0,11.0,40100.0
2023-08-25 14:37:00+07:00,11.0,11.0,11.0,11.0,2100.0
2023-08-25 14:38:00+07:00,11.0,11.0,11.0,11.0,500.0
2023-08-25 14:39:00+07:00,11.0,11.0,11.0,11.0,400.0
2023-08-25 14:40:00+07:00,11.0,11.0,11.0,11.0,100.0
2023-08-25 14:41:00+07:00,11.0,11.0,11.0,11.0,200.0
2023-08-25 14:42:00+07:00,11.0,11.1,11.0,11.1,1200.0
2023-08-25 14:43:00+07:00,11.0,11.0,11.0,11.0,100.0
2023-08-25 14:46:00+07:00,11.1,11.1,11.1,11.1,25300.0
2023-08-25 14:47:00+07:00,11.1,11.1,11.1,11.1,3000.0
2023-08-25 14:48:00+07:00,11.1,11.1,11.1,11.1,700.0
2023-08-25 14:49:00+07:00,11.1,11.1,11.1,11.1,80800.0
2023-08-25 14:50:00+07:00,11.1,11.1,11.1,11.1,3600.0
2023-08-25 14:51:00+07:00,11.1,11.1,11.1,11.1,1100.0
2023-08-25 14:52:00+07:00,11.1,11.1,11.1,11.1,300.0
2023-08-25 14:53:00+07:00,11.1,11.1,11.0,11.0,300.0
2023-08-25 14:54:00+07:00,11.1,11.1,11.1,11.1,900.0
2023-08-25 14:55:00+07:00,11.1,11.1,11.0,11.1,18400.0
2023-08-25 14:56:00+07:00,11.1,11.1,11.1,11.1,13300.0
2023-08-25 14:57:00+07:00,11.1,11.1,11.1,11.1,9500.0
2023-08-25 14:58:00+07:00,11.1,11.1,11.1,11.1,8900.0
2023-08-25 14:59:00+07:00,11.1,11.1,11.1,11.1,6600.0
2023-08-25 15:00:00+07:00,11.1,11.1,11.0,11.1,5200.0
2023-08-25 15:01:00+07:00,11.1,11.1,11.0,11.1,214900.0
2023-08-25 15:02:00+07:00,11.1,11.1,11.1,11.1,53000.0
2023-08-25 15:04:00+07:00,11.0,11.0,11.0,11.0,1000.0
2023-08-25 15:06:00+07:00,11.0,11.0,11.0,11.0,1083700.0
2023-08-25 15:07:00+07:00,11.0,11.0,11.0,11.0,1840800.0
2023-08-25 15:08:00+07:00,11.0,11.1,11.0,11.0,14200.0
2023-08-25 15:09:00+07:00,11.0,11.1,11.0,11.0,11200.0
2023-08-25 15:11:00+07:00,11.0,11.1,11.0,11.1,10100.0
2023-08-25 15:14:00+07:00,11.0,11.0,11.0,11.0,1000.0
2023-08-25 15:17:00+07:00,11.0,11.0,11.0,11.0,500.0
2023-08-25 15:20:00+07:00,11.1,11.1,11.1,11.1,1700.0
2023-08-25 15:21:00+07:00,11.0,11.0,11.0,11.0,100.0
2023-08-25 15:22:00+07:00,11.0,11.0,11.0,11.0,502900.0
2023-08-25 15:23:00+07:00,11.0,11.0,11.0,11.0,1000.0
2023-08-25 15:24:00+07:00,11.0,11.0,11.0,11.0,56400.0
2023-08-25 15:25:00+07:00,11.0,11.0,11.0,11.0,40000.0
2023-08-25 15:26:00+07:00,11.0,11.0,11.0,11.0,27500.0
2023-08-25 15:27:00+07:00,11.0,11.0,11.0,11.0,530200.0
2023-08-25 15:28:00+07:00,11.0,11.1,11.0,11.0,707600.0
2023-08-25 15:29:00+07:00,11.0,11.0,10.9,10.9,582500.0
2023-08-25 15:30:00+07:00,10.9,11.0,10.9,10.9,3200.0
2023-08-25 15:31:00+07:00,11.0,11.0,11.0,11.0,305000.0
2023-08-25 15:32:00+07:00,11.0,11.0,11.0,11.0,10000.0
2023-08-25 15:35:00+07:00,11.0,11.0,11.0,11.0,11000.0
2023-08-25 15:36:00+07:00,11.0,11.0,11.0,11.0,400.0
2023-08-25 15:37:00+07:00,11.0,11.0,11.0,11.0,400.0
2023-08-25 15:39:00+07:00,11.0,11.0,11.0,11.0,11000.0
2023-08-25 15:40:00+07:00,11.0,11.0,11.0,11.0,400.0
2023-08-25 15:41:00+07:00,11.0,11.0,10.9,11.0,4800.0
2023-08-25 15:42:00+07:00,11.0,11.0,11.0,11.0,2400.0
2023-08-25 15:44:00+07:00,11.0,11.0,11.0,11.0,10500.0
2023-08-25 15:45:00+07:00,11.0,11.0,11.0,11.0,300.0
2023-08-25 15:46:00+07:00,11.0,11.0,11.0,11.0,8300.0
2023-08-25 15:47:00+07:00,11.0,11.0,11.0,11.0,800.0
2023-08-25 15:48:00+07:00,11.0,11.0,11.0,11.0,1300.0
2023-08-25 15:49:00+07:00,11.0,11.0,11.0,11.0,19400.0
2023-08-25 15:50:00+07:00,11.0,11.0,11.0,11.0,500.0
2023-08-25 15:51:00+07:00,11.0,11.0,11.0,11.0,700.0
2023-08-25 15:52:00+07:00,11.0,11.0,11.0,11.0,700.0
2023-08-25 15:54:00+07:00,11.0,11.0,11.0,11.0,100.0
2023-08-25 15:55:00+07:00,11.0,11.0,11.0,11.0,50100.0
2023-08-25 15:57:00+07:00,11.0,11.0,11.0,11.0,1000.0
2023-08-25 15:58:00+07:00,11.0,11.0,11.0,11.0,1600.0
2023-08-25 15:59:00+07:00,11.0,11.0,11.0,11.0,400.0
2023-08-25 16:02:00+07:00,11.0,11.0,11.0,11.0,400.0
2023-08-25 16:05:00+07:00,11.0,11.0,11.0,11.0,31200.0
2023-08-25 16:06:00+07:00,11.0,11.0,11.0,11.0,500.0
2023-08-25 16:07:00+07:00,11.0,11.0,11.0,11.0,100.0
2023-08-25 16:08:00+07:00,11.0,11.0,11.0,11.0,100.0
2023-08-25 16:09:00+07:00,11.0,11.0,11.0,11.0,200.0
2023-08-25 16:10:00+07:00,11.0,11.0,11.0,11.0,600.0
2023-08-25 16:11:00+07:00,11.0,11.0,11.0,11.0,100.0
2023-08-25 16:13:00+07:00,11.0,11.0,11.0,11.0,100.0
2023-08-25 16:14:00+07:00,11.0,11.0,11.0,11.0,700.0
2023-08-25 16:15:00+07:00,11.0,11.0,11.0,11.0,200.0
2023-08-25 16:16:00+07:00,11.0,11.0,11.0,11.0,100.0
2023-08-25 16:17:00+07:00,11.0,11.0,11.0,11.0,2700.0
2023-08-25 16:18:00+07:00,11.0,11.0,11.0,11.0,800.0
2023-08-25 16:20:00+07:00,11.0,11.0,11.0,11.0,4000.0
2023-08-25 16:23:00+07:00,11.0,11.0,11.0,11.0,200.0
2023-08-25 16:24:00+07:00,11.0,11.0,11.0,11.0,1500.0
2023-08-25 16:25:00+07:00,11.0,11.0,11.0,11.0,100.0
2023-08-25 16:27:00+07:00,11.0,11.0,11.0,11.0,100.0
2023-08-25 16:28:00+07:00,11.0,11.0,11.0,11.0,993300.0
2023-08-25 16:29:00+07:00,11.0,11.0,11.0,11.0,4000.0
2023-08-25 16:39:00+07:00,11.0,11.0,11.0,11.0,995300.0
2023-08-28 09:58:00+07:00,11.1,11.1,11.1,11.1,351900.0
2023-08-28 09:59:00+07:00,11.1,11.1,11.1,11.1,2200.0
2023-08-28 10:00:00+07:00,11.1,11.1,11.0,11.1,45900.0
2023-08-28 10:01:00+07:00,11.1,11.1,11.0,11.0,2600.0
2023-08-28 10:02:00+07:00,11.1,11.2,11.1,11.1,332300.0
2023-08-28 10:03:00+07:00,11.1,11.1,11.0,11.0,152200.0
2023-08-28 10:04:00+07:00,11.0,11.1,11.0,11.1,43400.0
2023-08-28 10:05:00+07:00,11.1,11.1,11.1,11.1,60800.0
2023-08-28 10:06:00+07:00,11.1,11.1,11.1,11.1,42000.0
2023-08-28 10:07:00+07:00,11.1,11.1,11.1,11.1,9200.0
2023-08-28 10:08:00+07:00,11.1,11.1,11.0,11.1,40100.0
2023-08-28 10:10:00+07:00,11.1,11.1,11.1,11.1,100.0
2023-08-28 10:11:00+07:00,11.1,11.1,11.1,11.1,21100.0
2023-08-28 10:12:00+07:00,11.1,11.1,11.1,11.1,500.0
2023-08-28 10:13:00+07:00,11.1,11.1,11.1,11.1,88900.0
2023-08-28 10:14:00+07:00,11.1,11.1,11.1,11.1,100.0
2023-08-28 10:15:00+07:00,11.1,11.1,11.1,11.1,500.0
2023-08-28 10:16:00+07:00,11.1,11.1,11.1,11.1,6000.0
2023-08-28 10:17:00+07:00,11.0,11.0,11.0,11.0,13900.0
2023-08-28 10:19:00+07:00,11.1,11.1,11.1,11.1,600.0
2023-08-28 10:21:00+07:00,11.1,11.1,11.1,11.1,5000.0
2023-08-28 10:22:00+07:00,11.1,11.1,11.1,11.1,300.0
2023-08-28 10:23:00+07:00,11.1,11.1,11.1,11.1,40000.0
2023-08-28 10:24:00+07:00,11.1,11.1,11.1,11.1,1000.0
2023-08-28 10:25:00+07:00,11.1,11.1,11.1,11.1,3100.0
2023-08-28 10:27:00+07:00,11.1,11.1,11.1,11.1,60000.0
2023-08-28 10:28:00+07:00,11.1,11.1,11.1,11.1,1300.0
2023-08-28 10:29:00+07:00,11.1,11.1,11.1,11.1,100.0
2023-08-28 10:30:00+07:00,11.1,11.1,11.1,11.1,600.0
2023-08-28 10:32:00+07:00,11.1,11.1,11.1,11.1,2800.0
2023-08-28 10:33:00+07:00,11.1,11.1,11.1,11.1,35500.0
2023-08-28 10:34:00+07:00,11.1,11.1,11.0,11.0,13000.0
2023-08-28 10:35:00+07:00,11.0,11.0,11.0,11.0,100.0
2023-08-28 10:36:00+07:00,11.0,11.0,11.0,11.0,1100.0
2023-08-28 10:37:00+07:00,11.0,11.0,11.0,11.0,5700.0
2023-08-28 10:38:00+07:00,11.0,11.0,11.0,11.0,2300.0
2023-08-28 10:41:00+07:00,11.0,11.0,11.0,11.0,200.0
2023-08-28 10:43:00+07:00,11.1,11.1,11.1,11.1,64600.0
2023-08-28 10:44:00+07:00,11.1,11.1,11.0,11.0,12000.0
2023-08-28 10:46:00+07:00,11.1,11.1,11.1,11.1,100.0
2023-08-28 10:47:00+07:00,11.0,11.1,11.0,11.1,3000.0
2023-08-28 10:49:00+07:00,11.0,11.0,11.0,11.0,5700.0
2023-08-28 10:50:00+07:00,11.0,11.0,11.0,11.0,2200.0
2023-08-28 10:51:00+07:00,11.0,11.0,11.0,11.0,3000.0
2023-08-28 10:53:00+07:00,11.1,11.1,11.1,11.1,35300.0
2023-08-28 10:55:00+07:00,11.1,11.1,11.1,11.1,90000.0
2023-08-28 10:56:00+07:00,11.1,11.1,11.1,11.1,300.0
2023-08-28 10:57:00+07:00,11.1,11.1,11.1,11.1,31000.0
2023-08-28 10:58:00+07:00,11.1,11.1,11.1,11.1,5000.0
2023-08-28 10:59:00+07:00,11.1,11.1,11.1,11.1,6000.0
2023-08-28 11:00:00+07:00,11.1,11.1,11.1,11.1,1500.0
2023-08-28 11:01:00+07:00,11.0,11.0,11.0,11.0,15500.0
2023-08-28 11:03:00+07:00,11.1,11.1,11.1,11.1,59200.0
2023-08-28 11:05:00+07:00,11.0,11.0,11.0,11.0,8400.0
2023-08-28 11:07:00+07:00,11.1,11.1,11.0,11.0,3000.0
2023-08-28 11:09:00+07:00,11.1,11.1,11.1,11.1,2200.0
2023-08-28 11:11:00+07:00,11.1,11.1,11.0,11.0,3200.0
2023-08-28 11:13:00+07:00,11.1,11.1,11.1,11.1,19100.0
2023-08-28 11:14:00+07:00,11.0,11.1,11.0,11.0,9000.0
2023-08-28 11:15:00+07:00,11.0,11.0,11.0,11.0,500.0
2023-08-28 11:16:00+07:00,11.0,11.0,11.0,11.0,800.0
2023-08-28 11:17:00+07:00,11.0,11.0,11.0,11.0,1900.0
2023-08-28 11:20:00+07:00,11.0,11.0,11.0,11.0,2300.0
2023-08-28 11:23:00+07:00,11.1,11.1,11.0,11.0,42700.0
2023-08-28 11:26:00+07:00,11.0,11.0,11.0,11.0,2700.0
2023-08-28 11:30:00+07:00,11.0,11.0,11.0,11.0,1900.0
2023-08-28 11:32:00+07:00,11.1,11.1,11.1,11.1,100.0
2023-08-28 11:33:00+07:00,11.1,11.1,11.0,11.1,57200.0
2023-08-28 11:34:00+07:00,11.1,11.1,11.1,11.1,600.0
2023-08-28 11:36:00+07:00,11.1,11.1,11.1,11.1,2100.0
2023-08-28 11:37:00+07:00,11.0,11.0,11.0,11.0,2200.0
2023-08-28 11:38:00+07:00,11.1,11.1,11.1,11.1,200.0
2023-08-28 11:40:00+07:00,11.0,11.0,11.0,11.0,2900.0
2023-08-28 11:41:00+07:00,11.0,11.0,11.0,11.0,100.0
2023-08-28 11:43:00+07:00,11.1,11.1,11.0,11.0,61900.0
2023-08-28 11:45:00+07:00,11.0,11.0,11.0,11.0,1300.0
2023-08-28 11:46:00+07:00,11.0,11.1,11.0,11.0,13100.0
2023-08-28 11:47:00+07:00,11.0,11.0,11.0,11.0,1200.0
2023-08-28 11:48:00+07:00,11.0,11.0,11.0,11.0,100.0
2023-08-28 11:52:00+07:00,11.0,11.0,11.0,11.0,400.0
2023-08-28 11:53:00+07:00,11.1,11.1,11.1,11.1,50700.0
2023-08-28 11:54:00+07:00,11.0,11.0,11.0,11.0,6200.0
2023-08-28 11:55:00+07:00,11.0,11.0,11.0,11.0,1100.0
2023-08-28 11:56:00+07:00,11.1,11.1,11.1,11.1,100.0
2023-08-28 11:58:00+07:00,11.1,11.1,11.1,11.1,410000.0
2023-08-28 11:59:00+07:00,11.1,11.1,11.1,11.1,10600.0
2023-08-28 12:00:00+07:00,11.1,11.1,11.1,11.1,106600.0
2023-08-28 12:01:00+07:00,11.1,11.1,11.1,11.1,2000.0
2023-08-28 12:02:00+07:00,11.1,11.1,11.1,11.1,22000.0
2023-08-28 12:03:00+07:00,11.1,11.1,11.1,11.1,24100.0
2023-08-28 12:04:00+07:00,11.1,11.1,11.1,11.1,85800.0
2023-08-28 12:05:00+07:00,11.1,11.1,11.1,11.1,8000.0
2023-08-28 12:06:00+07:00,11.1,11.1,11.1,11.1,1300.0
2023-08-28 12:07:00+07:00,11.1,11.1,11.1,11.1,900.0
2023-08-28 12:08:00+07:00,11.1,11.1,11.1,11.1,3600.0
2023-08-28 12:09:00+07:00,11.1,11.1,11.1,11.1,11000.0
2023-08-28 12:10:00+07:00,11.1,11.1,11.1,11.1,8100.0
2023-08-28 12:11:00+07:00,11.1,11.1,11.1,11.1,12600.0
2023-08-28 12:12:00+07:00,11.1,11.1,11.1,11.1,15200.0
2023-08-28 12:13:00+07:00,11.1,11.1,11.1,11.1,40000.0
2023-08-28 12:14:00+07:00,11.1,11.1,11.1,11.1,5000.0
2023-08-28 12:15:00+07:00,11.1,11.1,11.1,11.1,1600.0
2023-08-28 12:16:00+07:00,11.1,11.1,11.1,11.1,800.0
2023-08-28 12:17:00+07:00,11.1,11.1,11.1,11.1,900.0
2023-08-28 12:18:00+07:00,11.1,11.1,11.1,11.1,900.0
2023-08-28 12:19:00+07:00,11.1,11.1,11.1,11.1,1000.0
2023-08-28 12:20:00+07:00,11.1,11.1,11.1,11.1,1500.0
2023-08-28 12:23:00+07:00,11.1,11.1,11.1,11.1,11600.0
2023-08-28 12:24:00+07:00,11.1,11.1,11.1,11.1,1000.0
2023-08-28 12:26:00+07:00,11.1,11.1,11.1,11.1,360400.0
2023-08-28 12:28:00+07:00,11.1,11.1,11.1,11.1,400.0
2023-08-28 12:29:00+07:00,11.1,11.1,11.1,11.1,44500.0
2023-08-28 14:28:00+07:00,11.1,11.1,11.1,11.1,102400.0
2023-08-28 14:29:00+07:00,11.1,11.1,11.1,11.1,200.0
2023-08-28 14:30:00+07:00,11.2,11.2,11.2,11.2,12400.0
2023-08-28 14:32:00+07:00,11.2,11.2,11.1,11.1,1600.0
2023-08-28 14:33:00+07:00,11.1,11.1,11.1,11.1,3200.0
2023-08-28 14:34:00+07:00,11.1,11.1,11.1,11.1,22300.0
2023-08-28 14:35:00+07:00,11.2,11.2,11.2,11.2,10000.0
2023-08-28 14:37:00+07:00,11.1,11.1,11.1,11.1,4100.0
2023-08-28 14:39:00+07:00,11.1,11.1,11.1,11.1,51100.0
2023-08-28 14:40:00+07:00,11.2,11.2,11.1,11.1,42900.0
2023-08-28 14:41:00+07:00,11.2,11.2,11.2,11.2,6000.0
2023-08-28 14:43:00+07:00,11.1,11.1,11.1,11.1,1800.0
2023-08-28 14:44:00+07:00,11.2,11.2,11.1,11.1,5700.0
2023-08-28 14:45:00+07:00,11.2,11.2,11.2,11.2,200.0
2023-08-28 14:47:00+07:00,11.2,11.2,11.2,11.2,200.0
2023-08-28 14:48:00+07:00,11.2,11.2,11.2,11.2,300.0
2023-08-28 14:49:00+07:00,11.2,11.2,11.2,11.2,100.0
2023-08-28 14:50:00+07:00,11.2,11.2,11.1,11.1,87100.0
2023-08-28 14:53:00+07:00,11.1,11.2,11.1,11.2,200.0
2023-08-28 14:54:00+07:00,11.1,11.1,11.1,11.1,600.0
2023-08-28 14:57:00+07:00,11.1,11.2,11.1,11.1,59500.0
2023-08-28 15:00:00+07:00,11.2,11.2,11.2,11.2,23600.0
2023-08-28 15:01:00+07:00,11.1,11.1,11.1,11.1,4700.0
2023-08-28 15:03:00+07:00,11.1,11.1,11.1,11.1,46900.0
2023-08-28 15:05:00+07:00,11.1,11.1,11.1,11.1,2800.0
2023-08-28 15:06:00+07:00,11.1,11.1,11.1,11.1,200.0
2023-08-28 15:08:00+07:00,11.1,11.2,11.1,11.2,400.0
2023-08-28 15:09:00+07:00,11.1,11.1,11.1,11.1,4900.0
2023-08-28 15:10:00+07:00,11.2,11.2,11.2,11.2,94200.0
2023-08-28 15:11:00+07:00,11.1,11.1,11.1,11.1,25000.0
2023-08-28 15:12:00+07:00,11.1,11.1,11.1,11.1,1100.0
2023-08-28 15:13:00+07:00,11.1,11.1,11.1,11.1,68600.0
2023-08-28 15:15:00+07:00,11.1,11.1,11.1,11.1,844800.0
2023-08-28 15:16:00+07:00,11.1,11.1,11.1,11.1,23000.0
2023-08-28 15:17:00+07:00,11.1,11.1,11.1,11.1,700.0
2023-08-28 15:18:00+07:00,11.1,11.1,11.1,11.1,11100.0
2023-08-28 15:22:00+07:00,11.1,11.1,11.1,11.1,13900.0
2023-08-28 15:24:00+07:00,11.1,11.2,11.1,11.1,60000.0
2023-08-28 15:25:00+07:00,11.1,11.1,11.1,11.1,2200.0
2023-08-28 15:26:00+07:00,11.2,11.2,11.1,11.1,400.0
2023-08-28 15:27:00+07:00,11.1,11.1,11.1,11.1,1800.0
2023-08-28 15:28:00+07:00,11.1,11.1,11.1,11.1,500.0
2023-08-28 15:29:00+07:00,11.1,11.1,11.1,11.1,300.0
2023-08-28 15:30:00+07:00,11.2,11.2,11.1,11.1,53600.0
2023-08-28 15:31:00+07:00,11.1,11.1,11.1,11.1,721600.0
2023-08-28 15:32:00+07:00,11.1,11.1,11.1,11.1,1500.0
2023-08-28 15:33:00+07:00,11.1,11.1,11.1,11.1,6900.0
2023-08-28 15:34:00+07:00,11.1,11.1,11.1,11.1,24200.0
2023-08-28 15:35:00+07:00,11.1,11.1,11.1,11.1,16600.0
2023-08-28 15:36:00+07:00,11.1,11.1,11.1,11.1,5300.0
2023-08-28 15:37:00+07:00,11.1,11.1,11.1,11.1,5700.0
2023-08-28 15:38:00+07:00,11.1,11.1,11.1,11.1,5200.0
2023-08-28 15:39:00+07:00,11.1,11.1,11.1,11.1,1600.0
2023-08-28 15:40:00+07:00,11.1,11.1,11.1,11.1,4400.0
2023-08-28 15:41:00+07:00,11.1,11.1,11.1,11.1,1700.0
2023-08-28 15:42:00+07:00,11.1,11.1,11.1,11.1,1300.0
2023-08-28 15:43:00+07:00,11.1,11.1,11.1,11.1,1500.0
2023-08-28 15:45:00+07:00,11.1,11.1,11.1,11.1,100.0
2023-08-28 15:46:00+07:00,11.1,11.1,11.1,11.1,1800.0
2023-08-28 15:50:00+07:00,11.2,11.2,11.2,11.2,48800.0
2023-08-28 15:54:00+07:00,11.1,11.1,11.1,11.1,8300.0
2023-08-28 15:56:00+07:00,11.1,11.1,11.1,11.1,100.0
2023-08-28 15:57:00+07:00,11.1,11.1,11.1,11.1,3000.0
2023-08-28 15:58:00+07:00,11.1,11.1,11.1,11.1,2200.0
2023-08-28 15:59:00+07:00,11.1,11.1,11.1,11.1,6300.0
2023-08-28 16:00:00+07:00,11.2,11.2,11.2,11.2,67100.0
2023-08-28 16:02:00+07:00,11.1,11.1,11.1,11.1,9900.0
2023-08-28 16:03:00+07:00,11.1,11.1,11.1,11.1,4500.0
2023-08-28 16:04:00+07:00,11.1,11.1,11.1,11.1,2100.0
2023-08-28 16:05:00+07:00,11.1,11.1,11.1,11.1,12500.0
2023-08-28 16:06:00+07:00,11.1,11.1,11.1,11.1,5100.0
2023-08-28 16:07:00+07:00,11.1,11.1,11.1,11.1,14100.0
2023-08-28 16:08:00+07:00,11.1,11.1,11.1,11.1,6000.0
2023-08-28 16:09:00+07:00,11.1,11.1,11.1,11.1,3800.0
2023-08-28 16:10:00+07:00,11.2,11.2,11.2,11.2,36700.0
2023-08-28 16:12:00+07:00,11.2,11.2,11.2,11.2,1051900.0
2023-08-28 16:13:00+07:00,11.2,11.2,11.2,11.2,3700.0
2023-08-28 16:14:00+07:00,11.2,11.2,11.2,11.2,114200.0
2023-08-28 16:15:00+07:00,11.2,11.2,11.2,11.2,9200.0
2023-08-28 16:17:00+07:00,11.1,11.2,11.1,11.1,293000.0
2023-08-28 16:18:00+07:00,11.1,11.1,11.1,11.1,109500.0
2023-08-28 16:19:00+07:00,11.2,11.2,11.2,11.2,100000.0
2023-08-28 16:20:00+07:00,11.2,11.2,11.2,11.2,100.0
2023-08-28 16:23:00+07:00,11.1,11.1,11.1,11.1,40000.0
2023-08-28 16:24:00+07:00,11.1,11.2,11.1,11.2,38100.0
2023-08-28 16:25:00+07:00,11.2,11.2,11.2,11.2,100.0
2023-08-28 16:26:00+07:00,11.1,11.2,11.1,11.2,1000.0
2023-08-28 16:29:00+07:00,11.1,11.1,11.1,11.1,2400.0
2023-08-28 16:39:00+07:00,11.2,11.2,11.2,11.2,707200.0
2023-08-29 09:58:00+07:00,11.2,11.2,11.2,11.2,609700.0
2023-08-29 09:59:00+07:00,11.2,11.2,11.2,11.2,4500.0
2023-08-29 10:01:00+07:00,11.2,11.2,11.2,11.2,275400.0
2023-08-29 10:02:00+07:00,11.2,11.2,11.2,11.2,22600.0
2023-08-29 10:03:00+07:00,11.2,11.2,11.1,11.2,1140100.0
2023-08-29 10:04:00+07:00,11.2,11.2,11.2,11.2,3400.0
2023-08-29 10:05:00+07:00,11.2,11.2,11.2,11.2,14800.0
2023-08-29 10:06:00+07:00,11.2,11.2,11.2,11.2,6600.0
2023-08-29 10:07:00+07:00,11.2,11.2,11.2,11.2,22000.0
2023-08-29 10:08:00+07:00,11.2,11.2,11.2,11.2,413400.0
2023-08-29 10:09:00+07:00,11.2,11.2,11.2,11.2,41100.0
2023-08-29 10:10:00+07:00,11.2,11.2,11.2,11.2,700.0
2023-08-29 10:11:00+07:00,11.2,11.2,11.2,11.2,10600.0
2023-08-29 10:12:00+07:00,11.2,11.2,11.2,11.2,51000.0
2023-08-29 10:13:00+07:00,11.2,11.2,11.2,11.2,300.0
2023-08-29 10:14:00+07:00,11.2,11.2,11.2,11.2,28300.0
2023-08-29 10:15:00+07:00,11.2,11.2,11.2,11.2,300.0
2023-08-29 10:16:00+07:00,11.2,11.2,11.1,11.2,1100.0
2023-08-29 10:17:00+07:00,11.2,11.2,11.2,11.2,6300.0
2023-08-29 10:18:00+07:00,11.2,11.2,11.2,11.2,10000.0
2023-08-29 10:19:00+07:00,11.2,11.2,11.2,11.2,1100.0
2023-08-29 10:20:00+07:00,11.2,11.2,11.2,11.2,800.0
2023-08-29 10:21:00+07:00,11.2,11.2,11.2,11.2,500.0
2023-08-29 10:22:00+07:00,11.2,11.2,11.2,11.2,1100.0
2023-08-29 10:23:00+07:00,11.2,11.2,11.1,11.2,52100.0
2023-08-29 10:24:00+07:00,11.1,11.1,11.1,11.1,1200.0
2023-08-29 10:25:00+07:00,11.2,11.2,11.2,11.2,200.0
2023-08-29 10:26:00+07:00,11.2,11.2,11.2,11.2,13200.0
2023-08-29 10:27:00+07:00,11.1,11.2,11.1,11.1,1600.0
2023-08-29 10:28:00+07:00,11.1,11.2,11.1,11.1,3200.0
2023-08-29 10:30:00+07:00,11.1,11.2,11.1,11.2,49300.0
2023-08-29 10:31:00+07:00,11.2,11.2,11.2,11.2,51000.0
2023-08-29 10:32:00+07:00,11.2,11.2,11.2,11.2,57900.0
2023-08-29 10:33:00+07:00,11.2,11.2,11.2,11.2,4200.0
2023-08-29 10:34:00+07:00,11.2,11.2,11.2,11.2,1700.0
2023-08-29 10:35:00+07:00,11.2,11.2,11.2,11.2,9000.0
2023-08-29 10:36:00+07:00,11.2,11.2,11.2,11.2,400.0
2023-08-29 10:37:00+07:00,11.2,11.2,11.2,11.2,200.0
2023-08-29 10:38:00+07:00,11.2,11.2,11.2,11.2,1400.0
2023-08-29 10:39:00+07:00,11.2,11.2,11.2,11.2,200.0
2023-08-29 10:40:00+07:00,11.2,11.2,11.2,11.2,690000.0
2023-08-29 10:41:00+07:00,11.2,11.2,11.2,11.2,197900.0
2023-08-29 10:42:00+07:00,11.2,11.2,11.1,11.2,1600.0
2023-08-29 10:43:00+07:00,11.2,11.2,11.2,11.2,59000.0
2023-08-29 10:44:00+07:00,11.2,11.2,11.2,11.2,23000.0
2023-08-29 10:45:00+07:00,11.2,11.3,11.2,11.3,94900.0
2023-08-29 10:46:00+07:00,11.2,11.3,11.2,11.3,1800.0
2023-08-29 10:47:00+07:00,11.2,11.3,11.2,11.3,2600.0
2023-08-29 10:48:00+07:00,11.3,11.3,11.2,11.3,4400.0
2023-08-29 10:49:00+07:00,11.3,11.3,11.2,11.3,1700.0
2023-08-29 10:50:00+07:00,11.3,11.3,11.2,11.2,2900.0
2023-08-29 10:51:00+07:00,11.3,11.3,11.3,11.3,11800.0
2023-08-29 10:52:00+07:00,11.3,11.3,11.3,11.3,2100.0
2023-08-29 10:53:00+07:00,11.3,11.3,11.3,11.3,9100.0
2023-08-29 10:54:00+07:00,11.3,11.3,11.3,11.3,1241600.0
2023-08-29 10:55:00+07:00,11.3,11.3,11.3,11.3,70900.0
2023-08-29 10:56:00+07:00,11.3,11.3,11.3,11.3,15200.0
2023-08-29 10:57:00+07:00,11.3,11.4,11.3,11.4,5800.0
2023-08-29 10:58:00+07:00,11.3,11.4,11.3,11.4,57500.0
2023-08-29 10:59:00+07:00,11.4,11.4,11.3,11.3,21800.0
2023-08-29 11:00:00+07:00,11.3,11.3,11.3,11.3,1700.0
2023-08-29 11:01:00+07:00,11.3,11.3,11.3,11.3,68500.0
2023-08-29 11:02:00+07:00,11.3,11.4,11.3,11.3,10100.0
2023-08-29 11:03:00+07:00,11.3,11.3,11.3,11.3,43200.0
2023-08-29 11:04:00+07:00,11.4,11.4,11.4,11.4,100.0
2023-08-29 11:05:00+07:00,11.3,11.3,11.3,11.3,8100.0
2023-08-29 11:06:00+07:00,11.3,11.3,11.3,11.3,55900.0
2023-08-29 11:07:00+07:00,11.3,11.4,11.3,11.3,938600.0
2023-08-29 11:08:00+07:00,11.3,11.4,11.3,11.3,33500.0
2023-08-29 11:09:00+07:00,11.3,11.4,11.3,11.4,50500.0
2023-08-29 11:11:00+07:00,11.3,11.3,11.3,11.3,500.0
2023-08-29 11:12:00+07:00,11.4,11.4,11.4,11.4,28000.0
2023-08-29 11:13:00+07:00,11.4,11.4,11.3,11.3,1500.0
2023-08-29 11:15:00+07:00,11.3,11.3,11.3,11.3,6000.0
2023-08-29 11:16:00+07:00,11.3,11.4,11.3,11.3,6000.0
2023-08-29 11:17:00+07:00,11.3,11.4,11.3,11.4,16500.0
2023-08-29 11:18:00+07:00,11.3,11.4,11.3,11.4,9400.0
2023-08-29 11:19:00+07:00,11.3,11.4,11.3,11.4,10200.0
2023-08-29 11:20:00+07:00,11.3,11.3,11.3,11.3,500.0
2023-08-29 11:21:00+07:00,11.3,11.3,11.3,11.3,34200.0
2023-08-29 11:22:00+07:00,11.3,11.4,11.3,11.4,20600.0
2023-08-29 11:25:00+07:00,11.3,11.3,11.3,11.3,100.0
2023-08-29 11:26:00+07:00,11.3,11.3,11.3,11.3,400.0
2023-08-29 11:27:00+07:00,11.4,11.4,11.3,11.4,72200.0
2023-08-29 11:28:00+07:00,11.4,11.4,11.4,11.4,21400.0
2023-08-29 11:29:00+07:00,11.4,11.4,11.4,11.4,5000.0
2023-08-29 11:30:00+07:00,11.4,11.4,11.4,11.4,200.0
2023-08-29 11:31:00+07:00,11.4,11.4,11.3,11.3,12400.0
2023-08-29 11:32:00+07:00,11.3,11.4,11.3,11.4,300.0
2023-08-29 11:33:00+07:00,11.4,11.4,11.3,11.4,2400.0
2023-08-29 11:34:00+07:00,11.3,11.4,11.3,11.4,41900.0
2023-08-29 11:35:00+07:00,11.3,11.4,11.3,11.4,131500.0
2023-08-29 11:36:00+07:00,11.3,11.3,11.3,11.3,1300.0
2023-08-29 11:37:00+07:00,11.3,11.3,11.3,11.3,5000.0
2023-08-29 11:38:00+07:00,11.3,11.4,11.3,11.4,4000.0
2023-08-29 11:39:00+07:00,11.4,11.4,11.4,11.4,500.0
2023-08-29 11:40:00+07:00,11.3,11.3,11.3,11.3,1000.0
2023-08-29 11:41:00+07:00,11.3,11.4,11.3,11.4,21300.0
2023-08-29 11:42:00+07:00,11.4,11.4,11.4,11.4,200.0
2023-08-29 11:43:00+07:00,11.4,11.4,11.4,11.4,14300.0
2023-08-29 11:44:00+07:00,11.4,11.4,11.4,11.4,10000.0
2023-08-29 11:45:00+07:00,11.4,11.4,11.4,11.4,5000.0
2023-08-29 11:46:00+07:00,11.3,11.3,11.3,11.3,1000.0
2023-08-29 11:47:00+07:00,11.4,11.4,11.3,11.3,108900.0
2023-08-29 11:48:00+07:00,11.3,11.4,11.3,11.4,18600.0
2023-08-29 11:49:00+07:00,11.3,11.4,11.3,11.3,131900.0
2023-08-29 11:50:00+07:00,11.4,11.4,11.4,11.4,2000.0
2023-08-29 11:51:00+07:00,11.3,11.3,11.3,11.3,3000.0
2023-08-29 11:52:00+07:00,11.3,11.4,11.3,11.4,20600.0
2023-08-29 11:53:00+07:00,11.3,11.3,11.3,11.3,1000.0
2023-08-29 11:56:00+07:00,11.4,11.4,11.4,11.4,18700.0
2023-08-29 11:57:00+07:00,11.4,11.4,11.4,11.4,49100.0
2023-08-29 11:58:00+07:00,11.4,11.4,11.4,11.4,21400.0
2023-08-29 11:59:00+07:00,11.4,11.4,11.3,11.3,17100.0
2023-08-29 12:00:00+07:00,11.3,11.3,11.3,11.3,20100.0
2023-08-29 12:01:00+07:00,11.4,11.4,11.4,11.4,19400.0
2023-08-29 12:03:00+07:00,11.4,11.4,11.4,11.4,19500.0
2023-08-29 12:04:00+07:00,11.4,11.4,11.4,11.4,100.0
2023-08-29 12:05:00+07:00,11.4,11.4,11.4,11.4,300.0
2023-08-29 12:06:00+07:00,11.4,11.4,11.4,11.4,100.0
2023-08-29 12:07:00+07:00,11.3,11.4,11.3,11.4,700.0
2023-08-29 12:08:00+07:00,11.4,11.4,11.4,11.4,100.0
2023-08-29 12:09:00+07:00,11.4,11.4,11.4,11.4,200.0
2023-08-29 12:10:00+07:00,11.4,11.4,11.3,11.3,700.0
2023-08-29 12:11:00+07:00,11.4,11.4,11.3,11.3,4600.0
2023-08-29 12:12:00+07:00,11.4,11.4,11.4,11.4,100.0
2023-08-29 12:13:00+07:00,11.3,11.4,11.3,11.4,36800.0
2023-08-29 12:14:00+07:00,11.3,11.3,11.3,11.3,9700.0
2023-08-29 12:16:00+07:00,11.3,11.4,11.3,11.4,84200.0
2023-08-29 12:17:00+07:00,11.3,11.4,11.3,11.4,1100.0
2023-08-29 12:18:00+07:00,11.4,11.4,11.4,11.4,21500.0
2023-08-29 12:20:00+07:00,11.4,11.4,11.3,11.3,18500.0
2023-08-29 12:21:00+07:00,11.3,11.4,11.3,11.4,5900.0
2023-08-29 12:22:00+07:00,11.4,11.4,11.4,11.4,10900.0
2023-08-29 12:24:00+07:00,11.4,11.4,11.4,11.4,6000.0
2023-08-29 12:25:00+07:00,11.4,11.4,11.4,11.4,12300.0
2023-08-29 12:26:00+07:00,11.4,11.4,11.4,11.4,23100.0
2023-08-29 12:27:00+07:00,11.4,11.4,11.3,11.3,18900.0
2023-08-29 12:28:00+07:00,11.4,11.4,11.4,11.4,1100.0
2023-08-29 12:29:00+07:00,11.4,11.4,11.4,11.4,4400.0
2023-08-29 14:26:00+07:00,11.4,11.4,11.4,11.4,146000.0
2023-08-29 14:27:00+07:00,11.4,11.4,11.4,11.4,1400.0
2023-08-29 14:30:00+07:00,11.4,11.5,11.4,11.4,2762400.0
2023-08-29 14:31:00+07:00,11.4,11.5,11.4,11.4,13200.0
2023-08-29 14:32:00+07:00,11.5,11.5,11.4,11.5,99100.0
2023-08-29 14:33:00+07:00,11.4,11.4,11.4,11.4,1800.0
2023-08-29 14:34:00+07:00,11.4,11.4,11.4,11.4,1300.0
2023-08-29 14:35:00+07:00,11.4,11.4,11.4,11.4,6500.0
2023-08-29 14:36:00+07:00,11.4,11.4,11.4,11.4,600.0
2023-08-29 14:37:00+07:00,11.4,11.4,11.4,11.4,2200.0
2023-08-29 14:38:00+07:00,11.5,11.5,11.5,11.5,300.0
2023-08-29 14:40:00+07:00,11.5,11.5,11.5,11.5,12300.0
2023-08-29 14:41:00+07:00,11.5,11.5,11.5,11.5,51100.0
2023-08-29 14:42:00+07:00,11.5,11.5,11.5,11.5,177800.0
2023-08-29 14:43:00+07:00,11.5,11.5,11.5,11.5,122100.0
2023-08-29 14:44:00+07:00,11.5,11.5,11.5,11.5,40700.0
2023-08-29 14:45:00+07:00,11.5,11.5,11.5,11.5,19400.0
2023-08-29 14:46:00+07:00,11.5,11.5,11.4,11.4,75300.0
2023-08-29 14:47:00+07:00,11.4,11.4,11.4,11.4,1000.0
2023-08-29 14:48:00+07:00,11.4,11.4,11.4,11.4,6300.0
2023-08-29 14:49:00+07:00,11.5,11.5,11.4,11.5,300.0
2023-08-29 14:50:00+07:00,11.5,11.5,11.4,11.5,49800.0
2023-08-29 14:51:00+07:00,11.5,11.5,11.4,11.4,12700.0
2023-08-29 14:52:00+07:00,11.4,11.5,11.4,11.5,46300.0
2023-08-29 14:53:00+07:00,11.5,11.5,11.5,11.5,21000.0
2023-08-29 14:54:00+07:00,11.5,11.5,11.5,11.5,100.0
2023-08-29 14:55:00+07:00,11.5,11.5,11.5,11.5,1300.0
2023-08-29 14:56:00+07:00,11.5,11.5,11.5,11.5,101000.0
2023-08-29 14:57:00+07:00,11.5,11.5,11.4,11.4,207400.0
2023-08-29 14:58:00+07:00,11.4,11.4,11.4,11.4,1918600.0
2023-08-29 14:59:00+07:00,11.4,11.4,11.4,11.4,4400.0
2023-08-29 15:00:00+07:00,11.4,11.5,11.4,11.4,23300.0
2023-08-29 15:01:00+07:00,11.4,11.5,11.4,11.5,59500.0
2023-08-29 15:02:00+07:00,11.5,11.5,11.4,11.4,21100.0
2023-08-29 15:03:00+07:00,11.4,11.5,11.4,11.4,33700.0
2023-08-29 15:04:00+07:00,11.4,11.4,11.4,11.4,11200.0
2023-08-29 15:05:00+07:00,11.4,11.4,11.4,11.4,4000.0
2023-08-29 15:06:00+07:00,11.4,11.4,11.4,11.4,8400.0
2023-08-29 15:07:00+07:00,11.4,11.4,11.4,11.4,14900.0
2023-08-29 15:08:00+07:00,11.4,11.4,11.4,11.4,3700.0
2023-08-29 15:09:00+07:00,11.4,11.4,11.4,11.4,200.0
2023-08-29 15:10:00+07:00,11.5,11.5,11.5,11.5,1000.0
2023-08-29 15:11:00+07:00,11.5,11.5,11.5,11.5,1662700.0
2023-08-29 15:12:00+07:00,11.5,11.5,11.5,11.5,121600.0
2023-08-29 15:13:00+07:00,11.5,11.6,11.5,11.6,47500.0
2023-08-29 15:14:00+07:00,11.5,11.5,11.5,11.5,73000.0
2023-08-29 15:15:00+07:00,11.5,11.5,11.5,11.5,26100.0
2023-08-29 15:16:00+07:00,11.5,11.5,11.5,11.5,112500.0
2023-08-29 15:17:00+07:00,11.5,11.5,11.5,11.5,45800.0
2023-08-29 15:18:00+07:00,11.5,11.5,11.5,11.5,7100.0
2023-08-29 15:19:00+07:00,11.5,11.5,11.5,11.5,41200.0
2023-08-29 15:20:00+07:00,11.5,11.5,11.5,11.5,44600.0
2023-08-29 15:21:00+07:00,11.5,11.5,11.5,11.5,19400.0
2023-08-29 15:22:00+07:00,11.5,11.5,11.5,11.5,166000.0
2023-08-29 15:23:00+07:00,11.5,11.5,11.5,11.5,283400.0
2023-08-29 15:24:00+07:00,11.5,11.5,11.5,11.5,1293500.0
2023-08-29 15:25:00+07:00,11.6,11.6,11.5,11.5,56800.0
2023-08-29 15:26:00+07:00,11.5,11.5,11.5,11.5,25000.0
2023-08-29 15:27:00+07:00,11.5,11.5,11.5,11.5,14000.0
2023-08-29 15:28:00+07:00,11.5,11.6,11.5,11.6,21100.0
2023-08-29 15:29:00+07:00,11.5,11.6,11.5,11.6,200.0
2023-08-29 15:30:00+07:00,11.5,11.5,11.5,11.5,2500.0
2023-08-29 15:31:00+07:00,11.5,11.6,11.5,11.5,10700.0
2023-08-29 15:32:00+07:00,11.5,11.5,11.5,11.5,14300.0
2023-08-29 15:33:00+07:00,11.6,11.7,11.6,11.7,2277900.0
2023-08-29 15:34:00+07:00,11.6,11.7,11.6,11.7,1173500.0
2023-08-29 15:35:00+07:00,11.7,11.8,11.7,11.7,28600.0
2023-08-29 15:36:00+07:00,11.7,11.8,11.7,11.8,769200.0
2023-08-29 15:37:00+07:00,11.8,11.8,11.7,11.7,153000.0
2023-08-29 15:38:00+07:00,11.8,11.8,11.7,11.8,71800.0
2023-08-29 15:39:00+07:00,11.7,11.8,11.7,11.7,18900.0
2023-08-29 15:40:00+07:00,11.8,11.8,11.7,11.8,33000.0
2023-08-29 15:41:00+07:00,11.8,11.9,11.8,11.8,1296000.0
2023-08-29 15:42:00+07:00,11.8,11.9,11.8,11.9,24500.0
2023-08-29 15:43:00+07:00,11.9,12.0,11.8,12.0,1646600.0
2023-08-29 15:44:00+07:00,11.9,12.0,11.9,11.9,1283400.0
2023-08-29 15:45:00+07:00,11.9,11.9,11.8,11.9,12600.0
2023-08-29 15:46:00+07:00,11.8,11.9,11.8,11.8,1090900.0
2023-08-29 15:47:00+07:00,11.8,11.9,11.8,11.8,221000.0
2023-08-29 15:48:00+07:00,11.8,11.9,11.8,11.8,128000.0
2023-08-29 15:49:00+07:00,11.8,11.9,11.8,11.9,2708700.0
2023-08-29 15:50:00+07:00,11.9,11.9,11.8,11.8,323600.0
2023-08-29 15:51:00+07:00,11.8,11.8,11.8,11.8,25100.0
2023-08-29 15:52:00+07:00,11.8,11.9,11.8,11.8,1492500.0
2023-08-29 15:53:00+07:00,11.8,11.8,11.8,11.8,2300.0
2023-08-29 15:54:00+07:00,11.9,11.9,11.9,11.9,1500.0
2023-08-29 15:55:00+07:00,11.8,11.9,11.8,11.9,7100.0
2023-08-29 15:56:00+07:00,11.9,12.0,11.9,12.0,2160400.0
2023-08-29 15:57:00+07:00,12.0,12.1,11.9,12.0,1404000.0
2023-08-29 15:58:00+07:00,12.0,12.2,12.0,12.0,1988700.0
2023-08-29 15:59:00+07:00,12.1,12.1,11.9,11.9,2256700.0
2023-08-29 16:00:00+07:00,11.9,12.0,11.9,11.9,175300.0
2023-08-29 16:01:00+07:00,11.9,12.0,11.9,11.9,172200.0
2023-08-29 16:02:00+07:00,11.9,11.9,11.9,11.9,119300.0
2023-08-29 16:03:00+07:00,12.0,12.0,11.9,11.9,13000.0
2023-08-29 16:04:00+07:00,12.0,12.0,11.9,12.0,1229800.0
2023-08-29 16:05:00+07:00,11.9,12.0,11.9,12.0,103200.0
2023-08-29 16:06:00+07:00,11.9,12.0,11.9,12.0,16100.0
2023-08-29 16:07:00+07:00,12.0,12.0,11.9,11.9,1604000.0
2023-08-29 16:08:00+07:00,11.9,11.9,11.9,11.9,3200.0
2023-08-29 16:09:00+07:00,12.0,12.0,11.9,11.9,76100.0
2023-08-29 16:10:00+07:00,12.0,12.0,11.9,11.9,8600.0
2023-08-29 16:11:00+07:00,11.9,12.0,11.9,11.9,98200.0
2023-08-29 16:12:00+07:00,11.9,12.0,11.9,12.0,29400.0
2023-08-29 16:13:00+07:00,12.0,12.0,11.9,12.0,2000.0
2023-08-29 16:15:00+07:00,12.0,12.0,11.9,11.9,33000.0
2023-08-29 16:16:00+07:00,12.0,12.0,11.9,11.9,97000.0
2023-08-29 16:17:00+07:00,12.0,12.0,11.9,11.9,230700.0
2023-08-29 16:18:00+07:00,11.9,12.0,11.9,11.9,815900.0
2023-08-29 16:19:00+07:00,11.9,11.9,11.9,11.9,126100.0
2023-08-29 16:20:00+07:00,11.9,12.0,11.9,12.0,16800.0
2023-08-29 16:21:00+07:00,11.9,12.0,11.9,12.0,38800.0
2023-08-29 16:22:00+07:00,11.9,12.0,11.9,12.0,31300.0
2023-08-29 16:23:00+07:00,11.9,12.0,11.9,12.0,43500.0
2023-08-29 16:24:00+07:00,12.0,12.0,11.9,11.9,34300.0
2023-08-29 16:25:00+07:00,11.9,12.0,11.9,11.9,166300.0
2023-08-29 16:26:00+07:00,11.9,12.0,11.9,12.0,45700.0
2023-08-29 16:27:00+07:00,11.9,12.0,11.9,11.9,50500.0
2023-08-29 16:28:00+07:00,12.0,12.0,11.9,11.9,223000.0
2023-08-29 16:29:00+07:00,11.9,12.0,11.9,11.9,61300.0
2023-08-29 16:35:00+07:00,11.8,11.8,11.8,11.8,2929700.0
2023-08-30 09:58:00+07:00,11.8,11.8,11.7,11.7,1013500.0
2023-08-30 09:59:00+07:00,11.7,11.8,11.7,11.8,75500.0
2023-08-30 10:00:00+07:00,11.8,11.8,11.8,11.8,403600.0
2023-08-30 10:01:00+07:00,11.8,11.9,11.8,11.9,34700.0
2023-08-30 10:02:00+07:00,11.9,11.9,11.8,11.9,82500.0
2023-08-30 10:03:00+07:00,11.9,11.9,11.9,11.9,6000.0
2023-08-30 10:04:00+07:00,11.8,11.9,11.8,11.9,15800.0
2023-08-30 10:05:00+07:00,11.9,12.0,11.9,12.0,1507600.0
2023-08-30 10:06:00+07:00,11.9,11.9,11.9,11.9,4000.0
2023-08-30 10:07:00+07:00,11.9,11.9,11.9,11.9,1109000.0
2023-08-30 10:08:00+07:00,11.9,12.0,11.8,11.9,2286900.0
2023-08-30 10:09:00+07:00,11.9,11.9,11.9,11.9,43300.0
2023-08-30 10:10:00+07:00,11.9,12.0,11.9,11.9,53100.0
2023-08-30 10:11:00+07:00,11.9,12.0,11.9,12.0,52600.0
2023-08-30 10:12:00+07:00,11.9,11.9,11.9,11.9,25700.0
2023-08-30 10:13:00+07:00,11.9,11.9,11.9,11.9,1600.0
2023-08-30 10:14:00+07:00,11.9,12.0,11.9,11.9,15600.0
2023-08-30 10:15:00+07:00,11.9,11.9,11.9,11.9,11700.0
2023-08-30 10:16:00+07:00,11.9,11.9,11.9,11.9,100.0
2023-08-30 10:17:00+07:00,11.9,12.0,11.9,11.9,9600.0
2023-08-30 10:18:00+07:00,12.0,12.0,11.9,11.9,10600.0
2023-08-30 10:19:00+07:00,12.0,12.0,11.9,11.9,700.0
2023-08-30 10:20:00+07:00,12.0,12.0,11.9,12.0,259000.0
2023-08-30 10:21:00+07:00,12.0,12.0,11.9,12.0,4000.0
2023-08-30 10:22:00+07:00,11.9,11.9,11.9,11.9,100.0
2023-08-30 10:23:00+07:00,12.0,12.0,11.9,11.9,800.0
2023-08-30 10:24:00+07:00,12.0,12.0,11.9,12.0,23600.0
2023-08-30 10:25:00+07:00,11.9,11.9,11.9,11.9,1300.0
2023-08-30 10:26:00+07:00,11.9,11.9,11.9,11.9,8300.0
2023-08-30 10:27:00+07:00,11.9,11.9,11.9,11.9,200.0
2023-08-30 10:28:00+07:00,11.9,11.9,11.9,11.9,7800.0
2023-08-30 10:29:00+07:00,11.9,11.9,11.9,11.9,100.0
2023-08-30 10:30:00+07:00,11.9,11.9,11.9,11.9,52100.0
2023-08-30 10:31:00+07:00,11.9,11.9,11.9,11.9,2500.0
2023-08-30 10:32:00+07:00,11.9,11.9,11.9,11.9,8000.0
2023-08-30 10:37:00+07:00,11.9,11.9,11.9,11.9,1900.0
2023-08-30 10:38:00+07:00,12.0,12.0,11.9,11.9,27000.0
2023-08-30 10:40:00+07:00,11.9,11.9,11.9,11.9,1000.0
2023-08-30 10:41:00+07:00,11.9,11.9,11.9,11.9,8500.0
2023-08-30 10:42:00+07:00,11.9,11.9,11.9,11.9,1000.0
2023-08-30 10:43:00+07:00,11.9,11.9,11.9,11.9,4400.0
2023-08-30 10:44:00+07:00,11.9,12.0,11.9,11.9,15000.0
2023-08-30 10:45:00+07:00,11.9,12.0,11.9,11.9,117500.0
2023-08-30 10:46:00+07:00,11.9,11.9,11.9,11.9,5200.0
2023-08-30 10:47:00+07:00,12.0,12.0,12.0,12.0,1100.0
2023-08-30 10:48:00+07:00,12.0,12.0,12.0,12.0,100.0
2023-08-30 10:49:00+07:00,11.9,12.0,11.9,11.9,48500.0
2023-08-30 10:50:00+07:00,11.9,11.9,11.9,11.9,300.0
2023-08-30 10:51:00+07:00,12.0,12.0,12.0,12.0,200.0
2023-08-30 10:53:00+07:00,11.9,11.9,11.9,11.9,1000.0
2023-08-30 10:55:00+07:00,11.9,12.0,11.9,11.9,373800.0
2023-08-30 10:56:00+07:00,12.0,12.0,11.9,11.9,18700.0
2023-08-30 10:57:00+07:00,11.9,12.0,11.9,11.9,10300.0
2023-08-30 10:58:00+07:00,12.0,12.0,11.9,11.9,11000.0
2023-08-30 10:59:00+07:00,11.9,12.0,11.9,11.9,6800.0
2023-08-30 11:00:00+07:00,11.9,11.9,11.9,11.9,900.0
2023-08-30 11:01:00+07:00,12.0,12.0,11.9,11.9,1200.0
2023-08-30 11:03:00+07:00,11.9,11.9,11.9,11.9,2000.0
2023-08-30 11:04:00+07:00,12.0,12.0,11.9,11.9,6100.0
2023-08-30 11:05:00+07:00,12.0,12.0,11.9,11.9,5400.0
2023-08-30 11:06:00+07:00,12.0,12.0,11.9,11.9,400.0
2023-08-30 11:09:00+07:00,11.9,12.0,11.9,11.9,7000.0
2023-08-30 11:10:00+07:00,11.9,12.0,11.9,12.0,41300.0
2023-08-30 11:11:00+07:00,12.0,12.0,12.0,12.0,100.0
2023-08-30 11:13:00+07:00,11.9,11.9,11.9,11.9,100.0
2023-08-30 11:14:00+07:00,11.9,12.0,11.9,12.0,1100.0
2023-08-30 11:15:00+07:00,12.0,12.0,11.9,11.9,2200.0
2023-08-30 11:16:00+07:00,11.9,11.9,11.9,11.9,3300.0
2023-08-30 11:17:00+07:00,12.0,12.0,11.9,12.0,1600.0
2023-08-30 11:18:00+07:00,11.9,11.9,11.8,11.8,2886100.0
2023-08-30 11:19:00+07:00,11.8,11.8,11.8,11.8,1883300.0
2023-08-30 11:20:00+07:00,11.8,11.8,11.8,11.8,554600.0
2023-08-30 11:21:00+07:00,11.8,11.8,11.8,11.8,5400.0
2023-08-30 11:23:00+07:00,11.8,11.8,11.8,11.8,400.0
2023-08-30 11:24:00+07:00,11.8,11.8,11.8,11.8,112600.0
2023-08-30 11:25:00+07:00,11.8,11.8,11.8,11.8,137200.0
2023-08-30 11:26:00+07:00,11.8,11.8,11.8,11.8,1200.0
2023-08-30 11:27:00+07:00,11.8,11.8,11.8,11.8,18000.0
2023-08-30 11:28:00+07:00,11.8,11.8,11.8,11.8,6100.0
2023-08-30 11:29:00+07:00,11.7,11.8,11.7,11.8,12800.0
2023-08-30 11:30:00+07:00,11.8,11.8,11.8,11.8,100.0
2023-08-30 11:33:00+07:00,11.7,11.7,11.7,11.7,1000.0
2023-08-30 11:34:00+07:00,11.7,11.8,11.7,11.8,1200.0
2023-08-30 11:35:00+07:00,11.8,11.8,11.8,11.8,28600.0
2023-08-30 11:36:00+07:00,11.8,11.8,11.8,11.8,10000.0
2023-08-30 11:37:00+07:00,11.8,11.8,11.8,11.8,200.0
2023-08-30 11:39:00+07:00,11.8,11.8,11.8,11.8,2000.0
2023-08-30 11:41:00+07:00,11.8,11.8,11.8,11.8,11600.0
2023-08-30 11:42:00+07:00,11.8,11.8,11.8,11.8,29300.0
2023-08-30 11:43:00+07:00,11.8,11.8,11.8,11.8,898800.0
2023-08-30 11:44:00+07:00,11.8,11.8,11.8,11.8,35500.0
2023-08-30 11:45:00+07:00,11.8,11.8,11.7,11.7,2800.0
2023-08-30 11:47:00+07:00,11.8,11.8,11.7,11.7,10900.0
2023-08-30 11:48:00+07:00,11.8,11.8,11.8,11.8,400.0
2023-08-30 11:49:00+07:00,11.8,11.8,11.7,11.7,222200.0
2023-08-30 11:51:00+07:00,11.8,11.8,11.8,11.8,1000.0
2023-08-30 11:54:00+07:00,11.8,11.8,11.8,11.8,100.0
2023-08-30 11:56:00+07:00,11.8,11.8,11.7,11.8,5500.0
2023-08-30 11:57:00+07:00,11.8,11.8,11.7,11.7,2200.0
2023-08-30 11:58:00+07:00,11.8,11.8,11.7,11.7,11400.0
2023-08-30 12:01:00+07:00,11.8,11.8,11.8,11.8,100.0
2023-08-30 12:02:00+07:00,11.8,11.8,11.8,11.8,300.0
2023-08-30 12:03:00+07:00,11.8,11.8,11.8,11.8,2600.0
2023-08-30 12:05:00+07:00,11.8,11.8,11.8,11.8,200.0
2023-08-30 12:06:00+07:00,11.8,11.8,11.7,11.7,114300.0
2023-08-30 12:07:00+07:00,11.8,11.8,11.8,11.8,200.0
2023-08-30 12:09:00+07:00,11.8,11.8,11.7,11.8,27900.0
2023-08-30 12:10:00+07:00,11.8,11.8,11.7,11.7,44700.0
2023-08-30 12:12:00+07:00,11.7,11.7,11.7,11.7,1000.0
2023-08-30 12:13:00+07:00,11.8,11.8,11.7,11.7,1600.0
2023-08-30 12:15:00+07:00,11.8,11.8,11.7,11.8,600.0
2023-08-30 12:16:00+07:00,11.8,11.8,11.7,11.7,3400.0
2023-08-30 12:17:00+07:00,11.8,11.8,11.8,11.8,100.0
2023-08-30 12:18:00+07:00,11.8,11.8,11.8,11.8,100.0
2023-08-30 12:20:00+07:00,11.8,11.8,11.8,11.8,104100.0
2023-08-30 12:21:00+07:00,11.8,11.8,11.8,11.8,200.0
2023-08-30 12:22:00+07:00,11.8,11.8,11.8,11.8,5000.0
2023-08-30 12:23:00+07:00,11.8,11.8,11.8,11.8,1000.0
2023-08-30 12:24:00+07:00,11.8,11.8,11.7,11.7,201000.0
2023-08-30 12:25:00+07:00,11.7,11.7,11.7,11.7,10900.0
2023-08-30 12:27:00+07:00,11.7,11.7,11.7,11.7,1100.0
2023-08-30 12:28:00+07:00,11.8,11.8,11.8,11.8,7000.0
2023-08-30 12:29:00+07:00,11.7,11.8,11.7,11.8,2100.0
2023-08-30 14:28:00+07:00,11.8,11.8,11.8,11.8,199100.0
2023-08-30 14:29:00+07:00,11.8,11.8,11.8,11.8,100.0
2023-08-30 14:30:00+07:00,11.8,11.8,11.8,11.8,200.0
2023-08-30 14:31:00+07:00,11.7,11.7,11.7,11.7,2000.0
2023-08-30 14:33:00+07:00,11.8,11.8,11.8,11.8,100.0
2023-08-30 14:34:00+07:00,11.8,11.8,11.8,11.8,100.0
2023-08-30 14:35:00+07:00,11.8,11.8,11.8,11.8,100.0
2023-08-30 14:36:00+07:00,11.8,11.8,11.7,11.7,200.0
2023-08-30 14:37:00+07:00,11.7,11.8,11.7,11.7,800.0
2023-08-30 14:38:00+07:00,11.7,11.7,11.7,11.7,1893200.0
2023-08-30 14:39:00+07:00,11.7,11.7,11.7,11.7,3200.0
2023-08-30 14:40:00+07:00,11.6,11.7,11.6,11.7,97700.0
2023-08-30 14:41:00+07:00,11.7,11.7,11.7,11.7,10200.0
2023-08-30 14:42:00+07:00,11.7,11.8,11.7,11.8,502800.0
2023-08-30 14:44:00+07:00,11.8,11.8,11.8,11.8,100.0
2023-08-30 14:45:00+07:00,11.8,11.8,11.8,11.8,3900.0
2023-08-30 14:46:00+07:00,11.8,11.8,11.8,11.8,2000.0
2023-08-30 14:47:00+07:00,11.8,11.8,11.8,11.8,100.0
2023-08-30 14:48:00+07:00,11.8,11.8,11.8,11.8,100.0
2023-08-30 14:49:00+07:00,11.8,11.8,11.8,11.8,5000.0
2023-08-30 14:50:00+07:00,11.8,11.8,11.8,11.8,400.0
2023-08-30 14:52:00+07:00,11.8,11.8,11.8,11.8,100.0
2023-08-30 14:53:00+07:00,11.7,11.7,11.7,11.7,300.0
2023-08-30 14:54:00+07:00,11.8,11.8,11.8,11.8,200.0
2023-08-30 14:55:00+07:00,11.8,11.8,11.7,11.7,3300.0
2023-08-30 14:57:00+07:00,11.8,11.8,11.8,11.8,5000.0
2023-08-30 14:58:00+07:00,11.7,11.8,11.7,11.8,1100.0
2023-08-30 14:59:00+07:00,11.8,11.8,11.8,11.8,34100.0
2023-08-30 15:00:00+07:00,11.8,11.8,11.7,11.7,300.0
2023-08-30 15:01:00+07:00,11.7,11.8,11.7,11.8,3500.0
2023-08-30 15:04:00+07:00,11.8,11.8,11.8,11.8,2000.0
2023-08-30 15:05:00+07:00,11.8,11.8,11.8,11.8,100.0
2023-08-30 15:06:00+07:00,11.7,11.7,11.7,11.7,4500.0
2023-08-30 15:07:00+07:00,11.8,11.8,11.8,11.8,100.0
2023-08-30 15:08:00+07:00,11.8,11.8,11.8,11.8,200.0
2023-08-30 15:11:00+07:00,11.8,11.8,11.8,11.8,1100.0
2023-08-30 15:12:00+07:00,11.7,11.7,11.7,11.7,300.0
2023-08-30 15:13:00+07:00,11.7,11.7,11.7,11.7,2200.0
2023-08-30 15:14:00+07:00,11.8,11.8,11.8,11.8,100.0
2023-08-30 15:16:00+07:00,11.8,11.8,11.8,11.8,1035800.0
2023-08-30 15:17:00+07:00,11.8,11.8,11.8,11.8,409700.0
2023-08-30 15:18:00+07:00,11.9,11.9,11.8,11.8,400.0
2023-08-30 15:19:00+07:00,11.9,11.9,11.8,11.8,7100.0
2023-08-30 15:20:00+07:00,11.8,11.8,11.8,11.8,1000.0
2023-08-30 15:21:00+07:00,11.9,11.9,11.8,11.8,5100.0
2023-08-30 15:22:00+07:00,11.8,11.8,11.8,11.8,700.0
2023-08-30 15:24:00+07:00,11.9,11.9,11.9,11.9,100.0
2023-08-30 15:25:00+07:00,11.8,11.8,11.8,11.8,800.0
2023-08-30 15:26:00+07:00,11.9,11.9,11.8,11.8,500100.0
2023-08-30 15:28:00+07:00,11.9,11.9,11.9,11.9,100.0
2023-08-30 15:30:00+07:00,11.8,11.8,11.8,11.8,700.0
2023-08-30 15:31:00+07:00,11.8,11.9,11.8,11.9,3200.0
2023-08-30 15:32:00+07:00,11.8,11.8,11.8,11.8,500.0
2023-08-30 15:33:00+07:00,11.9,11.9,11.9,11.9,5000.0
2023-08-30 15:34:00+07:00,11.9,11.9,11.9,11.9,3400.0
2023-08-30 15:35:00+07:00,11.9,11.9,11.9,11.9,100.0
2023-08-30 15:36:00+07:00,11.8,11.9,11.8,11.9,1300.0
2023-08-30 15:38:00+07:00,11.9,11.9,11.9,11.9,900.0
2023-08-30 15:39:00+07:00,11.9,11.9,11.9,11.9,50000.0
2023-08-30 15:40:00+07:00,11.8,11.8,11.8,11.8,100.0
2023-08-30 15:41:00+07:00,11.9,11.9,11.9,11.9,100.0
2023-08-30 15:42:00+07:00,11.9,11.9,11.9,11.9,1000.0
2023-08-30 15:43:00+07:00,11.9,11.9,11.9,11.9,200.0
2023-08-30 15:44:00+07:00,11.9,11.9,11.8,11.8,300.0
2023-08-30 15:45:00+07:00,11.9,11.9,11.9,11.9,100.0
2023-08-30 15:48:00+07:00,11.9,11.9,11.9,11.9,100.0
2023-08-30 15:50:00+07:00,11.9,11.9,11.9,11.9,200.0
2023-08-30 15:52:00+07:00,11.9,11.9,11.9,11.9,100.0
2023-08-30 15:53:00+07:00,11.8,11.8,11.8,11.8,3400.0
2023-08-30 15:56:00+07:00,11.9,11.9,11.9,11.9,100.0
2023-08-30 15:58:00+07:00,11.9,11.9,11.8,11.8,2300.0
2023-08-30 15:59:00+07:00,11.9,11.9,11.9,11.9,426400.0
2023-08-30 16:00:00+07:00,11.9,11.9,11.9,11.9,1500.0
2023-08-30 16:02:00+07:00,11.9,11.9,11.9,11.9,300.0
2023-08-30 16:03:00+07:00,11.9,11.9,11.8,11.8,300.0
2023-08-30 16:05:00+07:00,11.9,12.0,11.9,11.9,2587100.0
2023-08-30 16:06:00+07:00,11.9,11.9,11.9,11.9,3700.0
2023-08-30 16:07:00+07:00,11.9,12.0,11.9,11.9,11100.0
2023-08-30 16:08:00+07:00,12.0,12.0,11.9,11.9,2400.0
2023-08-30 16:09:00+07:00,11.9,12.0,11.9,11.9,11500.0
2023-08-30 16:10:00+07:00,11.9,12.0,11.9,11.9,3400.0
2023-08-30 16:11:00+07:00,12.0,12.0,11.9,11.9,10300.0
2023-08-30 16:12:00+07:00,11.9,11.9,11.9,11.9,3800.0
2023-08-30 16:13:00+07:00,11.9,11.9,11.9,11.9,10200.0
2023-08-30 16:14:00+07:00,11.9,12.0,11.9,12.0,13000.0
2023-08-30 16:15:00+07:00,12.0,12.0,11.9,11.9,800.0
2023-08-30 16:16:00+07:00,11.9,12.0,11.9,12.0,300.0
2023-08-30 16:17:00+07:00,11.9,11.9,11.9,11.9,40300.0
2023-08-30 16:18:00+07:00,12.0,12.0,11.9,11.9,800.0
2023-08-30 16:19:00+07:00,12.0,12.0,11.9,11.9,100600.0
2023-08-30 16:20:00+07:00,11.9,11.9,11.9,11.9,100000.0
2023-08-30 16:21:00+07:00,11.9,11.9,11.9,11.9,164400.0
2023-08-30 16:22:00+07:00,11.9,11.9,11.9,11.9,85200.0
2023-08-30 16:23:00+07:00,11.9,12.0,11.9,11.9,57800.0
2023-08-30 16:24:00+07:00,11.9,11.9,11.9,11.9,57400.0
2023-08-30 16:25:00+07:00,11.9,11.9,11.9,11.9,16200.0
2023-08-30 16:26:00+07:00,11.9,12.0,11.9,12.0,41700.0
2023-08-30 16:27:00+07:00,11.9,11.9,11.9,11.9,17600.0
2023-08-30 16:28:00+07:00,11.9,12.0,11.9,12.0,2700.0
2023-08-30 16:29:00+07:00,11.9,11.9,11.9,11.9,2700.0
2023-08-30 16:37:00+07:00,11.9,11.9,11.9,11.9,1247600.0
2023-08-31 09:58:00+07:00,12.0,12.0,12.0,12.0,575400.0
2023-08-31 09:59:00+07:00,12.0,12.0,12.0,12.0,340000.0
2023-08-31 10:01:00+07:00,12.0,12.0,12.0,12.0,1100.0
2023-08-31 10:02:00+07:00,11.9,11.9,11.9,11.9,31000.0
2023-08-31 10:03:00+07:00,11.9,12.0,11.9,11.9,16800.0
2023-08-31 10:04:00+07:00,11.9,11.9,11.9,11.9,14900.0
2023-08-31 10:05:00+07:00,11.9,11.9,11.9,11.9,12200.0
2023-08-31 10:06:00+07:00,11.9,12.0,11.9,12.0,716600.0
2023-08-31 10:08:00+07:00,11.9,11.9,11.9,11.9,11700.0
2023-08-31 10:09:00+07:00,11.9,11.9,11.9,11.9,22100.0
2023-08-31 10:10:00+07:00,11.9,11.9,11.9,11.9,11300.0
2023-08-31 10:11:00+07:00,11.9,11.9,11.9,11.9,60900.0
2023-08-31 10:12:00+07:00,11.9,12.0,11.9,11.9,152100.0
2023-08-31 10:13:00+07:00,11.9,11.9,11.9,11.9,15900.0
2023-08-31 10:14:00+07:00,11.9,11.9,11.9,11.9,31900.0
2023-08-31 10:15:00+07:00,11.9,11.9,11.9,11.9,87700.0
2023-08-31 10:16:00+07:00,11.9,11.9,11.9,11.9,17800.0
2023-08-31 10:17:00+07:00,11.9,11.9,11.9,11.9,20500.0
2023-08-31 10:18:00+07:00,11.9,11.9,11.9,11.9,19300.0
2023-08-31 10:19:00+07:00,11.9,11.9,11.9,11.9,368000.0
2023-08-31 10:20:00+07:00,11.9,11.9,11.9,11.9,11300.0
2023-08-31 10:21:00+07:00,11.9,11.9,11.9,11.9,6900.0
2023-08-31 10:22:00+07:00,12.0,12.0,12.0,12.0,58000.0
2023-08-31 10:23:00+07:00,12.0,12.0,11.9,12.0,94400.0
2023-08-31 10:24:00+07:00,12.0,12.0,12.0,12.0,100.0
2023-08-31 10:25:00+07:00,12.0,12.0,12.0,12.0,55000.0
2023-08-31 10:26:00+07:00,12.0,12.0,12.0,12.0,13000.0
2023-08-31 10:27:00+07:00,12.0,12.0,12.0,12.0,10500.0
2023-08-31 10:28:00+07:00,12.0,12.0,12.0,12.0,200.0
2023-08-31 10:29:00+07:00,11.9,11.9,11.9,11.9,5500.0
2023-08-31 10:34:00+07:00,12.0,12.0,12.0,12.0,817700.0
2023-08-31 10:35:00+07:00,12.1,12.1,12.0,12.0,33100.0
2023-08-31 10:36:00+07:00,12.0,12.0,12.0,12.0,13100.0
2023-08-31 10:37:00+07:00,12.0,12.0,12.0,12.0,3200.0
2023-08-31 10:38:00+07:00,12.0,12.0,12.0,12.0,2100.0
2023-08-31 10:39:00+07:00,12.0,12.0,12.0,12.0,3100.0
2023-08-31 10:40:00+07:00,12.1,12.1,12.0,12.0,300.0
2023-08-31 10:41:00+07:00,12.0,12.0,12.0,12.0,9300.0
2023-08-31 10:42:00+07:00,12.0,12.1,12.0,12.0,17400.0
2023-08-31 10:43:00+07:00,12.0,12.0,12.0,12.0,100.0
2023-08-31 10:44:00+07:00,12.0,12.0,12.0,12.0,6400.0
2023-08-31 10:45:00+07:00,12.0,12.1,12.0,12.1,5300.0
2023-08-31 10:46:00+07:00,12.0,12.0,12.0,12.0,6100.0
2023-08-31 10:47:00+07:00,12.0,12.1,12.0,12.1,3100.0
2023-08-31 10:48:00+07:00,12.1,12.1,12.1,12.1,300.0
2023-08-31 10:49:00+07:00,12.0,12.0,12.0,12.0,2100.0
2023-08-31 10:51:00+07:00,12.0,12.0,12.0,12.0,101000.0
2023-08-31 10:52:00+07:00,12.0,12.1,12.0,12.1,657200.0
2023-08-31 10:53:00+07:00,12.0,12.0,12.0,12.0,100.0
2023-08-31 10:54:00+07:00,12.0,12.0,12.0,12.0,200.0
2023-08-31 10:55:00+07:00,12.0,12.0,12.0,12.0,3800.0
2023-08-31 10:56:00+07:00,12.0,12.0,12.0,12.0,1100.0
2023-08-31 10:57:00+07:00,12.1,12.1,12.0,12.0,5900.0
2023-08-31 10:58:00+07:00,12.0,12.0,12.0,12.0,4500.0
2023-08-31 10:59:00+07:00,12.0,12.0,12.0,12.0,300.0
2023-08-31 11:00:00+07:00,12.0,12.0,12.0,12.0,5400.0
2023-08-31 11:01:00+07:00,12.0,12.1,12.0,12.0,2000.0
2023-08-31 11:03:00+07:00,12.0,12.0,12.0,12.0,13900.0
2023-08-31 11:06:00+07:00,12.0,12.0,12.0,12.0,6000.0
2023-08-31 11:07:00+07:00,12.0,12.1,12.0,12.0,31900.0
2023-08-31 11:08:00+07:00,12.0,12.0,12.0,12.0,2300.0
2023-08-31 11:09:00+07:00,12.0,12.0,12.0,12.0,19200.0
2023-08-31 11:10:00+07:00,12.0,12.0,12.0,12.0,4100.0
2023-08-31 11:11:00+07:00,12.0,12.0,12.0,12.0,20400.0
2023-08-31 11:12:00+07:00,12.0,12.0,12.0,12.0,18700.0
2023-08-31 11:13:00+07:00,12.0,12.0,12.0,12.0,5800.0
2023-08-31 11:14:00+07:00,12.0,12.0,12.0,12.0,200.0
2023-08-31 11:15:00+07:00,12.0,12.0,12.0,12.0,31500.0
2023-08-31 11:16:00+07:00,12.0,12.1,12.0,12.1,10400.0
2023-08-31 11:17:00+07:00,12.1,12.1,12.0,12.0,600.0
2023-08-31 11:18:00+07:00,12.0,12.0,12.0,12.0,100.0
2023-08-31 11:19:00+07:00,12.0,12.0,12.0,12.0,107400.0
2023-08-31 11:20:00+07:00,12.0,12.0,12.0,12.0,8100.0
2023-08-31 11:21:00+07:00,12.0,12.0,12.0,12.0,4200.0
2023-08-31 11:22:00+07:00,12.0,12.0,11.9,11.9,421500.0
2023-08-31 11:23:00+07:00,11.9,12.0,11.9,11.9,71900.0
2023-08-31 11:24:00+07:00,11.9,11.9,11.9,11.9,18700.0
2023-08-31 11:25:00+07:00,11.9,11.9,11.9,11.9,60200.0
2023-08-31 11:26:00+07:00,11.9,11.9,11.9,11.9,3000.0
2023-08-31 11:27:00+07:00,11.9,11.9,11.9,11.9,1400.0
2023-08-31 11:29:00+07:00,12.0,12.0,12.0,12.0,100.0
2023-08-31 11:30:00+07:00,11.9,11.9,11.9,11.9,43700.0
2023-08-31 11:31:00+07:00,11.9,11.9,11.9,11.9,1118300.0
2023-08-31 11:32:00+07:00,11.9,11.9,11.9,11.9,111100.0
2023-08-31 11:35:00+07:00,11.9,11.9,11.9,11.9,3100.0
2023-08-31 11:36:00+07:00,11.9,11.9,11.9,11.9,5600.0
2023-08-31 11:37:00+07:00,11.9,11.9,11.9,11.9,10500.0
2023-08-31 11:38:00+07:00,11.9,11.9,11.9,11.9,2400.0
2023-08-31 11:41:00+07:00,11.9,11.9,11.9,11.9,989300.0
2023-08-31 11:45:00+07:00,11.9,11.9,11.9,11.9,100.0
2023-08-31 11:47:00+07:00,12.0,12.0,11.9,11.9,50100.0
2023-08-31 11:51:00+07:00,11.9,11.9,11.9,11.9,100.0
2023-08-31 11:52:00+07:00,11.9,11.9,11.9,11.9,3100.0
2023-08-31 11:54:00+07:00,11.9,11.9,11.9,11.9,100.0
2023-08-31 11:56:00+07:00,11.9,11.9,11.9,11.9,500.0
2023-08-31 11:57:00+07:00,11.9,11.9,11.9,11.9,200.0
2023-08-31 11:59:00+07:00,11.9,11.9,11.9,11.9,1000.0
2023-08-31 12:09:00+07:00,11.9,11.9,11.9,11.9,500.0
2023-08-31 12:10:00+07:00,11.9,11.9,11.9,11.9,2000.0
2023-08-31 12:11:00+07:00,11.9,11.9,11.9,11.9,200.0
2023-08-31 12:12:00+07:00,11.9,11.9,11.9,11.9,383400.0
2023-08-31 12:14:00+07:00,11.9,11.9,11.9,11.9,1000.0
2023-08-31 12:16:00+07:00,11.9,11.9,11.9,11.9,100.0
2023-08-31 12:17:00+07:00,11.9,11.9,11.9,11.9,20000.0
2023-08-31 12:18:00+07:00,11.9,11.9,11.9,11.9,18900.0
2023-08-31 12:21:00+07:00,11.8,11.9,11.8,11.9,663800.0
2023-08-31 12:22:00+07:00,12.0,12.0,11.9,12.0,1800.0
2023-08-31 12:23:00+07:00,11.9,11.9,11.9,11.9,10400.0
2023-08-31 12:24:00+07:00,11.9,11.9,11.9,11.9,200.0
2023-08-31 12:26:00+07:00,11.9,11.9,11.9,11.9,100.0
2023-08-31 12:29:00+07:00,12.0,12.0,12.0,12.0,100.0
2023-08-31 14:28:00+07:00,11.9,11.9,11.9,11.9,43600.0
2023-08-31 14:31:00+07:00,11.9,11.9,11.9,11.9,500.0
2023-08-31 14:34:00+07:00,11.9,11.9,11.9,11.9,1300.0
2023-08-31 14:36:00+07:00,11.9,11.9,11.9,11.9,122000.0
2023-08-31 14:37:00+07:00,11.9,11.9,11.9,11.9,2000.0
2023-08-31 14:38:00+07:00,11.9,11.9,11.9,11.9,2500.0
2023-08-31 14:39:00+07:00,11.9,11.9,11.9,11.9,100000.0
2023-08-31 14:40:00+07:00,11.9,11.9,11.9,11.9,120600.0
2023-08-31 14:41:00+07:00,11.9,11.9,11.9,11.9,341600.0
2023-08-31 14:42:00+07:00,11.9,11.9,11.8,11.8,332100.0
2023-08-31 14:43:00+07:00,11.8,11.8,11.8,11.8,7200.0
2023-08-31 14:44:00+07:00,11.8,11.8,11.8,11.8,1000.0
2023-08-31 14:46:00+07:00,11.8,11.8,11.8,11.8,24500.0
2023-08-31 14:48:00+07:00,11.8,11.9,11.8,11.9,400.0
2023-08-31 14:53:00+07:00,11.8,11.9,11.8,11.8,4600.0
2023-08-31 14:55:00+07:00,11.9,11.9,11.9,11.9,100.0
2023-08-31 14:56:00+07:00,11.9,11.9,11.8,11.9,6100.0
2023-08-31 14:57:00+07:00,11.9,11.9,11.9,11.9,300.0
2023-08-31 14:58:00+07:00,11.9,11.9,11.9,11.9,400.0
2023-08-31 14:59:00+07:00,11.9,11.9,11.8,11.9,7800.0
2023-08-31 15:00:00+07:00,11.9,11.9,11.9,11.9,500.0
2023-08-31 15:01:00+07:00,11.9,11.9,11.9,11.9,3300.0
2023-08-31 15:02:00+07:00,11.9,11.9,11.9,11.9,400.0
2023-08-31 15:03:00+07:00,11.9,11.9,11.9,11.9,100.0
2023-08-31 15:04:00+07:00,11.9,11.9,11.9,11.9,238200.0
2023-08-31 15:05:00+07:00,11.9,11.9,11.9,11.9,14900.0
2023-08-31 15:06:00+07:00,11.9,11.9,11.9,11.9,10000.0
2023-08-31 15:07:00+07:00,11.9,11.9,11.9,11.9,506300.0
2023-08-31 15:08:00+07:00,11.9,11.9,11.9,11.9,12900.0
2023-08-31 15:09:00+07:00,11.9,11.9,11.9,11.9,20000.0
2023-08-31 15:10:00+07:00,11.9,11.9,11.9,11.9,6300.0
2023-08-31 15:11:00+07:00,11.8,11.8,11.8,11.8,500000.0
2023-08-31 15:12:00+07:00,11.8,11.8,11.8,11.8,2000.0
2023-08-31 15:13:00+07:00,11.8,11.8,11.8,11.8,3000.0
2023-08-31 15:15:00+07:00,11.8,11.8,11.8,11.8,5900.0
2023-08-31 15:16:00+07:00,11.9,11.9,11.9,11.9,100.0
2023-08-31 15:17:00+07:00,11.9,11.9,11.9,11.9,1000.0
2023-08-31 15:18:00+07:00,11.8,11.8,11.8,11.8,3000.0
2023-08-31 15:19:00+07:00,11.8,11.8,11.8,11.8,1262700.0
2023-08-31 15:20:00+07:00,11.8,11.9,11.8,11.8,246300.0
2023-08-31 15:21:00+07:00,11.8,11.8,11.8,11.8,15800.0
2023-08-31 15:24:00+07:00,11.9,11.9,11.8,11.8,3500.0
2023-08-31 15:25:00+07:00,11.8,11.8,11.8,11.8,3300.0
2023-08-31 15:27:00+07:00,11.8,11.8,11.8,11.8,1000.0
2023-08-31 15:28:00+07:00,11.8,11.8,11.8,11.8,20000.0
2023-08-31 15:29:00+07:00,11.8,11.8,11.8,11.8,800.0
2023-08-31 15:32:00+07:00,11.8,11.8,11.8,11.8,60000.0
2023-08-31 15:33:00+07:00,11.8,11.8,11.8,11.8,20000.0
2023-08-31 15:34:00+07:00,11.8,11.8,11.8,11.8,20000.0
2023-08-31 15:39:00+07:00,11.8,11.8,11.8,11.8,400.0
2023-08-31 15:40:00+07:00,11.8,11.8,11.8,11.8,2000.0
2023-08-31 15:41:00+07:00,11.8,11.8,11.8,11.8,3000.0
2023-08-31 15:44:00+07:00,11.8,11.8,11.8,11.8,1400.0
2023-08-31 15:45:00+07:00,11.8,11.9,11.8,11.9,1200.0
2023-08-31 15:48:00+07:00,11.9,11.9,11.9,11.9,100.0
2023-08-31 15:49:00+07:00,11.9,11.9,11.9,11.9,5000.0
2023-08-31 15:50:00+07:00,11.9,11.9,11.9,11.9,200.0
2023-08-31 15:51:00+07:00,11.9,11.9,11.9,11.9,2500.0
2023-08-31 15:54:00+07:00,11.9,11.9,11.9,11.9,2400.0
2023-08-31 15:55:00+07:00,11.8,11.8,11.8,11.8,3000.0
2023-08-31 15:56:00+07:00,11.8,11.8,11.8,11.8,2000.0
2023-08-31 15:57:00+07:00,11.9,11.9,11.9,11.9,2200.0
2023-08-31 15:58:00+07:00,11.9,11.9,11.8,11.8,300.0
2023-08-31 15:59:00+07:00,11.9,11.9,11.8,11.9,3700.0
2023-08-31 16:00:00+07:00,11.8,11.8,11.8,11.8,100.0
2023-08-31 16:01:00+07:00,11.9,11.9,11.9,11.9,2000.0
2023-08-31 16:02:00+07:00,11.9,11.9,11.9,11.9,200.0
2023-08-31 16:03:00+07:00,11.9,11.9,11.8,11.8,2100.0
2023-08-31 16:04:00+07:00,11.8,11.8,11.8,11.8,200.0
2023-08-31 16:05:00+07:00,11.9,11.9,11.8,11.8,2700.0
2023-08-31 16:06:00+07:00,11.8,11.8,11.8,11.8,300.0
2023-08-31 16:07:00+07:00,11.8,11.9,11.8,11.8,1100.0
2023-08-31 16:08:00+07:00,11.8,11.9,11.8,11.9,22900.0
2023-08-31 16:09:00+07:00,11.8,11.9,11.8,11.8,7000.0
2023-08-31 16:10:00+07:00,11.8,11.8,11.8,11.8,803900.0
2023-08-31 16:11:00+07:00,11.8,11.8,11.8,11.8,859800.0
2023-08-31 16:12:00+07:00,11.8,11.8,11.8,11.8,574700.0
2023-08-31 16:13:00+07:00,11.8,11.8,11.8,11.8,100.0
2023-08-31 16:14:00+07:00,11.9,11.9,11.8,11.8,200.0
2023-08-31 16:15:00+07:00,11.8,11.8,11.8,11.8,11000.0
2023-08-31 16:16:00+07:00,11.8,11.8,11.8,11.8,11000.0
2023-08-31 16:17:00+07:00,11.8,11.8,11.8,11.8,500.0
2023-08-31 16:18:00+07:00,11.8,11.8,11.8,11.8,800.0
2023-08-31 16:19:00+07:00,11.8,11.8,11.8,11.8,11500.0
2023-08-31 16:20:00+07:00,11.8,11.8,11.8,11.8,100.0
2023-08-31 16:21:00+07:00,11.8,11.8,11.8,11.8,7000.0
2023-08-31 16:22:00+07:00,11.8,11.8,11.8,11.8,1600.0
2023-08-31 16:23:00+07:00,11.8,11.8,11.8,11.8,5000.0
2023-08-31 16:24:00+07:00,11.8,11.8,11.8,11.8,1300.0
2023-08-31 16:25:00+07:00,11.9,11.9,11.9,11.9,100.0
2023-08-31 16:27:00+07:00,11.8,11.8,11.8,11.8,41500.0
2023-08-31 16:28:00+07:00,11.8,11.8,11.8,11.8,100.0
2023-08-31 16:29:00+07:00,11.9,11.9,11.9,11.9,200.0
2023-08-31 16:37:00+07:00,11.8,11.8,11.8,11.8,1637000.0
2023-09-01 09:59:00+07:00,11.9,12.0,11.9,11.9,453200.0
2023-09-01 10:00:00+07:00,11.9,11.9,11.9,11.9,5000.0
2023-09-01 10:01:00+07:00,11.9,11.9,11.9,11.9,129000.0
2023-09-01 10:02:00+07:00,11.9,11.9,11.9,11.9,13400.0
2023-09-01 10:03:00+07:00,11.9,12.0,11.9,12.0,21600.0
2023-09-01 10:04:00+07:00,12.0,12.0,12.0,12.0,5800.0
2023-09-01 10:07:00+07:00,12.0,12.0,12.0,12.0,573300.0
2023-09-01 10:08:00+07:00,12.0,12.0,12.0,12.0,818900.0
2023-09-01 10:09:00+07:00,12.0,12.0,12.0,12.0,1000.0
2023-09-01 10:10:00+07:00,12.0,12.1,12.0,12.1,228200.0
2023-09-01 10:11:00+07:00,12.1,12.1,12.0,12.0,50100.0
2023-09-01 10:12:00+07:00,12.1,12.1,12.0,12.0,7700.0
2023-09-01 10:13:00+07:00,12.0,12.1,12.0,12.1,7500.0
2023-09-01 10:14:00+07:00,12.1,12.1,12.1,12.1,500.0
2023-09-01 10:16:00+07:00,12.1,12.1,12.1,12.1,7400.0
2023-09-01 10:17:00+07:00,12.1,12.1,12.0,12.1,8600.0
2023-09-01 10:20:00+07:00,12.1,12.1,12.1,12.1,5400.0
2023-09-01 10:21:00+07:00,12.0,12.0,12.0,12.0,500.0
2023-09-01 10:22:00+07:00,12.0,12.1,12.0,12.1,4400.0
2023-09-01 10:23:00+07:00,12.0,12.0,12.0,12.0,3600.0
2023-09-01 10:24:00+07:00,12.0,12.1,12.0,12.1,4800.0
2023-09-01 10:25:00+07:00,12.1,12.1,12.1,12.1,2400.0
2023-09-01 10:26:00+07:00,12.0,12.1,12.0,12.1,23900.0
2023-09-01 10:28:00+07:00,12.1,12.1,12.1,12.1,13800.0
2023-09-01 10:30:00+07:00,12.0,12.0,12.0,12.0,5700.0
2023-09-01 10:31:00+07:00,12.1,12.1,12.0,12.0,3900.0
2023-09-01 10:32:00+07:00,12.0,12.0,12.0,12.0,56100.0
2023-09-01 10:33:00+07:00,12.0,12.0,12.0,12.0,3900.0
2023-09-01 10:34:00+07:00,12.0,12.0,11.9,11.9,1445600.0
2023-09-01 10:35:00+07:00,12.0,12.0,12.0,12.0,1500.0
2023-09-01 10:38:00+07:00,12.0,12.0,11.9,11.9,1500.0
2023-09-01 10:39:00+07:00,11.9,11.9,11.9,11.9,5300.0
2023-09-01 10:40:00+07:00,11.9,11.9,11.9,11.9,11200.0
2023-09-01 10:42:00+07:00,11.9,11.9,11.9,11.9,31700.0
2023-09-01 10:43:00+07:00,11.9,11.9,11.9,11.9,2100.0
2023-09-01 10:44:00+07:00,11.9,11.9,11.9,11.9,2500.0
2023-09-01 10:47:00+07:00,11.9,11.9,11.9,11.9,100.0
2023-09-01 10:48:00+07:00,11.9,11.9,11.9,11.9,55900.0
2023-09-01 10:49:00+07:00,11.9,11.9,11.9,11.9,56400.0
2023-09-01 10:51:00+07:00,11.9,11.9,11.9,11.9,12500.0
2023-09-01 10:54:00+07:00,12.0,12.0,12.0,12.0,100.0
2023-09-01 10:58:00+07:00,12.0,12.0,11.9,11.9,5400.0
2023-09-01 11:02:00+07:00,11.9,11.9,11.9,11.9,4400.0
2023-09-01 11:03:00+07:00,11.9,11.9,11.9,11.9,1400.0
2023-09-01 11:04:00+07:00,12.0,12.0,12.0,12.0,1348000.0
2023-09-01 11:05:00+07:00,12.0,12.0,12.0,12.0,800.0
2023-09-01 11:06:00+07:00,12.1,12.1,12.0,12.0,3000.0
2023-09-01 11:07:00+07:00,12.0,12.1,12.0,12.0,9600.0
2023-09-01 11:08:00+07:00,12.0,12.0,12.0,12.0,300.0
2023-09-01 11:09:00+07:00,12.1,12.1,12.0,12.0,110000.0
2023-09-01 11:10:00+07:00,12.1,12.1,12.1,12.1,2300.0
2023-09-01 11:11:00+07:00,12.1,12.1,12.0,12.1,100800.0
2023-09-01 11:12:00+07:00,12.1,12.1,12.0,12.0,600.0
2023-09-01 11:13:00+07:00,12.0,12.1,12.0,12.1,5800.0
2023-09-01 11:14:00+07:00,12.1,12.1,12.1,12.1,400.0
2023-09-01 11:15:00+07:00,12.1,12.1,12.1,12.1,100.0
2023-09-01 11:16:00+07:00,12.0,12.0,12.0,12.0,1000.0
2023-09-01 11:17:00+07:00,12.1,12.1,12.0,12.1,4500.0
2023-09-01 11:18:00+07:00,12.0,12.0,12.0,12.0,25800.0
2023-09-01 11:19:00+07:00,12.0,12.1,12.0,12.1,12200.0
2023-09-01 11:20:00+07:00,12.0,12.0,12.0,12.0,100.0
2023-09-01 11:21:00+07:00,12.0,12.0,12.0,12.0,500.0
2023-09-01 11:22:00+07:00,12.0,12.0,12.0,12.0,4500.0
2023-09-01 11:25:00+07:00,12.0,12.0,12.0,12.0,1100.0
2023-09-01 11:26:00+07:00,12.0,12.0,12.0,12.0,2200.0
2023-09-01 11:27:00+07:00,12.1,12.1,12.0,12.0,2600.0
2023-09-01 11:28:00+07:00,12.0,12.0,12.0,12.0,3500.0
2023-09-01 11:29:00+07:00,12.0,12.0,12.0,12.0,7000.0
2023-09-01 11:30:00+07:00,12.0,12.0,12.0,12.0,28400.0
2023-09-01 11:31:00+07:00,12.0,12.0,12.0,12.0,2000.0
2023-09-01 11:32:00+07:00,12.0,12.1,12.0,12.1,6000.0
2023-09-01 11:33:00+07:00,12.0,12.0,12.0,12.0,23000.0
2023-09-01 11:34:00+07:00,12.1,12.1,12.0,12.0,2400.0
2023-09-01 11:35:00+07:00,12.0,12.0,12.0,12.0,100.0
2023-09-01 11:36:00+07:00,12.1,12.1,12.0,12.0,5100.0
2023-09-01 11:37:00+07:00,12.0,12.0,12.0,12.0,5000.0
2023-09-01 11:38:00+07:00,12.0,12.0,12.0,12.0,4000.0
2023-09-01 11:39:00+07:00,12.0,12.0,12.0,12.0,20000.0
2023-09-01 11:41:00+07:00,12.0,12.0,12.0,12.0,2000.0
2023-09-01 11:42:00+07:00,12.0,12.0,12.0,12.0,2200.0
2023-09-01 11:43:00+07:00,12.0,12.0,12.0,12.0,2100.0
2023-09-01 11:44:00+07:00,12.0,12.0,12.0,12.0,2000.0
2023-09-01 11:45:00+07:00,12.0,12.0,12.0,12.0,400.0
2023-09-01 11:47:00+07:00,12.0,12.0,12.0,12.0,300.0
2023-09-01 11:48:00+07:00,12.0,12.0,12.0,12.0,15000.0
2023-09-01 11:49:00+07:00,12.0,12.0,12.0,12.0,500.0
2023-09-01 11:50:00+07:00,12.0,12.0,12.0,12.0,1000.0
2023-09-01 11:51:00+07:00,12.0,12.0,12.0,12.0,100.0
2023-09-01 11:53:00+07:00,12.0,12.0,12.0,12.0,100.0
2023-09-01 11:54:00+07:00,12.0,12.0,12.0,12.0,400.0
2023-09-01 11:55:00+07:00,12.0,12.0,12.0,12.0,5000.0
2023-09-01 11:56:00+07:00,12.0,12.0,12.0,12.0,3200.0
2023-09-01 11:57:00+07:00,12.0,12.0,11.9,12.0,2025800.0
2023-09-01 11:58:00+07:00,12.0,12.0,12.0,12.0,717300.0
2023-09-01 11:59:00+07:00,12.0,12.0,12.0,12.0,23500.0
2023-09-01 12:03:00+07:00,12.1,12.1,12.1,12.1,100.0
2023-09-01 12:07:00+07:00,12.0,12.0,12.0,12.0,11100.0
2023-09-01 12:09:00+07:00,12.0,12.0,12.0,12.0,2600.0
2023-09-01 12:10:00+07:00,12.1,12.1,12.1,12.1,2000.0
2023-09-01 12:11:00+07:00,12.1,12.1,12.1,12.1,2500.0
2023-09-01 12:15:00+07:00,12.0,12.1,12.0,12.1,1800.0
2023-09-01 12:17:00+07:00,12.1,12.1,12.1,12.1,700.0
2023-09-01 12:18:00+07:00,12.0,12.0,12.0,12.0,10100.0
2023-09-01 12:19:00+07:00,12.0,12.0,12.0,12.0,100.0
2023-09-01 12:20:00+07:00,12.0,12.1,12.0,12.0,6500.0
2023-09-01 12:21:00+07:00,12.0,12.0,12.0,12.0,600.0
2023-09-01 12:24:00+07:00,12.0,12.0,12.0,12.0,13000.0
2023-09-01 12:25:00+07:00,12.0,12.0,12.0,12.0,28500.0
2023-09-01 12:26:00+07:00,12.0,12.0,12.0,12.0,2600.0
2023-09-01 12:27:00+07:00,12.1,12.1,12.1,12.1,1000.0
2023-09-01 12:28:00+07:00,12.0,12.0,12.0,12.0,13000.0
2023-09-01 12:29:00+07:00,12.0,12.1,12.0,12.0,1100.0
2023-09-01 14:27:00+07:00,12.0,12.0,12.0,12.0,59500.0
2023-09-01 14:28:00+07:00,12.1,12.1,12.1,12.1,2075500.0
2023-09-01 14:29:00+07:00,12.1,12.2,12.1,12.2,36000.0
2023-09-01 14:30:00+07:00,12.1,12.1,12.1,12.1,14800.0
2023-09-01 14:31:00+07:00,12.1,12.2,12.1,12.2,837200.0
2023-09-01 14:32:00+07:00,12.2,12.2,12.2,12.2,2484200.0
2023-09-01 14:33:00+07:00,12.2,12.2,12.2,12.2,19700.0
2023-09-01 14:34:00+07:00,12.2,12.2,12.2,12.2,90100.0
2023-09-01 14:35:00+07:00,12.2,12.2,12.2,12.2,370100.0
2023-09-01 14:36:00+07:00,12.2,12.2,12.2,12.2,5700.0
2023-09-01 14:38:00+07:00,12.2,12.2,12.2,12.2,5000.0
2023-09-01 14:39:00+07:00,12.2,12.2,12.2,12.2,1200.0
2023-09-01 14:41:00+07:00,12.1,12.2,12.1,12.1,14300.0
2023-09-01 14:42:00+07:00,12.1,12.1,12.1,12.1,208500.0
2023-09-01 14:43:00+07:00,12.1,12.1,12.1,12.1,600.0
2023-09-01 14:44:00+07:00,12.1,12.1,12.1,12.1,200.0
2023-09-01 14:45:00+07:00,12.2,12.2,12.1,12.1,3100.0
2023-09-01 14:46:00+07:00,12.1,12.1,12.1,12.1,900.0
2023-09-01 14:47:00+07:00,12.1,12.1,12.1,12.1,3500.0
2023-09-01 14:48:00+07:00,12.1,12.1,12.1,12.1,5500.0
2023-09-01 14:49:00+07:00,12.1,12.1,12.1,12.1,9100.0
2023-09-01 14:51:00+07:00,12.1,12.2,12.1,12.2,285300.0
2023-09-01 14:52:00+07:00,12.2,12.3,12.2,12.2,635200.0
2023-09-01 14:53:00+07:00,12.2,12.3,12.2,12.3,26700.0
2023-09-01 14:54:00+07:00,12.3,12.3,12.2,12.2,13800.0
2023-09-01 14:55:00+07:00,12.2,12.2,12.2,12.2,7900.0
2023-09-01 14:56:00+07:00,12.2,12.2,12.2,12.2,116100.0
2023-09-01 14:57:00+07:00,12.3,12.3,12.2,12.2,13200.0
2023-09-01 14:58:00+07:00,12.2,12.3,12.2,12.3,4800.0
2023-09-01 15:00:00+07:00,12.3,12.3,12.2,12.2,2900.0
2023-09-01 15:01:00+07:00,12.2,12.2,12.2,12.2,150600.0
2023-09-01 15:02:00+07:00,12.2,12.2,12.2,12.2,628100.0
2023-09-01 15:03:00+07:00,12.1,12.1,12.1,12.1,9800.0
2023-09-01 15:05:00+07:00,12.1,12.1,12.1,12.1,1600.0
2023-09-01 15:06:00+07:00,12.2,12.2,12.1,12.2,726600.0
2023-09-01 15:07:00+07:00,12.2,12.3,12.2,12.3,2238400.0
2023-09-01 15:08:00+07:00,12.3,12.3,12.3,12.3,83300.0
2023-09-01 15:09:00+07:00,12.3,12.3,12.3,12.3,207200.0
2023-09-01 15:10:00+07:00,12.3,12.3,12.3,12.3,121200.0
2023-09-01 15:11:00+07:00,12.3,12.3,12.3,12.3,6800.0
2023-09-01 15:12:00+07:00,12.3,12.3,12.3,12.3,41500.0
2023-09-01 15:13:00+07:00,12.3,12.3,12.3,12.3,37200.0
2023-09-01 15:14:00+07:00,12.3,12.3,12.3,12.3,62300.0
2023-09-01 15:15:00+07:00,12.3,12.4,12.3,12.3,26900.0
2023-09-01 15:16:00+07:00,12.3,12.3,12.3,12.3,6500.0
2023-09-01 15:17:00+07:00,12.3,12.4,12.3,12.4,1695900.0
2023-09-01 15:18:00+07:00,12.4,12.4,12.3,12.3,524900.0
2023-09-01 15:19:00+07:00,12.4,12.4,12.3,12.3,25500.0
2023-09-01 15:20:00+07:00,12.3,12.4,12.3,12.3,11700.0
2023-09-01 15:21:00+07:00,12.3,12.4,12.3,12.3,13800.0
2023-09-01 15:22:00+07:00,12.3,12.4,12.3,12.3,351600.0
2023-09-01 15:23:00+07:00,12.3,12.3,12.3,12.3,195500.0
2023-09-01 15:24:00+07:00,12.3,12.3,12.2,12.2,26500.0
2023-09-01 15:25:00+07:00,12.3,12.3,12.3,12.3,500.0
2023-09-01 15:26:00+07:00,12.2,12.2,12.2,12.2,189700.0
2023-09-01 15:27:00+07:00,12.2,12.2,12.1,12.1,348100.0
2023-09-01 15:28:00+07:00,12.2,12.2,12.2,12.2,7500.0
2023-09-01 15:29:00+07:00,12.2,12.2,12.2,12.2,632900.0
2023-09-01 15:30:00+07:00,12.2,12.3,12.2,12.3,1500.0
2023-09-01 15:31:00+07:00,12.2,12.2,12.2,12.2,18300.0
2023-09-01 15:32:00+07:00,12.2,12.2,12.2,12.2,1000.0
2023-09-01 15:33:00+07:00,12.2,12.2,12.2,12.2,22300.0
2023-09-01 15:34:00+07:00,12.2,12.3,12.2,12.3,2100.0
2023-09-01 15:35:00+07:00,12.3,12.3,12.3,12.3,3000.0
2023-09-01 15:36:00+07:00,12.3,12.3,12.2,12.3,67100.0
2023-09-01 15:37:00+07:00,12.3,12.3,12.3,12.3,3000.0
2023-09-01 15:38:00+07:00,12.3,12.3,12.3,12.3,875400.0
2023-09-01 15:39:00+07:00,12.3,12.3,12.2,12.3,42300.0
2023-09-01 15:41:00+07:00,12.2,12.2,12.2,12.2,646000.0
2023-09-01 15:42:00+07:00,12.2,12.2,12.2,12.2,3000.0
2023-09-01 15:43:00+07:00,12.2,12.2,12.2,12.2,2000.0
2023-09-01 15:44:00+07:00,12.2,12.3,12.2,12.3,4500.0
2023-09-01 15:45:00+07:00,12.2,12.2,12.2,12.2,80000.0
2023-09-01 15:46:00+07:00,12.2,12.2,12.2,12.2,200.0
2023-09-01 15:47:00+07:00,12.2,12.2,12.1,12.2,1752200.0
2023-09-01 15:48:00+07:00,12.2,12.2,12.2,12.2,100.0
2023-09-01 15:49:00+07:00,12.2,12.2,12.2,12.2,1357500.0
2023-09-01 15:50:00+07:00,12.2,12.2,12.2,12.2,5200.0
2023-09-01 15:51:00+07:00,12.2,12.2,12.2,12.2,13000.0
2023-09-01 15:52:00+07:00,12.3,12.3,12.2,12.3,13100.0
2023-09-01 15:54:00+07:00,12.3,12.3,12.3,12.3,1146300.0
2023-09-01 15:55:00+07:00,12.3,12.4,12.3,12.3,35200.0
2023-09-01 15:56:00+07:00,12.3,12.4,12.3,12.3,5500.0
2023-09-01 15:57:00+07:00,12.3,12.3,12.3,12.3,100900.0
2023-09-01 15:58:00+07:00,12.3,12.4,12.3,12.3,102600.0
2023-09-01 15:59:00+07:00,12.3,12.3,12.3,12.3,599500.0
2023-09-01 16:00:00+07:00,12.2,12.2,12.2,12.2,10600.0
2023-09-01 16:01:00+07:00,12.2,12.2,12.2,12.2,2000.0
2023-09-01 16:02:00+07:00,12.2,12.2,12.2,12.2,1100.0
2023-09-01 16:03:00+07:00,12.3,12.3,12.3,12.3,100.0
2023-09-01 16:04:00+07:00,12.3,12.3,12.3,12.3,3500.0
2023-09-01 16:05:00+07:00,12.3,12.3,12.3,12.3,4000.0
2023-09-01 16:07:00+07:00,12.3,12.3,12.3,12.3,1000.0
2023-09-01 16:08:00+07:00,12.2,12.2,12.2,12.2,3000.0
2023-09-01 16:09:00+07:00,12.3,12.3,12.2,12.2,755000.0
2023-09-01 16:10:00+07:00,12.2,12.2,12.2,12.2,600.0
2023-09-01 16:11:00+07:00,12.2,12.2,12.2,12.2,1000.0
2023-09-01 16:12:00+07:00,12.2,12.2,12.2,12.2,5000.0
2023-09-01 16:13:00+07:00,12.3,12.3,12.3,12.3,1500.0
2023-09-01 16:14:00+07:00,12.3,12.3,12.2,12.2,13100.0
2023-09-01 16:15:00+07:00,12.2,12.2,12.2,12.2,42000.0
2023-09-01 16:16:00+07:00,12.2,12.3,12.2,12.3,13500.0
2023-09-01 16:17:00+07:00,12.3,12.3,12.2,12.3,29800.0
2023-09-01 16:18:00+07:00,12.2,12.3,12.2,12.3,5600.0
2023-09-01 16:19:00+07:00,12.2,12.2,12.2,12.2,200.0
2023-09-01 16:20:00+07:00,12.3,12.3,12.2,12.2,8100.0
2023-09-01 16:21:00+07:00,12.3,12.3,12.2,12.3,15800.0
2023-09-01 16:22:00+07:00,12.3,12.3,12.2,12.2,7100.0
2023-09-01 16:23:00+07:00,12.3,12.3,12.3,12.3,10300.0
2023-09-01 16:24:00+07:00,12.3,12.3,12.2,12.2,5100.0
2023-09-01 16:25:00+07:00,12.3,12.3,12.3,12.3,24500.0
2023-09-01 16:26:00+07:00,12.3,12.3,12.2,12.2,1101500.0
2023-09-01 16:27:00+07:00,12.3,12.4,12.2,12.3,1187700.0
2023-09-01 16:28:00+07:00,12.4,12.4,12.3,12.4,4400.0
2023-09-01 16:29:00+07:00,12.4,12.4,12.3,12.4,235500.0
2023-09-01 16:39:00+07:00,12.3,12.3,12.3,12.3,1123600.0
2023-09-04 09:59:00+07:00,12.2,12.3,12.2,12.3,379300.0
2023-09-04 10:00:00+07:00,12.3,12.4,12.3,12.4,790200.0
2023-09-04 10:01:00+07:00,12.4,12.4,12.4,12.4,67800.0
2023-09-04 10:02:00+07:00,12.4,12.4,12.3,12.3,200.0
2023-09-04 10:03:00+07:00,12.4,12.4,12.3,12.3,460500.0
2023-09-04 10:04:00+07:00,12.3,12.3,12.2,12.2,163000.0
2023-09-04 10:05:00+07:00,12.2,12.3,12.2,12.3,11200.0
2023-09-04 10:06:00+07:00,12.3,12.3,12.3,12.3,24300.0
2023-09-04 10:07:00+07:00,12.3,12.3,12.3,12.3,4400.0
2023-09-04 10:08:00+07:00,12.3,12.3,12.2,12.2,13700.0
2023-09-04 10:09:00+07:00,12.2,12.2,12.2,12.2,1000.0
2023-09-04 10:10:00+07:00,12.3,12.3,12.3,12.3,200.0
2023-09-04 10:11:00+07:00,12.3,12.3,12.3,12.3,6300.0
2023-09-04 10:12:00+07:00,12.3,12.3,12.2,12.2,13000.0
2023-09-04 10:13:00+07:00,12.3,12.3,12.3,12.3,2100.0
2023-09-04 10:14:00+07:00,12.3,12.3,12.3,12.3,15300.0
2023-09-04 10:15:00+07:00,12.2,12.3,12.2,12.2,5200.0
2023-09-04 10:16:00+07:00,12.3,12.3,12.3,12.3,9000.0
2023-09-04 10:18:00+07:00,12.3,12.3,12.3,12.3,695000.0
2023-09-04 10:19:00+07:00,12.3,12.3,12.3,12.3,35000.0
2023-09-04 10:20:00+07:00,12.3,12.4,12.3,12.4,596600.0
2023-09-04 10:21:00+07:00,12.4,12.4,12.3,12.4,11000.0
2023-09-04 10:22:00+07:00,12.4,12.4,12.4,12.4,16300.0
2023-09-04 10:23:00+07:00,12.4,12.4,12.3,12.3,43700.0
2023-09-04 10:24:00+07:00,12.3,12.4,12.3,12.4,33500.0
2023-09-04 10:25:00+07:00,12.3,12.4,12.3,12.4,43000.0
2023-09-04 10:26:00+07:00,12.3,12.4,12.3,12.3,22900.0
2023-09-04 10:27:00+07:00,12.4,12.4,12.4,12.4,31600.0
2023-09-04 10:28:00+07:00,12.4,12.4,12.4,12.4,8900.0
2023-09-04 10:29:00+07:00,12.4,12.4,12.3,12.3,19400.0
2023-09-04 10:30:00+07:00,12.4,12.4,12.3,12.4,23500.0
2023-09-04 10:31:00+07:00,12.4,12.4,12.3,12.4,10000.0
2023-09-04 10:32:00+07:00,12.4,12.4,12.4,12.4,3500.0
2023-09-04 10:34:00+07:00,12.4,12.4,12.4,12.4,767100.0
2023-09-04 10:35:00+07:00,12.5,12.5,12.4,12.5,3900.0
2023-09-04 10:36:00+07:00,12.5,12.5,12.4,12.5,12600.0
2023-09-04 10:37:00+07:00,12.4,12.5,12.4,12.4,21500.0
2023-09-04 10:38:00+07:00,12.5,12.5,12.4,12.5,5000.0
2023-09-04 10:39:00+07:00,12.4,12.5,12.4,12.4,2800.0
2023-09-04 10:40:00+07:00,12.5,12.5,12.4,12.5,42400.0
2023-09-04 10:41:00+07:00,12.5,12.5,12.4,12.4,9300.0
2023-09-04 10:42:00+07:00,12.4,12.5,12.4,12.5,3100.0
2023-09-04 10:43:00+07:00,12.4,12.4,12.4,12.4,21700.0
2023-09-04 10:44:00+07:00,12.4,12.4,12.4,12.4,4600.0
2023-09-04 10:45:00+07:00,12.4,12.4,12.4,12.4,1453400.0
2023-09-04 10:46:00+07:00,12.4,12.4,12.4,12.4,3200.0
2023-09-04 10:47:00+07:00,12.4,12.4,12.4,12.4,7000.0
2023-09-04 10:48:00+07:00,12.4,12.4,12.3,12.4,5600.0
2023-09-04 10:49:00+07:00,12.4,12.4,12.4,12.4,500.0
2023-09-04 10:51:00+07:00,12.4,12.4,12.4,12.4,10700.0
2023-09-04 10:52:00+07:00,12.4,12.4,12.4,12.4,1000.0
2023-09-04 10:53:00+07:00,12.4,12.4,12.4,12.4,200.0
2023-09-04 10:54:00+07:00,12.3,12.4,12.3,12.4,5200.0
2023-09-04 10:55:00+07:00,12.4,12.4,12.4,12.4,200.0
2023-09-04 10:56:00+07:00,12.3,12.4,12.3,12.4,5300.0
2023-09-04 10:58:00+07:00,12.4,12.4,12.4,12.4,100.0
2023-09-04 10:59:00+07:00,12.3,12.4,12.3,12.4,1200.0
2023-09-04 11:00:00+07:00,12.3,12.4,12.3,12.4,20600.0
2023-09-04 11:01:00+07:00,12.3,12.4,12.3,12.4,600.0
2023-09-04 11:02:00+07:00,12.3,12.4,12.3,12.4,600.0
2023-09-04 11:03:00+07:00,12.3,12.4,12.3,12.4,300.0
2023-09-04 11:04:00+07:00,12.3,12.3,12.3,12.3,100.0
2023-09-04 11:05:00+07:00,12.3,12.4,12.3,12.4,198200.0
2023-09-04 11:06:00+07:00,12.4,12.4,12.4,12.4,19100.0
2023-09-04 11:07:00+07:00,12.4,12.4,12.4,12.4,12800.0
2023-09-04 11:08:00+07:00,12.4,12.4,12.4,12.4,4800.0
2023-09-04 11:10:00+07:00,12.3,12.3,12.3,12.3,100.0
2023-09-04 11:12:00+07:00,12.3,12.3,12.3,12.3,1000.0
2023-09-04 11:13:00+07:00,12.3,12.3,12.3,12.3,2200.0
2023-09-04 11:16:00+07:00,12.4,12.4,12.3,12.3,600.0
2023-09-04 11:17:00+07:00,12.3,12.4,12.3,12.4,200.0
2023-09-04 11:20:00+07:00,12.4,12.4,12.4,12.4,2000.0
2023-09-04 11:21:00+07:00,12.4,12.4,12.4,12.4,9600.0
2023-09-04 11:22:00+07:00,12.4,12.4,12.4,12.4,15500.0
2023-09-04 11:24:00+07:00,12.3,12.3,12.3,12.3,100.0
2023-09-04 11:25:00+07:00,12.3,12.4,12.3,12.4,8100.0
2023-09-04 11:26:00+07:00,12.3,12.4,12.3,12.4,86300.0
2023-09-04 11:27:00+07:00,12.4,12.4,12.4,12.4,10700.0
2023-09-04 11:28:00+07:00,12.4,12.4,12.3,12.3,11200.0
2023-09-04 11:29:00+07:00,12.3,12.4,12.3,12.4,6200.0
2023-09-04 11:34:00+07:00,12.4,12.4,12.4,12.4,14200.0
2023-09-04 11:35:00+07:00,12.4,12.4,12.4,12.4,100.0
2023-09-04 11:37:00+07:00,12.3,12.4,12.3,12.4,6000.0
2023-09-04 11:38:00+07:00,12.4,12.4,12.4,12.4,3500.0
2023-09-04 11:39:00+07:00,12.3,12.3,12.3,12.3,1474500.0
2023-09-04 11:40:00+07:00,12.3,12.4,12.3,12.4,9600.0
2023-09-04 11:41:00+07:00,12.3,12.3,12.3,12.3,10000.0
2023-09-04 11:42:00+07:00,12.3,12.3,12.3,12.3,25000.0
2023-09-04 11:43:00+07:00,12.3,12.3,12.3,12.3,5000.0
2023-09-04 11:44:00+07:00,12.3,12.3,12.3,12.3,12500.0
2023-09-04 11:45:00+07:00,12.3,12.3,12.3,12.3,6000.0
2023-09-04 11:46:00+07:00,12.3,12.3,12.3,12.3,181500.0
2023-09-04 11:47:00+07:00,12.3,12.3,12.3,12.3,3600.0
2023-09-04 11:48:00+07:00,12.3,12.3,12.3,12.3,10200.0
2023-09-04 11:49:00+07:00,12.3,12.3,12.3,12.3,200.0
2023-09-04 11:50:00+07:00,12.3,12.4,12.3,12.4,3100.0
2023-09-04 11:54:00+07:00,12.3,12.3,12.3,12.3,500.0
2023-09-04 11:55:00+07:00,12.3,12.4,12.3,12.4,13300.0
2023-09-04 11:56:00+07:00,12.3,12.3,12.3,12.3,104900.0
2023-09-04 11:57:00+07:00,12.3,12.3,12.3,12.3,7600.0
2023-09-04 11:59:00+07:00,12.3,12.3,12.3,12.3,400.0
2023-09-04 12:00:00+07:00,12.3,12.3,12.3,12.3,4000.0
2023-09-04 12:02:00+07:00,12.3,12.3,12.3,12.3,4000.0
2023-09-04 12:03:00+07:00,12.3,12.3,12.3,12.3,27500.0
2023-09-04 12:04:00+07:00,12.3,12.3,12.3,12.3,1000.0
2023-09-04 12:06:00+07:00,12.3,12.3,12.3,12.3,1000.0
2023-09-04 12:07:00+07:00,12.3,12.3,12.3,12.3,3000.0
2023-09-04 12:08:00+07:00,12.3,12.3,12.3,12.3,41000.0
2023-09-04 12:09:00+07:00,12.3,12.3,12.3,12.3,5100.0
2023-09-04 12:10:00+07:00,12.3,12.4,12.3,12.3,17600.0
2023-09-04 12:12:00+07:00,12.4,12.4,12.4,12.4,15300.0
2023-09-04 12:13:00+07:00,12.4,12.4,12.4,12.4,11900.0
2023-09-04 12:14:00+07:00,12.4,12.4,12.3,12.3,20300.0
2023-09-04 12:15:00+07:00,12.3,12.4,12.3,12.4,10300.0
2023-09-04 12:16:00+07:00,12.3,12.4,12.3,12.4,15400.0
2023-09-04 12:17:00+07:00,12.3,12.4,12.3,12.4,112900.0
2023-09-04 12:18:00+07:00,12.4,12.4,12.3,12.3,28000.0
2023-09-04 12:19:00+07:00,12.4,12.4,12.3,12.3,13000.0
2023-09-04 12:20:00+07:00,12.4,12.4,12.4,12.4,7800.0
2023-09-04 12:21:00+07:00,12.4,12.4,12.4,12.4,12900.0
2023-09-04 12:22:00+07:00,12.4,12.4,12.3,12.4,11000.0
2023-09-04 12:26:00+07:00,12.3,12.3,12.3,12.3,2000.0
2023-09-04 12:28:00+07:00,12.3,12.3,12.3,12.3,1500.0
2023-09-04 12:29:00+07:00,12.3,12.4,12.3,12.4,1100.0
2023-09-04 14:29:00+07:00,12.3,12.4,12.3,12.4,576400.0
2023-09-04 14:30:00+07:00,12.3,12.3,12.3,12.3,100.0
2023-09-04 14:31:00+07:00,12.3,12.3,12.3,12.3,4700.0
2023-09-04 14:32:00+07:00,12.3,12.3,12.3,12.3,3000.0
2023-09-04 14:33:00+07:00,12.3,12.4,12.3,12.4,50300.0
2023-09-04 14:34:00+07:00,12.3,12.3,12.3,12.3,8600.0
2023-09-04 14:35:00+07:00,12.3,12.3,12.3,12.3,10100.0
2023-09-04 14:36:00+07:00,12.3,12.4,12.3,12.3,21000.0
2023-09-04 14:37:00+07:00,12.3,12.4,12.3,12.3,26000.0
2023-09-04 14:38:00+07:00,12.3,12.4,12.3,12.3,34400.0
2023-09-04 14:39:00+07:00,12.3,12.3,12.3,12.3,7200.0
2023-09-04 14:40:00+07:00,12.3,12.4,12.3,12.3,16300.0
2023-09-04 14:41:00+07:00,12.3,12.4,12.3,12.4,20600.0
2023-09-04 14:42:00+07:00,12.3,12.3,12.3,12.3,11700.0
2023-09-04 14:43:00+07:00,12.3,12.3,12.3,12.3,6000.0
2023-09-04 14:44:00+07:00,12.3,12.4,12.3,12.3,1070200.0
2023-09-04 14:45:00+07:00,12.3,12.4,12.3,12.4,80200.0
2023-09-04 14:46:00+07:00,12.4,12.4,12.3,12.3,2900.0
2023-09-04 14:47:00+07:00,12.4,12.4,12.4,12.4,4100.0
2023-09-04 14:48:00+07:00,12.3,12.3,12.3,12.3,400.0
2023-09-04 14:49:00+07:00,12.4,12.4,12.4,12.4,2823100.0
2023-09-04 14:50:00+07:00,12.4,12.5,12.4,12.5,2417300.0
2023-09-04 14:51:00+07:00,12.5,12.6,12.5,12.5,153800.0
2023-09-04 14:52:00+07:00,12.6,12.6,12.5,12.5,24600.0
2023-09-04 14:53:00+07:00,12.5,12.5,12.5,12.5,25000.0
2023-09-04 14:54:00+07:00,12.5,12.5,12.5,12.5,922400.0
2023-09-04 14:55:00+07:00,12.5,12.6,12.5,12.5,78600.0
2023-09-04 14:56:00+07:00,12.5,12.6,12.5,12.5,51500.0
2023-09-04 14:57:00+07:00,12.5,12.5,12.5,12.5,32700.0
2023-09-04 14:58:00+07:00,12.5,12.5,12.5,12.5,107400.0
2023-09-04 14:59:00+07:00,12.5,12.5,12.5,12.5,286700.0
2023-09-04 15:00:00+07:00,12.5,12.5,12.5,12.5,7400.0
2023-09-04 15:01:00+07:00,12.5,12.5,12.5,12.5,6000.0
2023-09-04 15:02:00+07:00,12.5,12.5,12.5,12.5,15600.0
2023-09-04 15:03:00+07:00,12.5,12.5,12.5,12.5,20500.0
2023-09-04 15:04:00+07:00,12.5,12.5,12.5,12.5,18100.0
2023-09-04 15:05:00+07:00,12.5,12.5,12.5,12.5,7600.0
2023-09-04 15:06:00+07:00,12.5,12.5,12.5,12.5,5800.0
2023-09-04 15:07:00+07:00,12.5,12.5,12.5,12.5,8500.0
2023-09-04 15:08:00+07:00,12.5,12.5,12.5,12.5,27300.0
2023-09-04 15:09:00+07:00,12.5,12.6,12.5,12.5,11200.0
2023-09-04 15:10:00+07:00,12.6,12.6,12.5,12.5,17400.0
2023-09-04 15:11:00+07:00,12.5,12.5,12.5,12.5,11700.0
2023-09-04 15:12:00+07:00,12.5,12.5,12.5,12.5,3800.0
2023-09-04 15:13:00+07:00,12.5,12.5,12.5,12.5,8400.0
2023-09-04 15:14:00+07:00,12.6,12.6,12.5,12.6,1553600.0
2023-09-04 15:15:00+07:00,12.6,12.6,12.5,12.6,427000.0
2023-09-04 15:16:00+07:00,12.6,12.6,12.6,12.6,659200.0
2023-09-04 15:17:00+07:00,12.6,12.6,12.6,12.6,9100.0
2023-09-04 15:18:00+07:00,12.6,12.6,12.5,12.5,300.0
2023-09-04 15:19:00+07:00,12.5,12.5,12.5,12.5,1000.0
2023-09-04 15:23:00+07:00,12.6,12.6,12.5,12.5,7100.0
2023-09-04 15:25:00+07:00,12.5,12.6,12.5,12.6,10500.0
2023-09-04 15:26:00+07:00,12.5,12.5,12.5,12.5,6900.0
2023-09-04 15:27:00+07:00,12.6,12.6,12.6,12.6,4000.0
2023-09-04 15:28:00+07:00,12.5,12.5,12.5,12.5,4000.0
2023-09-04 15:30:00+07:00,12.5,12.5,12.5,12.5,16200.0
2023-09-04 15:31:00+07:00,12.5,12.5,12.5,12.5,28700.0
2023-09-04 15:32:00+07:00,12.5,12.5,12.5,12.5,15900.0
2023-09-04 15:33:00+07:00,12.5,12.5,12.5,12.5,22600.0
2023-09-04 15:34:00+07:00,12.5,12.5,12.5,12.5,22800.0
2023-09-04 15:35:00+07:00,12.5,12.5,12.5,12.5,2000.0
2023-09-04 15:36:00+07:00,12.5,12.5,12.5,12.5,68300.0
2023-09-04 15:37:00+07:00,12.5,12.5,12.5,12.5,4200.0
2023-09-04 15:38:00+07:00,12.6,12.6,12.5,12.5,5200.0
2023-09-04 15:39:00+07:00,12.5,12.5,12.5,12.5,9100.0
2023-09-04 15:40:00+07:00,12.5,12.6,12.5,12.5,8800.0
2023-09-04 15:42:00+07:00,12.5,12.5,12.5,12.5,34000.0
2023-09-04 15:43:00+07:00,12.5,12.5,12.5,12.5,4400.0
2023-09-04 15:44:00+07:00,12.5,12.5,12.5,12.5,20700.0
2023-09-04 15:45:00+07:00,12.5,12.5,12.5,12.5,160600.0
2023-09-04 15:46:00+07:00,12.6,12.6,12.5,12.5,1030400.0
2023-09-04 15:47:00+07:00,12.4,12.5,12.4,12.5,534400.0
2023-09-04 15:48:00+07:00,12.5,12.5,12.5,12.5,1400.0
2023-09-04 15:49:00+07:00,12.5,12.5,12.5,12.5,1500.0
2023-09-04 15:51:00+07:00,12.5,12.5,12.5,12.5,100.0
2023-09-04 15:52:00+07:00,12.5,12.5,12.5,12.5,101500.0
2023-09-04 15:53:00+07:00,12.6,12.6,12.5,12.5,10100.0
2023-09-04 15:54:00+07:00,12.5,12.5,12.5,12.5,4800.0
2023-09-04 15:55:00+07:00,12.6,12.6,12.5,12.5,500.0
2023-09-04 15:56:00+07:00,12.6,12.6,12.5,12.5,1400.0
2023-09-04 15:58:00+07:00,12.5,12.5,12.5,12.5,600.0
2023-09-04 15:59:00+07:00,12.5,12.5,12.5,12.5,3100.0
2023-09-04 16:01:00+07:00,12.5,12.5,12.5,12.5,2000.0
2023-09-04 16:02:00+07:00,12.5,12.5,12.5,12.5,400.0
2023-09-04 16:04:00+07:00,12.5,12.5,12.5,12.5,6300.0
2023-09-04 16:05:00+07:00,12.6,12.7,12.6,12.6,2167600.0
2023-09-04 16:06:00+07:00,12.6,12.6,12.6,12.6,618700.0
2023-09-04 16:07:00+07:00,12.6,12.6,12.5,12.6,5700.0
2023-09-04 16:08:00+07:00,12.6,12.6,12.5,12.5,965000.0
2023-09-04 16:09:00+07:00,12.6,12.6,12.6,12.6,800.0
2023-09-04 16:10:00+07:00,12.6,12.6,12.5,12.6,500700.0
2023-09-04 16:11:00+07:00,12.6,12.6,12.6,12.6,16300.0
2023-09-04 16:12:00+07:00,12.6,12.6,12.6,12.6,764900.0
2023-09-04 16:13:00+07:00,12.6,12.6,12.6,12.6,5500.0
2023-09-04 16:14:00+07:00,12.7,12.7,12.6,12.7,400.0
2023-09-04 16:15:00+07:00,12.6,12.6,12.6,12.6,6300.0
2023-09-04 16:16:00+07:00,12.6,12.6,12.6,12.6,3700.0
2023-09-04 16:17:00+07:00,12.6,12.6,12.6,12.6,21500.0
2023-09-04 16:18:00+07:00,12.6,12.6,12.6,12.6,43300.0
2023-09-04 16:19:00+07:00,12.6,12.6,12.6,12.6,14700.0
2023-09-04 16:20:00+07:00,12.6,12.6,12.6,12.6,118200.0
2023-09-04 16:21:00+07:00,12.6,12.6,12.6,12.6,22200.0
2023-09-04 16:22:00+07:00,12.6,12.6,12.6,12.6,9600.0
2023-09-04 16:23:00+07:00,12.6,12.6,12.6,12.6,6100.0
2023-09-04 16:24:00+07:00,12.6,12.6,12.6,12.6,21400.0
2023-09-04 16:25:00+07:00,12.6,12.6,12.6,12.6,14800.0
2023-09-04 16:26:00+07:00,12.6,12.7,12.6,12.6,77800.0
2023-09-04 16:27:00+07:00,12.6,12.6,12.6,12.6,800.0
2023-09-04 16:28:00+07:00,12.6,12.7,12.6,12.7,18500.0
2023-09-04 16:29:00+07:00,12.6,12.6,12.6,12.6,2100.0
2023-09-04 16:36:00+07:00,12.7,12.7,12.7,12.7,1873700.0
2023-09-05 09:57:00+07:00,12.7,12.7,12.6,12.6,331000.0
2023-09-05 09:58:00+07:00,12.6,12.6,12.6,12.6,514400.0
2023-09-05 09:59:00+07:00,12.5,12.6,12.5,12.6,41600.0
2023-09-05 10:00:00+07:00,12.6,12.6,12.6,12.6,10500.0
2023-09-05 10:01:00+07:00,12.6,12.6,12.5,12.6,55300.0
2023-09-05 10:02:00+07:00,12.5,12.5,12.5,12.5,457700.0
2023-09-05 10:03:00+07:00,12.5,12.5,12.4,12.5,65600.0
2023-09-05 10:04:00+07:00,12.4,12.4,12.4,12.4,1148000.0
2023-09-05 10:05:00+07:00,12.4,12.4,12.4,12.4,691600.0
2023-09-05 10:06:00+07:00,12.4,12.4,12.4,12.4,291500.0
2023-09-05 10:07:00+07:00,12.5,12.5,12.4,12.4,10300.0
2023-09-05 10:08:00+07:00,12.4,12.4,12.4,12.4,141400.0
2023-09-05 10:09:00+07:00,12.4,12.5,12.4,12.5,613100.0
2023-09-05 10:10:00+07:00,12.5,12.5,12.5,12.5,3400.0
2023-09-05 10:12:00+07:00,12.5,12.5,12.5,12.5,4100.0
2023-09-05 10:13:00+07:00,12.5,12.5,12.5,12.5,1100.0
2023-09-05 10:14:00+07:00,12.5,12.5,12.5,12.5,200.0
2023-09-05 10:15:00+07:00,12.4,12.5,12.4,12.5,2400.0
2023-09-05 10:17:00+07:00,12.5,12.5,12.5,12.5,200.0
2023-09-05 10:18:00+07:00,12.4,12.4,12.4,12.4,1400.0
2023-09-05 10:19:00+07:00,12.4,12.4,12.4,12.4,11300.0
2023-09-05 10:20:00+07:00,12.4,12.5,12.4,12.5,7300.0
2023-09-05 10:21:00+07:00,12.5,12.5,12.5,12.5,300.0
2023-09-05 10:22:00+07:00,12.5,12.5,12.5,12.5,100.0
2023-09-05 10:23:00+07:00,12.5,12.5,12.5,12.5,100.0
2023-09-05 10:24:00+07:00,12.5,12.5,12.5,12.5,1100.0
2023-09-05 10:26:00+07:00,12.5,12.5,12.5,12.5,8000.0
2023-09-05 10:27:00+07:00,12.5,12.5,12.5,12.5,4400.0
2023-09-05 10:28:00+07:00,12.4,12.4,12.4,12.4,4200.0
2023-09-05 10:29:00+07:00,12.5,12.5,12.5,12.5,1000.0
2023-09-05 10:32:00+07:00,12.5,12.5,12.5,12.5,2800.0
2023-09-05 10:34:00+07:00,12.5,12.5,12.5,12.5,100.0
2023-09-05 10:37:00+07:00,12.5,12.5,12.5,12.5,200.0
2023-09-05 10:38:00+07:00,12.5,12.5,12.5,12.5,1100.0
2023-09-05 10:39:00+07:00,12.5,12.5,12.5,12.5,101100.0
2023-09-05 10:40:00+07:00,12.5,12.5,12.4,12.4,12700.0
2023-09-05 10:42:00+07:00,12.4,12.4,12.4,12.4,10500.0
2023-09-05 10:43:00+07:00,12.4,12.4,12.4,12.4,15100.0
2023-09-05 10:46:00+07:00,12.4,12.4,12.4,12.4,1500.0
2023-09-05 10:51:00+07:00,12.4,12.4,12.4,12.4,1000.0
2023-09-05 10:53:00+07:00,12.4,12.4,12.4,12.4,100.0
2023-09-05 10:54:00+07:00,12.4,12.4,12.4,12.4,9000.0
2023-09-05 10:55:00+07:00,12.4,12.4,12.4,12.4,1000.0
2023-09-05 10:56:00+07:00,12.4,12.4,12.4,12.4,1000.0
2023-09-05 10:57:00+07:00,12.5,12.5,12.5,12.5,100.0
2023-09-05 10:58:00+07:00,12.4,12.4,12.4,12.4,300.0
2023-09-05 10:59:00+07:00,12.4,12.4,12.4,12.4,24100.0
2023-09-05 11:02:00+07:00,12.4,12.5,12.4,12.4,2300.0
2023-09-05 11:04:00+07:00,12.4,12.4,12.4,12.4,2100.0
2023-09-05 11:08:00+07:00,12.4,12.4,12.4,12.4,4000.0
2023-09-05 11:09:00+07:00,12.5,12.5,12.5,12.5,100.0
2023-09-05 11:11:00+07:00,12.5,12.5,12.4,12.4,6600.0
2023-09-05 11:13:00+07:00,12.5,12.5,12.5,12.5,500.0
2023-09-05 11:15:00+07:00,12.5,12.5,12.5,12.5,200.0
2023-09-05 11:16:00+07:00,12.5,12.5,12.5,12.5,1000.0
2023-09-05 11:17:00+07:00,12.5,12.5,12.5,12.5,700.0
2023-09-05 11:18:00+07:00,12.4,12.4,12.4,12.4,14000.0
2023-09-05 11:20:00+07:00,12.4,12.4,12.4,12.4,500.0
2023-09-05 11:23:00+07:00,12.5,12.5,12.5,12.5,100.0
2023-09-05 11:26:00+07:00,12.5,12.5,12.5,12.5,2000.0
2023-09-05 11:30:00+07:00,12.5,12.5,12.5,12.5,20000.0
2023-09-05 11:32:00+07:00,12.5,12.5,12.5,12.5,300.0
2023-09-05 11:35:00+07:00,12.4,12.4,12.4,12.4,700.0
2023-09-05 11:37:00+07:00,12.4,12.4,12.4,12.4,300.0
2023-09-05 11:40:00+07:00,12.4,12.4,12.4,12.4,3000.0
2023-09-05 11:43:00+07:00,12.4,12.4,12.4,12.4,300.0
2023-09-05 11:44:00+07:00,12.5,12.5,12.5,12.5,100.0
2023-09-05 11:45:00+07:00,12.4,12.5,12.4,12.5,74700.0
2023-09-05 11:46:00+07:00,12.5,12.5,12.5,12.5,68300.0
2023-09-05 11:47:00+07:00,12.5,12.5,12.4,12.5,1400.0
2023-09-05 11:48:00+07:00,12.5,12.5,12.5,12.5,52000.0
2023-09-05 11:52:00+07:00,12.4,12.4,12.4,12.4,50000.0
2023-09-05 11:55:00+07:00,12.4,12.4,12.4,12.4,50100.0
2023-09-05 11:56:00+07:00,12.5,12.5,12.5,12.5,200.0
2023-09-05 11:58:00+07:00,12.5,12.5,12.5,12.5,10000.0
2023-09-05 11:59:00+07:00,12.4,12.5,12.4,12.5,22300.0
2023-09-05 12:05:00+07:00,12.5,12.5,12.4,12.5,7200.0
2023-09-05 12:06:00+07:00,12.4,12.4,12.4,12.4,500.0
2023-09-05 12:07:00+07:00,12.4,12.4,12.4,12.4,3000.0
2023-09-05 12:09:00+07:00,12.4,12.4,12.4,12.4,200.0
2023-09-05 12:11:00+07:00,12.4,12.4,12.4,12.4,10200.0
2023-09-05 12:12:00+07:00,12.4,12.4,12.4,12.4,2100.0
2023-09-05 12:14:00+07:00,12.4,12.4,12.4,12.4,4100.0
2023-09-05 12:16:00+07:00,12.4,12.4,12.4,12.4,9000.0
2023-09-05 12:18:00+07:00,12.5,12.5,12.5,12.5,100.0
2023-09-05 12:20:00+07:00,12.4,12.4,12.4,12.4,5000.0
2023-09-05 12:21:00+07:00,12.4,12.4,12.4,12.4,5000.0
2023-09-05 12:23:00+07:00,12.4,12.4,12.4,12.4,200.0
2023-09-05 12:29:00+07:00,12.5,12.5,12.5,12.5,100.0
2023-09-05 14:27:00+07:00,12.4,12.4,12.4,12.4,59000.0
2023-09-05 14:28:00+07:00,12.4,12.4,12.4,12.4,900.0
2023-09-05 14:30:00+07:00,12.5,12.5,12.4,12.4,4100.0
2023-09-05 14:31:00+07:00,12.4,12.4,12.4,12.4,43700.0
2023-09-05 14:32:00+07:00,12.4,12.5,12.4,12.5,118400.0
2023-09-05 14:33:00+07:00,12.5,12.5,12.5,12.5,40200.0
2023-09-05 14:34:00+07:00,12.5,12.5,12.5,12.5,1100.0
2023-09-05 14:36:00+07:00,12.5,12.5,12.5,12.5,200.0
2023-09-05 14:39:00+07:00,12.5,12.5,12.5,12.5,200.0
2023-09-05 14:41:00+07:00,12.4,12.4,12.4,12.4,1300.0
2023-09-05 14:44:00+07:00,12.4,12.4,12.4,12.4,1000.0
2023-09-05 14:45:00+07:00,12.4,12.4,12.4,12.4,1900.0
2023-09-05 14:46:00+07:00,12.4,12.5,12.4,12.5,2400.0
2023-09-05 14:47:00+07:00,12.4,12.4,12.4,12.4,4000.0
2023-09-05 14:50:00+07:00,12.4,12.4,12.4,12.4,5000.0
2023-09-05 14:51:00+07:00,12.5,12.5,12.5,12.5,2400.0
2023-09-05 14:52:00+07:00,12.5,12.5,12.5,12.5,3000.0
2023-09-05 14:54:00+07:00,12.4,12.4,12.4,12.4,1000.0
2023-09-05 14:55:00+07:00,12.5,12.5,12.5,12.5,2300.0
2023-09-05 14:56:00+07:00,12.4,12.4,12.4,12.4,20900.0
2023-09-05 14:57:00+07:00,12.4,12.4,12.4,12.4,4100.0
2023-09-05 14:58:00+07:00,12.4,12.4,12.4,12.4,1400.0
2023-09-05 14:59:00+07:00,12.4,12.4,12.4,12.4,3900.0
2023-09-05 15:00:00+07:00,12.4,12.4,12.4,12.4,600.0
2023-09-05 15:01:00+07:00,12.4,12.5,12.4,12.5,2100.0
2023-09-05 15:02:00+07:00,12.4,12.5,12.4,12.5,20200.0
2023-09-05 15:03:00+07:00,12.5,12.5,12.4,12.5,1100.0
2023-09-05 15:05:00+07:00,12.4,12.5,12.4,12.4,2500.0
2023-09-05 15:06:00+07:00,12.5,12.5,12.5,12.5,1800.0
2023-09-05 15:08:00+07:00,12.4,12.5,12.4,12.5,2900.0
2023-09-05 15:09:00+07:00,12.5,12.5,12.5,12.5,100.0
2023-09-05 15:10:00+07:00,12.5,12.5,12.5,12.5,1800.0
2023-09-05 15:12:00+07:00,12.4,12.4,12.4,12.4,23600.0
2023-09-05 15:13:00+07:00,12.4,12.5,12.4,12.5,4200.0
2023-09-05 15:14:00+07:00,12.4,12.5,12.4,12.5,2100.0
2023-09-05 15:15:00+07:00,12.4,12.4,12.4,12.4,101400.0
2023-09-05 15:16:00+07:00,12.4,12.4,12.4,12.4,1400.0
2023-09-05 15:17:00+07:00,12.4,12.4,12.4,12.4,1596200.0
2023-09-05 15:18:00+07:00,12.4,12.4,12.4,12.4,100.0
2023-09-05 15:19:00+07:00,12.4,12.4,12.4,12.4,2200.0
2023-09-05 15:20:00+07:00,12.4,12.5,12.4,12.5,15200.0
2023-09-05 15:21:00+07:00,12.4,12.4,12.4,12.4,200.0
2023-09-05 15:22:00+07:00,12.4,12.4,12.4,12.4,20100.0
2023-09-05 15:23:00+07:00,12.4,12.4,12.4,12.4,94700.0
2023-09-05 15:24:00+07:00,12.4,12.5,12.4,12.4,3600.0
2023-09-05 15:25:00+07:00,12.4,12.4,12.4,12.4,34700.0
2023-09-05 15:26:00+07:00,12.4,12.4,12.4,12.4,32300.0
2023-09-05 15:27:00+07:00,12.4,12.4,12.4,12.4,2300.0
2023-09-05 15:28:00+07:00,12.4,12.4,12.4,12.4,13600.0
2023-09-05 15:29:00+07:00,12.4,12.4,12.4,12.4,900.0
2023-09-05 15:30:00+07:00,12.4,12.4,12.4,12.4,2200.0
2023-09-05 15:31:00+07:00,12.4,12.5,12.4,12.5,3100.0
2023-09-05 15:35:00+07:00,12.5,12.5,12.5,12.5,500.0
2023-09-05 15:40:00+07:00,12.4,12.4,12.4,12.4,11800.0
2023-09-05 15:42:00+07:00,12.4,12.4,12.4,12.4,7100.0
2023-09-05 15:43:00+07:00,12.4,12.4,12.4,12.4,5000.0
2023-09-05 15:45:00+07:00,12.4,12.4,12.4,12.4,10500.0
2023-09-05 15:48:00+07:00,12.4,12.4,12.4,12.4,5300.0
2023-09-05 15:49:00+07:00,12.4,12.4,12.4,12.4,730500.0
2023-09-05 15:50:00+07:00,12.4,12.4,12.4,12.4,1000.0
2023-09-05 15:51:00+07:00,12.4,12.4,12.4,12.4,2000.0
2023-09-05 15:52:00+07:00,12.5,12.5,12.5,12.5,1200.0
2023-09-05 15:56:00+07:00,12.4,12.4,12.4,12.4,2000.0
2023-09-05 16:00:00+07:00,12.4,12.4,12.4,12.4,50000.0
2023-09-05 16:03:00+07:00,12.4,12.4,12.4,12.4,500.0
2023-09-05 16:04:00+07:00,12.4,12.4,12.4,12.4,5000.0
2023-09-05 16:05:00+07:00,12.4,12.4,12.4,12.4,5000.0
2023-09-05 16:06:00+07:00,12.4,12.4,12.4,12.4,11000.0
2023-09-05 16:07:00+07:00,12.4,12.4,12.4,12.4,50000.0
2023-09-05 16:08:00+07:00,12.4,12.4,12.4,12.4,13000.0
2023-09-05 16:10:00+07:00,12.4,12.4,12.4,12.4,200.0
2023-09-05 16:14:00+07:00,12.5,12.5,12.5,12.5,20000.0
2023-09-05 16:15:00+07:00,12.4,12.4,12.4,12.4,100.0
2023-09-05 16:16:00+07:00,12.5,12.5,12.4,12.4,300.0
2023-09-05 16:17:00+07:00,12.4,12.4,12.4,12.4,4000.0
2023-09-05 16:19:00+07:00,12.4,12.4,12.4,12.4,10000.0
2023-09-05 16:20:00+07:00,12.4,12.4,12.4,12.4,2100.0
2023-09-05 16:21:00+07:00,12.5,12.5,12.4,12.4,201800.0
2023-09-05 16:22:00+07:00,12.4,12.5,12.4,12.5,13500.0
2023-09-05 16:24:00+07:00,12.5,12.5,12.4,12.4,4700.0
2023-09-05 16:25:00+07:00,12.5,12.5,12.5,12.5,1900.0
2023-09-05 16:26:00+07:00,12.5,12.5,12.5,12.5,3200.0
2023-09-05 16:27:00+07:00,12.5,12.5,12.5,12.5,1900.0
2023-09-05 16:28:00+07:00,12.4,12.4,12.4,12.4,20500.0
2023-09-05 16:29:00+07:00,12.5,12.5,12.4,12.4,7300.0
2023-09-05 16:35:00+07:00,12.5,12.5,12.5,12.5,1420500.0
2023-09-06 09:55:00+07:00,12.4,12.4,12.4,12.4,88100.0
2023-09-06 09:56:00+07:00,12.5,12.5,12.5,12.5,5100.0
2023-09-06 09:58:00+07:00,12.4,12.4,12.4,12.4,10000.0
2023-09-06 09:59:00+07:00,12.4,12.4,12.4,12.4,100000.0
2023-09-06 10:00:00+07:00,12.4,12.4,12.4,12.4,1000.0
2023-09-06 10:01:00+07:00,12.4,12.4,12.4,12.4,100.0
2023-09-06 10:02:00+07:00,12.4,12.4,12.4,12.4,654500.0
2023-09-06 10:03:00+07:00,12.4,12.4,12.4,12.4,284800.0
2023-09-06 10:04:00+07:00,12.4,12.4,12.4,12.4,6000.0
2023-09-06 10:05:00+07:00,12.4,12.4,12.4,12.4,28400.0
2023-09-06 10:06:00+07:00,12.4,12.4,12.4,12.4,188200.0
2023-09-06 10:07:00+07:00,12.4,12.4,12.3,12.4,53800.0
2023-09-06 10:08:00+07:00,12.4,12.4,12.4,12.4,24700.0
2023-09-06 10:09:00+07:00,12.4,12.4,12.3,12.4,2400.0
2023-09-06 10:10:00+07:00,12.4,12.4,12.4,12.4,600.0
2023-09-06 10:11:00+07:00,12.4,12.4,12.4,12.4,80400.0
2023-09-06 10:12:00+07:00,12.4,12.4,12.3,12.3,200.0
2023-09-06 10:13:00+07:00,12.4,12.4,12.4,12.4,200.0
2023-09-06 10:14:00+07:00,12.3,12.4,12.3,12.4,22300.0
2023-09-06 10:15:00+07:00,12.4,12.4,12.4,12.4,6300.0
2023-09-06 10:16:00+07:00,12.4,12.4,12.4,12.4,100.0
2023-09-06 10:17:00+07:00,12.4,12.4,12.4,12.4,18700.0
2023-09-06 10:18:00+07:00,12.4,12.4,12.4,12.4,586400.0
2023-09-06 10:21:00+07:00,12.4,12.4,12.4,12.4,1000.0
2023-09-06 10:22:00+07:00,12.5,12.5,12.5,12.5,4700.0
2023-09-06 10:24:00+07:00,12.4,12.5,12.4,12.5,4000.0
2023-09-06 10:25:00+07:00,12.4,12.4,12.3,12.4,826300.0
2023-09-06 10:26:00+07:00,12.4,12.4,12.3,12.4,66300.0
2023-09-06 10:28:00+07:00,12.4,12.4,12.3,12.4,153300.0
2023-09-06 10:30:00+07:00,12.4,12.4,12.4,12.4,5400.0
2023-09-06 10:31:00+07:00,12.4,12.4,12.4,12.4,2500.0
2023-09-06 10:34:00+07:00,12.3,12.4,12.3,12.4,68700.0
2023-09-06 10:35:00+07:00,12.4,12.4,12.4,12.4,19600.0
2023-09-06 10:37:00+07:00,12.3,12.4,12.3,12.4,146300.0
2023-09-06 10:39:00+07:00,12.4,12.4,12.4,12.4,200.0
2023-09-06 10:40:00+07:00,12.3,12.4,12.3,12.4,600.0
2023-09-06 10:41:00+07:00,12.4,12.4,12.4,12.4,100.0
2023-09-06 10:42:00+07:00,12.4,12.4,12.4,12.4,1100.0
2023-09-06 10:45:00+07:00,12.3,12.3,12.3,12.3,1290700.0
2023-09-06 10:46:00+07:00,12.2,12.3,12.2,12.2,7200.0
2023-09-06 10:47:00+07:00,12.3,12.3,12.2,12.3,11400.0
2023-09-06 10:48:00+07:00,12.2,12.3,12.2,12.2,1192000.0
2023-09-06 10:49:00+07:00,12.2,12.3,12.2,12.3,1413900.0
2023-09-06 10:50:00+07:00,12.2,12.3,12.2,12.2,347100.0
2023-09-06 10:51:00+07:00,12.3,12.3,12.2,12.3,21700.0
2023-09-06 10:52:00+07:00,12.2,12.2,12.2,12.2,703800.0
2023-09-06 10:53:00+07:00,12.2,12.2,12.2,12.2,46300.0
2023-09-06 10:54:00+07:00,12.2,12.2,12.1,12.2,97300.0
2023-09-06 10:55:00+07:00,12.2,12.2,12.2,12.2,8800.0
2023-09-06 10:56:00+07:00,12.2,12.2,12.1,12.2,16700.0
2023-09-06 10:57:00+07:00,12.2,12.2,12.1,12.2,23800.0
2023-09-06 10:58:00+07:00,12.2,12.2,12.1,12.1,12100.0
2023-09-06 10:59:00+07:00,12.1,12.2,12.1,12.2,9900.0
2023-09-06 11:00:00+07:00,12.2,12.2,12.2,12.2,18700.0
2023-09-06 11:01:00+07:00,12.2,12.2,12.1,12.2,18400.0
2023-09-06 11:02:00+07:00,12.2,12.2,12.2,12.2,1300.0
2023-09-06 11:03:00+07:00,12.2,12.2,12.2,12.2,1000.0
2023-09-06 11:04:00+07:00,12.2,12.2,12.2,12.2,8700.0
2023-09-06 11:05:00+07:00,12.2,12.2,12.1,12.2,128800.0
2023-09-06 11:06:00+07:00,12.2,12.2,12.2,12.2,6100.0
2023-09-06 11:07:00+07:00,12.2,12.2,12.1,12.2,30100.0
2023-09-06 11:08:00+07:00,12.2,12.2,12.2,12.2,5800.0
2023-09-06 11:09:00+07:00,12.2,12.2,12.1,12.2,1000.0
2023-09-06 11:10:00+07:00,12.1,12.2,12.1,12.2,24200.0
2023-09-06 11:11:00+07:00,12.2,12.2,12.2,12.2,11200.0
2023-09-06 11:12:00+07:00,12.2,12.2,12.1,12.2,16500.0
2023-09-06 11:13:00+07:00,12.2,12.2,12.2,12.2,48400.0
2023-09-06 11:14:00+07:00,12.2,12.2,12.2,12.2,4100.0
2023-09-06 11:15:00+07:00,12.2,12.2,12.1,12.2,1800.0
2023-09-06 11:16:00+07:00,12.2,12.2,12.1,12.1,5400.0
2023-09-06 11:17:00+07:00,12.1,12.2,12.1,12.2,53100.0
2023-09-06 11:18:00+07:00,12.2,12.2,12.1,12.1,1495100.0
2023-09-06 11:19:00+07:00,12.1,12.2,12.0,12.2,1164300.0
2023-09-06 11:20:00+07:00,12.2,12.3,12.1,12.1,521000.0
2023-09-06 11:21:00+07:00,12.2,12.2,12.1,12.2,6100.0
2023-09-06 11:22:00+07:00,12.2,12.2,12.2,12.2,2500.0
2023-09-06 11:23:00+07:00,12.2,12.2,12.2,12.2,3400.0
2023-09-06 11:24:00+07:00,12.2,12.2,12.2,12.2,25800.0
2023-09-06 11:25:00+07:00,12.2,12.2,12.2,12.2,400.0
2023-09-06 11:26:00+07:00,12.2,12.2,12.2,12.2,400.0
2023-09-06 11:27:00+07:00,12.2,12.2,12.2,12.2,600.0
2023-09-06 11:28:00+07:00,12.2,12.2,12.2,12.2,400.0
2023-09-06 11:29:00+07:00,12.2,12.2,12.2,12.2,200.0
2023-09-06 11:30:00+07:00,12.2,12.2,12.2,12.2,400.0
2023-09-06 11:31:00+07:00,12.2,12.2,12.2,12.2,400.0
2023-09-06 11:32:00+07:00,12.2,12.2,12.2,12.2,400.0
2023-09-06 11:33:00+07:00,12.2,12.2,12.2,12.2,300.0
2023-09-06 11:35:00+07:00,12.2,12.2,12.1,12.2,11300.0
2023-09-06 11:36:00+07:00,12.2,12.2,12.2,12.2,59100.0
2023-09-06 11:37:00+07:00,12.2,12.2,12.2,12.2,700.0
2023-09-06 11:38:00+07:00,12.2,12.2,12.2,12.2,500.0
2023-09-06 11:39:00+07:00,12.2,12.2,12.2,12.2,2200.0
2023-09-06 11:40:00+07:00,12.2,12.2,12.2,12.2,22000.0
2023-09-06 11:41:00+07:00,12.2,12.2,12.2,12.2,1000.0
2023-09-06 11:42:00+07:00,12.2,12.2,12.2,12.2,500.0
2023-09-06 11:47:00+07:00,12.1,12.2,12.1,12.2,5800.0
2023-09-06 11:48:00+07:00,12.2,12.2,12.2,12.2,6800.0
2023-09-06 11:49:00+07:00,12.2,12.2,12.2,12.2,400.0
2023-09-06 11:50:00+07:00,12.2,12.2,12.2,12.2,200.0
2023-09-06 11:51:00+07:00,12.1,12.2,12.1,12.2,23700.0
2023-09-06 11:52:00+07:00,12.2,12.2,12.2,12.2,9900.0
2023-09-06 11:53:00+07:00,12.2,12.2,12.2,12.2,26300.0
2023-09-06 11:54:00+07:00,12.2,12.3,12.2,12.3,753400.0
2023-09-06 11:55:00+07:00,12.3,12.3,12.3,12.3,23900.0
2023-09-06 11:56:00+07:00,12.3,12.3,12.3,12.3,38200.0
2023-09-06 11:57:00+07:00,12.3,12.3,12.2,12.3,26300.0
2023-09-06 11:58:00+07:00,12.3,12.3,12.3,12.3,19300.0
2023-09-06 11:59:00+07:00,12.3,12.3,12.3,12.3,2900.0
2023-09-06 12:00:00+07:00,12.3,12.3,12.2,12.3,25800.0
2023-09-06 12:01:00+07:00,12.2,12.3,12.2,12.3,10200.0
2023-09-06 12:02:00+07:00,12.3,12.3,12.2,12.3,2600.0
2023-09-06 12:03:00+07:00,12.2,12.3,12.2,12.3,2200.0
2023-09-06 12:04:00+07:00,12.3,12.3,12.2,12.2,322000.0
2023-09-06 12:05:00+07:00,12.2,12.2,12.1,12.2,182100.0
2023-09-06 12:06:00+07:00,12.2,12.2,12.2,12.2,1800.0
2023-09-06 12:12:00+07:00,12.1,12.2,12.1,12.2,4000.0
2023-09-06 12:13:00+07:00,12.2,12.2,12.2,12.2,700.0
2023-09-06 12:14:00+07:00,12.2,12.2,12.2,12.2,900.0
2023-09-06 12:15:00+07:00,12.2,12.2,12.2,12.2,54100.0
2023-09-06 12:16:00+07:00,12.2,12.2,12.2,12.2,100.0
2023-09-06 12:18:00+07:00,12.2,12.2,12.2,12.2,3000.0
2023-09-06 12:19:00+07:00,12.2,12.2,12.2,12.2,1100.0
2023-09-06 12:24:00+07:00,12.1,12.2,12.1,12.1,102200.0
2023-09-06 12:25:00+07:00,12.2,12.2,12.2,12.2,100.0
2023-09-06 12:27:00+07:00,12.2,12.2,12.2,12.2,300.0
2023-09-06 14:26:00+07:00,12.2,12.2,12.2,12.2,15500.0
2023-09-06 14:27:00+07:00,12.2,12.2,12.1,12.2,132700.0
2023-09-06 14:28:00+07:00,12.2,12.2,12.2,12.2,2800.0
2023-09-06 14:31:00+07:00,12.1,12.2,12.1,12.2,22200.0
2023-09-06 14:33:00+07:00,12.1,12.2,12.1,12.2,40800.0
2023-09-06 14:34:00+07:00,12.2,12.2,12.2,12.2,300.0
2023-09-06 14:35:00+07:00,12.2,12.2,12.2,12.2,100.0
2023-09-06 14:36:00+07:00,12.2,12.2,12.2,12.2,500.0
2023-09-06 14:37:00+07:00,12.2,12.2,12.2,12.2,5300.0
2023-09-06 14:38:00+07:00,12.2,12.2,12.1,12.2,49800.0
2023-09-06 14:39:00+07:00,12.2,12.2,12.2,12.2,10600.0
2023-09-06 14:40:00+07:00,12.2,12.2,12.1,12.1,574000.0
2023-09-06 14:41:00+07:00,12.1,12.1,12.0,12.0,41300.0
2023-09-06 14:42:00+07:00,12.1,12.1,12.0,12.1,10900.0
2023-09-06 14:43:00+07:00,12.1,12.1,12.1,12.1,1500.0
2023-09-06 14:44:00+07:00,12.0,12.1,12.0,12.1,2773100.0
2023-09-06 14:45:00+07:00,12.1,12.1,12.0,12.1,12900.0
2023-09-06 14:46:00+07:00,12.1,12.1,12.0,12.1,4000.0
2023-09-06 14:47:00+07:00,12.1,12.1,12.0,12.1,83300.0
2023-09-06 14:48:00+07:00,12.0,12.1,12.0,12.1,81000.0
2023-09-06 14:49:00+07:00,12.0,12.1,12.0,12.1,5400.0
2023-09-06 14:50:00+07:00,12.1,12.1,12.1,12.1,1600.0
2023-09-06 14:51:00+07:00,12.1,12.1,12.1,12.1,18500.0
2023-09-06 14:52:00+07:00,12.1,12.1,12.0,12.1,11400.0
2023-09-06 14:53:00+07:00,12.1,12.1,12.1,12.1,3900.0
2023-09-06 14:54:00+07:00,12.1,12.1,12.1,12.1,200.0
2023-09-06 14:55:00+07:00,12.0,12.1,12.0,12.1,1200.0
2023-09-06 14:56:00+07:00,12.1,12.1,12.1,12.1,600.0
2023-09-06 14:57:00+07:00,12.1,12.1,12.0,12.1,11400.0
2023-09-06 14:58:00+07:00,12.1,12.1,12.0,12.0,14600.0
2023-09-06 14:59:00+07:00,12.1,12.1,12.1,12.1,8300.0
2023-09-06 15:00:00+07:00,12.0,12.1,12.0,12.0,41900.0
2023-09-06 15:01:00+07:00,12.1,12.1,12.0,12.1,15600.0
2023-09-06 15:02:00+07:00,12.1,12.1,12.1,12.1,2300.0
2023-09-06 15:03:00+07:00,12.1,12.1,12.1,12.1,20900.0
2023-09-06 15:04:00+07:00,12.1,12.2,12.1,12.2,1309500.0
2023-09-06 15:05:00+07:00,12.2,12.2,12.1,12.2,41600.0
2023-09-06 15:06:00+07:00,12.2,12.2,12.2,12.2,10000.0
2023-09-06 15:07:00+07:00,12.2,12.2,12.1,12.2,39400.0
2023-09-06 15:08:00+07:00,12.2,12.2,12.2,12.2,61500.0
2023-09-06 15:09:00+07:00,12.2,12.2,12.2,12.2,8600.0
2023-09-06 15:10:00+07:00,12.2,12.2,12.2,12.2,10300.0
2023-09-06 15:11:00+07:00,12.2,12.2,12.2,12.2,517500.0
2023-09-06 15:12:00+07:00,12.2,12.3,12.2,12.2,889900.0
2023-09-06 15:13:00+07:00,12.2,12.3,12.2,12.3,141800.0
2023-09-06 15:14:00+07:00,12.3,12.3,12.3,12.3,14100.0
2023-09-06 15:15:00+07:00,12.3,12.3,12.3,12.3,17700.0
2023-09-06 15:16:00+07:00,12.3,12.3,12.3,12.3,15700.0
2023-09-06 15:17:00+07:00,12.3,12.3,12.3,12.3,29000.0
2023-09-06 15:18:00+07:00,12.3,12.3,12.3,12.3,11200.0
2023-09-06 15:19:00+07:00,12.3,12.3,12.3,12.3,1100.0
2023-09-06 15:20:00+07:00,12.3,12.3,12.3,12.3,4400.0
2023-09-06 15:21:00+07:00,12.3,12.3,12.2,12.3,4200.0
2023-09-06 15:22:00+07:00,12.3,12.3,12.2,12.3,49000.0
2023-09-06 15:23:00+07:00,12.3,12.3,12.3,12.3,1100.0
2023-09-06 15:24:00+07:00,12.2,12.3,12.2,12.3,63300.0
2023-09-06 15:25:00+07:00,12.3,12.3,12.2,12.3,7200.0
2023-09-06 15:26:00+07:00,12.3,12.3,12.3,12.3,1000.0
2023-09-06 15:27:00+07:00,12.3,12.3,12.2,12.2,27300.0
2023-09-06 15:28:00+07:00,12.3,12.3,12.3,12.3,13000.0
2023-09-06 15:29:00+07:00,12.3,12.3,12.3,12.3,2700.0
2023-09-06 15:30:00+07:00,12.3,12.3,12.3,12.3,3900.0
2023-09-06 15:31:00+07:00,12.3,12.3,12.3,12.3,1200.0
2023-09-06 15:32:00+07:00,12.3,12.3,12.3,12.3,3400.0
2023-09-06 15:33:00+07:00,12.3,12.3,12.3,12.3,200.0
2023-09-06 15:34:00+07:00,12.3,12.3,12.3,12.3,4600.0
2023-09-06 15:35:00+07:00,12.3,12.3,12.3,12.3,800.0
2023-09-06 15:36:00+07:00,12.3,12.3,12.3,12.3,5400.0
2023-09-06 15:37:00+07:00,12.3,12.3,12.3,12.3,1400.0
2023-09-06 15:38:00+07:00,12.3,12.3,12.3,12.3,2400.0
2023-09-06 15:39:00+07:00,12.3,12.3,12.3,12.3,58600.0
2023-09-06 15:40:00+07:00,12.3,12.3,12.3,12.3,15400.0
2023-09-06 15:41:00+07:00,12.3,12.3,12.3,12.3,2500.0
2023-09-06 15:42:00+07:00,12.3,12.3,12.3,12.3,800.0
2023-09-06 15:43:00+07:00,12.3,12.3,12.3,12.3,4900.0
2023-09-06 15:44:00+07:00,12.3,12.3,12.3,12.3,1700.0
2023-09-06 15:45:00+07:00,12.3,12.3,12.3,12.3,8300.0
2023-09-06 15:46:00+07:00,12.3,12.3,12.3,12.3,3000.0
2023-09-06 15:47:00+07:00,12.3,12.3,12.3,12.3,11500.0
2023-09-06 15:48:00+07:00,12.3,12.3,12.3,12.3,3900.0
2023-09-06 15:49:00+07:00,12.3,12.3,12.3,12.3,1700.0
2023-09-06 15:50:00+07:00,12.3,12.3,12.2,12.3,2800.0
2023-09-06 15:51:00+07:00,12.3,12.3,12.3,12.3,3600.0
2023-09-06 15:52:00+07:00,12.3,12.3,12.2,12.2,2336700.0
2023-09-06 15:53:00+07:00,12.3,12.3,12.2,12.3,326000.0
2023-09-06 15:54:00+07:00,12.2,12.3,12.2,12.3,57800.0
2023-09-06 15:55:00+07:00,12.3,12.3,12.3,12.3,2500.0
2023-09-06 15:56:00+07:00,12.3,12.3,12.2,12.2,12800.0
2023-09-06 15:57:00+07:00,12.3,12.3,12.2,12.2,25700.0
2023-09-06 15:58:00+07:00,12.2,12.3,12.2,12.3,32200.0
2023-09-06 15:59:00+07:00,12.3,12.3,12.3,12.3,10300.0
2023-09-06 16:00:00+07:00,12.3,12.3,12.3,12.3,1300.0
2023-09-06 16:01:00+07:00,12.3,12.3,12.3,12.3,800.0
2023-09-06 16:02:00+07:00,12.2,12.2,12.2,12.2,20000.0
2023-09-06 16:03:00+07:00,12.3,12.3,12.3,12.3,8500.0
2023-09-06 16:04:00+07:00,12.2,12.2,12.2,12.2,703800.0
2023-09-06 16:05:00+07:00,12.3,12.3,12.2,12.2,75500.0
2023-09-06 16:06:00+07:00,12.2,12.3,12.2,12.3,5800.0
2023-09-06 16:08:00+07:00,12.2,12.2,12.1,12.2,1133300.0
2023-09-06 16:09:00+07:00,12.2,12.2,12.2,12.2,1200.0
2023-09-06 16:10:00+07:00,12.2,12.2,12.2,12.2,39900.0
2023-09-06 16:11:00+07:00,12.2,12.2,12.2,12.2,24400.0
2023-09-06 16:12:00+07:00,12.2,12.2,12.2,12.2,2500.0
2023-09-06 16:13:00+07:00,12.2,12.2,12.2,12.2,200.0
2023-09-06 16:15:00+07:00,12.2,12.2,12.2,12.2,200.0
2023-09-06 16:16:00+07:00,12.1,12.2,12.1,12.2,5400.0
2023-09-06 16:19:00+07:00,12.2,12.2,12.2,12.2,7000.0
2023-09-06 16:20:00+07:00,12.2,12.2,12.2,12.2,3200.0
2023-09-06 16:21:00+07:00,12.2,12.2,12.2,12.2,2800.0
2023-09-06 16:22:00+07:00,12.2,12.2,12.2,12.2,300.0
2023-09-06 16:23:00+07:00,12.2,12.2,12.2,12.2,300.0
2023-09-06 16:24:00+07:00,12.2,12.2,12.1,12.2,2900.0
2023-09-06 16:25:00+07:00,12.2,12.2,12.2,12.2,800.0
2023-09-06 16:26:00+07:00,12.2,12.2,12.1,12.1,19400.0
2023-09-06 16:27:00+07:00,12.2,12.2,12.2,12.2,9800.0
2023-09-06 16:28:00+07:00,12.2,12.2,12.2,12.2,16600.0
2023-09-06 16:29:00+07:00,12.2,12.2,12.2,12.2,139900.0
2023-09-06 16:36:00+07:00,12.2,12.2,12.2,12.2,598600.0
2023-09-07 09:55:00+07:00,12.3,12.3,12.2,12.3,820400.0
2023-09-07 09:56:00+07:00,12.3,12.3,12.2,12.2,87400.0
2023-09-07 09:57:00+07:00,12.3,12.3,12.2,12.3,391700.0
2023-09-07 09:58:00+07:00,12.2,12.3,12.2,12.3,58800.0
2023-09-07 10:00:00+07:00,12.3,12.3,12.3,12.3,3300.0
2023-09-07 10:03:00+07:00,12.2,12.3,12.2,12.3,911900.0
2023-09-07 10:05:00+07:00,12.2,12.3,12.2,12.3,28500.0
2023-09-07 10:06:00+07:00,12.2,12.3,12.2,12.3,1600.0
2023-09-07 10:07:00+07:00,12.2,12.3,12.2,12.3,130000.0
2023-09-07 10:08:00+07:00,12.2,12.3,12.2,12.3,2800.0
2023-09-07 10:10:00+07:00,12.2,12.2,12.2,12.2,1000.0
2023-09-07 10:11:00+07:00,12.2,12.3,12.2,12.3,11600.0
2023-09-07 10:14:00+07:00,12.3,12.3,12.3,12.3,400.0
2023-09-07 10:17:00+07:00,12.2,12.3,12.2,12.3,10500.0
2023-09-07 10:18:00+07:00,12.3,12.3,12.3,12.3,100.0
2023-09-07 10:19:00+07:00,12.3,12.3,12.3,12.3,8100.0
2023-09-07 10:20:00+07:00,12.2,12.3,12.2,12.2,437900.0
2023-09-07 10:21:00+07:00,12.3,12.3,12.2,12.2,6600.0
2023-09-07 10:22:00+07:00,12.3,12.3,12.2,12.2,1200.0
2023-09-07 10:23:00+07:00,12.2,12.3,12.2,12.3,3400.0
2023-09-07 10:24:00+07:00,12.3,12.3,12.3,12.3,1632700.0
2023-09-07 10:25:00+07:00,12.3,12.4,12.3,12.4,815000.0
2023-09-07 10:26:00+07:00,12.4,12.4,12.4,12.4,22500.0
2023-09-07 10:27:00+07:00,12.4,12.4,12.4,12.4,1369700.0
2023-09-07 10:28:00+07:00,12.4,12.5,12.4,12.4,2069600.0
2023-09-07 10:29:00+07:00,12.4,12.5,12.4,12.4,55900.0
2023-09-07 10:30:00+07:00,12.5,12.5,12.4,12.4,7700.0
2023-09-07 10:31:00+07:00,12.5,12.5,12.4,12.5,1300.0
2023-09-07 10:32:00+07:00,12.5,12.5,12.5,12.5,400.0
2023-09-07 10:33:00+07:00,12.4,12.4,12.4,12.4,300.0
2023-09-07 10:34:00+07:00,12.5,12.5,12.5,12.5,200.0
2023-09-07 10:35:00+07:00,12.4,12.4,12.4,12.4,2000.0
2023-09-07 10:36:00+07:00,12.4,12.4,12.4,12.4,7000.0
2023-09-07 10:37:00+07:00,12.4,12.4,12.4,12.4,1400.0
2023-09-07 10:38:00+07:00,12.5,12.5,12.4,12.4,7200.0
2023-09-07 10:39:00+07:00,12.4,12.4,12.4,12.4,3000.0
2023-09-07 10:40:00+07:00,12.4,12.4,12.4,12.4,2100.0
2023-09-07 10:41:00+07:00,12.4,12.4,12.4,12.4,2100.0
2023-09-07 10:42:00+07:00,12.4,12.4,12.4,12.4,2000.0
2023-09-07 10:43:00+07:00,12.4,12.4,12.4,12.4,32800.0
2023-09-07 10:44:00+07:00,12.4,12.5,12.4,12.5,35300.0
2023-09-07 10:45:00+07:00,12.5,12.5,12.5,12.5,500.0
2023-09-07 10:46:00+07:00,12.4,12.4,12.4,12.4,500.0
2023-09-07 10:47:00+07:00,12.4,12.4,12.4,12.4,800.0
2023-09-07 10:48:00+07:00,12.4,12.4,12.4,12.4,100.0
2023-09-07 10:49:00+07:00,12.5,12.5,12.5,12.5,300.0
2023-09-07 10:51:00+07:00,12.5,12.5,12.5,12.5,2500.0
2023-09-07 10:53:00+07:00,12.5,12.5,12.5,12.5,10100.0
2023-09-07 10:54:00+07:00,12.5,12.5,12.4,12.4,1300.0
2023-09-07 10:55:00+07:00,12.5,12.5,12.4,12.5,1400.0
2023-09-07 10:56:00+07:00,12.5,12.5,12.5,12.5,40300.0
2023-09-07 10:57:00+07:00,12.5,12.5,12.4,12.5,11400.0
2023-09-07 10:58:00+07:00,12.5,12.5,12.5,12.5,10400.0
2023-09-07 10:59:00+07:00,12.5,12.5,12.4,12.5,248700.0
2023-09-07 11:00:00+07:00,12.5,12.6,12.5,12.6,1588400.0
2023-09-07 11:01:00+07:00,12.6,12.6,12.5,12.6,500.0
2023-09-07 11:02:00+07:00,12.6,12.6,12.5,12.5,1800.0
2023-09-07 11:03:00+07:00,12.5,12.5,12.5,12.5,3800.0
2023-09-07 11:04:00+07:00,12.5,12.5,12.5,12.5,1100.0
2023-09-07 11:05:00+07:00,12.5,12.5,12.5,12.5,16000.0
2023-09-07 11:06:00+07:00,12.6,12.6,12.5,12.5,102000.0
2023-09-07 11:07:00+07:00,12.5,12.5,12.5,12.5,200.0
2023-09-07 11:09:00+07:00,12.5,12.5,12.5,12.5,100.0
2023-09-07 11:10:00+07:00,12.5,12.5,12.5,12.5,100.0
2023-09-07 11:11:00+07:00,12.5,12.5,12.5,12.5,200.0
2023-09-07 11:12:00+07:00,12.5,12.5,12.5,12.5,2000.0
2023-09-07 11:13:00+07:00,12.5,12.5,12.5,12.5,54200.0
2023-09-07 11:16:00+07:00,12.5,12.5,12.5,12.5,1100.0
2023-09-07 11:17:00+07:00,12.5,12.5,12.5,12.5,202000.0
2023-09-07 11:18:00+07:00,12.5,12.5,12.5,12.5,3000.0
2023-09-07 11:19:00+07:00,12.5,12.5,12.5,12.5,23000.0
2023-09-07 11:20:00+07:00,12.6,12.6,12.5,12.5,92800.0
2023-09-07 11:21:00+07:00,12.5,12.5,12.5,12.5,35000.0
2023-09-07 11:22:00+07:00,12.5,12.5,12.5,12.5,35200.0
2023-09-07 11:23:00+07:00,12.5,12.5,12.5,12.5,100.0
2023-09-07 11:25:00+07:00,12.5,12.5,12.5,12.5,4000.0
2023-09-07 11:26:00+07:00,12.5,12.5,12.5,12.5,10000.0
2023-09-07 11:27:00+07:00,12.5,12.6,12.5,12.6,300.0
2023-09-07 11:28:00+07:00,12.5,12.5,12.5,12.5,100000.0
2023-09-07 11:29:00+07:00,12.5,12.5,12.5,12.5,25800.0
2023-09-07 11:31:00+07:00,12.5,12.5,12.5,12.5,5000.0
2023-09-07 11:32:00+07:00,12.5,12.5,12.5,12.5,100000.0
2023-09-07 11:33:00+07:00,12.5,12.5,12.5,12.5,18000.0
2023-09-07 11:37:00+07:00,12.5,12.5,12.5,12.5,4000.0
2023-09-07 11:38:00+07:00,12.5,12.5,12.5,12.5,20000.0
2023-09-07 11:39:00+07:00,12.5,12.5,12.5,12.5,2500.0
2023-09-07 11:40:00+07:00,12.5,12.5,12.5,12.5,5000.0
2023-09-07 11:41:00+07:00,12.5,12.5,12.5,12.5,1079000.0
2023-09-07 11:44:00+07:00,12.4,12.5,12.4,12.5,2700.0
2023-09-07 11:52:00+07:00,12.4,12.5,12.4,12.5,1100.0
2023-09-07 11:53:00+07:00,12.5,12.5,12.4,12.5,52800.0
2023-09-07 11:54:00+07:00,12.5,12.5,12.4,12.5,50400.0
2023-09-07 11:55:00+07:00,12.4,12.5,12.4,12.5,1500.0
2023-09-07 11:56:00+07:00,12.5,12.5,12.4,12.4,4400.0
2023-09-07 11:57:00+07:00,12.5,12.5,12.5,12.5,300.0
2023-09-07 11:58:00+07:00,12.5,12.5,12.5,12.5,200.0
2023-09-07 11:59:00+07:00,12.5,12.5,12.4,12.5,300.0
2023-09-07 12:00:00+07:00,12.5,12.5,12.5,12.5,400.0
2023-09-07 12:01:00+07:00,12.5,12.5,12.5,12.5,200.0
2023-09-07 12:02:00+07:00,12.5,12.5,12.5,12.5,200.0
2023-09-07 12:03:00+07:00,12.4,12.5,12.4,12.5,700.0
2023-09-07 12:05:00+07:00,12.5,12.5,12.5,12.5,15100.0
2023-09-07 12:06:00+07:00,12.5,12.5,12.5,12.5,100.0
2023-09-07 12:07:00+07:00,12.5,12.5,12.5,12.5,100.0
2023-09-07 12:08:00+07:00,12.5,12.5,12.5,12.5,100.0
2023-09-07 12:09:00+07:00,12.5,12.5,12.5,12.5,100.0
2023-09-07 12:10:00+07:00,12.5,12.5,12.5,12.5,200.0
2023-09-07 12:11:00+07:00,12.5,12.5,12.5,12.5,10100.0
2023-09-07 12:12:00+07:00,12.5,12.5,12.5,12.5,300.0
2023-09-07 12:15:00+07:00,12.5,12.5,12.5,12.5,92100.0
2023-09-07 12:16:00+07:00,12.5,12.5,12.5,12.5,11300.0
2023-09-07 12:17:00+07:00,12.5,12.5,12.5,12.5,300.0
2023-09-07 12:18:00+07:00,12.5,12.5,12.5,12.5,500.0
2023-09-07 12:19:00+07:00,12.5,12.5,12.4,12.5,1300.0
2023-09-07 12:20:00+07:00,12.5,12.5,12.5,12.5,500.0
2023-09-07 12:21:00+07:00,12.5,12.5,12.5,12.5,400.0
2023-09-07 12:22:00+07:00,12.5,12.5,12.5,12.5,10700.0
2023-09-07 12:23:00+07:00,12.5,12.5,12.5,12.5,100.0
2023-09-07 12:26:00+07:00,12.5,12.5,12.5,12.5,19000.0
2023-09-07 12:29:00+07:00,12.4,12.5,12.4,12.5,107400.0
2023-09-07 14:27:00+07:00,12.4,12.4,12.4,12.4,48300.0
2023-09-07 14:28:00+07:00,12.4,12.4,12.4,12.4,10000.0
2023-09-07 14:30:00+07:00,12.4,12.4,12.4,12.4,400.0
2023-09-07 14:32:00+07:00,12.4,12.4,12.4,12.4,600.0
2023-09-07 14:35:00+07:00,12.4,12.4,12.4,12.4,1000.0
2023-09-07 14:36:00+07:00,12.4,12.4,12.4,12.4,200000.0
2023-09-07 14:38:00+07:00,12.4,12.4,12.4,12.4,100100.0
2023-09-07 14:39:00+07:00,12.4,12.4,12.4,12.4,1700.0
2023-09-07 14:40:00+07:00,12.4,12.4,12.4,12.4,200.0
2023-09-07 14:42:00+07:00,12.5,12.5,12.5,12.5,100.0
2023-09-07 14:48:00+07:00,12.4,12.4,12.4,12.4,500.0
2023-09-07 14:49:00+07:00,12.4,12.4,12.4,12.4,1000.0
2023-09-07 14:51:00+07:00,12.4,12.4,12.4,12.4,200.0
2023-09-07 14:55:00+07:00,12.4,12.4,12.4,12.4,3600.0
2023-09-07 14:57:00+07:00,12.4,12.4,12.4,12.4,1000.0
2023-09-07 14:58:00+07:00,12.5,12.5,12.5,12.5,2500.0
2023-09-07 15:00:00+07:00,12.5,12.5,12.5,12.5,2500.0
2023-09-07 15:01:00+07:00,12.4,12.5,12.4,12.5,955700.0
2023-09-07 15:02:00+07:00,12.5,12.5,12.5,12.5,340000.0
2023-09-07 15:03:00+07:00,12.5,12.5,12.5,12.5,37600.0
2023-09-07 15:04:00+07:00,12.5,12.5,12.5,12.5,101100.0
2023-09-07 15:05:00+07:00,12.5,12.5,12.5,12.5,713700.0
2023-09-07 15:06:00+07:00,12.5,12.5,12.5,12.5,42500.0
2023-09-07 15:07:00+07:00,12.5,12.5,12.5,12.5,2200.0
2023-09-07 15:08:00+07:00,12.5,12.5,12.5,12.5,100.0
2023-09-07 15:09:00+07:00,12.5,12.5,12.4,12.4,6100.0
2023-09-07 15:10:00+07:00,12.5,12.5,12.5,12.5,200.0
2023-09-07 15:11:00+07:00,12.5,12.5,12.5,12.5,600.0
2023-09-07 15:12:00+07:00,12.5,12.5,12.5,12.5,400.0
2023-09-07 15:21:00+07:00,12.5,12.5,12.5,12.5,100.0
2023-09-07 15:23:00+07:00,12.5,12.5,12.5,12.5,100.0
2023-09-07 15:26:00+07:00,12.5,12.5,12.5,12.5,100.0
2023-09-07 15:27:00+07:00,12.5,12.5,12.5,12.5,100.0
2023-09-07 15:28:00+07:00,12.4,12.4,12.4,12.4,200.0
2023-09-07 15:41:00+07:00,12.5,12.5,12.4,12.5,3700.0
2023-09-07 15:46:00+07:00,12.5,12.5,12.5,12.5,16300.0
2023-09-07 15:47:00+07:00,12.5,12.5,12.5,12.5,400.0
2023-09-07 15:48:00+07:00,12.5,12.5,12.5,12.5,400.0
2023-09-07 15:49:00+07:00,12.4,12.5,12.4,12.5,500.0
2023-09-07 15:50:00+07:00,12.5,12.5,12.5,12.5,100.0
2023-09-07 15:51:00+07:00,12.5,12.5,12.5,12.5,20700.0
2023-09-07 15:52:00+07:00,12.5,12.5,12.5,12.5,400.0
2023-09-07 15:53:00+07:00,12.4,12.5,12.4,12.5,288800.0
2023-09-07 15:54:00+07:00,12.5,12.5,12.5,12.5,100.0
2023-09-07 15:55:00+07:00,12.5,12.5,12.5,12.5,200.0
2023-09-07 15:56:00+07:00,12.5,12.5,12.5,12.5,200.0
2023-09-07 15:57:00+07:00,12.5,12.5,12.5,12.5,300.0
2023-09-07 15:58:00+07:00,12.4,12.5,12.4,12.5,1100.0
2023-09-07 15:59:00+07:00,12.5,12.5,12.5,12.5,200.0
2023-09-07 16:00:00+07:00,12.5,12.5,12.5,12.5,200.0
2023-09-07 16:01:00+07:00,12.5,12.5,12.5,12.5,300.0
2023-09-07 16:02:00+07:00,12.5,12.5,12.5,12.5,200.0
2023-09-07 16:04:00+07:00,12.5,12.5,12.5,12.5,5100.0
2023-09-07 16:05:00+07:00,12.5,12.5,12.4,12.4,1900.0
2023-09-07 16:06:00+07:00,12.5,12.5,12.5,12.5,10400.0
2023-09-07 16:07:00+07:00,12.5,12.5,12.5,12.5,100.0
2023-09-07 16:08:00+07:00,12.5,12.5,12.5,12.5,200.0
2023-09-07 16:09:00+07:00,12.5,12.5,12.5,12.5,400.0
2023-09-07 16:12:00+07:00,12.5,12.5,12.5,12.5,100.0
2023-09-07 16:15:00+07:00,12.4,12.5,12.4,12.5,300100.0
2023-09-07 16:17:00+07:00,12.5,12.5,12.5,12.5,100.0
2023-09-07 16:19:00+07:00,12.4,12.4,12.4,12.4,1000.0
2023-09-07 16:20:00+07:00,12.5,12.5,12.4,12.5,3200.0
2023-09-07 16:22:00+07:00,12.5,12.5,12.5,12.5,600.0
2023-09-07 16:23:00+07:00,12.5,12.5,12.4,12.4,200.0
2023-09-07 16:24:00+07:00,12.4,12.4,12.4,12.4,8000.0
2023-09-07 16:25:00+07:00,12.4,12.5,12.4,12.5,105000.0
2023-09-07 16:26:00+07:00,12.5,12.5,12.5,12.5,114900.0
2023-09-07 16:27:00+07:00,12.5,12.5,12.5,12.5,986800.0
2023-09-07 16:28:00+07:00,12.5,12.5,12.4,12.5,791300.0
2023-09-07 16:29:00+07:00,12.5,12.5,12.5,12.5,71400.0
2023-09-07 16:35:00+07:00,12.5,12.5,12.5,12.5,982600.0
2023-09-08 09:59:00+07:00,12.4,12.4,12.4,12.4,80700.0
2023-09-08 10:04:00+07:00,12.4,12.4,12.4,12.4,2000.0
2023-09-08 10:06:00+07:00,12.4,12.4,12.4,12.4,100.0
2023-09-08 10:07:00+07:00,12.4,12.4,12.4,12.4,400.0
2023-09-08 10:08:00+07:00,12.4,12.4,12.4,12.4,100.0
2023-09-08 10:09:00+07:00,12.4,12.4,12.4,12.4,1191600.0
2023-09-08 10:10:00+07:00,12.4,12.4,12.3,12.4,762400.0
2023-09-08 10:11:00+07:00,12.4,12.4,12.4,12.4,240700.0
2023-09-08 10:13:00+07:00,12.5,12.5,12.4,12.4,116600.0
2023-09-08 10:14:00+07:00,12.4,12.4,12.4,12.4,200.0
2023-09-08 10:15:00+07:00,12.4,12.4,12.4,12.4,800.0
2023-09-08 10:16:00+07:00,12.3,12.4,12.3,12.4,1400.0
2023-09-08 10:17:00+07:00,12.4,12.4,12.4,12.4,2700.0
2023-09-08 10:19:00+07:00,12.4,12.4,12.4,12.4,500.0
2023-09-08 10:20:00+07:00,12.4,12.4,12.4,12.4,384500.0
2023-09-08 10:21:00+07:00,12.4,12.4,12.4,12.4,300.0
2023-09-08 10:22:00+07:00,12.4,12.4,12.4,12.4,27700.0
2023-09-08 10:23:00+07:00,12.5,12.5,12.4,12.4,2300.0
2023-09-08 10:24:00+07:00,12.5,12.5,12.5,12.5,1000.0
2023-09-08 10:32:00+07:00,12.4,12.4,12.4,12.4,3000.0
2023-09-08 10:34:00+07:00,12.4,12.4,12.4,12.4,100.0
2023-09-08 10:35:00+07:00,12.4,12.4,12.4,12.4,200.0
2023-09-08 10:46:00+07:00,12.5,12.5,12.5,12.5,3200.0
2023-09-08 10:52:00+07:00,12.5,12.5,12.5,12.5,1010400.0
2023-09-08 10:57:00+07:00,12.5,12.5,12.5,12.5,100.0
2023-09-08 11:10:00+07:00,12.4,12.4,12.4,12.4,400.0
2023-09-08 11:12:00+07:00,12.4,12.5,12.4,12.5,2300.0
2023-09-08 11:13:00+07:00,12.5,12.5,12.4,12.5,4100.0
2023-09-08 11:14:00+07:00,12.5,12.5,12.5,12.5,800.0
2023-09-08 11:15:00+07:00,12.5,12.5,12.5,12.5,1200.0
2023-09-08 11:16:00+07:00,12.5,12.5,12.4,12.4,2900.0
2023-09-08 11:17:00+07:00,12.5,12.5,12.5,12.5,300.0
2023-09-08 11:18:00+07:00,12.5,12.5,12.5,12.5,200.0
2023-09-08 11:22:00+07:00,12.4,12.4,12.4,12.4,100.0
2023-09-08 11:25:00+07:00,12.4,12.5,12.4,12.5,2600.0
2023-09-08 11:27:00+07:00,12.5,12.5,12.5,12.5,200.0
2023-09-08 11:28:00+07:00,12.5,12.5,12.4,12.5,32100.0
2023-09-08 11:29:00+07:00,12.5,12.5,12.5,12.5,100.0
2023-09-08 11:30:00+07:00,12.5,12.5,12.5,12.5,100.0
2023-09-08 11:31:00+07:00,12.4,12.5,12.4,12.5,1100.0
2023-09-08 11:32:00+07:00,12.5,12.5,12.4,12.5,7900.0
2023-09-08 11:38:00+07:00,12.4,12.4,12.4,12.4,764200.0
2023-09-08 11:39:00+07:00,12.3,12.4,12.3,12.4,71100.0
2023-09-08 11:40:00+07:00,12.4,12.4,12.4,12.4,200.0
2023-09-08 11:41:00+07:00,12.4,12.4,12.4,12.4,100.0
2023-09-08 11:42:00+07:00,12.4,12.4,12.3,12.3,1100.0
2023-09-08 11:43:00+07:00,12.4,12.4,12.4,12.4,600.0
2023-09-08 11:44:00+07:00,12.4,12.4,12.4,12.4,200.0
2023-09-08 11:47:00+07:00,12.3,12.4,12.3,12.4,1900.0
2023-09-08 11:48:00+07:00,12.3,12.4,12.3,12.4,5000.0
2023-09-08 11:49:00+07:00,12.4,12.4,12.4,12.4,400.0
2023-09-08 11:54:00+07:00,12.4,12.4,12.4,12.4,4000.0
2023-09-08 11:55:00+07:00,12.4,12.4,12.4,12.4,2000.0
2023-09-08 11:56:00+07:00,12.4,12.4,12.4,12.4,400.0
2023-09-08 12:00:00+07:00,12.3,12.4,12.3,12.4,8400.0
2023-09-08 12:01:00+07:00,12.4,12.4,12.3,12.4,475200.0
2023-09-08 12:02:00+07:00,12.4,12.4,12.4,12.4,100.0
2023-09-08 12:05:00+07:00,12.4,12.4,12.4,12.4,1100.0
2023-09-08 12:07:00+07:00,12.4,12.4,12.4,12.4,100.0
2023-09-08 12:10:00+07:00,12.3,12.4,12.3,12.4,200.0
2023-09-08 12:13:00+07:00,12.3,12.3,12.3,12.3,50000.0
2023-09-08 12:14:00+07:00,12.4,12.4,12.4,12.4,800.0
2023-09-08 12:15:00+07:00,12.4,12.4,12.4,12.4,500.0
2023-09-08 12:16:00+07:00,12.4,12.4,12.4,12.4,500.0
2023-09-08 12:17:00+07:00,12.4,12.4,12.3,12.3,700.0
2023-09-08 12:18:00+07:00,12.4,12.4,12.4,12.4,300.0
2023-09-08 12:19:00+07:00,12.4,12.4,12.4,12.4,300.0
2023-09-08 12:20:00+07:00,12.4,12.4,12.3,12.4,700.0
2023-09-08 12:21:00+07:00,12.4,12.4,12.4,12.4,300.0
2023-09-08 12:22:00+07:00,12.4,12.4,12.3,12.4,5000.0
2023-09-08 12:26:00+07:00,12.3,12.3,12.3,12.3,1800.0
2023-09-08 12:29:00+07:00,12.3,12.4,12.3,12.4,2600.0
2023-09-08 14:29:00+07:00,12.4,12.4,12.4,12.4,202800.0
2023-09-08 14:30:00+07:00,12.4,12.4,12.4,12.4,100.0
2023-09-08 14:37:00+07:00,12.4,12.4,12.4,12.4,500.0
2023-09-08 14:47:00+07:00,12.3,12.3,12.3,12.3,100.0
2023-09-08 14:48:00+07:00,12.3,12.3,12.3,12.3,1000.0
2023-09-08 14:50:00+07:00,12.4,12.4,12.4,12.4,200.0
2023-09-08 14:52:00+07:00,12.4,12.4,12.4,12.4,100.0
2023-09-08 14:57:00+07:00,12.4,12.4,12.4,12.4,100.0
2023-09-08 14:58:00+07:00,12.3,12.4,12.3,12.4,600.0
2023-09-08 15:03:00+07:00,12.3,12.3,12.3,12.3,200.0
2023-09-08 15:07:00+07:00,12.4,12.4,12.4,12.4,1000.0
2023-09-08 15:09:00+07:00,12.3,12.3,12.3,12.3,200.0
2023-09-08 15:11:00+07:00,12.3,12.3,12.3,12.3,18100.0
2023-09-08 15:15:00+07:00,12.3,12.3,12.3,12.3,100.0
2023-09-08 15:17:00+07:00,12.3,12.3,12.3,12.3,100.0
2023-09-08 15:19:00+07:00,12.3,12.3,12.3,12.3,50100.0
2023-09-08 15:21:00+07:00,12.3,12.3,12.3,12.3,1759600.0
2023-09-08 15:22:00+07:00,12.3,12.3,12.3,12.3,83000.0
2023-09-08 15:23:00+07:00,12.2,12.3,12.2,12.3,27800.0
2023-09-08 15:24:00+07:00,12.3,12.3,12.2,12.2,200600.0
2023-09-08 15:25:00+07:00,12.2,12.3,12.2,12.3,1100.0
2023-09-08 15:26:00+07:00,12.3,12.3,12.3,12.3,900.0
2023-09-08 15:27:00+07:00,12.3,12.3,12.3,12.3,2400.0
2023-09-08 15:28:00+07:00,12.2,12.3,12.2,12.3,1600.0
2023-09-08 15:29:00+07:00,12.3,12.4,12.3,12.3,1259600.0
2023-09-08 15:30:00+07:00,12.4,12.4,12.3,12.3,147700.0
2023-09-08 15:31:00+07:00,12.3,12.3,12.3,12.3,1800.0
2023-09-08 15:32:00+07:00,12.3,12.3,12.3,12.3,1800.0
2023-09-08 15:33:00+07:00,12.3,12.3,12.3,12.3,3000.0
2023-09-08 15:34:00+07:00,12.3,12.3,12.3,12.3,100.0
2023-09-08 15:35:00+07:00,12.3,12.3,12.3,12.3,10000.0
2023-09-08 15:37:00+07:00,12.3,12.3,12.3,12.3,100.0
2023-09-08 15:39:00+07:00,12.3,12.3,12.3,12.3,6500.0
2023-09-08 15:41:00+07:00,12.2,12.3,12.2,12.3,1100.0
2023-09-08 15:43:00+07:00,12.3,12.3,12.3,12.3,5800.0
2023-09-08 15:44:00+07:00,12.3,12.3,12.3,12.3,13200.0
2023-09-08 15:45:00+07:00,12.3,12.3,12.3,12.3,1400.0
2023-09-08 15:46:00+07:00,12.3,12.3,12.3,12.3,500.0
2023-09-08 15:47:00+07:00,12.3,12.3,12.3,12.3,100.0
2023-09-08 15:49:00+07:00,12.2,12.3,12.2,12.3,11900.0
2023-09-08 15:50:00+07:00,12.3,12.3,12.3,12.3,600.0
2023-09-08 15:51:00+07:00,12.3,12.3,12.3,12.3,100.0
2023-09-08 15:52:00+07:00,12.3,12.3,12.2,12.3,3100.0
2023-09-08 15:53:00+07:00,12.3,12.3,12.3,12.3,1000.0
2023-09-08 15:55:00+07:00,12.3,12.3,12.2,12.3,305000.0
2023-09-08 15:56:00+07:00,12.3,12.3,12.3,12.3,2600.0
2023-09-08 15:57:00+07:00,12.3,12.3,12.2,12.2,2800.0
2023-09-08 15:58:00+07:00,12.3,12.3,12.3,12.3,900.0
2023-09-08 16:00:00+07:00,12.2,12.3,12.2,12.3,2100.0
2023-09-08 16:01:00+07:00,12.3,12.3,12.3,12.3,100.0
2023-09-08 16:04:00+07:00,12.3,12.3,12.2,12.2,300.0
2023-09-08 16:09:00+07:00,12.2,12.3,12.2,12.3,5900.0
2023-09-08 16:11:00+07:00,12.3,12.3,12.3,12.3,100.0
2023-09-08 16:13:00+07:00,12.2,12.3,12.2,12.3,200200.0
2023-09-08 16:14:00+07:00,12.3,12.3,12.3,12.3,100.0
2023-09-08 16:15:00+07:00,12.2,12.3,12.2,12.3,2200.0
2023-09-08 16:16:00+07:00,12.2,12.3,12.2,12.3,2100.0
2023-09-08 16:17:00+07:00,12.2,12.3,12.2,12.3,600.0
2023-09-08 16:18:00+07:00,12.2,12.3,12.2,12.3,3300.0
2023-09-08 16:19:00+07:00,12.2,12.3,12.2,12.3,300.0
2023-09-08 16:20:00+07:00,12.3,12.3,12.2,12.2,47400.0
2023-09-08 16:21:00+07:00,12.2,12.2,12.2,12.2,15000.0
2023-09-08 16:22:00+07:00,12.3,12.3,12.3,12.3,600.0
2023-09-08 16:23:00+07:00,12.3,12.3,12.3,12.3,100.0
2023-09-08 16:24:00+07:00,12.3,12.3,12.2,12.2,28400.0
2023-09-08 16:25:00+07:00,12.2,12.2,12.2,12.2,100.0
2023-09-08 16:26:00+07:00,12.2,12.3,12.2,12.3,2900.0
2023-09-08 16:27:00+07:00,12.3,12.3,12.2,12.2,3100.0
2023-09-08 16:28:00+07:00,12.3,12.3,12.2,12.3,2000.0
2023-09-08 16:29:00+07:00,12.3,12.3,12.2,12.3,807300.0
2023-09-08 16:39:00+07:00,12.3,12.3,12.3,12.3,1482100.0
2023-09-11 09:57:00+07:00,12.3,12.3,12.3,12.3,50600.0
2023-09-11 09:58:00+07:00,12.2,12.2,12.2,12.2,90000.0
2023-09-11 09:59:00+07:00,12.2,12.2,12.2,12.2,5000.0
2023-09-11 10:00:00+07:00,12.3,12.3,12.2,12.2,700.0
2023-09-11 10:01:00+07:00,12.3,12.3,12.2,12.2,48700.0
2023-09-11 10:02:00+07:00,12.2,12.2,12.2,12.2,505800.0
2023-09-11 10:03:00+07:00,12.2,12.2,12.2,12.2,2500.0
2023-09-11 10:04:00+07:00,12.2,12.2,12.2,12.2,5300.0
2023-09-11 10:05:00+07:00,12.2,12.2,12.2,12.2,2600.0
2023-09-11 10:06:00+07:00,12.2,12.2,12.2,12.2,5200.0
2023-09-11 10:07:00+07:00,12.2,12.2,12.2,12.2,5200.0
2023-09-11 10:08:00+07:00,12.2,12.2,12.2,12.2,3000.0
2023-09-11 10:09:00+07:00,12.2,12.2,12.2,12.2,6600.0
2023-09-11 10:11:00+07:00,12.2,12.2,12.2,12.2,2100.0
2023-09-11 10:12:00+07:00,12.2,12.2,12.1,12.2,255400.0
2023-09-11 10:13:00+07:00,12.2,12.2,12.2,12.2,500.0
2023-09-11 10:14:00+07:00,12.2,12.2,12.2,12.2,224100.0
2023-09-11 10:15:00+07:00,12.2,12.2,12.2,12.2,19400.0
2023-09-11 10:17:00+07:00,12.2,12.2,12.2,12.2,200.0
2023-09-11 10:18:00+07:00,12.2,12.2,12.2,12.2,100.0
2023-09-11 10:20:00+07:00,12.2,12.2,12.2,12.2,2400.0
2023-09-11 10:22:00+07:00,12.2,12.2,12.2,12.2,36000.0
2023-09-11 10:23:00+07:00,12.2,12.2,12.2,12.2,12100.0
2023-09-11 10:25:00+07:00,12.2,12.2,12.2,12.2,100.0
2023-09-11 10:26:00+07:00,12.2,12.2,12.2,12.2,2200.0
2023-09-11 10:28:00+07:00,12.2,12.2,12.2,12.2,400.0
2023-09-11 10:29:00+07:00,12.2,12.2,12.2,12.2,2100.0
2023-09-11 10:30:00+07:00,12.2,12.2,12.2,12.2,332200.0
2023-09-11 10:31:00+07:00,12.2,12.2,12.2,12.2,10800.0
2023-09-11 10:32:00+07:00,12.2,12.2,12.1,12.1,83900.0
2023-09-11 10:36:00+07:00,12.2,12.2,12.2,12.2,372800.0
2023-09-11 10:37:00+07:00,12.2,12.2,12.2,12.2,2800.0
2023-09-11 10:39:00+07:00,12.2,12.2,12.2,12.2,3000.0
2023-09-11 10:40:00+07:00,12.2,12.2,12.2,12.2,4000.0
2023-09-11 10:41:00+07:00,12.2,12.2,12.2,12.2,52600.0
2023-09-11 10:44:00+07:00,12.2,12.2,12.2,12.2,400.0
2023-09-11 10:45:00+07:00,12.2,12.2,12.2,12.2,2400.0
2023-09-11 10:46:00+07:00,12.2,12.2,12.2,12.2,2300.0
2023-09-11 10:50:00+07:00,12.2,12.2,12.2,12.2,4700.0
2023-09-11 10:51:00+07:00,12.2,12.2,12.2,12.2,200.0
2023-09-11 10:52:00+07:00,12.2,12.2,12.2,12.2,2500.0
2023-09-11 10:53:00+07:00,12.2,12.2,12.1,12.1,115900.0
2023-09-11 10:54:00+07:00,12.1,12.1,12.1,12.1,300.0
2023-09-11 10:55:00+07:00,12.1,12.2,12.1,12.1,1600.0
2023-09-11 10:56:00+07:00,12.1,12.1,12.1,12.1,5100.0
2023-09-11 10:57:00+07:00,12.1,12.2,12.1,12.2,10000.0
2023-09-11 10:58:00+07:00,12.1,12.1,12.1,12.1,1100.0
2023-09-11 10:59:00+07:00,12.1,12.1,12.1,12.1,1000.0
2023-09-11 11:00:00+07:00,12.1,12.1,12.1,12.1,4000.0
2023-09-11 11:01:00+07:00,12.1,12.1,12.1,12.1,2600.0
2023-09-11 11:02:00+07:00,12.1,12.2,12.1,12.1,1100.0
2023-09-11 11:04:00+07:00,12.1,12.1,12.1,12.1,1600.0
2023-09-11 11:05:00+07:00,12.2,12.2,12.2,12.2,500.0
2023-09-11 11:06:00+07:00,12.1,12.2,12.1,12.2,3300.0
2023-09-11 11:07:00+07:00,12.2,12.2,12.1,12.1,5000.0
2023-09-11 11:08:00+07:00,12.2,12.2,12.2,12.2,500.0
2023-09-11 11:09:00+07:00,12.1,12.1,12.1,12.1,355600.0
2023-09-11 11:11:00+07:00,12.1,12.1,12.1,12.1,143600.0
2023-09-11 11:12:00+07:00,12.1,12.1,12.1,12.1,1000.0
2023-09-11 11:13:00+07:00,12.1,12.1,12.1,12.1,5100.0
2023-09-11 11:14:00+07:00,12.1,12.1,12.1,12.1,7000.0
2023-09-11 11:15:00+07:00,12.2,12.2,12.2,12.2,100.0
2023-09-11 11:16:00+07:00,12.1,12.1,12.0,12.1,778800.0
2023-09-11 11:17:00+07:00,12.1,12.1,12.1,12.1,500.0
2023-09-11 11:19:00+07:00,12.1,12.1,12.1,12.1,2000.0
2023-09-11 11:20:00+07:00,12.1,12.1,12.1,12.1,50000.0
2023-09-11 11:21:00+07:00,12.1,12.1,12.1,12.1,4900.0
2023-09-11 11:24:00+07:00,12.1,12.1,12.1,12.1,4700.0
2023-09-11 11:25:00+07:00,12.1,12.1,12.1,12.1,6400.0
2023-09-11 11:26:00+07:00,12.1,12.1,12.1,12.1,158500.0
2023-09-11 11:27:00+07:00,12.1,12.2,12.1,12.2,137800.0
2023-09-11 11:29:00+07:00,12.1,12.1,12.1,12.1,55000.0
2023-09-11 11:30:00+07:00,12.1,12.2,12.1,12.1,230700.0
2023-09-11 11:31:00+07:00,12.1,12.1,12.0,12.1,1800.0
2023-09-11 11:32:00+07:00,12.1,12.1,12.1,12.1,96900.0
2023-09-11 11:33:00+07:00,12.1,12.1,12.1,12.1,132200.0
2023-09-11 11:36:00+07:00,12.0,12.0,12.0,12.0,1500.0
2023-09-11 11:37:00+07:00,12.0,12.0,12.0,12.0,12900.0
2023-09-11 11:38:00+07:00,12.1,12.1,12.0,12.0,4900.0
2023-09-11 11:39:00+07:00,12.0,12.0,12.0,12.0,200.0
2023-09-11 11:40:00+07:00,12.0,12.0,12.0,12.0,2000.0
2023-09-11 11:42:00+07:00,12.1,12.1,12.1,12.1,200.0
2023-09-11 11:45:00+07:00,12.1,12.1,12.1,12.1,100.0
2023-09-11 11:46:00+07:00,12.0,12.0,12.0,12.0,1000.0
2023-09-11 11:47:00+07:00,12.1,12.1,12.1,12.1,1000.0
2023-09-11 11:48:00+07:00,12.1,12.1,12.1,12.1,300.0
2023-09-11 11:49:00+07:00,12.1,12.1,12.1,12.1,2200.0
2023-09-11 11:52:00+07:00,12.1,12.1,12.1,12.1,100.0
2023-09-11 11:54:00+07:00,12.1,12.1,12.1,12.1,4000.0
2023-09-11 11:57:00+07:00,12.1,12.1,12.0,12.0,3500.0
2023-09-11 11:58:00+07:00,12.0,12.1,12.0,12.1,2200.0
2023-09-11 11:59:00+07:00,12.1,12.1,12.0,12.0,900.0
2023-09-11 12:00:00+07:00,12.0,12.0,12.0,12.0,20000.0
2023-09-11 12:01:00+07:00,12.1,12.1,12.1,12.1,1000.0
2023-09-11 12:02:00+07:00,12.1,12.1,12.1,12.1,4300.0
2023-09-11 12:04:00+07:00,12.1,12.1,12.1,12.1,2000.0
2023-09-11 12:05:00+07:00,12.0,12.1,12.0,12.1,6000.0
2023-09-11 12:07:00+07:00,12.0,12.1,12.0,12.1,1100.0
2023-09-11 12:08:00+07:00,12.1,12.1,12.1,12.1,126000.0
2023-09-11 12:10:00+07:00,12.1,12.1,12.1,12.1,24100.0
2023-09-11 12:11:00+07:00,12.1,12.1,12.1,12.1,3200.0
2023-09-11 12:12:00+07:00,12.1,12.1,12.1,12.1,20000.0
2023-09-11 12:15:00+07:00,12.1,12.1,12.1,12.1,483100.0
2023-09-11 12:16:00+07:00,12.2,12.2,12.2,12.2,300.0
2023-09-11 12:21:00+07:00,12.1,12.1,12.1,12.1,1000.0
2023-09-11 12:24:00+07:00,12.1,12.1,12.1,12.1,1300.0
2023-09-11 12:26:00+07:00,12.2,12.2,12.2,12.2,5000.0
2023-09-11 12:27:00+07:00,12.2,12.2,12.2,12.2,342400.0
2023-09-11 12:28:00+07:00,12.2,12.2,12.2,12.2,10400.0
2023-09-11 12:29:00+07:00,12.2,12.3,12.2,12.2,3000.0
2023-09-11 14:29:00+07:00,12.3,12.3,12.2,12.2,172200.0
2023-09-11 14:31:00+07:00,12.2,12.3,12.2,12.3,1700.0
2023-09-11 14:32:00+07:00,12.3,12.3,12.3,12.3,100.0
2023-09-11 14:33:00+07:00,12.2,12.2,12.2,12.2,100.0
2023-09-11 14:37:00+07:00,12.3,12.3,12.3,12.3,2400.0
2023-09-11 14:38:00+07:00,12.2,12.2,12.2,12.2,1400.0
2023-09-11 14:39:00+07:00,12.2,12.2,12.2,12.2,10000.0
2023-09-11 14:49:00+07:00,12.2,12.2,12.2,12.2,100.0
2023-09-11 14:51:00+07:00,12.2,12.2,12.2,12.2,1900.0
2023-09-11 14:52:00+07:00,12.2,12.2,12.2,12.2,2100.0
2023-09-11 14:53:00+07:00,12.2,12.2,12.2,12.2,2000.0
2023-09-11 14:54:00+07:00,12.3,12.3,12.2,12.2,23100.0
2023-09-11 14:56:00+07:00,12.2,12.2,12.2,12.2,2800.0
2023-09-11 15:00:00+07:00,12.2,12.2,12.2,12.2,2900.0
2023-09-11 15:01:00+07:00,12.3,12.3,12.2,12.2,3700.0
2023-09-11 15:02:00+07:00,12.3,12.3,12.3,12.3,2900.0
2023-09-11 15:03:00+07:00,12.2,12.2,12.2,12.2,3200.0
2023-09-11 15:05:00+07:00,12.3,12.3,12.3,12.3,200.0
2023-09-11 15:06:00+07:00,12.2,12.3,12.2,12.3,5500.0
2023-09-11 15:07:00+07:00,12.3,12.3,12.3,12.3,100.0
2023-09-11 15:08:00+07:00,12.2,12.3,12.2,12.3,3600.0
2023-09-11 15:09:00+07:00,12.2,12.2,12.2,12.2,2000.0
2023-09-11 15:12:00+07:00,12.3,12.3,12.3,12.3,2100.0
2023-09-11 15:14:00+07:00,12.3,12.3,12.2,12.2,500.0
2023-09-11 15:15:00+07:00,12.2,12.2,12.2,12.2,2600.0
2023-09-11 15:17:00+07:00,12.2,12.3,12.2,12.3,5200.0
2023-09-11 15:20:00+07:00,12.2,12.2,12.2,12.2,2300.0
2023-09-11 15:22:00+07:00,12.3,12.3,12.3,12.3,4900.0
2023-09-11 15:28:00+07:00,12.3,12.3,12.2,12.2,2600.0
2023-09-11 15:31:00+07:00,12.2,12.2,12.2,12.2,2200.0
2023-09-11 15:33:00+07:00,12.2,12.2,12.2,12.2,500.0
2023-09-11 15:34:00+07:00,12.3,12.3,12.3,12.3,2800.0
2023-09-11 15:35:00+07:00,12.2,12.2,12.2,12.2,2800.0
2023-09-11 15:36:00+07:00,12.2,12.2,12.2,12.2,1000.0
2023-09-11 15:37:00+07:00,12.2,12.2,12.2,12.2,200.0
2023-09-11 15:40:00+07:00,12.3,12.3,12.3,12.3,2000.0
2023-09-11 15:44:00+07:00,12.3,12.3,12.3,12.3,2500.0
2023-09-11 15:47:00+07:00,12.2,12.2,12.2,12.2,100000.0
2023-09-11 15:48:00+07:00,12.2,12.2,12.2,12.2,60000.0
2023-09-11 15:49:00+07:00,12.2,12.3,12.2,12.3,2800.0
2023-09-11 15:51:00+07:00,12.2,12.2,12.2,12.2,2200.0
2023-09-11 15:53:00+07:00,12.3,12.3,12.3,12.3,1900.0
2023-09-11 15:54:00+07:00,12.2,12.2,12.2,12.2,400.0
2023-09-11 15:55:00+07:00,12.2,12.2,12.2,12.2,1900.0
2023-09-11 15:56:00+07:00,12.3,12.3,12.3,12.3,2600.0
2023-09-11 15:59:00+07:00,12.2,12.2,12.2,12.2,2800.0
2023-09-11 16:01:00+07:00,12.3,12.3,12.3,12.3,1800.0
2023-09-11 16:04:00+07:00,12.3,12.3,12.2,12.2,3900.0
2023-09-11 16:06:00+07:00,12.2,12.2,12.2,12.2,600.0
2023-09-11 16:07:00+07:00,12.2,12.2,12.2,12.2,2100.0
2023-09-11 16:08:00+07:00,12.2,12.2,12.2,12.2,100.0
2023-09-11 16:09:00+07:00,12.2,12.2,12.2,12.2,5100.0
2023-09-11 16:11:00+07:00,12.2,12.2,12.2,12.2,1000.0
2023-09-11 16:13:00+07:00,12.2,12.2,12.2,12.2,1500.0
2023-09-11 16:15:00+07:00,12.2,12.2,12.2,12.2,400.0
2023-09-11 16:16:00+07:00,12.2,12.3,12.2,12.3,3700.0
2023-09-11 16:17:00+07:00,12.3,12.3,12.3,12.3,1000.0
2023-09-11 16:20:00+07:00,12.2,12.2,12.2,12.2,700.0
2023-09-11 16:21:00+07:00,12.2,12.3,12.2,12.3,3400.0
2023-09-11 16:23:00+07:00,12.3,12.3,12.2,12.2,3100.0
2023-09-11 16:24:00+07:00,12.3,12.3,12.3,12.3,3200.0
2023-09-11 16:26:00+07:00,12.3,12.3,12.3,12.3,2500.0
2023-09-11 16:27:00+07:00,12.2,12.2,12.2,12.2,1300.0
2023-09-11 16:28:00+07:00,12.2,12.2,12.2,12.2,22200.0
2023-09-11 16:29:00+07:00,12.2,12.3,12.2,12.2,2800.0
2023-09-11 16:38:00+07:00,12.2,12.2,12.2,12.2,618400.0
2023-09-12 09:58:00+07:00,12.7,12.8,12.7,12.7,4057700.0
2023-09-12 09:59:00+07:00,12.7,12.8,12.6,12.6,808900.0
2023-09-12 10:00:00+07:00,12.6,12.7,12.6,12.7,44100.0
2023-09-12 10:01:00+07:00,12.7,12.7,12.6,12.6,55800.0
2023-09-12 10:02:00+07:00,12.6,12.8,12.6,12.7,1819200.0
2023-09-12 10:03:00+07:00,12.7,12.8,12.7,12.7,418800.0
2023-09-12 10:04:00+07:00,12.8,12.8,12.6,12.7,788200.0
2023-09-12 10:05:00+07:00,12.7,12.8,12.7,12.7,19100.0
2023-09-12 10:06:00+07:00,12.8,12.8,12.7,12.7,32700.0
2023-09-12 10:07:00+07:00,12.8,12.8,12.7,12.8,33500.0
2023-09-12 10:08:00+07:00,12.8,12.8,12.7,12.7,17100.0
2023-09-12 10:09:00+07:00,12.8,12.8,12.7,12.7,75300.0
2023-09-12 10:10:00+07:00,12.7,12.8,12.7,12.8,44400.0
2023-09-12 10:11:00+07:00,12.7,12.8,12.7,12.8,52800.0
2023-09-12 10:12:00+07:00,12.8,12.8,12.7,12.8,53400.0
2023-09-12 10:13:00+07:00,12.8,12.9,12.8,12.8,1094600.0
2023-09-12 10:14:00+07:00,12.8,12.9,12.8,12.8,16500.0
2023-09-12 10:15:00+07:00,12.8,12.9,12.8,12.8,35300.0
2023-09-12 10:16:00+07:00,12.8,12.9,12.8,12.8,26100.0
2023-09-12 10:17:00+07:00,12.9,12.9,12.8,12.8,65700.0
2023-09-12 10:18:00+07:00,12.8,12.9,12.8,12.9,53800.0
2023-09-12 10:19:00+07:00,12.8,12.9,12.8,12.9,6700.0
2023-09-12 10:20:00+07:00,12.9,12.9,12.7,12.7,931600.0
2023-09-12 10:21:00+07:00,12.7,12.7,12.7,12.7,4300.0
2023-09-12 10:22:00+07:00,12.7,12.8,12.7,12.7,17900.0
2023-09-12 10:23:00+07:00,12.7,12.8,12.7,12.7,21000.0
2023-09-12 10:24:00+07:00,12.8,12.8,12.7,12.8,3300.0
2023-09-12 10:25:00+07:00,12.8,12.8,12.7,12.7,23100.0
2023-09-12 10:26:00+07:00,12.8,12.8,12.8,12.8,2400.0
2023-09-12 10:27:00+07:00,12.8,12.9,12.8,12.8,1211600.0
2023-09-12 10:28:00+07:00,12.8,12.9,12.8,12.8,28600.0
2023-09-12 10:29:00+07:00,12.8,12.9,12.8,12.8,170000.0
2023-09-12 10:30:00+07:00,12.8,12.9,12.8,12.8,15100.0
2023-09-12 10:31:00+07:00,12.8,12.9,12.8,12.8,768800.0
2023-09-12 10:32:00+07:00,12.8,12.9,12.8,12.8,65500.0
2023-09-12 10:33:00+07:00,12.8,12.9,12.8,12.9,47200.0
2023-09-12 10:34:00+07:00,12.8,12.9,12.8,12.8,64900.0
2023-09-12 10:35:00+07:00,12.8,12.9,12.8,12.8,9900.0
2023-09-12 10:36:00+07:00,12.8,12.9,12.8,12.9,145600.0
2023-09-12 10:37:00+07:00,12.8,12.9,12.8,12.9,85600.0
2023-09-12 10:38:00+07:00,12.9,12.9,12.8,12.9,7300.0
2023-09-12 10:39:00+07:00,12.9,12.9,12.8,12.8,12700.0
2023-09-12 10:40:00+07:00,12.8,12.9,12.8,12.8,40900.0
2023-09-12 10:41:00+07:00,12.9,12.9,12.8,12.8,83800.0
2023-09-12 10:42:00+07:00,12.9,12.9,12.8,12.8,359700.0
2023-09-12 10:43:00+07:00,12.8,12.9,12.8,12.8,25700.0
2023-09-12 10:44:00+07:00,12.9,12.9,12.8,12.8,10800.0
2023-09-12 10:45:00+07:00,12.8,12.9,12.8,12.9,2500.0
2023-09-12 10:47:00+07:00,12.8,12.8,12.8,12.8,500.0
2023-09-12 10:48:00+07:00,12.9,12.9,12.8,12.9,3700.0
2023-09-12 10:49:00+07:00,12.9,12.9,12.8,12.9,6900.0
2023-09-12 10:50:00+07:00,12.8,12.9,12.8,12.8,35000.0
2023-09-12 10:51:00+07:00,12.8,12.9,12.8,12.9,12200.0
2023-09-12 10:52:00+07:00,12.9,12.9,12.8,12.8,40400.0
2023-09-12 10:53:00+07:00,12.9,12.9,12.8,12.8,26500.0
2023-09-12 10:54:00+07:00,12.8,12.9,12.8,12.9,6200.0
2023-09-12 10:55:00+07:00,12.8,12.9,12.8,12.9,3200.0
2023-09-12 10:56:00+07:00,12.8,12.9,12.8,12.9,14900.0
2023-09-12 10:57:00+07:00,12.9,12.9,12.8,12.8,75100.0
2023-09-12 10:58:00+07:00,12.9,12.9,12.8,12.9,10100.0
2023-09-12 10:59:00+07:00,12.8,12.9,12.8,12.8,69900.0
2023-09-12 11:00:00+07:00,12.8,12.9,12.7,12.7,784000.0
2023-09-12 11:01:00+07:00,12.8,12.8,12.8,12.8,1105500.0
2023-09-12 11:02:00+07:00,12.8,12.9,12.8,12.9,30200.0
2023-09-12 11:03:00+07:00,12.8,12.9,12.8,12.9,69600.0
2023-09-12 11:04:00+07:00,12.8,12.8,12.8,12.8,14300.0
2023-09-12 11:05:00+07:00,12.8,12.9,12.8,12.9,42700.0
2023-09-12 11:06:00+07:00,12.8,12.9,12.8,12.8,33600.0
2023-09-12 11:07:00+07:00,12.9,12.9,12.8,12.8,114100.0
2023-09-12 11:08:00+07:00,12.8,12.9,12.8,12.8,18600.0
2023-09-12 11:09:00+07:00,12.9,12.9,12.8,12.8,20000.0
2023-09-12 11:10:00+07:00,12.9,12.9,12.9,12.9,2700.0
2023-09-12 11:11:00+07:00,12.8,12.9,12.8,12.9,6400.0
2023-09-12 11:12:00+07:00,12.8,12.9,12.8,12.9,15800.0
2023-09-12 11:13:00+07:00,12.8,12.9,12.8,12.8,68100.0
2023-09-12 11:14:00+07:00,12.8,12.9,12.8,12.8,33100.0
2023-09-12 11:15:00+07:00,12.9,12.9,12.8,12.8,10700.0
2023-09-12 11:16:00+07:00,12.9,12.9,12.8,12.9,7800.0
2023-09-12 11:17:00+07:00,12.9,12.9,12.8,12.8,78900.0
2023-09-12 11:18:00+07:00,12.8,12.9,12.8,12.9,9100.0
2023-09-12 11:19:00+07:00,12.9,12.9,12.8,12.8,45900.0
2023-09-12 11:20:00+07:00,12.8,12.9,12.8,12.9,10200.0
2023-09-12 11:21:00+07:00,12.9,12.9,12.8,12.8,29400.0
2023-09-12 11:22:00+07:00,12.8,12.9,12.8,12.8,59800.0
2023-09-12 11:23:00+07:00,12.8,12.9,12.8,12.9,8400.0
2023-09-12 11:24:00+07:00,12.8,12.9,12.8,12.8,35000.0
2023-09-12 11:25:00+07:00,12.8,12.9,12.8,12.8,3100.0
2023-09-12 11:26:00+07:00,12.8,12.9,12.8,12.9,15500.0
2023-09-12 11:27:00+07:00,12.9,12.9,12.8,12.8,62200.0
2023-09-12 11:28:00+07:00,12.8,12.9,12.8,12.9,14100.0
2023-09-12 11:29:00+07:00,12.8,12.9,12.8,12.8,21200.0
2023-09-12 11:30:00+07:00,12.9,12.9,12.8,12.9,50700.0
2023-09-12 11:31:00+07:00,12.9,12.9,12.8,12.9,208500.0
2023-09-12 11:32:00+07:00,12.8,12.9,12.8,12.8,57100.0
2023-09-12 11:33:00+07:00,12.8,12.8,12.8,12.8,30900.0
2023-09-12 11:34:00+07:00,12.8,12.8,12.8,12.8,4600.0
2023-09-12 11:35:00+07:00,12.8,12.9,12.8,12.8,7900.0
2023-09-12 11:36:00+07:00,12.8,12.9,12.8,12.9,38900.0
2023-09-12 11:37:00+07:00,12.8,12.9,12.8,12.8,15200.0
2023-09-12 11:38:00+07:00,12.8,12.9,12.8,12.9,2900.0
2023-09-12 11:39:00+07:00,12.8,12.9,12.8,12.9,18500.0
2023-09-12 11:40:00+07:00,12.8,12.9,12.8,12.9,11500.0
2023-09-12 11:41:00+07:00,12.8,12.8,12.8,12.8,5500.0
2023-09-12 11:42:00+07:00,12.9,12.9,12.8,12.8,7300.0
2023-09-12 11:43:00+07:00,12.8,12.9,12.8,12.8,25300.0
2023-09-12 11:44:00+07:00,12.8,12.9,12.8,12.8,40300.0
2023-09-12 11:45:00+07:00,12.9,12.9,12.8,12.9,16000.0
2023-09-12 11:46:00+07:00,12.8,12.9,12.8,12.8,30400.0
2023-09-12 11:47:00+07:00,12.8,12.9,12.8,12.9,8200.0
2023-09-12 11:48:00+07:00,12.8,12.9,12.8,12.9,17100.0
2023-09-12 11:49:00+07:00,12.8,12.9,12.8,12.8,19700.0
2023-09-12 11:50:00+07:00,12.9,12.9,12.8,12.9,6500.0
2023-09-12 11:51:00+07:00,12.8,12.9,12.8,12.9,17900.0
2023-09-12 11:52:00+07:00,12.9,12.9,12.8,12.8,147500.0
2023-09-12 11:53:00+07:00,12.8,12.9,12.8,12.9,11800.0
2023-09-12 11:54:00+07:00,12.8,12.9,12.8,12.9,6500.0
2023-09-12 11:55:00+07:00,12.8,12.9,12.8,12.9,700.0
2023-09-12 11:56:00+07:00,12.9,12.9,12.8,12.9,23600.0
2023-09-12 11:58:00+07:00,12.9,12.9,12.9,12.9,600.0
2023-09-12 12:00:00+07:00,12.8,12.9,12.8,12.9,18600.0
2023-09-12 12:01:00+07:00,12.8,12.8,12.8,12.8,300.0
2023-09-12 12:02:00+07:00,12.8,12.9,12.8,12.9,12000.0
2023-09-12 12:03:00+07:00,12.9,12.9,12.9,12.9,700.0
2023-09-12 12:05:00+07:00,12.8,12.9,12.8,12.9,1100.0
2023-09-12 12:06:00+07:00,12.8,12.9,12.8,12.9,1300.0
2023-09-12 12:09:00+07:00,12.8,12.9,12.8,12.8,23700.0
2023-09-12 12:10:00+07:00,12.8,12.9,12.8,12.9,6400.0
2023-09-12 12:11:00+07:00,12.9,12.9,12.9,12.9,800.0
2023-09-12 12:12:00+07:00,12.8,12.8,12.8,12.8,100.0
2023-09-12 12:13:00+07:00,12.8,12.9,12.8,12.8,2500.0
2023-09-12 12:14:00+07:00,12.8,12.9,12.8,12.9,13500.0
2023-09-12 12:15:00+07:00,12.8,12.9,12.8,12.9,17200.0
2023-09-12 12:16:00+07:00,12.9,12.9,12.9,12.9,1600.0
2023-09-12 12:17:00+07:00,12.9,12.9,12.9,12.9,100.0
2023-09-12 12:18:00+07:00,12.8,12.9,12.8,12.9,8200.0
2023-09-12 12:19:00+07:00,12.9,12.9,12.8,12.8,2800.0
2023-09-12 12:20:00+07:00,12.9,12.9,12.8,12.9,5200.0
2023-09-12 12:22:00+07:00,12.9,12.9,12.8,12.8,500.0
2023-09-12 12:23:00+07:00,12.8,12.8,12.8,12.8,57500.0
2023-09-12 12:24:00+07:00,12.8,12.8,12.8,12.8,112000.0
2023-09-12 12:25:00+07:00,12.8,12.8,12.8,12.8,19400.0
2023-09-12 12:26:00+07:00,12.8,12.8,12.8,12.8,19000.0
2023-09-12 12:27:00+07:00,12.8,12.9,12.8,12.8,8000.0
2023-09-12 12:28:00+07:00,12.9,12.9,12.8,12.9,36800.0
2023-09-12 12:29:00+07:00,12.9,12.9,12.9,12.9,1900.0
2023-09-12 14:29:00+07:00,12.8,12.8,12.8,12.8,99900.0
2023-09-12 14:30:00+07:00,12.9,12.9,12.8,12.8,10200.0
2023-09-12 14:31:00+07:00,12.8,12.8,12.8,12.8,10000.0
2023-09-12 14:32:00+07:00,12.8,12.8,12.8,12.8,1300.0
2023-09-12 14:33:00+07:00,12.8,12.9,12.8,12.8,12600.0
2023-09-12 14:34:00+07:00,12.9,12.9,12.8,12.9,14100.0
2023-09-12 14:35:00+07:00,12.9,12.9,12.8,12.8,3800.0
2023-09-12 14:36:00+07:00,12.9,12.9,12.8,12.9,12300.0
2023-09-12 14:37:00+07:00,12.9,12.9,12.9,12.9,1400.0
2023-09-12 14:38:00+07:00,12.8,12.9,12.8,12.9,12800.0
2023-09-12 14:40:00+07:00,12.8,12.9,12.8,12.9,9500.0
2023-09-12 14:41:00+07:00,12.9,12.9,12.8,12.8,400.0
2023-09-12 14:42:00+07:00,12.9,12.9,12.9,12.9,800.0
2023-09-12 14:43:00+07:00,12.8,12.9,12.8,12.8,13900.0
2023-09-12 14:44:00+07:00,12.9,12.9,12.9,12.9,401000.0
2023-09-12 14:45:00+07:00,12.8,12.9,12.8,12.8,3600.0
2023-09-12 14:46:00+07:00,12.8,12.9,12.8,12.8,21700.0
2023-09-12 14:47:00+07:00,12.8,12.9,12.8,12.8,6000.0
2023-09-12 14:48:00+07:00,12.9,12.9,12.8,12.8,6900.0
2023-09-12 14:49:00+07:00,12.8,12.9,12.8,12.9,3500.0
2023-09-12 14:50:00+07:00,12.9,12.9,12.8,12.8,4100.0
2023-09-12 14:51:00+07:00,12.8,12.9,12.8,12.9,11100.0
2023-09-12 14:52:00+07:00,12.8,12.9,12.8,12.9,17500.0
2023-09-12 14:53:00+07:00,12.9,12.9,12.8,12.9,22000.0
2023-09-12 14:54:00+07:00,12.9,12.9,12.9,12.9,4100.0
2023-09-12 14:55:00+07:00,12.8,12.9,12.8,12.9,6500.0
2023-09-12 14:56:00+07:00,12.9,12.9,12.9,12.9,21800.0
2023-09-12 14:57:00+07:00,12.9,12.9,12.8,12.9,5100.0
2023-09-12 14:58:00+07:00,12.8,12.9,12.8,12.9,19700.0
2023-09-12 14:59:00+07:00,12.8,12.9,12.8,12.9,15200.0
2023-09-12 15:00:00+07:00,12.9,12.9,12.9,12.9,1400.0
2023-09-12 15:01:00+07:00,12.9,12.9,12.8,12.9,22700.0
2023-09-12 15:02:00+07:00,12.8,12.9,12.8,12.8,15400.0
2023-09-12 15:03:00+07:00,12.8,12.9,12.8,12.9,4300.0
2023-09-12 15:04:00+07:00,12.8,12.9,12.8,12.8,42900.0
2023-09-12 15:05:00+07:00,12.9,12.9,12.8,12.8,17100.0
2023-09-12 15:06:00+07:00,12.9,12.9,12.9,12.9,5500.0
2023-09-12 15:07:00+07:00,12.9,12.9,12.9,12.9,4400.0
2023-09-12 15:08:00+07:00,12.9,13.0,12.9,12.9,3768400.0
2023-09-12 15:09:00+07:00,13.0,13.0,12.9,13.0,210400.0
2023-09-12 15:10:00+07:00,13.0,13.0,13.0,13.0,7600.0
2023-09-12 15:11:00+07:00,12.9,13.0,12.9,13.0,127200.0
2023-09-12 15:12:00+07:00,13.0,13.0,13.0,13.0,4700.0
2023-09-12 15:13:00+07:00,13.0,13.0,13.0,13.0,3600.0
2023-09-12 15:14:00+07:00,13.0,13.0,13.0,13.0,5700.0
2023-09-12 15:15:00+07:00,13.0,13.0,12.9,13.0,11400.0
2023-09-12 15:16:00+07:00,12.9,13.0,12.9,13.0,37900.0
2023-09-12 15:17:00+07:00,13.0,13.0,13.0,13.0,3100.0
2023-09-12 15:18:00+07:00,13.0,13.0,12.9,12.9,530900.0
2023-09-12 15:19:00+07:00,13.0,13.0,12.9,12.9,8800.0
2023-09-12 15:20:00+07:00,13.0,13.0,12.9,13.0,10100.0
2023-09-12 15:21:00+07:00,13.0,13.0,13.0,13.0,2600.0
2023-09-12 15:22:00+07:00,13.0,13.0,13.0,13.0,10200.0
2023-09-12 15:23:00+07:00,13.0,13.0,13.0,13.0,58200.0
2023-09-12 15:24:00+07:00,13.0,13.0,12.9,13.0,49400.0
2023-09-12 15:25:00+07:00,13.0,13.0,13.0,13.0,8200.0
2023-09-12 15:26:00+07:00,13.0,13.0,13.0,13.0,18200.0
2023-09-12 15:27:00+07:00,13.0,13.0,12.9,13.0,17200.0
2023-09-12 15:28:00+07:00,13.0,13.0,13.0,13.0,16400.0
2023-09-12 15:29:00+07:00,13.0,13.0,12.9,13.0,10300.0
2023-09-12 15:30:00+07:00,13.0,13.0,13.0,13.0,11800.0
2023-09-12 15:31:00+07:00,13.0,13.0,12.9,13.0,4800.0
2023-09-12 15:32:00+07:00,13.0,13.0,12.9,13.0,59800.0
2023-09-12 15:33:00+07:00,13.0,13.0,12.9,12.9,9900.0
2023-09-12 15:34:00+07:00,13.0,13.0,13.0,13.0,3000.0
2023-09-12 15:35:00+07:00,13.0,13.0,13.0,13.0,5900.0
2023-09-12 15:36:00+07:00,13.0,13.0,12.9,13.0,3500.0
2023-09-12 15:37:00+07:00,13.0,13.0,12.9,13.0,8100.0
2023-09-12 15:38:00+07:00,13.0,13.0,12.9,12.9,23300.0
2023-09-12 15:39:00+07:00,12.9,13.0,12.9,13.0,1200.0
2023-09-12 15:40:00+07:00,13.0,13.0,12.9,12.9,7400.0
2023-09-12 15:41:00+07:00,13.0,13.0,12.9,13.0,6700.0
2023-09-12 15:42:00+07:00,12.9,13.0,12.9,13.0,15000.0
2023-09-12 15:43:00+07:00,13.0,13.0,13.0,13.0,5400.0
2023-09-12 15:44:00+07:00,13.0,13.0,13.0,13.0,7600.0
2023-09-12 15:45:00+07:00,13.0,13.0,12.9,12.9,16300.0
2023-09-12 15:46:00+07:00,13.0,13.0,12.9,12.9,26200.0
2023-09-12 15:47:00+07:00,13.0,13.0,12.9,12.9,3300.0
2023-09-12 15:48:00+07:00,12.9,13.0,12.9,13.0,22300.0
2023-09-12 15:49:00+07:00,12.9,13.0,12.9,13.0,4600.0
2023-09-12 15:50:00+07:00,13.0,13.0,12.9,13.0,8800.0
2023-09-12 15:51:00+07:00,13.0,13.0,12.9,13.0,3300.0
2023-09-12 15:52:00+07:00,12.9,13.0,12.9,12.9,12000.0
2023-09-12 15:53:00+07:00,13.0,13.0,12.9,13.0,13900.0
2023-09-12 15:54:00+07:00,13.0,13.0,13.0,13.0,8300.0
2023-09-12 15:55:00+07:00,13.0,13.0,13.0,13.0,3300.0
2023-09-12 15:56:00+07:00,13.0,13.0,12.9,12.9,168000.0
2023-09-12 15:57:00+07:00,13.0,13.0,12.9,12.9,15600.0
2023-09-12 15:58:00+07:00,12.9,13.0,12.9,12.9,16000.0
2023-09-12 15:59:00+07:00,12.9,13.0,12.9,12.9,23900.0
2023-09-12 16:00:00+07:00,12.9,13.0,12.9,13.0,153800.0
2023-09-12 16:01:00+07:00,13.0,13.0,12.9,12.9,51200.0
2023-09-12 16:02:00+07:00,12.9,13.0,12.9,13.0,12400.0
2023-09-12 16:03:00+07:00,12.9,13.0,12.9,12.9,131800.0
2023-09-12 16:04:00+07:00,12.9,12.9,12.9,12.9,176900.0
2023-09-12 16:05:00+07:00,12.9,12.9,12.9,12.9,74000.0
2023-09-12 16:06:00+07:00,12.9,13.0,12.9,12.9,26200.0
2023-09-12 16:07:00+07:00,12.9,13.0,12.9,13.0,16300.0
2023-09-12 16:08:00+07:00,12.9,13.0,12.9,12.9,2000.0
2023-09-12 16:09:00+07:00,13.0,13.0,12.9,13.0,102300.0
2023-09-12 16:10:00+07:00,13.0,13.0,13.0,13.0,8000.0
2023-09-12 16:11:00+07:00,12.9,13.0,12.9,12.9,39700.0
2023-09-12 16:12:00+07:00,13.0,13.0,12.9,13.0,7200.0
2023-09-12 16:13:00+07:00,13.0,13.0,12.9,13.0,5400.0
2023-09-12 16:14:00+07:00,13.0,13.0,12.9,13.0,7000.0
2023-09-12 16:15:00+07:00,13.0,13.0,12.9,13.0,15800.0
2023-09-12 16:16:00+07:00,12.9,13.0,12.9,13.0,10400.0
2023-09-12 16:17:00+07:00,13.0,13.0,12.9,12.9,5800.0
2023-09-12 16:18:00+07:00,13.0,13.0,12.9,13.0,24300.0
2023-09-12 16:19:00+07:00,13.0,13.0,12.9,12.9,23400.0
2023-09-12 16:20:00+07:00,13.0,13.0,12.9,13.0,17900.0
2023-09-12 16:21:00+07:00,13.0,13.0,12.9,13.0,21000.0
2023-09-12 16:22:00+07:00,13.0,13.0,12.9,13.0,31000.0
2023-09-12 16:23:00+07:00,13.0,13.0,12.9,13.0,31200.0
2023-09-12 16:24:00+07:00,13.0,13.0,12.9,12.9,116100.0
2023-09-12 16:25:00+07:00,13.0,13.0,12.9,13.0,28600.0
2023-09-12 16:26:00+07:00,13.0,13.0,13.0,13.0,1085500.0
2023-09-12 16:27:00+07:00,13.0,13.0,12.9,13.0,19800.0
2023-09-12 16:28:00+07:00,12.9,13.0,12.9,12.9,79700.0
2023-09-12 16:29:00+07:00,12.9,13.0,12.9,12.9,42800.0
2023-09-12 16:36:00+07:00,13.0,13.0,13.0,13.0,3287700.0
2023-09-13 09:58:00+07:00,13.0,13.0,13.0,13.0,472200.0
2023-09-13 09:59:00+07:00,13.0,13.0,12.9,12.9,30500.0
2023-09-13 10:00:00+07:00,12.9,12.9,12.9,12.9,1226100.0
2023-09-13 10:01:00+07:00,12.8,12.8,12.8,12.8,3500.0
2023-09-13 10:02:00+07:00,12.8,12.9,12.8,12.9,2500.0
2023-09-13 10:03:00+07:00,12.9,12.9,12.8,12.8,71100.0
2023-09-13 10:04:00+07:00,12.9,12.9,12.9,12.9,1000.0
2023-09-13 10:05:00+07:00,12.9,12.9,12.8,12.9,22500.0
2023-09-13 10:06:00+07:00,12.9,12.9,12.9,12.9,100.0
2023-09-13 10:07:00+07:00,12.9,12.9,12.9,12.9,20200.0
2023-09-13 10:08:00+07:00,12.8,12.8,12.8,12.8,400.0
2023-09-13 10:09:00+07:00,12.8,12.9,12.8,12.8,13300.0
2023-09-13 10:11:00+07:00,12.8,12.9,12.8,12.8,9500.0
2023-09-13 10:12:00+07:00,12.8,12.9,12.8,12.9,34100.0
2023-09-13 10:13:00+07:00,12.9,13.0,12.9,13.0,955000.0
2023-09-13 10:14:00+07:00,12.9,12.9,12.9,12.9,2000.0
2023-09-13 10:15:00+07:00,12.9,12.9,12.9,12.9,1100.0
2023-09-13 10:17:00+07:00,13.0,13.0,12.9,12.9,12200.0
2023-09-13 10:18:00+07:00,13.0,13.0,13.0,13.0,10000.0
2023-09-13 10:19:00+07:00,13.0,13.0,13.0,13.0,1500.0
2023-09-13 10:20:00+07:00,13.0,13.0,13.0,13.0,1500.0
2023-09-13 10:21:00+07:00,13.0,13.0,13.0,13.0,300.0
2023-09-13 10:22:00+07:00,13.0,13.0,13.0,13.0,200.0
2023-09-13 10:23:00+07:00,13.0,13.0,13.0,13.0,5100.0
2023-09-13 10:24:00+07:00,13.0,13.0,13.0,13.0,1000.0
2023-09-13 10:26:00+07:00,12.9,12.9,12.9,12.9,2100.0
2023-09-13 10:27:00+07:00,13.0,13.0,13.0,13.0,1500.0
2023-09-13 10:29:00+07:00,12.9,12.9,12.9,12.9,3300.0
2023-09-13 10:30:00+07:00,12.9,12.9,12.9,12.9,500.0
2023-09-13 10:31:00+07:00,13.0,13.0,13.0,13.0,3500.0
2023-09-13 10:32:00+07:00,12.9,12.9,12.9,12.9,13100.0
2023-09-13 10:33:00+07:00,12.9,12.9,12.9,12.9,10500.0
2023-09-13 10:34:00+07:00,12.9,12.9,12.9,12.9,35100.0
2023-09-13 10:35:00+07:00,13.0,13.0,12.9,12.9,21000.0
2023-09-13 10:36:00+07:00,13.0,13.0,12.9,12.9,10100.0
2023-09-13 10:37:00+07:00,13.0,13.0,12.9,12.9,62400.0
2023-09-13 10:38:00+07:00,13.0,13.0,13.0,13.0,1800.0
2023-09-13 10:39:00+07:00,12.9,13.0,12.9,12.9,14700.0
2023-09-13 10:40:00+07:00,12.9,13.0,12.9,12.9,109400.0
2023-09-13 10:41:00+07:00,13.0,13.0,13.0,13.0,8300.0
2023-09-13 10:43:00+07:00,13.0,13.0,12.9,12.9,10700.0
2023-09-13 10:45:00+07:00,13.0,13.0,13.0,13.0,2600.0
2023-09-13 10:46:00+07:00,13.0,13.0,13.0,13.0,102100.0
2023-09-13 10:47:00+07:00,13.0,13.0,13.0,13.0,12500.0
2023-09-13 10:48:00+07:00,13.0,13.0,13.0,13.0,2000.0
2023-09-13 10:49:00+07:00,12.9,12.9,12.9,12.9,20900.0
2023-09-13 10:50:00+07:00,13.0,13.0,12.9,12.9,4600.0
2023-09-13 10:51:00+07:00,12.9,12.9,12.9,12.9,16500.0
2023-09-13 10:52:00+07:00,13.0,13.0,12.9,12.9,7900.0
2023-09-13 10:53:00+07:00,12.9,13.0,12.9,13.0,78100.0
2023-09-13 10:54:00+07:00,12.9,12.9,12.9,12.9,6100.0
2023-09-13 10:55:00+07:00,13.0,13.0,12.9,12.9,10200.0
2023-09-13 10:56:00+07:00,12.9,12.9,12.9,12.9,100000.0
2023-09-13 10:57:00+07:00,13.0,13.0,12.9,12.9,10300.0
2023-09-13 10:58:00+07:00,12.9,13.0,12.9,13.0,8100.0
2023-09-13 10:59:00+07:00,12.9,12.9,12.9,12.9,13100.0
2023-09-13 11:00:00+07:00,12.9,12.9,12.9,12.9,4200.0
2023-09-13 11:01:00+07:00,12.9,12.9,12.9,12.9,3000.0
2023-09-13 11:02:00+07:00,12.9,12.9,12.9,12.9,7800.0
2023-09-13 11:03:00+07:00,12.9,13.0,12.9,12.9,3800.0
2023-09-13 11:04:00+07:00,13.0,13.0,12.9,12.9,3700.0
2023-09-13 11:05:00+07:00,12.9,12.9,12.9,12.9,100.0
2023-09-13 11:06:00+07:00,12.9,12.9,12.9,12.9,36000.0
2023-09-13 11:07:00+07:00,12.9,12.9,12.9,12.9,500.0
2023-09-13 11:08:00+07:00,12.9,12.9,12.9,12.9,2600.0
2023-09-13 11:09:00+07:00,12.9,13.0,12.9,13.0,8000.0
2023-09-13 11:10:00+07:00,12.9,12.9,12.9,12.9,14300.0
2023-09-13 11:11:00+07:00,12.9,13.0,12.9,12.9,8600.0
2023-09-13 11:13:00+07:00,12.9,13.0,12.9,13.0,17600.0
2023-09-13 11:14:00+07:00,12.9,12.9,12.9,12.9,10400.0
2023-09-13 11:15:00+07:00,12.9,13.0,12.9,12.9,4100.0
2023-09-13 11:16:00+07:00,12.9,12.9,12.9,12.9,2900.0
2023-09-13 11:17:00+07:00,13.0,13.0,12.9,12.9,2715400.0
2023-09-13 11:18:00+07:00,12.9,12.9,12.9,12.9,505500.0
2023-09-13 11:19:00+07:00,12.9,12.9,12.9,12.9,30000.0
2023-09-13 11:20:00+07:00,12.9,12.9,12.9,12.9,2400.0
2023-09-13 11:21:00+07:00,12.9,12.9,12.9,12.9,2700.0
2023-09-13 11:23:00+07:00,12.9,12.9,12.9,12.9,12000.0
2023-09-13 11:24:00+07:00,12.9,12.9,12.9,12.9,5000.0
2023-09-13 11:25:00+07:00,12.9,12.9,12.9,12.9,151100.0
2023-09-13 11:26:00+07:00,12.9,12.9,12.9,12.9,18200.0
2023-09-13 11:27:00+07:00,12.9,12.9,12.9,12.9,10000.0
2023-09-13 11:28:00+07:00,12.9,12.9,12.9,12.9,22200.0
2023-09-13 11:29:00+07:00,12.9,13.0,12.9,12.9,151600.0
2023-09-13 11:30:00+07:00,12.9,12.9,12.9,12.9,10000.0
2023-09-13 11:32:00+07:00,13.0,13.0,12.9,12.9,1300.0
2023-09-13 11:33:00+07:00,12.9,12.9,12.9,12.9,4800.0
2023-09-13 11:34:00+07:00,12.9,12.9,12.9,12.9,20000.0
2023-09-13 11:35:00+07:00,12.9,12.9,12.9,12.9,2800.0
2023-09-13 11:36:00+07:00,12.9,12.9,12.9,12.9,600.0
2023-09-13 11:37:00+07:00,12.9,12.9,12.9,12.9,7000.0
2023-09-13 11:38:00+07:00,12.9,12.9,12.9,12.9,4900.0
2023-09-13 11:39:00+07:00,12.9,12.9,12.9,12.9,600.0
2023-09-13 11:40:00+07:00,12.9,13.0,12.9,13.0,16400.0
2023-09-13 11:42:00+07:00,12.9,12.9,12.9,12.9,2000.0
2023-09-13 11:44:00+07:00,12.9,12.9,12.9,12.9,4400.0
2023-09-13 11:45:00+07:00,12.9,12.9,12.9,12.9,6400.0
2023-09-13 11:46:00+07:00,12.9,12.9,12.9,12.9,800.0
2023-09-13 11:47:00+07:00,12.9,12.9,12.9,12.9,2400.0
2023-09-13 11:49:00+07:00,12.9,12.9,12.9,12.9,3600.0
2023-09-13 11:51:00+07:00,13.0,13.0,12.9,12.9,1100.0
2023-09-13 11:52:00+07:00,12.9,12.9,12.9,12.9,1000.0
2023-09-13 11:53:00+07:00,12.9,12.9,12.9,12.9,4800.0
2023-09-13 11:54:00+07:00,12.9,13.0,12.9,13.0,29100.0
2023-09-13 11:55:00+07:00,12.9,13.0,12.9,13.0,6000.0
2023-09-13 11:57:00+07:00,13.0,13.0,13.0,13.0,1000.0
2023-09-13 11:58:00+07:00,12.9,12.9,12.9,12.9,3000.0
2023-09-13 11:59:00+07:00,12.9,13.0,12.9,12.9,6000.0
2023-09-13 12:01:00+07:00,13.0,13.0,13.0,13.0,4000.0
2023-09-13 12:02:00+07:00,12.9,13.0,12.9,13.0,5100.0
2023-09-13 12:03:00+07:00,12.9,12.9,12.9,12.9,100.0
2023-09-13 12:04:00+07:00,13.0,13.0,13.0,13.0,2300.0
2023-09-13 12:05:00+07:00,12.9,13.0,12.9,13.0,3000.0
2023-09-13 12:07:00+07:00,13.0,13.0,12.9,12.9,15600.0
2023-09-13 12:09:00+07:00,12.9,12.9,12.9,12.9,3000.0
2023-09-13 12:10:00+07:00,12.9,12.9,12.9,12.9,4700.0
2023-09-13 12:11:00+07:00,12.9,13.0,12.9,13.0,9800.0
2023-09-13 12:12:00+07:00,12.9,12.9,12.9,12.9,200.0
2023-09-13 12:13:00+07:00,12.9,12.9,12.9,12.9,1600.0
2023-09-13 12:14:00+07:00,13.0,13.0,13.0,13.0,3100.0
2023-09-13 12:15:00+07:00,12.9,12.9,12.9,12.9,2200.0
2023-09-13 12:16:00+07:00,12.9,12.9,12.9,12.9,2100.0
2023-09-13 12:17:00+07:00,12.9,12.9,12.9,12.9,300.0
2023-09-13 12:18:00+07:00,13.0,13.0,12.9,13.0,7200.0
2023-09-13 12:19:00+07:00,13.0,13.0,12.9,12.9,4700.0
2023-09-13 12:21:00+07:00,13.0,13.0,13.0,13.0,1000.0
2023-09-13 12:22:00+07:00,13.0,13.0,12.9,12.9,4900.0
2023-09-13 12:23:00+07:00,12.9,12.9,12.9,12.9,3200.0
2023-09-13 12:24:00+07:00,12.9,12.9,12.9,12.9,5000.0
2023-09-13 12:25:00+07:00,12.9,13.0,12.9,13.0,3300.0
2023-09-13 12:26:00+07:00,13.0,13.0,13.0,13.0,1000.0
2023-09-13 12:28:00+07:00,13.0,13.0,12.9,12.9,4900.0
2023-09-13 14:28:00+07:00,12.9,13.0,12.9,12.9,108800.0
2023-09-13 14:30:00+07:00,12.9,12.9,12.9,12.9,100000.0
2023-09-13 14:32:00+07:00,13.0,13.0,13.0,13.0,2900.0
2023-09-13 14:33:00+07:00,13.0,13.0,12.9,12.9,5200.0
2023-09-13 14:35:00+07:00,13.0,13.0,12.9,12.9,800.0
2023-09-13 14:37:00+07:00,12.9,12.9,12.9,12.9,6500.0
2023-09-13 14:38:00+07:00,12.9,12.9,12.9,12.9,2000.0
2023-09-13 14:39:00+07:00,12.9,12.9,12.9,12.9,105000.0
2023-09-13 14:40:00+07:00,12.9,12.9,12.9,12.9,146000.0
2023-09-13 14:41:00+07:00,13.0,13.0,13.0,13.0,2400.0
2023-09-13 14:42:00+07:00,12.9,12.9,12.9,12.9,27000.0
2023-09-13 14:43:00+07:00,12.9,12.9,12.9,12.9,12400.0
2023-09-13 14:44:00+07:00,12.9,12.9,12.9,12.9,25100.0
2023-09-13 14:45:00+07:00,12.9,13.0,12.9,12.9,38800.0
2023-09-13 14:46:00+07:00,12.9,13.0,12.9,12.9,14800.0
2023-09-13 14:47:00+07:00,12.9,13.0,12.9,12.9,22700.0
2023-09-13 14:48:00+07:00,12.9,12.9,12.9,12.9,14500.0
2023-09-13 14:49:00+07:00,12.9,13.0,12.9,13.0,5800.0
2023-09-13 14:50:00+07:00,12.9,13.0,12.9,13.0,9400.0
2023-09-13 14:51:00+07:00,12.9,12.9,12.9,12.9,110000.0
2023-09-13 14:52:00+07:00,12.9,12.9,12.9,12.9,83800.0
2023-09-13 14:53:00+07:00,12.9,13.0,12.9,12.9,80900.0
2023-09-13 14:54:00+07:00,12.9,12.9,12.9,12.9,20200.0
2023-09-13 14:55:00+07:00,12.9,12.9,12.9,12.9,7600.0
2023-09-13 14:56:00+07:00,12.9,12.9,12.9,12.9,65100.0
2023-09-13 14:57:00+07:00,12.9,12.9,12.9,12.9,2016900.0
2023-09-13 14:58:00+07:00,12.9,12.9,12.9,12.9,1500.0
2023-09-13 14:59:00+07:00,12.9,12.9,12.9,12.9,16000.0
2023-09-13 15:00:00+07:00,12.9,12.9,12.9,12.9,1000.0
2023-09-13 15:01:00+07:00,12.9,12.9,12.9,12.9,9500.0
2023-09-13 15:02:00+07:00,12.9,12.9,12.9,12.9,203600.0
2023-09-13 15:03:00+07:00,12.9,12.9,12.9,12.9,5300.0
2023-09-13 15:04:00+07:00,12.9,12.9,12.9,12.9,6300.0
2023-09-13 15:05:00+07:00,12.9,13.0,12.9,13.0,6200.0
2023-09-13 15:06:00+07:00,12.9,12.9,12.9,12.9,2100.0
2023-09-13 15:07:00+07:00,12.9,12.9,12.9,12.9,23000.0
2023-09-13 15:08:00+07:00,12.9,12.9,12.9,12.9,12500.0
2023-09-13 15:09:00+07:00,12.9,12.9,12.9,12.9,10100.0
2023-09-13 15:10:00+07:00,12.9,12.9,12.9,12.9,2500.0
2023-09-13 15:11:00+07:00,12.9,13.0,12.9,12.9,1300.0
2023-09-13 15:12:00+07:00,12.9,12.9,12.9,12.9,1000.0
2023-09-13 15:13:00+07:00,12.9,12.9,12.9,12.9,3200.0
2023-09-13 15:14:00+07:00,12.9,12.9,12.9,12.9,10000.0
2023-09-13 15:15:00+07:00,12.9,12.9,12.9,12.9,11200.0
2023-09-13 15:16:00+07:00,12.9,13.0,12.9,12.9,3200.0
2023-09-13 15:18:00+07:00,12.9,12.9,12.9,12.9,1000.0
2023-09-13 15:19:00+07:00,12.9,12.9,12.9,12.9,2100.0
2023-09-13 15:20:00+07:00,12.9,12.9,12.9,12.9,5000.0
2023-09-13 15:21:00+07:00,12.9,12.9,12.9,12.9,5000.0
2023-09-13 15:22:00+07:00,12.9,13.0,12.9,12.9,14800.0
2023-09-13 15:23:00+07:00,12.9,12.9,12.9,12.9,8200.0
2023-09-13 15:24:00+07:00,12.9,12.9,12.9,12.9,100.0
2023-09-13 15:25:00+07:00,12.9,12.9,12.9,12.9,8400.0
2023-09-13 15:26:00+07:00,13.0,13.0,13.0,13.0,1400.0
2023-09-13 15:28:00+07:00,12.9,12.9,12.9,12.9,2900.0
2023-09-13 15:29:00+07:00,12.9,12.9,12.9,12.9,10100.0
2023-09-13 15:30:00+07:00,12.9,12.9,12.9,12.9,24100.0
2023-09-13 15:31:00+07:00,12.9,12.9,12.9,12.9,1500.0
2023-09-13 15:32:00+07:00,13.0,13.0,12.9,12.9,4600.0
2023-09-13 15:33:00+07:00,12.9,12.9,12.9,12.9,2000.0
2023-09-13 15:35:00+07:00,12.9,12.9,12.9,12.9,2100.0
2023-09-13 15:36:00+07:00,12.9,12.9,12.9,12.9,100.0
2023-09-13 15:37:00+07:00,13.0,13.0,13.0,13.0,2100.0
2023-09-13 15:38:00+07:00,12.9,13.0,12.9,13.0,3500.0
2023-09-13 15:39:00+07:00,13.0,13.0,13.0,13.0,3900.0
2023-09-13 15:41:00+07:00,12.9,13.0,12.9,12.9,5500.0
2023-09-13 15:42:00+07:00,12.9,12.9,12.9,12.9,8100.0
2023-09-13 15:43:00+07:00,12.9,13.0,12.9,13.0,6700.0
2023-09-13 15:44:00+07:00,13.0,13.0,12.9,12.9,17400.0
2023-09-13 15:45:00+07:00,12.9,12.9,12.9,12.9,500.0
2023-09-13 15:46:00+07:00,12.9,13.0,12.9,12.9,3500.0
2023-09-13 15:47:00+07:00,12.9,12.9,12.9,12.9,1000.0
2023-09-13 15:48:00+07:00,13.0,13.0,12.9,12.9,10100.0
2023-09-13 15:49:00+07:00,13.0,13.0,13.0,13.0,500.0
2023-09-13 15:50:00+07:00,12.9,13.0,12.9,13.0,5000.0
2023-09-13 15:51:00+07:00,12.9,12.9,12.9,12.9,1900.0
2023-09-13 15:52:00+07:00,12.9,12.9,12.9,12.9,1000.0
2023-09-13 15:53:00+07:00,13.0,13.0,13.0,13.0,5000.0
2023-09-13 15:54:00+07:00,12.9,12.9,12.9,12.9,6000.0
2023-09-13 15:55:00+07:00,12.9,12.9,12.9,12.9,2000.0
2023-09-13 15:56:00+07:00,13.0,13.0,13.0,13.0,1900.0
2023-09-13 15:57:00+07:00,13.0,13.0,12.9,12.9,7600.0
2023-09-13 15:58:00+07:00,12.9,12.9,12.9,12.9,2900.0
2023-09-13 15:59:00+07:00,12.9,13.0,12.9,12.9,8000.0
2023-09-13 16:00:00+07:00,13.0,13.0,13.0,13.0,1700.0
2023-09-13 16:01:00+07:00,13.0,13.0,12.9,12.9,8000.0
2023-09-13 16:02:00+07:00,12.9,13.0,12.9,12.9,7500.0
2023-09-13 16:03:00+07:00,12.9,12.9,12.9,12.9,7600.0
2023-09-13 16:04:00+07:00,12.9,13.0,12.9,12.9,13900.0
2023-09-13 16:05:00+07:00,13.0,13.0,13.0,13.0,356200.0
2023-09-13 16:06:00+07:00,12.9,12.9,12.9,12.9,100.0
2023-09-13 16:07:00+07:00,12.9,12.9,12.9,12.9,1500.0
2023-09-13 16:08:00+07:00,12.9,12.9,12.9,12.9,6900.0
2023-09-13 16:09:00+07:00,13.0,13.0,12.9,12.9,6000.0
2023-09-13 16:10:00+07:00,13.0,13.0,12.9,12.9,7500.0
2023-09-13 16:11:00+07:00,13.0,13.0,12.9,12.9,9000.0
2023-09-13 16:12:00+07:00,13.0,13.0,13.0,13.0,3000.0
2023-09-13 16:13:00+07:00,12.9,13.0,12.9,13.0,5200.0
2023-09-13 16:14:00+07:00,12.9,13.0,12.9,13.0,4200.0
2023-09-13 16:15:00+07:00,12.9,12.9,12.9,12.9,2200.0
2023-09-13 16:16:00+07:00,12.9,12.9,12.9,12.9,2300.0
2023-09-13 16:17:00+07:00,12.9,13.0,12.9,12.9,8100.0
2023-09-13 16:18:00+07:00,12.9,13.0,12.9,12.9,9600.0
2023-09-13 16:19:00+07:00,13.0,13.0,12.9,13.0,7600.0
2023-09-13 16:20:00+07:00,12.9,13.0,12.9,13.0,7600.0
2023-09-13 16:21:00+07:00,12.9,13.0,12.9,12.9,6900.0
2023-09-13 16:22:00+07:00,12.9,13.0,12.9,13.0,14400.0
2023-09-13 16:23:00+07:00,12.9,13.0,12.9,13.0,6700.0
2023-09-13 16:24:00+07:00,12.9,13.0,12.9,13.0,3200.0
2023-09-13 16:25:00+07:00,13.0,13.0,12.9,12.9,5200.0
2023-09-13 16:26:00+07:00,13.0,13.0,12.9,12.9,11300.0
2023-09-13 16:27:00+07:00,13.0,13.0,12.9,12.9,5100.0
2023-09-13 16:28:00+07:00,13.0,13.0,12.9,12.9,53600.0
2023-09-13 16:29:00+07:00,12.9,13.0,12.9,13.0,30500.0
2023-09-13 16:38:00+07:00,12.9,12.9,12.9,12.9,1892200.0
2023-09-14 09:58:00+07:00,13.0,13.0,13.0,13.0,371600.0
2023-09-14 09:59:00+07:00,13.0,13.0,13.0,13.0,100.0
2023-09-14 10:00:00+07:00,13.0,13.0,13.0,13.0,2600.0
2023-09-14 10:01:00+07:00,13.0,13.0,13.0,13.0,1299300.0
2023-09-14 10:02:00+07:00,13.0,13.0,12.9,12.9,1969800.0
2023-09-14 10:03:00+07:00,12.9,12.9,12.9,12.9,31100.0
2023-09-14 10:04:00+07:00,12.9,13.0,12.9,13.0,806800.0
2023-09-14 10:05:00+07:00,13.0,13.0,13.0,13.0,40600.0
2023-09-14 10:06:00+07:00,13.0,13.0,13.0,13.0,12700.0
2023-09-14 10:07:00+07:00,13.0,13.0,13.0,13.0,17300.0
2023-09-14 10:08:00+07:00,13.0,13.0,13.0,13.0,27100.0
2023-09-14 10:09:00+07:00,13.0,13.0,12.9,12.9,17600.0
2023-09-14 10:10:00+07:00,13.0,13.0,13.0,13.0,21500.0
2023-09-14 10:11:00+07:00,13.0,13.0,13.0,13.0,32400.0
2023-09-14 10:12:00+07:00,13.0,13.0,12.9,12.9,50700.0
2023-09-14 10:14:00+07:00,12.9,12.9,12.9,12.9,300.0
2023-09-14 10:15:00+07:00,12.9,12.9,12.9,12.9,1000.0
2023-09-14 10:16:00+07:00,12.9,12.9,12.9,12.9,1248800.0
2023-09-14 10:17:00+07:00,12.8,12.9,12.7,12.8,1592000.0
2023-09-14 10:18:00+07:00,12.8,12.8,12.8,12.8,10300.0
2023-09-14 10:19:00+07:00,12.8,12.8,12.8,12.8,34000.0
2023-09-14 10:20:00+07:00,12.8,12.8,12.8,12.8,21800.0
2023-09-14 10:21:00+07:00,12.8,12.8,12.8,12.8,6500.0
2023-09-14 10:22:00+07:00,12.8,12.8,12.7,12.8,152700.0
2023-09-14 10:23:00+07:00,12.8,12.8,12.8,12.8,300.0
2023-09-14 10:25:00+07:00,12.8,12.8,12.8,12.8,346500.0
2023-09-14 10:26:00+07:00,12.8,12.9,12.8,12.9,122900.0
2023-09-14 10:27:00+07:00,12.9,12.9,12.8,12.9,81300.0
2023-09-14 10:28:00+07:00,12.9,12.9,12.9,12.9,1600.0
2023-09-14 10:29:00+07:00,12.9,12.9,12.8,12.8,34700.0
2023-09-14 10:30:00+07:00,12.9,12.9,12.9,12.9,2900.0
2023-09-14 10:31:00+07:00,12.9,12.9,12.8,12.9,52200.0
2023-09-14 10:32:00+07:00,12.9,12.9,12.8,12.9,2500.0
2023-09-14 10:33:00+07:00,12.9,12.9,12.9,12.9,2000.0
2023-09-14 10:34:00+07:00,12.8,12.8,12.8,12.8,200.0
2023-09-14 10:35:00+07:00,12.8,12.8,12.8,12.8,100.0
2023-09-14 10:36:00+07:00,12.8,12.9,12.8,12.9,600.0
2023-09-14 10:37:00+07:00,12.9,12.9,12.9,12.9,100.0
2023-09-14 10:40:00+07:00,12.8,12.8,12.8,12.8,100.0
2023-09-14 10:41:00+07:00,12.9,12.9,12.9,12.9,2123100.0
2023-09-14 10:42:00+07:00,12.9,12.9,12.9,12.9,1900.0
2023-09-14 10:43:00+07:00,12.9,12.9,12.9,12.9,100600.0
2023-09-14 10:44:00+07:00,12.9,12.9,12.9,12.9,2500.0
2023-09-14 10:45:00+07:00,12.9,12.9,12.9,12.9,1300.0
2023-09-14 10:46:00+07:00,12.9,12.9,12.9,12.9,1200.0
2023-09-14 10:47:00+07:00,12.9,12.9,12.9,12.9,1300.0
2023-09-14 10:48:00+07:00,12.9,12.9,12.9,12.9,3000.0
2023-09-14 10:49:00+07:00,12.9,12.9,12.9,12.9,1300.0
2023-09-14 10:50:00+07:00,12.9,12.9,12.9,12.9,101300.0
2023-09-14 10:51:00+07:00,12.9,12.9,12.9,12.9,101300.0
2023-09-14 10:52:00+07:00,12.9,13.0,12.9,13.0,235200.0
2023-09-14 10:54:00+07:00,13.0,13.0,13.0,13.0,500.0
2023-09-14 10:55:00+07:00,13.0,13.0,13.0,13.0,500.0
2023-09-14 11:01:00+07:00,13.0,13.0,13.0,13.0,100000.0
2023-09-14 11:02:00+07:00,13.0,13.0,13.0,13.0,353500.0
2023-09-14 11:03:00+07:00,13.0,13.0,13.0,13.0,1000.0
2023-09-14 11:04:00+07:00,13.0,13.0,13.0,13.0,11500.0
2023-09-14 11:05:00+07:00,13.0,13.0,13.0,13.0,300.0
2023-09-14 11:09:00+07:00,13.0,13.0,13.0,13.0,200.0
2023-09-14 11:11:00+07:00,13.0,13.0,13.0,13.0,100.0
2023-09-14 11:12:00+07:00,13.0,13.1,13.0,13.0,728900.0
2023-09-14 11:13:00+07:00,13.0,13.0,13.0,13.0,10000.0
2023-09-14 11:14:00+07:00,13.0,13.0,13.0,13.0,200.0
2023-09-14 11:15:00+07:00,13.0,13.0,13.0,13.0,12500.0
2023-09-14 11:16:00+07:00,13.0,13.1,13.0,13.0,39300.0
2023-09-14 11:17:00+07:00,13.0,13.0,13.0,13.0,6000.0
2023-09-14 11:18:00+07:00,13.0,13.0,13.0,13.0,100.0
2023-09-14 11:19:00+07:00,13.0,13.0,13.0,13.0,369100.0
2023-09-14 11:20:00+07:00,13.0,13.0,13.0,13.0,202900.0
2023-09-14 11:21:00+07:00,13.0,13.0,13.0,13.0,100.0
2023-09-14 11:22:00+07:00,13.1,13.1,13.0,13.0,262800.0
2023-09-14 11:23:00+07:00,13.1,13.1,13.1,13.1,1500.0
2023-09-14 11:25:00+07:00,13.0,13.1,13.0,13.0,3500.0
2023-09-14 11:27:00+07:00,13.1,13.1,13.0,13.0,5600.0
2023-09-14 11:28:00+07:00,13.1,13.1,13.0,13.0,8100.0
2023-09-14 11:29:00+07:00,13.1,13.1,13.0,13.0,5600.0
2023-09-14 11:30:00+07:00,13.1,13.1,13.0,13.1,12100.0
2023-09-14 11:31:00+07:00,13.1,13.1,13.0,13.1,1300.0
2023-09-14 11:32:00+07:00,13.1,13.1,13.1,13.1,113600.0
2023-09-14 11:34:00+07:00,13.0,13.0,13.0,13.0,30100.0
2023-09-14 11:35:00+07:00,13.0,13.1,13.0,13.0,2700.0
2023-09-14 11:36:00+07:00,13.0,13.0,13.0,13.0,5000.0
2023-09-14 11:38:00+07:00,13.0,13.0,13.0,13.0,3000.0
2023-09-14 11:39:00+07:00,13.0,13.1,13.0,13.1,2177500.0
2023-09-14 11:40:00+07:00,13.1,13.1,13.0,13.1,226700.0
2023-09-14 11:41:00+07:00,13.1,13.1,13.1,13.1,143300.0
2023-09-14 11:42:00+07:00,13.1,13.2,13.1,13.1,306400.0
2023-09-14 11:43:00+07:00,13.1,13.2,13.1,13.2,26600.0
2023-09-14 11:44:00+07:00,13.1,13.2,13.1,13.1,11100.0
2023-09-14 11:45:00+07:00,13.1,13.1,13.1,13.1,400.0
2023-09-14 11:46:00+07:00,13.1,13.1,13.1,13.1,110900.0
2023-09-14 11:47:00+07:00,13.2,13.2,13.1,13.1,3200.0
2023-09-14 11:48:00+07:00,13.1,13.1,13.1,13.1,133300.0
2023-09-14 11:49:00+07:00,13.1,13.1,13.1,13.1,50500.0
2023-09-14 11:50:00+07:00,13.1,13.1,13.1,13.1,39600.0
2023-09-14 11:51:00+07:00,13.1,13.2,13.1,13.2,1400.0
2023-09-14 11:52:00+07:00,13.1,13.2,13.1,13.1,112200.0
2023-09-14 11:53:00+07:00,13.1,13.1,13.1,13.1,51100.0
2023-09-14 11:54:00+07:00,13.1,13.1,13.1,13.1,11300.0
2023-09-14 11:55:00+07:00,13.1,13.1,13.1,13.1,7600.0
2023-09-14 11:56:00+07:00,13.1,13.1,13.1,13.1,1300.0
2023-09-14 11:57:00+07:00,13.1,13.2,13.1,13.2,7700.0
2023-09-14 11:58:00+07:00,13.1,13.1,13.1,13.1,100.0
2023-09-14 11:59:00+07:00,13.1,13.1,13.1,13.1,100.0
2023-09-14 12:00:00+07:00,13.1,13.1,13.1,13.1,1100.0
2023-09-14 12:01:00+07:00,13.1,13.1,13.1,13.1,2300.0
2023-09-14 12:02:00+07:00,13.2,13.2,13.1,13.1,126000.0
2023-09-14 12:03:00+07:00,13.1,13.1,13.1,13.1,100.0
2023-09-14 12:04:00+07:00,13.1,13.1,13.1,13.1,400.0
2023-09-14 12:05:00+07:00,13.2,13.2,13.2,13.2,10000.0
2023-09-14 12:06:00+07:00,13.1,13.1,13.1,13.1,7100.0
2023-09-14 12:07:00+07:00,13.1,13.1,13.1,13.1,260800.0
2023-09-14 12:08:00+07:00,13.0,13.0,13.0,13.0,500.0
2023-09-14 12:10:00+07:00,13.1,13.1,13.1,13.1,100.0
2023-09-14 12:11:00+07:00,13.0,13.0,13.0,13.0,300.0
2023-09-14 12:14:00+07:00,13.1,13.1,13.1,13.1,300.0
2023-09-14 12:17:00+07:00,13.1,13.1,13.1,13.1,600.0
2023-09-14 12:20:00+07:00,13.0,13.1,13.0,13.1,23500.0
2023-09-14 12:22:00+07:00,13.0,13.1,13.0,13.1,77400.0
2023-09-14 12:23:00+07:00,13.1,13.1,13.1,13.1,11000.0
2023-09-14 12:25:00+07:00,13.1,13.1,13.1,13.1,700.0
2023-09-14 14:26:00+07:00,13.1,13.1,13.1,13.1,561400.0
2023-09-14 14:27:00+07:00,13.2,13.2,13.1,13.1,84700.0
2023-09-14 14:28:00+07:00,13.1,13.1,13.1,13.1,200.0
2023-09-14 14:30:00+07:00,13.1,13.1,13.1,13.1,43200.0
2023-09-14 14:31:00+07:00,13.1,13.1,13.1,13.1,100.0
2023-09-14 14:32:00+07:00,13.0,13.0,13.0,13.0,400.0
2023-09-14 14:33:00+07:00,13.0,13.0,13.0,13.0,500.0
2023-09-14 14:34:00+07:00,13.1,13.1,13.1,13.1,6000.0
2023-09-14 14:35:00+07:00,13.1,13.1,13.1,13.1,31100.0
2023-09-14 14:36:00+07:00,13.1,13.1,13.0,13.1,12300.0
2023-09-14 14:37:00+07:00,13.1,13.1,13.1,13.1,6600.0
2023-09-14 14:38:00+07:00,13.1,13.1,13.1,13.1,200.0
2023-09-14 14:39:00+07:00,13.1,13.1,13.1,13.1,1200.0
2023-09-14 14:40:00+07:00,13.1,13.1,13.1,13.1,253000.0
2023-09-14 14:41:00+07:00,13.1,13.2,13.1,13.1,595300.0
2023-09-14 14:42:00+07:00,13.1,13.2,13.1,13.1,271500.0
2023-09-14 14:43:00+07:00,13.1,13.1,13.1,13.1,100.0
2023-09-14 14:44:00+07:00,13.1,13.2,13.1,13.2,1100.0
2023-09-14 14:46:00+07:00,13.1,13.1,13.1,13.1,100.0
2023-09-14 14:47:00+07:00,13.2,13.2,13.1,13.1,10100.0
2023-09-14 14:48:00+07:00,13.1,13.2,13.1,13.2,700.0
2023-09-14 14:49:00+07:00,13.2,13.2,13.2,13.2,100.0
2023-09-14 14:50:00+07:00,13.2,13.2,13.1,13.1,222000.0
2023-09-14 14:51:00+07:00,13.1,13.2,13.1,13.2,200.0
2023-09-14 14:52:00+07:00,13.2,13.2,13.2,13.2,2100.0
2023-09-14 14:54:00+07:00,13.2,13.2,13.2,13.2,100.0
2023-09-14 14:56:00+07:00,13.1,13.1,13.1,13.1,600.0
2023-09-14 14:57:00+07:00,13.1,13.1,13.1,13.1,300.0
2023-09-14 14:59:00+07:00,13.1,13.1,13.1,13.1,500.0
2023-09-14 15:00:00+07:00,13.2,13.2,13.1,13.1,177300.0
2023-09-14 15:01:00+07:00,13.2,13.2,13.2,13.2,15300.0
2023-09-14 15:02:00+07:00,13.1,13.1,13.1,13.1,500.0
2023-09-14 15:03:00+07:00,13.2,13.2,13.2,13.2,200.0
2023-09-14 15:06:00+07:00,13.2,13.2,13.1,13.2,5100.0
2023-09-14 15:07:00+07:00,13.2,13.2,13.2,13.2,10100.0
2023-09-14 15:08:00+07:00,13.2,13.2,13.1,13.2,36200.0
2023-09-14 15:09:00+07:00,13.1,13.2,13.1,13.2,20500.0
2023-09-14 15:10:00+07:00,13.2,13.2,13.2,13.2,360300.0
2023-09-14 15:11:00+07:00,13.2,13.2,13.2,13.2,9500.0
2023-09-14 15:12:00+07:00,13.2,13.2,13.2,13.2,108800.0
2023-09-14 15:13:00+07:00,13.2,13.2,13.2,13.2,9500.0
2023-09-14 15:14:00+07:00,13.2,13.2,13.2,13.2,6800.0
2023-09-14 15:15:00+07:00,13.2,13.2,13.2,13.2,11800.0
2023-09-14 15:16:00+07:00,13.2,13.2,13.2,13.2,310900.0
2023-09-14 15:17:00+07:00,13.2,13.3,13.2,13.3,431700.0
2023-09-14 15:18:00+07:00,13.3,13.3,13.2,13.2,568200.0
2023-09-14 15:19:00+07:00,13.2,13.2,13.2,13.2,7700.0
2023-09-14 15:20:00+07:00,13.3,13.3,13.3,13.3,250700.0
2023-09-14 15:22:00+07:00,13.3,13.3,13.2,13.2,1800.0
2023-09-14 15:23:00+07:00,13.2,13.2,13.2,13.2,2500.0
2023-09-14 15:24:00+07:00,13.2,13.2,13.2,13.2,1100.0
2023-09-14 15:25:00+07:00,13.2,13.2,13.2,13.2,1000.0
2023-09-14 15:26:00+07:00,13.2,13.2,13.2,13.2,1600.0
2023-09-14 15:27:00+07:00,13.2,13.2,13.2,13.2,100.0
2023-09-14 15:28:00+07:00,13.2,13.3,13.2,13.3,165600.0
2023-09-14 15:30:00+07:00,13.2,13.3,13.2,13.3,3500.0
2023-09-14 15:31:00+07:00,13.2,13.2,13.2,13.2,2500.0
2023-09-14 15:32:00+07:00,13.3,13.3,13.2,13.2,1800.0
2023-09-14 15:33:00+07:00,13.2,13.2,13.2,13.2,50100.0
2023-09-14 15:34:00+07:00,13.2,13.2,13.2,13.2,1600.0
2023-09-14 15:35:00+07:00,13.2,13.2,13.2,13.2,1500.0
2023-09-14 15:36:00+07:00,13.2,13.2,13.2,13.2,3000.0
2023-09-14 15:41:00+07:00,13.3,13.3,13.2,13.3,550900.0
2023-09-14 15:42:00+07:00,13.3,13.3,13.3,13.3,2000.0
2023-09-14 15:43:00+07:00,13.3,13.3,13.2,13.2,3300.0
2023-09-14 15:44:00+07:00,13.2,13.2,13.2,13.2,100.0
2023-09-14 15:45:00+07:00,13.2,13.2,13.2,13.2,2000.0
2023-09-14 15:46:00+07:00,13.3,13.3,13.3,13.3,104800.0
2023-09-14 15:47:00+07:00,13.3,13.3,13.2,13.3,700.0
2023-09-14 15:48:00+07:00,13.2,13.2,13.2,13.2,1000.0
2023-09-14 15:49:00+07:00,13.2,13.2,13.2,13.2,78000.0
2023-09-14 15:50:00+07:00,13.2,13.2,13.2,13.2,22500.0
2023-09-14 15:51:00+07:00,13.2,13.3,13.2,13.3,23300.0
2023-09-14 15:52:00+07:00,13.3,13.3,13.2,13.3,6300.0
2023-09-14 15:53:00+07:00,13.3,13.3,13.3,13.3,5400.0
2023-09-14 15:54:00+07:00,13.3,13.3,13.3,13.3,6200.0
2023-09-14 15:55:00+07:00,13.3,13.3,13.2,13.3,13100.0
2023-09-14 15:56:00+07:00,13.3,13.3,13.3,13.3,6100.0
2023-09-14 15:57:00+07:00,13.3,13.3,13.3,13.3,5800.0
2023-09-14 15:58:00+07:00,13.3,13.3,13.3,13.3,4600.0
2023-09-14 15:59:00+07:00,13.3,13.3,13.3,13.3,9100.0
2023-09-14 16:00:00+07:00,13.3,13.3,13.3,13.3,8800.0
2023-09-14 16:01:00+07:00,13.2,13.3,13.2,13.2,6200.0
2023-09-14 16:02:00+07:00,13.3,13.3,13.2,13.3,12300.0
2023-09-14 16:03:00+07:00,13.3,13.3,13.2,13.3,115300.0
2023-09-14 16:04:00+07:00,13.2,13.3,13.2,13.3,7900.0
2023-09-14 16:05:00+07:00,13.3,13.3,13.2,13.3,8900.0
2023-09-14 16:06:00+07:00,13.3,13.3,13.3,13.3,7400.0
2023-09-14 16:07:00+07:00,13.2,13.3,13.2,13.3,6000.0
2023-09-14 16:08:00+07:00,13.3,13.3,13.3,13.3,6100.0
2023-09-14 16:09:00+07:00,13.3,13.3,13.3,13.3,5700.0
2023-09-14 16:10:00+07:00,13.3,13.3,13.3,13.3,5400.0
2023-09-14 16:11:00+07:00,13.3,13.3,13.2,13.3,6200.0
2023-09-14 16:12:00+07:00,13.3,13.3,13.3,13.3,11200.0
2023-09-14 16:13:00+07:00,13.3,13.3,13.2,13.3,7100.0
2023-09-14 16:14:00+07:00,13.3,13.3,13.3,13.3,6100.0
2023-09-14 16:15:00+07:00,13.2,13.3,13.2,13.3,69800.0
2023-09-14 16:16:00+07:00,13.3,13.3,13.2,13.3,8100.0
2023-09-14 16:17:00+07:00,13.3,13.3,13.3,13.3,603700.0
2023-09-14 16:18:00+07:00,13.3,13.4,13.3,13.3,845100.0
2023-09-14 16:19:00+07:00,13.3,13.4,13.3,13.3,916600.0
2023-09-14 16:20:00+07:00,13.2,13.2,13.2,13.2,600.0
2023-09-14 16:21:00+07:00,13.3,13.3,13.3,13.3,8400.0
2023-09-14 16:22:00+07:00,13.2,13.3,13.2,13.3,1500.0
2023-09-14 16:24:00+07:00,13.2,13.3,13.2,13.3,4000.0
2023-09-14 16:25:00+07:00,13.3,13.3,13.3,13.3,200.0
2023-09-14 16:26:00+07:00,13.3,13.3,13.3,13.3,100.0
2023-09-14 16:27:00+07:00,13.2,13.3,13.2,13.3,331000.0
2023-09-14 16:28:00+07:00,13.3,13.3,13.2,13.3,3000.0
2023-09-14 16:29:00+07:00,13.3,13.3,13.2,13.3,67400.0
2023-09-14 16:38:00+07:00,13.3,13.3,13.3,13.3,1350700.0
2023-09-15 09:58:00+07:00,13.3,13.3,13.3,13.3,412600.0
2023-09-15 09:59:00+07:00,13.3,13.3,13.3,13.3,16000.0
2023-09-15 10:00:00+07:00,13.2,13.3,13.2,13.3,10700.0
2023-09-15 10:01:00+07:00,13.3,13.3,13.3,13.3,10300.0
2023-09-15 10:02:00+07:00,13.3,13.3,13.3,13.3,1500.0
2023-09-15 10:03:00+07:00,13.3,13.3,13.3,13.3,9000.0
2023-09-15 10:04:00+07:00,13.3,13.3,13.3,13.3,2000.0
2023-09-15 10:05:00+07:00,13.3,13.3,13.3,13.3,500.0
2023-09-15 10:06:00+07:00,13.3,13.3,13.3,13.3,127500.0
2023-09-15 10:07:00+07:00,13.3,13.3,13.3,13.3,20700.0
2023-09-15 10:08:00+07:00,13.3,13.3,13.3,13.3,1200.0
2023-09-15 10:09:00+07:00,13.3,13.3,13.3,13.3,300.0
2023-09-15 10:10:00+07:00,13.3,13.3,13.3,13.3,42200.0
2023-09-15 10:11:00+07:00,13.3,13.3,13.3,13.3,7800.0
2023-09-15 10:12:00+07:00,13.3,13.3,13.3,13.3,2000.0
2023-09-15 10:13:00+07:00,13.3,13.3,13.3,13.3,500.0
2023-09-15 10:15:00+07:00,13.2,13.2,13.2,13.2,100.0
2023-09-15 10:16:00+07:00,13.3,13.3,13.3,13.3,57900.0
2023-09-15 10:19:00+07:00,13.2,13.2,13.2,13.2,1400.0
2023-09-15 10:21:00+07:00,13.2,13.2,13.2,13.2,3100.0
2023-09-15 10:22:00+07:00,13.3,13.3,13.3,13.3,37800.0
2023-09-15 10:23:00+07:00,13.3,13.3,13.3,13.3,500.0
2023-09-15 10:24:00+07:00,13.2,13.2,13.2,13.2,1900.0
2023-09-15 10:25:00+07:00,13.2,13.2,13.2,13.2,3500.0
2023-09-15 10:29:00+07:00,13.2,13.3,13.2,13.3,10100.0
2023-09-15 10:30:00+07:00,13.3,13.3,13.3,13.3,100000.0
2023-09-15 10:31:00+07:00,13.3,13.3,13.3,13.3,700.0
2023-09-15 10:32:00+07:00,13.3,13.3,13.3,13.3,1000.0
2023-09-15 10:33:00+07:00,13.3,13.3,13.3,13.3,11000.0
2023-09-15 10:35:00+07:00,13.2,13.3,13.2,13.3,5500.0
2023-09-15 10:36:00+07:00,13.2,13.3,13.2,13.3,2100.0
2023-09-15 10:37:00+07:00,13.3,13.3,13.3,13.3,500.0
2023-09-15 10:38:00+07:00,13.2,13.2,13.2,13.2,3300.0
2023-09-15 10:39:00+07:00,13.2,13.3,13.2,13.3,39500.0
2023-09-15 10:40:00+07:00,13.3,13.3,13.3,13.3,1300.0
2023-09-15 10:41:00+07:00,13.2,13.3,13.2,13.3,3200.0
2023-09-15 10:42:00+07:00,13.2,13.2,13.2,13.2,100.0
2023-09-15 10:43:00+07:00,13.2,13.2,13.2,13.2,200.0
2023-09-15 10:44:00+07:00,13.2,13.2,13.2,13.2,1200.0
2023-09-15 10:45:00+07:00,13.3,13.3,13.2,13.2,500.0
2023-09-15 10:46:00+07:00,13.2,13.3,13.2,13.2,6600.0
2023-09-15 10:47:00+07:00,13.2,13.2,13.2,13.2,10000.0
2023-09-15 10:48:00+07:00,13.2,13.3,13.2,13.2,216100.0
2023-09-15 10:50:00+07:00,13.2,13.2,13.2,13.2,1100.0
2023-09-15 10:51:00+07:00,13.2,13.2,13.2,13.2,20000.0
2023-09-15 10:53:00+07:00,13.2,13.3,13.2,13.2,1800.0
2023-09-15 10:54:00+07:00,13.2,13.2,13.2,13.2,57800.0
2023-09-15 10:55:00+07:00,13.3,13.3,13.2,13.2,6500.0
2023-09-15 10:56:00+07:00,13.2,13.2,13.2,13.2,100.0
2023-09-15 10:57:00+07:00,13.2,13.2,13.2,13.2,4700.0
2023-09-15 10:58:00+07:00,13.2,13.2,13.2,13.2,100.0
2023-09-15 10:59:00+07:00,13.2,13.2,13.2,13.2,800.0
2023-09-15 11:00:00+07:00,13.2,13.2,13.2,13.2,300.0
2023-09-15 11:01:00+07:00,13.2,13.2,13.1,13.1,847400.0
2023-09-15 11:02:00+07:00,13.1,13.2,13.1,13.2,649700.0
2023-09-15 11:03:00+07:00,13.2,13.2,13.2,13.2,300.0
2023-09-15 11:04:00+07:00,13.2,13.2,13.1,13.2,185900.0
2023-09-15 11:05:00+07:00,13.2,13.2,13.2,13.2,500.0
2023-09-15 11:06:00+07:00,13.2,13.2,13.2,13.2,100.0
2023-09-15 11:07:00+07:00,13.2,13.2,13.2,13.2,49600.0
2023-09-15 11:09:00+07:00,13.2,13.2,13.2,13.2,10900.0
2023-09-15 11:10:00+07:00,13.2,13.2,13.1,13.1,9500.0
2023-09-15 11:11:00+07:00,13.1,13.1,13.1,13.1,1000.0
2023-09-15 11:13:00+07:00,13.2,13.2,13.2,13.2,100.0
2023-09-15 11:14:00+07:00,13.1,13.1,13.1,13.1,1500.0
2023-09-15 11:15:00+07:00,13.1,13.1,13.1,13.1,200.0
2023-09-15 11:17:00+07:00,13.1,13.1,13.1,13.1,5000.0
2023-09-15 11:18:00+07:00,13.2,13.2,13.2,13.2,7500.0
2023-09-15 11:19:00+07:00,13.2,13.2,13.2,13.2,100100.0
2023-09-15 11:20:00+07:00,13.2,13.2,13.1,13.1,600.0
2023-09-15 11:21:00+07:00,13.2,13.2,13.2,13.2,1100.0
2023-09-15 11:22:00+07:00,13.2,13.2,13.2,13.2,300.0
2023-09-15 11:24:00+07:00,13.2,13.2,13.2,13.2,100.0
2023-09-15 11:25:00+07:00,13.2,13.2,13.2,13.2,37600.0
2023-09-15 11:27:00+07:00,13.2,13.2,13.2,13.2,50100.0
2023-09-15 11:28:00+07:00,13.1,13.1,13.1,13.1,2000.0
2023-09-15 11:29:00+07:00,13.2,13.2,13.2,13.2,300.0
2023-09-15 11:30:00+07:00,13.2,13.2,13.2,13.2,40000.0
2023-09-15 11:32:00+07:00,13.1,13.1,13.1,13.1,500.0
2023-09-15 11:33:00+07:00,13.2,13.2,13.2,13.2,900.0
2023-09-15 11:40:00+07:00,13.2,13.2,13.2,13.2,37500.0
2023-09-15 11:41:00+07:00,13.1,13.1,13.1,13.1,500.0
2023-09-15 11:42:00+07:00,13.1,13.2,13.1,13.2,700.0
2023-09-15 11:43:00+07:00,13.1,13.1,13.1,13.1,700.0
2023-09-15 11:44:00+07:00,13.2,13.2,13.1,13.1,53200.0
2023-09-15 11:45:00+07:00,13.2,13.2,13.1,13.1,40000.0
2023-09-15 11:46:00+07:00,13.2,13.2,13.1,13.1,3500.0
2023-09-15 11:47:00+07:00,13.2,13.2,13.1,13.1,204800.0
2023-09-15 11:48:00+07:00,13.1,13.1,13.1,13.1,3300.0
2023-09-15 11:49:00+07:00,13.1,13.1,13.1,13.1,2800.0
2023-09-15 11:50:00+07:00,13.1,13.1,13.1,13.1,2000.0
2023-09-15 11:51:00+07:00,13.1,13.1,13.1,13.1,6100.0
2023-09-15 11:52:00+07:00,13.2,13.2,13.2,13.2,50000.0
2023-09-15 11:53:00+07:00,13.2,13.2,13.2,13.2,1000.0
2023-09-15 11:54:00+07:00,13.1,13.1,13.1,13.1,2600.0
2023-09-15 11:55:00+07:00,13.1,13.1,13.1,13.1,500.0
2023-09-15 11:56:00+07:00,13.1,13.1,13.1,13.1,32700.0
2023-09-15 11:58:00+07:00,13.1,13.1,13.1,13.1,2000.0
2023-09-15 11:59:00+07:00,13.1,13.1,13.1,13.1,500.0
2023-09-15 12:01:00+07:00,13.1,13.1,13.1,13.1,3200.0
2023-09-15 12:03:00+07:00,13.1,13.1,13.1,13.1,3300.0
2023-09-15 12:05:00+07:00,13.1,13.1,13.1,13.1,500.0
2023-09-15 12:07:00+07:00,13.2,13.2,13.2,13.2,90100.0
2023-09-15 12:08:00+07:00,13.2,13.2,13.1,13.2,44200.0
2023-09-15 12:09:00+07:00,13.2,13.2,13.2,13.2,140200.0
2023-09-15 12:10:00+07:00,13.2,13.2,13.1,13.2,4200.0
2023-09-15 12:11:00+07:00,13.1,13.2,13.1,13.2,1100.0
2023-09-15 12:12:00+07:00,13.1,13.1,13.1,13.1,500.0
2023-09-15 12:15:00+07:00,13.1,13.1,13.1,13.1,200.0
2023-09-15 12:16:00+07:00,13.2,13.2,13.2,13.2,500.0
2023-09-15 12:19:00+07:00,13.1,13.1,13.1,13.1,500.0
2023-09-15 12:24:00+07:00,13.1,13.1,13.1,13.1,500.0
2023-09-15 12:25:00+07:00,13.1,13.2,13.1,13.2,3100.0
2023-09-15 12:26:00+07:00,13.2,13.2,13.2,13.2,100.0
2023-09-15 12:27:00+07:00,13.2,13.2,13.2,13.2,200.0
2023-09-15 12:28:00+07:00,13.2,13.2,13.2,13.2,2500.0
2023-09-15 14:25:00+07:00,13.2,13.2,13.1,13.2,53800.0
2023-09-15 14:26:00+07:00,13.1,13.1,13.1,13.1,1300.0
2023-09-15 14:30:00+07:00,13.1,13.1,13.1,13.1,16100.0
2023-09-15 14:32:00+07:00,13.1,13.2,13.1,13.2,50500.0
2023-09-15 14:33:00+07:00,13.2,13.2,13.2,13.2,130000.0
2023-09-15 14:34:00+07:00,13.2,13.2,13.2,13.2,39500.0
2023-09-15 14:35:00+07:00,13.2,13.2,13.2,13.2,200.0
2023-09-15 14:36:00+07:00,13.2,13.2,13.2,13.2,700.0
2023-09-15 14:37:00+07:00,13.2,13.2,13.1,13.2,21800.0
2023-09-15 14:39:00+07:00,13.2,13.2,13.2,13.2,42100.0
2023-09-15 14:41:00+07:00,13.2,13.2,13.2,13.2,100.0
2023-09-15 14:42:00+07:00,13.1,13.1,13.1,13.1,100.0
2023-09-15 14:43:00+07:00,13.1,13.1,13.1,13.1,12700.0
2023-09-15 14:44:00+07:00,13.1,13.1,13.1,13.1,2600.0
2023-09-15 14:45:00+07:00,13.1,13.2,13.1,13.1,1572800.0
2023-09-15 14:46:00+07:00,13.1,13.1,13.1,13.1,6300.0
2023-09-15 14:47:00+07:00,13.1,13.1,13.1,13.1,5400.0
2023-09-15 14:48:00+07:00,13.1,13.1,13.1,13.1,21100.0
2023-09-15 14:49:00+07:00,13.1,13.1,13.1,13.1,5200.0
2023-09-15 14:50:00+07:00,13.1,13.1,13.1,13.1,7500.0
2023-09-15 14:51:00+07:00,13.1,13.1,13.1,13.1,6000.0
2023-09-15 14:53:00+07:00,13.1,13.1,13.1,13.1,7500.0
2023-09-15 14:54:00+07:00,13.1,13.1,13.1,13.1,100.0
2023-09-15 14:55:00+07:00,13.1,13.1,13.1,13.1,3600.0
2023-09-15 14:56:00+07:00,13.1,13.1,13.1,13.1,3300.0
2023-09-15 14:57:00+07:00,13.1,13.1,13.1,13.1,4500.0
2023-09-15 14:58:00+07:00,13.1,13.1,13.1,13.1,8800.0
2023-09-15 14:59:00+07:00,13.1,13.1,13.1,13.1,32400.0
2023-09-15 15:00:00+07:00,13.1,13.1,13.1,13.1,7500.0
2023-09-15 15:01:00+07:00,13.1,13.1,13.1,13.1,10200.0
2023-09-15 15:02:00+07:00,13.1,13.1,13.1,13.1,9300.0
2023-09-15 15:03:00+07:00,13.1,13.1,13.1,13.1,9900.0
2023-09-15 15:04:00+07:00,13.1,13.1,13.1,13.1,9000.0
2023-09-15 15:05:00+07:00,13.1,13.1,13.1,13.1,13600.0
2023-09-15 15:06:00+07:00,13.1,13.1,13.1,13.1,7300.0
2023-09-15 15:07:00+07:00,13.1,13.1,13.1,13.1,11600.0
2023-09-15 15:08:00+07:00,13.1,13.1,13.1,13.1,11400.0
2023-09-15 15:09:00+07:00,13.1,13.1,13.1,13.1,18900.0
2023-09-15 15:10:00+07:00,13.1,13.1,13.1,13.1,17800.0
2023-09-15 15:11:00+07:00,13.1,13.1,13.1,13.1,12700.0
2023-09-15 15:12:00+07:00,13.1,13.1,13.1,13.1,12800.0
2023-09-15 15:13:00+07:00,13.1,13.1,13.1,13.1,13900.0
2023-09-15 15:14:00+07:00,13.1,13.1,13.1,13.1,15700.0
2023-09-15 15:15:00+07:00,13.1,13.1,13.1,13.1,11000.0
2023-09-15 15:16:00+07:00,13.1,13.1,13.1,13.1,34200.0
2023-09-15 15:17:00+07:00,13.1,13.1,13.1,13.1,24200.0
2023-09-15 15:18:00+07:00,13.1,13.1,13.1,13.1,5600.0
2023-09-15 15:19:00+07:00,13.1,13.2,13.1,13.2,12600.0
2023-09-15 15:20:00+07:00,13.1,13.1,13.1,13.1,9200.0
2023-09-15 15:21:00+07:00,13.1,13.1,13.1,13.1,11200.0
2023-09-15 15:22:00+07:00,13.1,13.2,13.1,13.2,1157300.0
2023-09-15 15:23:00+07:00,13.1,13.2,13.1,13.2,77100.0
2023-09-15 15:24:00+07:00,13.1,13.1,13.1,13.1,1000.0
2023-09-15 15:30:00+07:00,13.1,13.1,13.1,13.1,600.0
2023-09-15 15:32:00+07:00,13.2,13.2,13.1,13.1,4300.0
2023-09-15 15:33:00+07:00,13.1,13.1,13.1,13.1,3000.0
2023-09-15 15:34:00+07:00,13.1,13.1,13.1,13.1,5700.0
2023-09-15 15:35:00+07:00,13.1,13.1,13.1,13.1,11300.0
2023-09-15 15:36:00+07:00,13.1,13.1,13.1,13.1,10100.0
2023-09-15 15:37:00+07:00,13.1,13.2,13.1,13.2,11000.0
2023-09-15 15:38:00+07:00,13.1,13.1,13.1,13.1,16500.0
2023-09-15 15:39:00+07:00,13.1,13.1,13.1,13.1,10900.0
2023-09-15 15:40:00+07:00,13.1,13.2,13.1,13.1,8000.0
2023-09-15 15:41:00+07:00,13.1,13.1,13.1,13.1,16800.0
2023-09-15 15:42:00+07:00,13.1,13.1,13.1,13.1,352900.0
2023-09-15 15:43:00+07:00,13.1,13.2,13.1,13.1,19200.0
2023-09-15 15:44:00+07:00,13.1,13.1,13.1,13.1,14200.0
2023-09-15 15:45:00+07:00,13.1,13.1,13.1,13.1,6200.0
2023-09-15 15:46:00+07:00,13.1,13.2,13.1,13.2,11300.0
2023-09-15 15:47:00+07:00,13.1,13.1,13.1,13.1,10500.0
2023-09-15 15:48:00+07:00,13.1,13.1,13.1,13.1,10400.0
2023-09-15 15:49:00+07:00,13.1,13.1,13.1,13.1,10200.0
2023-09-15 15:50:00+07:00,13.1,13.1,13.1,13.1,8800.0
2023-09-15 15:51:00+07:00,13.1,13.1,13.1,13.1,8700.0
2023-09-15 15:52:00+07:00,13.1,13.1,13.1,13.1,14300.0
2023-09-15 15:53:00+07:00,13.1,13.1,13.1,13.1,6100.0
2023-09-15 15:55:00+07:00,13.1,13.1,13.1,13.1,12500.0
2023-09-15 15:56:00+07:00,13.1,13.1,13.1,13.1,2700.0
2023-09-15 15:57:00+07:00,13.1,13.1,13.1,13.1,11900.0
2023-09-15 15:58:00+07:00,13.1,13.1,13.1,13.1,6300.0
2023-09-15 15:59:00+07:00,13.1,13.1,13.1,13.1,29600.0
2023-09-15 16:00:00+07:00,13.1,13.1,13.1,13.1,6100.0
2023-09-15 16:01:00+07:00,13.1,13.1,13.1,13.1,13100.0
2023-09-15 16:02:00+07:00,13.2,13.2,13.1,13.1,700.0
2023-09-15 16:04:00+07:00,13.1,13.1,13.1,13.1,5900.0
2023-09-15 16:05:00+07:00,13.1,13.1,13.1,13.1,3000.0
2023-09-15 16:06:00+07:00,13.1,13.1,13.1,13.1,3600.0
2023-09-15 16:07:00+07:00,13.1,13.1,13.1,13.1,2700.0
2023-09-15 16:08:00+07:00,13.1,13.1,13.1,13.1,500.0
2023-09-15 16:09:00+07:00,13.1,13.1,13.1,13.1,6200.0
2023-09-15 16:10:00+07:00,13.1,13.1,13.1,13.1,500.0
2023-09-15 16:11:00+07:00,13.1,13.1,13.1,13.1,7200.0
2023-09-15 16:12:00+07:00,13.1,13.1,13.1,13.1,5900.0
2023-09-15 16:13:00+07:00,13.1,13.1,13.1,13.1,12600.0
2023-09-15 16:14:00+07:00,13.1,13.1,13.1,13.1,2800.0
2023-09-15 16:15:00+07:00,13.1,13.1,13.1,13.1,6100.0
2023-09-15 16:16:00+07:00,13.1,13.1,13.1,13.1,6800.0
2023-09-15 16:17:00+07:00,13.1,13.1,13.1,13.1,8200.0
2023-09-15 16:18:00+07:00,13.1,13.1,13.1,13.1,3900.0
2023-09-15 16:19:00+07:00,13.1,13.1,13.1,13.1,4300.0
2023-09-15 16:20:00+07:00,13.1,13.2,13.1,13.2,1200.0
2023-09-15 16:21:00+07:00,13.1,13.1,13.1,13.1,10900.0
2023-09-15 16:22:00+07:00,13.1,13.2,13.1,13.2,83900.0
2023-09-15 16:23:00+07:00,13.1,13.2,13.1,13.2,18300.0
2023-09-15 16:24:00+07:00,13.1,13.1,13.1,13.1,48000.0
2023-09-15 16:25:00+07:00,13.1,13.1,13.1,13.1,23800.0
2023-09-15 16:26:00+07:00,13.1,13.1,13.1,13.1,14300.0
2023-09-15 16:27:00+07:00,13.1,13.2,13.1,13.1,20300.0
2023-09-15 16:28:00+07:00,13.1,13.2,13.1,13.1,26900.0
2023-09-15 16:29:00+07:00,13.1,13.2,13.1,13.2,42000.0
2023-09-15 16:37:00+07:00,13.2,13.2,13.2,13.2,4871300.0
2023-09-18 09:58:00+07:00,13.1,13.2,13.1,13.2,99900.0
2023-09-18 09:59:00+07:00,13.1,13.1,13.1,13.1,1000.0
2023-09-18 10:00:00+07:00,13.1,13.1,13.0,13.0,201100.0
2023-09-18 10:01:00+07:00,13.0,13.0,13.0,13.0,200.0
2023-09-18 10:02:00+07:00,13.0,13.1,13.0,13.1,139500.0
2023-09-18 10:03:00+07:00,13.1,13.1,13.1,13.1,12000.0
2023-09-18 10:04:00+07:00,13.1,13.1,13.1,13.1,182900.0
2023-09-18 10:05:00+07:00,13.1,13.1,13.0,13.1,15800.0
2023-09-18 10:06:00+07:00,13.1,13.1,13.1,13.1,104400.0
2023-09-18 10:07:00+07:00,13.1,13.1,13.1,13.1,4000.0
2023-09-18 10:08:00+07:00,13.1,13.1,13.0,13.1,18800.0
2023-09-18 10:09:00+07:00,13.1,13.1,13.1,13.1,3100.0
2023-09-18 10:10:00+07:00,13.1,13.1,13.1,13.1,3600.0
2023-09-18 10:11:00+07:00,13.1,13.1,13.0,13.1,45800.0
2023-09-18 10:12:00+07:00,13.1,13.1,13.1,13.1,178900.0
2023-09-18 10:13:00+07:00,13.1,13.1,13.0,13.1,700.0
2023-09-18 10:14:00+07:00,13.1,13.1,13.1,13.1,22800.0
2023-09-18 10:15:00+07:00,13.1,13.1,13.1,13.1,500.0
2023-09-18 10:16:00+07:00,13.1,13.1,13.1,13.1,2400.0
2023-09-18 10:17:00+07:00,13.1,13.1,13.1,13.1,700.0
2023-09-18 10:18:00+07:00,13.1,13.1,13.1,13.1,2000.0
2023-09-18 10:19:00+07:00,13.0,13.1,13.0,13.1,5900.0
2023-09-18 10:20:00+07:00,13.1,13.1,13.1,13.1,2200.0
2023-09-18 10:21:00+07:00,13.1,13.1,13.1,13.1,1600.0
2023-09-18 10:22:00+07:00,13.1,13.1,13.0,13.1,35500.0
2023-09-18 10:25:00+07:00,13.0,13.0,13.0,13.0,49900.0
2023-09-18 10:26:00+07:00,13.0,13.1,13.0,13.1,14100.0
2023-09-18 10:27:00+07:00,13.0,13.0,13.0,13.0,1000.0
2023-09-18 10:28:00+07:00,13.0,13.1,13.0,13.1,58300.0
2023-09-18 10:29:00+07:00,13.0,13.1,13.0,13.1,51300.0
2023-09-18 10:30:00+07:00,13.1,13.2,13.1,13.2,338400.0
2023-09-18 10:32:00+07:00,13.1,13.2,13.1,13.2,7800.0
2023-09-18 10:35:00+07:00,13.2,13.2,13.2,13.2,200.0
2023-09-18 10:36:00+07:00,13.1,13.1,13.1,13.1,14200.0
2023-09-18 10:37:00+07:00,13.1,13.1,13.1,13.1,1000.0
2023-09-18 10:38:00+07:00,13.1,13.2,13.1,13.2,8100.0
2023-09-18 10:39:00+07:00,13.1,13.1,13.1,13.1,10000.0
2023-09-18 10:40:00+07:00,13.1,13.1,13.1,13.1,7100.0
2023-09-18 10:41:00+07:00,13.1,13.1,13.1,13.1,44000.0
2023-09-18 10:42:00+07:00,13.1,13.2,13.1,13.2,7100.0
2023-09-18 10:43:00+07:00,13.2,13.2,13.1,13.1,2100.0
2023-09-18 10:44:00+07:00,13.1,13.1,13.1,13.1,6900.0
2023-09-18 10:46:00+07:00,13.1,13.2,13.1,13.1,7300.0
2023-09-18 10:47:00+07:00,13.1,13.1,13.0,13.1,439800.0
2023-09-18 10:48:00+07:00,13.1,13.1,13.1,13.1,600.0
2023-09-18 10:49:00+07:00,13.1,13.1,13.1,13.1,606100.0
2023-09-18 10:50:00+07:00,13.1,13.1,13.1,13.1,500.0
2023-09-18 10:55:00+07:00,13.1,13.1,13.1,13.1,400.0
2023-09-18 10:58:00+07:00,13.0,13.1,13.0,13.1,300.0
2023-09-18 10:59:00+07:00,13.1,13.1,13.1,13.1,2300.0
2023-09-18 11:01:00+07:00,13.1,13.1,13.0,13.1,11400.0
2023-09-18 11:02:00+07:00,13.1,13.1,13.1,13.1,109700.0
2023-09-18 11:03:00+07:00,13.1,13.1,13.1,13.1,3200.0
2023-09-18 11:05:00+07:00,13.1,13.1,13.1,13.1,800.0
2023-09-18 11:06:00+07:00,13.1,13.1,13.1,13.1,200.0
2023-09-18 11:11:00+07:00,13.1,13.1,13.0,13.0,76200.0
2023-09-18 11:12:00+07:00,13.0,13.0,13.0,13.0,7200.0
2023-09-18 11:14:00+07:00,13.0,13.0,13.0,13.0,6900.0
2023-09-18 11:15:00+07:00,13.0,13.0,13.0,13.0,1100.0
2023-09-18 11:16:00+07:00,13.0,13.1,13.0,13.1,7100.0
2023-09-18 11:19:00+07:00,13.1,13.1,13.1,13.1,100200.0
2023-09-18 11:21:00+07:00,13.1,13.1,13.1,13.1,2300.0
2023-09-18 11:22:00+07:00,13.1,13.1,13.1,13.1,201000.0
2023-09-18 11:23:00+07:00,13.1,13.1,13.1,13.1,20200.0
2023-09-18 11:26:00+07:00,13.1,13.1,13.1,13.1,2000.0
2023-09-18 11:28:00+07:00,13.1,13.1,13.1,13.1,200.0
2023-09-18 11:30:00+07:00,13.1,13.1,13.1,13.1,200.0
2023-09-18 11:31:00+07:00,13.0,13.0,13.0,13.0,300.0
2023-09-18 11:32:00+07:00,13.0,13.0,13.0,13.0,55200.0
2023-09-18 11:33:00+07:00,13.0,13.0,13.0,13.0,4500.0
2023-09-18 11:34:00+07:00,13.0,13.1,13.0,13.1,7100.0
2023-09-18 11:36:00+07:00,13.1,13.1,13.1,13.1,200.0
2023-09-18 11:44:00+07:00,13.1,13.1,13.1,13.1,500.0
2023-09-18 11:45:00+07:00,13.1,13.1,13.1,13.1,700.0
2023-09-18 11:46:00+07:00,13.1,13.1,13.1,13.1,300.0
2023-09-18 11:48:00+07:00,13.0,13.0,13.0,13.0,50600.0
2023-09-18 11:50:00+07:00,13.0,13.0,13.0,13.0,10900.0
2023-09-18 11:52:00+07:00,13.0,13.0,13.0,13.0,16900.0
2023-09-18 11:53:00+07:00,13.0,13.0,13.0,13.0,3200.0
2023-09-18 11:54:00+07:00,13.0,13.0,13.0,13.0,6900.0
2023-09-18 11:55:00+07:00,13.1,13.1,13.1,13.1,200.0
2023-09-18 11:58:00+07:00,13.1,13.1,13.1,13.1,205000.0
2023-09-18 11:59:00+07:00,13.1,13.1,13.1,13.1,200.0
2023-09-18 12:02:00+07:00,13.1,13.1,13.1,13.1,200.0
2023-09-18 12:04:00+07:00,13.1,13.1,13.1,13.1,100.0
2023-09-18 12:05:00+07:00,13.1,13.1,13.1,13.1,200.0
2023-09-18 12:06:00+07:00,13.1,13.1,13.1,13.1,100.0
2023-09-18 12:08:00+07:00,13.1,13.1,13.1,13.1,400.0
2023-09-18 12:09:00+07:00,13.1,13.1,13.1,13.1,10600.0
2023-09-18 12:12:00+07:00,13.0,13.1,13.0,13.1,62600.0
2023-09-18 12:13:00+07:00,13.1,13.1,13.1,13.1,258600.0
2023-09-18 12:14:00+07:00,13.1,13.1,13.1,13.1,800.0
2023-09-18 12:15:00+07:00,13.1,13.1,13.1,13.1,20000.0
2023-09-18 12:16:00+07:00,13.1,13.1,13.1,13.1,200.0
2023-09-18 12:17:00+07:00,13.1,13.1,13.1,13.1,1000.0
2023-09-18 12:22:00+07:00,13.0,13.0,13.0,13.0,5000.0
2023-09-18 12:23:00+07:00,13.0,13.0,13.0,13.0,34500.0
2023-09-18 12:24:00+07:00,13.0,13.0,13.0,13.0,6900.0
2023-09-18 12:26:00+07:00,13.0,13.1,13.0,13.1,7100.0
2023-09-18 12:27:00+07:00,13.1,13.1,13.1,13.1,20100.0
2023-09-18 12:28:00+07:00,13.1,13.1,13.0,13.0,10200.0
2023-09-18 12:29:00+07:00,13.1,13.1,13.0,13.0,100100.0
2023-09-18 14:29:00+07:00,13.1,13.1,13.1,13.1,51800.0
2023-09-18 14:32:00+07:00,13.0,13.1,13.0,13.1,64800.0
2023-09-18 14:34:00+07:00,13.0,13.0,13.0,13.0,56900.0
2023-09-18 14:36:00+07:00,13.0,13.0,13.0,13.0,7000.0
2023-09-18 14:37:00+07:00,13.1,13.1,13.1,13.1,200.0
2023-09-18 14:38:00+07:00,13.0,13.0,13.0,13.0,9500.0
2023-09-18 14:40:00+07:00,13.0,13.0,13.0,13.0,6900.0
2023-09-18 14:41:00+07:00,13.0,13.0,13.0,13.0,1600.0
2023-09-18 14:42:00+07:00,13.0,13.1,13.0,13.1,7100.0
2023-09-18 14:44:00+07:00,13.0,13.0,13.0,13.0,7400.0
2023-09-18 14:45:00+07:00,13.1,13.1,13.0,13.0,2600.0
2023-09-18 14:46:00+07:00,13.0,13.0,13.0,13.0,7900.0
2023-09-18 14:47:00+07:00,13.1,13.1,13.1,13.1,200.0
2023-09-18 14:48:00+07:00,13.0,13.1,13.0,13.1,8100.0
2023-09-18 14:49:00+07:00,13.0,13.0,13.0,13.0,500.0
2023-09-18 14:50:00+07:00,13.0,13.1,13.0,13.1,8900.0
2023-09-18 14:51:00+07:00,13.0,13.0,13.0,13.0,700.0
2023-09-18 14:52:00+07:00,13.0,13.0,13.0,13.0,6900.0
2023-09-18 14:53:00+07:00,13.1,13.1,13.1,13.1,790300.0
2023-09-18 14:54:00+07:00,13.1,13.1,13.1,13.1,433000.0
2023-09-18 14:55:00+07:00,13.1,13.1,13.1,13.1,20600.0
2023-09-18 14:56:00+07:00,13.1,13.1,13.1,13.1,200.0
2023-09-18 14:57:00+07:00,13.1,13.1,13.1,13.1,100.0
2023-09-18 14:59:00+07:00,13.1,13.1,13.1,13.1,100.0
2023-09-18 15:00:00+07:00,13.0,13.0,13.0,13.0,843100.0
2023-09-18 15:01:00+07:00,13.0,13.0,13.0,13.0,2900.0
2023-09-18 15:02:00+07:00,13.0,13.0,13.0,13.0,7400.0
2023-09-18 15:04:00+07:00,13.0,13.0,13.0,13.0,6900.0
2023-09-18 15:05:00+07:00,13.1,13.1,13.1,13.1,200.0
2023-09-18 15:08:00+07:00,13.0,13.1,13.0,13.1,10200.0
2023-09-18 15:09:00+07:00,13.1,13.1,13.0,13.0,20100.0
2023-09-18 15:10:00+07:00,13.0,13.0,13.0,13.0,20700.0
2023-09-18 15:11:00+07:00,13.1,13.1,13.1,13.1,200.0
2023-09-18 15:13:00+07:00,13.0,13.0,13.0,13.0,7000.0
2023-09-18 15:14:00+07:00,13.0,13.1,13.0,13.1,7100.0
2023-09-18 15:15:00+07:00,13.0,13.0,13.0,13.0,113000.0
2023-09-18 15:16:00+07:00,13.0,13.1,13.0,13.1,24900.0
2023-09-18 15:17:00+07:00,13.1,13.1,13.1,13.1,200.0
2023-09-18 15:19:00+07:00,13.1,13.1,13.1,13.1,200.0
2023-09-18 15:21:00+07:00,13.0,13.1,13.0,13.1,15000.0
2023-09-18 15:24:00+07:00,13.0,13.0,13.0,13.0,14800.0
2023-09-18 15:25:00+07:00,13.0,13.1,13.0,13.1,2200.0
2023-09-18 15:27:00+07:00,13.0,13.0,13.0,13.0,8900.0
2023-09-18 15:28:00+07:00,13.0,13.1,13.0,13.1,12400.0
2023-09-18 15:29:00+07:00,13.0,13.0,13.0,13.0,6000.0
2023-09-18 15:30:00+07:00,13.0,13.1,13.0,13.0,7300.0
2023-09-18 15:31:00+07:00,13.0,13.0,13.0,13.0,103600.0
2023-09-18 15:32:00+07:00,13.0,13.0,13.0,13.0,7900.0
2023-09-18 15:33:00+07:00,13.0,13.1,13.0,13.1,11200.0
2023-09-18 15:35:00+07:00,13.0,13.1,13.0,13.1,12600.0
2023-09-18 15:38:00+07:00,13.0,13.0,13.0,13.0,29900.0
2023-09-18 15:39:00+07:00,13.1,13.1,13.0,13.0,300.0
2023-09-18 15:40:00+07:00,13.0,13.0,13.0,13.0,7100.0
2023-09-18 15:41:00+07:00,13.0,13.1,13.0,13.1,500.0
2023-09-18 15:42:00+07:00,13.0,13.1,13.0,13.0,8300.0
2023-09-18 15:44:00+07:00,13.0,13.1,13.0,13.0,10800.0
2023-09-18 15:45:00+07:00,13.0,13.0,13.0,13.0,50500.0
2023-09-18 15:46:00+07:00,13.0,13.1,13.0,13.0,60100.0
2023-09-18 15:48:00+07:00,13.0,13.0,13.0,13.0,11900.0
2023-09-18 15:49:00+07:00,13.0,13.1,13.0,13.1,2200.0
2023-09-18 15:51:00+07:00,13.0,13.0,13.0,13.0,9300.0
2023-09-18 15:52:00+07:00,13.0,13.0,13.0,13.0,6900.0
2023-09-18 15:53:00+07:00,13.1,13.1,13.1,13.1,200.0
2023-09-18 15:54:00+07:00,13.0,13.0,13.0,13.0,7800.0
2023-09-18 15:55:00+07:00,13.0,13.0,13.0,13.0,2500.0
2023-09-18 15:56:00+07:00,13.0,13.1,13.0,13.0,17100.0
2023-09-18 15:57:00+07:00,13.0,13.0,13.0,13.0,300.0
2023-09-18 15:58:00+07:00,13.0,13.0,13.0,13.0,6900.0
2023-09-18 15:59:00+07:00,13.1,13.1,13.0,13.0,4100.0
2023-09-18 16:00:00+07:00,13.0,13.0,13.0,13.0,6900.0
2023-09-18 16:01:00+07:00,13.0,13.0,13.0,13.0,300.0
2023-09-18 16:02:00+07:00,13.0,13.1,13.0,13.1,10000.0
2023-09-18 16:03:00+07:00,13.0,13.0,13.0,13.0,1000.0
2023-09-18 16:04:00+07:00,13.0,13.1,13.0,13.1,7100.0
2023-09-18 16:05:00+07:00,13.0,13.1,13.0,13.1,1800.0
2023-09-18 16:07:00+07:00,13.0,13.1,13.0,13.1,400900.0
2023-09-18 16:08:00+07:00,13.1,13.1,13.1,13.1,27000.0
2023-09-18 16:10:00+07:00,13.1,13.2,13.1,13.1,10900.0
2023-09-18 16:11:00+07:00,13.2,13.2,13.2,13.2,600.0
2023-09-18 16:14:00+07:00,13.2,13.2,13.1,13.1,26000.0
2023-09-18 16:15:00+07:00,13.2,13.2,13.1,13.1,43100.0
2023-09-18 16:16:00+07:00,13.1,13.1,13.1,13.1,20400.0
2023-09-18 16:17:00+07:00,13.1,13.1,13.1,13.1,100.0
2023-09-18 16:18:00+07:00,13.2,13.2,13.2,13.2,200.0
2023-09-18 16:19:00+07:00,13.1,13.1,13.1,13.1,1000.0
2023-09-18 16:20:00+07:00,13.2,13.2,13.2,13.2,200.0
2023-09-18 16:22:00+07:00,13.1,13.1,13.1,13.1,1000.0
2023-09-18 16:23:00+07:00,13.2,13.2,13.1,13.1,5200.0
2023-09-18 16:24:00+07:00,13.2,13.2,13.1,13.1,1100.0
2023-09-18 16:25:00+07:00,13.1,13.1,13.1,13.1,10500.0
2023-09-18 16:26:00+07:00,13.2,13.2,13.2,13.2,300200.0
2023-09-18 16:27:00+07:00,13.2,13.2,13.2,13.2,27700.0
2023-09-18 16:28:00+07:00,13.2,13.2,13.2,13.2,400.0
2023-09-18 16:29:00+07:00,13.2,13.2,13.1,13.2,202900.0
2023-09-18 16:37:00+07:00,13.1,13.1,13.1,13.1,1430400.0
2023-09-19 09:57:00+07:00,13.1,13.1,13.1,13.1,117600.0
2023-09-19 09:59:00+07:00,13.0,13.0,13.0,13.0,10600.0
2023-09-19 10:01:00+07:00,13.0,13.0,13.0,13.0,3500.0
2023-09-19 10:04:00+07:00,13.0,13.2,13.0,13.2,112800.0
2023-09-19 10:08:00+07:00,13.2,13.2,13.2,13.2,6000.0
2023-09-19 10:10:00+07:00,13.1,13.1,13.1,13.1,700.0
2023-09-19 10:11:00+07:00,13.1,13.1,13.1,13.1,5100.0
2023-09-19 10:12:00+07:00,13.1,13.1,13.1,13.1,200.0
2023-09-19 10:14:00+07:00,13.1,13.1,13.1,13.1,71700.0
2023-09-19 10:15:00+07:00,13.1,13.1,13.1,13.1,22100.0
2023-09-19 10:16:00+07:00,13.1,13.1,13.1,13.1,158100.0
2023-09-19 10:18:00+07:00,13.1,13.1,13.1,13.1,4000.0
2023-09-19 10:19:00+07:00,13.1,13.1,13.1,13.1,400.0
2023-09-19 10:20:00+07:00,13.1,13.1,13.1,13.1,100.0
2023-09-19 10:21:00+07:00,13.1,13.1,13.1,13.1,1000.0
2023-09-19 10:24:00+07:00,13.1,13.1,13.1,13.1,200.0
2023-09-19 10:25:00+07:00,13.1,13.1,13.1,13.1,3100.0
2023-09-19 10:29:00+07:00,13.1,13.1,13.1,13.1,2000.0
2023-09-19 10:30:00+07:00,13.1,13.1,13.1,13.1,500.0
2023-09-19 10:31:00+07:00,13.1,13.1,13.1,13.1,10000.0
2023-09-19 10:32:00+07:00,13.1,13.1,13.1,13.1,102700.0
2023-09-19 10:33:00+07:00,13.1,13.1,13.1,13.1,100.0
2023-09-19 10:35:00+07:00,13.1,13.1,13.1,13.1,200.0
2023-09-19 10:36:00+07:00,13.1,13.1,13.1,13.1,2500.0
2023-09-19 10:37:00+07:00,13.1,13.1,13.1,13.1,2800.0
2023-09-19 10:39:00+07:00,13.1,13.1,13.1,13.1,6600.0
2023-09-19 10:40:00+07:00,13.1,13.1,13.1,13.1,3600.0
2023-09-19 10:41:00+07:00,13.1,13.1,13.1,13.1,900.0
2023-09-19 10:42:00+07:00,13.1,13.1,13.1,13.1,1000.0
2023-09-19 10:43:00+07:00,13.1,13.1,13.1,13.1,30500.0
2023-09-19 10:44:00+07:00,13.2,13.2,13.2,13.2,10100.0
2023-09-19 10:45:00+07:00,13.2,13.2,13.1,13.1,52200.0
2023-09-19 10:49:00+07:00,13.1,13.1,13.1,13.1,70000.0
2023-09-19 10:50:00+07:00,13.1,13.1,13.1,13.1,11300.0
2023-09-19 10:53:00+07:00,13.2,13.2,13.2,13.2,200.0
2023-09-19 10:54:00+07:00,13.1,13.2,13.1,13.2,6000.0
2023-09-19 10:56:00+07:00,13.1,13.2,13.1,13.2,7400.0
2023-09-19 10:57:00+07:00,13.1,13.1,13.1,13.1,100.0
2023-09-19 10:58:00+07:00,13.2,13.2,13.2,13.2,3100.0
2023-09-19 11:00:00+07:00,13.1,13.2,13.1,13.2,7500.0
2023-09-19 11:01:00+07:00,13.2,13.2,13.2,13.2,100.0
2023-09-19 11:04:00+07:00,13.2,13.2,13.2,13.2,4000.0
2023-09-19 11:07:00+07:00,13.1,13.1,13.1,13.1,2700.0
2023-09-19 11:08:00+07:00,13.2,13.2,13.2,13.2,3300.0
2023-09-19 11:09:00+07:00,13.1,13.1,13.1,13.1,3100.0
2023-09-19 11:10:00+07:00,13.1,13.1,13.1,13.1,5000.0
2023-09-19 11:11:00+07:00,13.2,13.2,13.2,13.2,3800.0
2023-09-19 11:13:00+07:00,13.2,13.2,13.2,13.2,2200.0
2023-09-19 11:14:00+07:00,13.2,13.2,13.2,13.2,2600.0
2023-09-19 11:15:00+07:00,13.2,13.2,13.2,13.2,500.0
2023-09-19 11:20:00+07:00,13.2,13.2,13.2,13.2,435200.0
2023-09-19 11:25:00+07:00,13.1,13.1,13.1,13.1,83700.0
2023-09-19 11:26:00+07:00,13.1,13.1,13.1,13.1,500.0
2023-09-19 11:30:00+07:00,13.1,13.1,13.1,13.1,300.0
2023-09-19 11:32:00+07:00,13.1,13.1,13.1,13.1,1000.0
2023-09-19 11:33:00+07:00,13.1,13.1,13.1,13.1,100.0
2023-09-19 11:35:00+07:00,13.1,13.1,13.1,13.1,1300.0
2023-09-19 11:36:00+07:00,13.1,13.1,13.1,13.1,200.0
2023-09-19 11:38:00+07:00,13.1,13.1,13.1,13.1,200.0
2023-09-19 11:40:00+07:00,13.2,13.2,13.2,13.2,3500.0
2023-09-19 11:43:00+07:00,13.2,13.2,13.1,13.1,13000.0
2023-09-19 11:44:00+07:00,13.1,13.1,13.1,13.1,400.0
2023-09-19 11:45:00+07:00,13.2,13.2,13.2,13.2,3300.0
2023-09-19 11:47:00+07:00,13.2,13.2,13.2,13.2,2600.0
2023-09-19 11:48:00+07:00,13.1,13.1,13.1,13.1,3200.0
2023-09-19 11:49:00+07:00,13.2,13.2,13.1,13.1,5300.0
2023-09-19 11:51:00+07:00,13.2,13.2,13.2,13.2,3500.0
2023-09-19 11:52:00+07:00,13.1,13.1,13.1,13.1,3600.0
2023-09-19 11:53:00+07:00,13.1,13.1,13.1,13.1,9900.0
2023-09-19 11:54:00+07:00,13.1,13.1,13.1,13.1,301000.0
2023-09-19 11:55:00+07:00,13.1,13.1,13.1,13.1,103100.0
2023-09-19 11:56:00+07:00,13.1,13.1,13.1,13.1,144300.0
2023-09-19 11:59:00+07:00,13.1,13.1,13.1,13.1,100800.0
2023-09-19 12:01:00+07:00,13.1,13.1,13.1,13.1,200.0
2023-09-19 12:02:00+07:00,13.1,13.1,13.1,13.1,100.0
2023-09-19 12:04:00+07:00,13.1,13.2,13.1,13.2,297200.0
2023-09-19 12:05:00+07:00,13.2,13.2,13.2,13.2,2200.0
2023-09-19 12:06:00+07:00,13.2,13.2,13.2,13.2,400.0
2023-09-19 12:07:00+07:00,13.2,13.2,13.2,13.2,700.0
2023-09-19 12:08:00+07:00,13.2,13.2,13.2,13.2,500.0
2023-09-19 12:09:00+07:00,13.2,13.2,13.2,13.2,500.0
2023-09-19 12:10:00+07:00,13.2,13.2,13.2,13.2,500.0
2023-09-19 12:11:00+07:00,13.2,13.2,13.1,13.1,201800.0
2023-09-19 12:12:00+07:00,13.1,13.1,13.0,13.1,63300.0
2023-09-19 12:13:00+07:00,13.1,13.1,13.1,13.1,300.0
2023-09-19 12:14:00+07:00,13.1,13.1,13.1,13.1,200.0
2023-09-19 12:15:00+07:00,13.1,13.1,13.1,13.1,100.0
2023-09-19 12:16:00+07:00,13.1,13.1,13.1,13.1,325800.0
2023-09-19 12:21:00+07:00,13.1,13.1,13.1,13.1,300.0
2023-09-19 12:22:00+07:00,13.1,13.1,13.1,13.1,100.0
2023-09-19 12:26:00+07:00,13.0,13.1,13.0,13.1,3500.0
2023-09-19 12:27:00+07:00,13.0,13.1,13.0,13.1,4000.0
2023-09-19 12:28:00+07:00,13.0,13.1,13.0,13.1,2600.0
2023-09-19 14:27:00+07:00,13.1,13.1,13.0,13.0,266000.0
2023-09-19 14:28:00+07:00,13.0,13.0,13.0,13.0,17800.0
2023-09-19 14:29:00+07:00,13.0,13.0,13.0,13.0,17700.0
2023-09-19 14:30:00+07:00,13.0,13.0,13.0,13.0,1048600.0
2023-09-19 14:31:00+07:00,13.0,13.0,13.0,13.0,17700.0
2023-09-19 14:32:00+07:00,13.0,13.0,13.0,13.0,18700.0
2023-09-19 14:33:00+07:00,13.0,13.1,13.0,13.0,26600.0
2023-09-19 14:34:00+07:00,13.0,13.1,13.0,13.1,9000.0
2023-09-19 14:35:00+07:00,13.1,13.1,13.1,13.1,200.0
2023-09-19 14:36:00+07:00,13.1,13.1,13.1,13.1,400.0
2023-09-19 14:37:00+07:00,13.1,13.1,13.0,13.1,107200.0
2023-09-19 14:38:00+07:00,13.0,13.1,13.0,13.0,68000.0
2023-09-19 14:39:00+07:00,13.0,13.1,13.0,13.1,5000.0
2023-09-19 14:40:00+07:00,13.0,13.1,13.0,13.1,121600.0
2023-09-19 14:41:00+07:00,13.1,13.1,13.1,13.1,400.0
2023-09-19 14:42:00+07:00,13.1,13.1,13.1,13.1,500.0
2023-09-19 14:50:00+07:00,13.1,13.1,13.1,13.1,200.0
2023-09-19 14:53:00+07:00,13.1,13.1,13.1,13.1,100.0
2023-09-19 14:54:00+07:00,13.1,13.1,13.1,13.1,1100.0
2023-09-19 14:55:00+07:00,13.1,13.1,13.1,13.1,300.0
2023-09-19 14:56:00+07:00,13.0,13.0,13.0,13.0,76500.0
2023-09-19 14:57:00+07:00,13.1,13.1,13.1,13.1,200.0
2023-09-19 14:58:00+07:00,13.1,13.1,13.1,13.1,100.0
2023-09-19 14:59:00+07:00,13.1,13.1,13.1,13.1,100.0
2023-09-19 15:00:00+07:00,13.1,13.1,13.1,13.1,300.0
2023-09-19 15:01:00+07:00,13.1,13.1,13.1,13.1,100.0
2023-09-19 15:02:00+07:00,13.1,13.1,13.1,13.1,500100.0
2023-09-19 15:06:00+07:00,13.1,13.1,13.0,13.0,200.0
2023-09-19 15:07:00+07:00,13.0,13.0,13.0,13.0,44300.0
2023-09-19 15:08:00+07:00,13.0,13.0,13.0,13.0,8900.0
2023-09-19 15:09:00+07:00,13.0,13.0,13.0,13.0,400.0
2023-09-19 15:10:00+07:00,13.0,13.0,13.0,13.0,8800.0
2023-09-19 15:11:00+07:00,13.1,13.1,13.1,13.1,22000.0
2023-09-19 15:17:00+07:00,13.1,13.1,13.1,13.1,100000.0
2023-09-19 15:18:00+07:00,13.1,13.1,13.0,13.0,41200.0
2023-09-19 15:20:00+07:00,13.1,13.1,13.0,13.0,109900.0
2023-09-19 15:22:00+07:00,13.0,13.0,13.0,13.0,9300.0
2023-09-19 15:23:00+07:00,13.0,13.0,13.0,13.0,10400.0
2023-09-19 15:24:00+07:00,13.1,13.1,13.0,13.0,112700.0
2023-09-19 15:25:00+07:00,13.0,13.0,13.0,13.0,7300.0
2023-09-19 15:26:00+07:00,13.0,13.1,13.0,13.0,17400.0
2023-09-19 15:27:00+07:00,13.0,13.0,13.0,13.0,5700.0
2023-09-19 15:28:00+07:00,13.0,13.0,13.0,13.0,15200.0
2023-09-19 15:29:00+07:00,13.1,13.1,13.0,13.0,6400.0
2023-09-19 15:30:00+07:00,13.0,13.0,13.0,13.0,14600.0
2023-09-19 15:31:00+07:00,13.0,13.0,13.0,13.0,3700.0
2023-09-19 15:32:00+07:00,13.0,13.1,13.0,13.1,11700.0
2023-09-19 15:36:00+07:00,13.1,13.1,13.1,13.1,283100.0
2023-09-19 15:37:00+07:00,13.1,13.1,13.1,13.1,1100.0
2023-09-19 15:38:00+07:00,13.1,13.1,13.1,13.1,100.0
2023-09-19 15:39:00+07:00,13.1,13.1,13.1,13.1,3100.0
2023-09-19 15:40:00+07:00,13.1,13.1,13.1,13.1,100.0
2023-09-19 15:41:00+07:00,13.1,13.1,13.1,13.1,100.0
2023-09-19 15:42:00+07:00,13.1,13.2,13.1,13.2,398500.0
2023-09-19 15:44:00+07:00,13.1,13.1,13.1,13.1,9000.0
2023-09-19 15:45:00+07:00,13.1,13.1,13.1,13.1,1000.0
2023-09-19 15:46:00+07:00,13.1,13.2,13.1,13.2,11200.0
2023-09-19 15:49:00+07:00,13.2,13.2,13.2,13.2,3500.0
2023-09-19 15:51:00+07:00,13.2,13.2,13.2,13.2,500.0
2023-09-19 15:52:00+07:00,13.1,13.2,13.1,13.2,354200.0
2023-09-19 15:53:00+07:00,13.2,13.2,13.2,13.2,10000.0
2023-09-19 15:55:00+07:00,13.2,13.2,13.2,13.2,2800.0
2023-09-19 15:57:00+07:00,13.2,13.2,13.2,13.2,353300.0
2023-09-19 15:58:00+07:00,13.2,13.2,13.2,13.2,21400.0
2023-09-19 15:59:00+07:00,13.2,13.2,13.2,13.2,5000.0
2023-09-19 16:00:00+07:00,13.2,13.3,13.2,13.3,17800.0
2023-09-19 16:02:00+07:00,13.2,13.2,13.2,13.2,13800.0
2023-09-19 16:03:00+07:00,13.2,13.3,13.2,13.3,3900.0
2023-09-19 16:06:00+07:00,13.2,13.2,13.2,13.2,18000.0
2023-09-19 16:07:00+07:00,13.2,13.2,13.2,13.2,5400.0
2023-09-19 16:08:00+07:00,13.2,13.3,13.2,13.3,12800.0
2023-09-19 16:09:00+07:00,13.2,13.2,13.2,13.2,1300.0
2023-09-19 16:10:00+07:00,13.2,13.2,13.2,13.2,11600.0
2023-09-19 16:11:00+07:00,13.2,13.2,13.2,13.2,15000.0
2023-09-19 16:12:00+07:00,13.2,13.3,13.2,13.3,11400.0
2023-09-19 16:13:00+07:00,13.2,13.3,13.2,13.3,11200.0
2023-09-19 16:14:00+07:00,13.2,13.2,13.2,13.2,9900.0
2023-09-19 16:15:00+07:00,13.2,13.2,13.2,13.2,44400.0
2023-09-19 16:16:00+07:00,13.2,13.2,13.2,13.2,3000.0
2023-09-19 16:17:00+07:00,13.3,13.3,13.3,13.3,2400.0
2023-09-19 16:18:00+07:00,13.3,13.3,13.2,13.2,3700.0
2023-09-19 16:21:00+07:00,13.3,13.3,13.3,13.3,3700.0
2023-09-19 16:22:00+07:00,13.3,13.3,13.2,13.3,8800.0
2023-09-19 16:23:00+07:00,13.3,13.3,13.3,13.3,3100.0
2023-09-19 16:24:00+07:00,13.2,13.3,13.2,13.2,28100.0
2023-09-19 16:25:00+07:00,13.2,13.2,13.2,13.2,50800.0
2023-09-19 16:26:00+07:00,13.2,13.3,13.2,13.3,622100.0
2023-09-19 16:27:00+07:00,13.2,13.4,13.2,13.3,697300.0
2023-09-19 16:28:00+07:00,13.3,13.3,13.2,13.2,8400.0
2023-09-19 16:29:00+07:00,13.3,13.3,13.2,13.2,22800.0
2023-09-19 16:37:00+07:00,13.2,13.2,13.2,13.2,907200.0
2023-09-20 09:56:00+07:00,13.3,13.3,13.3,13.3,239300.0
2023-09-20 09:57:00+07:00,13.3,13.3,13.2,13.2,45700.0
2023-09-20 09:58:00+07:00,13.2,13.3,13.2,13.2,178300.0
2023-09-20 09:59:00+07:00,13.3,13.3,13.2,13.3,1600.0
2023-09-20 10:00:00+07:00,13.3,13.3,13.3,13.3,200.0
2023-09-20 10:01:00+07:00,13.3,13.3,13.2,13.2,1100.0
2023-09-20 10:02:00+07:00,13.2,13.3,13.2,13.3,498600.0
2023-09-20 10:03:00+07:00,13.3,13.4,13.3,13.3,669500.0
2023-09-20 10:04:00+07:00,13.3,13.3,13.2,13.2,456200.0
2023-09-20 10:05:00+07:00,13.2,13.2,13.2,13.2,110200.0
2023-09-20 10:06:00+07:00,13.2,13.2,13.1,13.1,19300.0
2023-09-20 10:08:00+07:00,13.2,13.2,13.1,13.1,1100.0
2023-09-20 10:09:00+07:00,13.1,13.1,13.1,13.1,55000.0
2023-09-20 10:10:00+07:00,13.2,13.2,13.2,13.2,92200.0
2023-09-20 10:12:00+07:00,13.1,13.1,13.1,13.1,100.0
2023-09-20 10:13:00+07:00,13.1,13.2,13.1,13.2,26200.0
2023-09-20 10:14:00+07:00,13.2,13.2,13.2,13.2,2100.0
2023-09-20 10:15:00+07:00,13.2,13.2,13.2,13.2,10200.0
2023-09-20 10:16:00+07:00,13.1,13.2,13.1,13.2,1800.0
2023-09-20 10:17:00+07:00,13.2,13.2,13.2,13.2,200.0
2023-09-20 10:18:00+07:00,13.2,13.2,13.2,13.2,350600.0
2023-09-20 10:19:00+07:00,13.3,13.3,13.2,13.2,20200.0
2023-09-20 10:20:00+07:00,13.3,13.3,13.2,13.3,400.0
2023-09-20 10:21:00+07:00,13.3,13.3,13.2,13.2,1100.0
2023-09-20 10:22:00+07:00,13.3,13.3,13.2,13.2,25400.0
2023-09-20 10:23:00+07:00,13.3,13.3,13.2,13.2,10100.0
2023-09-20 10:24:00+07:00,13.2,13.2,13.2,13.2,20000.0
2023-09-20 10:25:00+07:00,13.2,13.2,13.2,13.2,8600.0
2023-09-20 10:26:00+07:00,13.2,13.2,13.2,13.2,10000.0
2023-09-20 10:27:00+07:00,13.3,13.3,13.2,13.2,11800.0
2023-09-20 10:28:00+07:00,13.2,13.2,13.2,13.2,2200.0
2023-09-20 10:29:00+07:00,13.2,13.2,13.2,13.2,389900.0
2023-09-20 10:30:00+07:00,13.1,13.1,13.1,13.1,200.0
2023-09-20 10:31:00+07:00,13.2,13.2,13.1,13.1,4600.0
2023-09-20 10:33:00+07:00,13.1,13.1,13.1,13.1,2400.0
2023-09-20 10:35:00+07:00,13.1,13.1,13.1,13.1,100.0
2023-09-20 10:37:00+07:00,13.1,13.2,13.1,13.2,80600.0
2023-09-20 10:38:00+07:00,13.2,13.2,13.2,13.2,12000.0
2023-09-20 10:41:00+07:00,13.2,13.2,13.2,13.2,50000.0
2023-09-20 10:42:00+07:00,13.2,13.2,13.2,13.2,1000.0
2023-09-20 10:43:00+07:00,13.2,13.2,13.2,13.2,100.0
2023-09-20 10:44:00+07:00,13.2,13.2,13.1,13.2,7900.0
2023-09-20 10:45:00+07:00,13.2,13.2,13.1,13.1,2500.0
2023-09-20 10:46:00+07:00,13.2,13.2,13.2,13.2,400.0
2023-09-20 10:52:00+07:00,13.1,13.2,13.1,13.2,15100.0
2023-09-20 10:56:00+07:00,13.2,13.2,13.1,13.1,8800.0
2023-09-20 10:57:00+07:00,13.1,13.1,13.1,13.1,10300.0
2023-09-20 10:58:00+07:00,13.1,13.1,13.1,13.1,100.0
2023-09-20 10:59:00+07:00,13.1,13.1,13.1,13.1,5000.0
2023-09-20 11:00:00+07:00,13.1,13.1,13.1,13.1,3900.0
2023-09-20 11:01:00+07:00,13.1,13.1,13.1,13.1,1000.0
2023-09-20 11:02:00+07:00,13.1,13.1,13.1,13.1,500.0
2023-09-20 11:03:00+07:00,13.1,13.1,13.1,13.1,4700.0
2023-09-20 11:04:00+07:00,13.1,13.1,13.1,13.1,10000.0
2023-09-20 11:06:00+07:00,13.1,13.2,13.1,13.2,117400.0
2023-09-20 11:07:00+07:00,13.1,13.1,13.1,13.1,500.0
2023-09-20 11:08:00+07:00,13.1,13.1,13.1,13.1,2800.0
2023-09-20 11:09:00+07:00,13.2,13.2,13.2,13.2,3800.0
2023-09-20 11:11:00+07:00,13.2,13.2,13.1,13.1,22200.0
2023-09-20 11:12:00+07:00,13.1,13.1,13.1,13.1,1400.0
2023-09-20 11:14:00+07:00,13.1,13.2,13.1,13.2,7300.0
2023-09-20 11:15:00+07:00,13.1,13.1,13.1,13.1,7800.0
2023-09-20 11:16:00+07:00,13.1,13.2,13.1,13.2,3600.0
2023-09-20 11:18:00+07:00,13.2,13.2,13.2,13.2,3000.0
2023-09-20 11:19:00+07:00,13.1,13.1,13.1,13.1,2900.0
2023-09-20 11:20:00+07:00,13.1,13.1,13.1,13.1,10100.0
2023-09-20 11:22:00+07:00,13.1,13.1,13.1,13.1,24000.0
2023-09-20 11:23:00+07:00,13.1,13.2,13.1,13.1,4600.0
2023-09-20 11:24:00+07:00,13.2,13.2,13.2,13.2,22700.0
2023-09-20 11:25:00+07:00,13.1,13.1,13.1,13.1,300.0
2023-09-20 11:26:00+07:00,13.1,13.2,13.1,13.2,204500.0
2023-09-20 11:27:00+07:00,13.2,13.2,13.2,13.2,6800.0
2023-09-20 11:28:00+07:00,13.1,13.1,13.1,13.1,1000.0
2023-09-20 11:33:00+07:00,13.1,13.1,13.1,13.1,2000.0
2023-09-20 11:34:00+07:00,13.2,13.2,13.2,13.2,11900.0
2023-09-20 11:37:00+07:00,13.1,13.1,13.1,13.1,100.0
2023-09-20 11:39:00+07:00,13.2,13.2,13.2,13.2,3100.0
2023-09-20 11:40:00+07:00,13.2,13.2,13.2,13.2,220200.0
2023-09-20 11:41:00+07:00,13.2,13.2,13.2,13.2,500.0
2023-09-20 11:42:00+07:00,13.1,13.1,13.1,13.1,1000.0
2023-09-20 11:45:00+07:00,13.2,13.2,13.2,13.2,3100.0
2023-09-20 11:48:00+07:00,13.2,13.2,13.2,13.2,100000.0
2023-09-20 11:49:00+07:00,13.2,13.2,13.2,13.2,10800.0
2023-09-20 11:51:00+07:00,13.2,13.2,13.2,13.2,3300.0
2023-09-20 11:52:00+07:00,13.2,13.2,13.2,13.2,53800.0
2023-09-20 11:54:00+07:00,13.1,13.1,13.1,13.1,100.0
2023-09-20 11:56:00+07:00,13.1,13.1,13.1,13.1,1000.0
2023-09-20 11:57:00+07:00,13.2,13.2,13.2,13.2,1300.0
2023-09-20 11:58:00+07:00,13.1,13.1,13.1,13.1,2000.0
2023-09-20 11:59:00+07:00,13.2,13.2,13.2,13.2,3800.0
2023-09-20 12:00:00+07:00,13.1,13.2,13.1,13.2,5900.0
2023-09-20 12:03:00+07:00,13.1,13.1,13.1,13.1,1000.0
2023-09-20 12:06:00+07:00,13.1,13.2,13.1,13.1,1300.0
2023-09-20 12:07:00+07:00,13.1,13.1,13.1,13.1,4400.0
2023-09-20 12:08:00+07:00,13.2,13.2,13.2,13.2,3000.0
2023-09-20 12:09:00+07:00,13.2,13.2,13.1,13.1,3100.0
2023-09-20 12:10:00+07:00,13.2,13.2,13.2,13.2,100000.0
2023-09-20 12:12:00+07:00,13.2,13.2,13.2,13.2,3500.0
2023-09-20 12:14:00+07:00,13.2,13.2,13.1,13.1,5600.0
2023-09-20 12:16:00+07:00,13.2,13.2,13.1,13.2,117500.0
2023-09-20 12:19:00+07:00,13.1,13.1,13.1,13.1,3300.0
2023-09-20 12:21:00+07:00,13.1,13.1,13.1,13.1,3000.0
2023-09-20 12:22:00+07:00,13.2,13.2,13.2,13.2,3900.0
2023-09-20 12:25:00+07:00,13.2,13.2,13.2,13.2,2000.0
2023-09-20 12:26:00+07:00,13.2,13.2,13.1,13.1,3900.0
2023-09-20 12:28:00+07:00,13.1,13.1,13.1,13.1,1000.0
2023-09-20 12:29:00+07:00,13.1,13.1,13.1,13.1,100.0
2023-09-20 14:27:00+07:00,13.2,13.2,13.1,13.2,243500.0
2023-09-20 14:30:00+07:00,13.2,13.2,13.2,13.2,100.0
2023-09-20 14:32:00+07:00,13.2,13.2,13.2,13.2,2300.0
2023-09-20 14:35:00+07:00,13.2,13.2,13.2,13.2,500.0
2023-09-20 14:36:00+07:00,13.2,13.2,13.1,13.1,6000.0
2023-09-20 14:37:00+07:00,13.2,13.2,13.1,13.1,1400.0
2023-09-20 14:38:00+07:00,13.1,13.1,13.1,13.1,3000.0
2023-09-20 14:39:00+07:00,13.2,13.2,13.1,13.1,600.0
2023-09-20 14:40:00+07:00,13.1,13.1,13.1,13.1,3200.0
2023-09-20 14:41:00+07:00,13.1,13.1,13.1,13.1,1000.0
2023-09-20 14:42:00+07:00,13.1,13.1,13.1,13.1,30500.0
2023-09-20 14:43:00+07:00,13.1,13.1,13.1,13.1,35900.0
2023-09-20 14:44:00+07:00,13.1,13.1,13.1,13.1,500.0
2023-09-20 14:45:00+07:00,13.1,13.2,13.1,13.2,7300.0
2023-09-20 14:46:00+07:00,13.1,13.1,13.1,13.1,1000.0
2023-09-20 14:47:00+07:00,13.1,13.1,13.1,13.1,1000.0
2023-09-20 14:48:00+07:00,13.1,13.1,13.1,13.1,1700.0
2023-09-20 14:49:00+07:00,13.1,13.2,13.1,13.1,3300.0
2023-09-20 14:50:00+07:00,13.1,13.2,13.1,13.2,3500.0
2023-09-20 14:51:00+07:00,13.1,13.1,13.1,13.1,1300.0
2023-09-20 14:52:00+07:00,13.1,13.1,13.1,13.1,1000.0
2023-09-20 14:53:00+07:00,13.1,13.1,13.1,13.1,800.0
2023-09-20 14:55:00+07:00,13.1,13.1,13.1,13.1,1000.0
2023-09-20 14:56:00+07:00,13.1,13.1,13.1,13.1,500.0
2023-09-20 14:57:00+07:00,13.1,13.2,13.1,13.2,103500.0
2023-09-20 14:58:00+07:00,13.1,13.1,13.1,13.1,2600.0
2023-09-20 14:59:00+07:00,13.1,13.1,13.1,13.1,2300.0
2023-09-20 15:00:00+07:00,13.1,13.1,13.1,13.1,11900.0
2023-09-20 15:01:00+07:00,13.1,13.1,13.1,13.1,19200.0
2023-09-20 15:02:00+07:00,13.1,13.1,13.1,13.1,1100.0
2023-09-20 15:03:00+07:00,13.1,13.1,13.1,13.1,5200.0
2023-09-20 15:04:00+07:00,13.1,13.1,13.1,13.1,1300.0
2023-09-20 15:05:00+07:00,13.1,13.2,13.1,13.2,14900.0
2023-09-20 15:06:00+07:00,13.1,13.1,13.1,13.1,1300.0
2023-09-20 15:07:00+07:00,13.1,13.1,13.1,13.1,45400.0
2023-09-20 15:08:00+07:00,13.1,13.1,13.1,13.1,1300.0
2023-09-20 15:09:00+07:00,13.1,13.2,13.1,13.1,10000.0
2023-09-20 15:10:00+07:00,13.1,13.1,13.1,13.1,1100.0
2023-09-20 15:11:00+07:00,13.1,13.1,13.0,13.0,549100.0
2023-09-20 15:12:00+07:00,13.1,13.1,13.0,13.0,5300.0
2023-09-20 15:13:00+07:00,13.0,13.0,13.0,13.0,500.0
2023-09-20 15:14:00+07:00,13.0,13.0,13.0,13.0,500.0
2023-09-20 15:15:00+07:00,13.0,13.0,13.0,13.0,500.0
2023-09-20 15:16:00+07:00,13.0,13.1,13.0,13.0,14500.0
2023-09-20 15:17:00+07:00,13.0,13.0,13.0,13.0,2900.0
2023-09-20 15:18:00+07:00,13.0,13.1,13.0,13.0,3200.0
2023-09-20 15:19:00+07:00,13.1,13.1,13.1,13.1,335200.0
2023-09-20 15:21:00+07:00,13.1,13.1,13.1,13.1,15200.0
2023-09-20 15:22:00+07:00,13.1,13.1,13.1,13.1,50100.0
2023-09-20 15:23:00+07:00,13.1,13.1,13.1,13.1,22200.0
2023-09-20 15:24:00+07:00,13.1,13.1,13.1,13.1,29100.0
2023-09-20 15:25:00+07:00,13.1,13.1,13.1,13.1,300.0
2023-09-20 15:26:00+07:00,13.1,13.1,13.1,13.1,2200.0
2023-09-20 15:27:00+07:00,13.1,13.1,13.1,13.1,300.0
2023-09-20 15:28:00+07:00,13.1,13.1,13.1,13.1,400.0
2023-09-20 15:29:00+07:00,13.1,13.2,13.1,13.1,800.0
2023-09-20 15:30:00+07:00,13.1,13.1,13.1,13.1,200.0
2023-09-20 15:31:00+07:00,13.1,13.1,13.1,13.1,300.0
2023-09-20 15:32:00+07:00,13.1,13.1,13.1,13.1,55200.0
2023-09-20 15:33:00+07:00,13.1,13.1,13.1,13.1,100.0
2023-09-20 15:34:00+07:00,13.1,13.1,13.1,13.1,44900.0
2023-09-20 15:35:00+07:00,13.1,13.1,13.1,13.1,100.0
2023-09-20 15:36:00+07:00,13.1,13.1,13.1,13.1,9400.0
2023-09-20 15:37:00+07:00,13.1,13.1,13.1,13.1,10300.0
2023-09-20 15:38:00+07:00,13.1,13.1,13.1,13.1,10300.0
2023-09-20 15:39:00+07:00,13.1,13.1,13.1,13.1,200.0
2023-09-20 15:40:00+07:00,13.1,13.1,13.1,13.1,200.0
2023-09-20 15:41:00+07:00,13.1,13.1,13.1,13.1,300.0
2023-09-20 15:42:00+07:00,13.1,13.1,13.1,13.1,300.0
2023-09-20 15:50:00+07:00,13.2,13.2,13.1,13.1,103000.0
2023-09-20 15:51:00+07:00,13.1,13.1,13.1,13.1,400.0
2023-09-20 15:52:00+07:00,13.1,13.1,13.1,13.1,400.0
2023-09-20 15:53:00+07:00,13.1,13.1,13.1,13.1,20900.0
2023-09-20 15:54:00+07:00,13.1,13.1,13.1,13.1,200.0
2023-09-20 15:55:00+07:00,13.1,13.2,13.1,13.1,5000.0
2023-09-20 15:56:00+07:00,13.1,13.1,13.1,13.1,500.0
2023-09-20 15:57:00+07:00,13.1,13.1,13.1,13.1,500.0
2023-09-20 15:58:00+07:00,13.1,13.1,13.1,13.1,500.0
2023-09-20 15:59:00+07:00,13.2,13.2,13.1,13.1,3100.0
2023-09-20 16:00:00+07:00,13.1,13.1,13.1,13.1,4300.0
2023-09-20 16:01:00+07:00,13.1,13.1,13.1,13.1,700.0
2023-09-20 16:02:00+07:00,13.1,13.1,13.1,13.1,1100.0
2023-09-20 16:03:00+07:00,13.2,13.2,13.1,13.1,9100.0
2023-09-20 16:04:00+07:00,13.1,13.1,13.1,13.1,28100.0
2023-09-20 16:05:00+07:00,13.1,13.2,13.1,13.1,388500.0
2023-09-20 16:06:00+07:00,13.1,13.1,13.1,13.1,500.0
2023-09-20 16:07:00+07:00,13.1,13.1,13.1,13.1,1000.0
2023-09-20 16:08:00+07:00,13.1,13.1,13.1,13.1,500.0
2023-09-20 16:09:00+07:00,13.1,13.2,13.1,13.1,1300.0
2023-09-20 16:10:00+07:00,13.2,13.2,13.1,13.1,2900.0
2023-09-20 16:11:00+07:00,13.1,13.2,13.1,13.2,883500.0
2023-09-20 16:12:00+07:00,13.2,13.2,13.2,13.2,42400.0
2023-09-20 16:13:00+07:00,13.2,13.2,13.2,13.2,13600.0
2023-09-20 16:14:00+07:00,13.2,13.2,13.2,13.2,5100.0
2023-09-20 16:15:00+07:00,13.2,13.2,13.2,13.2,4500.0
2023-09-20 16:16:00+07:00,13.2,13.2,13.2,13.2,12600.0
2023-09-20 16:17:00+07:00,13.2,13.2,13.2,13.2,400.0
2023-09-20 16:19:00+07:00,13.2,13.2,13.1,13.1,8000.0
2023-09-20 16:20:00+07:00,13.1,13.2,13.1,13.2,5100.0
2023-09-20 16:21:00+07:00,13.2,13.2,13.2,13.2,200.0
2023-09-20 16:22:00+07:00,13.2,13.2,13.1,13.1,2300.0
2023-09-20 16:25:00+07:00,13.1,13.1,13.1,13.1,1000.0
2023-09-20 16:26:00+07:00,13.2,13.2,13.1,13.1,1300.0
2023-09-20 16:27:00+07:00,13.1,13.2,13.1,13.1,1500.0
2023-09-20 16:28:00+07:00,13.1,13.1,13.1,13.1,7200.0
2023-09-20 16:29:00+07:00,13.1,13.2,13.1,13.1,214200.0
2023-09-20 16:39:00+07:00,13.1,13.1,13.1,13.1,682600.0
2023-09-21 09:55:00+07:00,13.0,13.0,13.0,13.0,280100.0
2023-09-21 09:56:00+07:00,13.1,13.1,13.1,13.1,200.0
2023-09-21 09:57:00+07:00,13.1,13.1,13.1,13.1,200.0
2023-09-21 10:00:00+07:00,13.0,13.0,13.0,13.0,18400.0
2023-09-21 10:01:00+07:00,13.0,13.0,13.0,13.0,3600.0
2023-09-21 10:03:00+07:00,13.0,13.0,13.0,13.0,4000.0
2023-09-21 10:04:00+07:00,13.1,13.1,13.0,13.1,522800.0
2023-09-21 10:05:00+07:00,13.1,13.2,13.1,13.2,205600.0
2023-09-21 10:06:00+07:00,13.2,13.2,13.2,13.2,800.0
2023-09-21 10:07:00+07:00,13.2,13.2,13.1,13.2,6600.0
2023-09-21 10:08:00+07:00,13.2,13.2,13.2,13.2,800.0
2023-09-21 10:09:00+07:00,13.2,13.2,13.1,13.1,19200.0
2023-09-21 10:10:00+07:00,13.1,13.2,13.1,13.2,9100.0
2023-09-21 10:11:00+07:00,13.2,13.2,13.1,13.1,9200.0
2023-09-21 10:12:00+07:00,13.2,13.2,13.1,13.1,31500.0
2023-09-21 10:13:00+07:00,13.1,13.1,13.1,13.1,31500.0
2023-09-21 10:14:00+07:00,13.1,13.2,13.1,13.2,1100.0
2023-09-21 10:17:00+07:00,13.1,13.1,13.1,13.1,1000.0
2023-09-21 10:18:00+07:00,13.1,13.1,13.1,13.1,6100.0
2023-09-21 10:20:00+07:00,13.1,13.2,13.1,13.2,8500.0
2023-09-21 10:21:00+07:00,13.1,13.1,13.1,13.1,26000.0
2023-09-21 10:23:00+07:00,13.1,13.1,13.1,13.1,200.0
2023-09-21 10:27:00+07:00,13.1,13.1,13.1,13.1,2100.0
2023-09-21 10:30:00+07:00,13.1,13.1,13.1,13.1,12000.0
2023-09-21 10:32:00+07:00,13.1,13.1,13.1,13.1,10000.0
2023-09-21 10:33:00+07:00,13.1,13.1,13.1,13.1,14000.0
2023-09-21 10:34:00+07:00,13.1,13.1,13.1,13.1,35000.0
2023-09-21 10:38:00+07:00,13.2,13.2,13.2,13.2,300.0
2023-09-21 10:40:00+07:00,13.2,13.2,13.1,13.1,925400.0
2023-09-21 10:41:00+07:00,13.2,13.2,13.2,13.2,500.0
2023-09-21 10:42:00+07:00,13.2,13.2,13.2,13.2,2900.0
2023-09-21 10:43:00+07:00,13.2,13.2,13.2,13.2,541700.0
2023-09-21 10:44:00+07:00,13.2,13.2,13.1,13.1,1300.0
2023-09-21 10:45:00+07:00,13.1,13.2,13.1,13.2,3300.0
2023-09-21 10:46:00+07:00,13.2,13.2,13.2,13.2,12500.0
2023-09-21 10:47:00+07:00,13.2,13.2,13.2,13.2,22500.0
2023-09-21 10:48:00+07:00,13.2,13.2,13.2,13.2,1800.0
2023-09-21 10:49:00+07:00,13.2,13.2,13.1,13.2,3500.0
2023-09-21 10:50:00+07:00,13.2,13.2,13.1,13.2,10300.0
2023-09-21 10:51:00+07:00,13.2,13.2,13.2,13.2,2500.0
2023-09-21 10:52:00+07:00,13.2,13.2,13.2,13.2,1000.0
2023-09-21 10:57:00+07:00,13.1,13.1,13.1,13.1,1100.0
2023-09-21 10:58:00+07:00,13.2,13.2,13.2,13.2,1700.0
2023-09-21 10:59:00+07:00,13.1,13.1,13.1,13.1,3600.0
2023-09-21 11:00:00+07:00,13.1,13.1,13.1,13.1,8400.0
2023-09-21 11:01:00+07:00,13.1,13.1,13.1,13.1,4000.0
2023-09-21 11:02:00+07:00,13.1,13.1,13.1,13.1,47200.0
2023-09-21 11:03:00+07:00,13.1,13.1,13.1,13.1,161900.0
2023-09-21 11:04:00+07:00,13.1,13.1,13.1,13.1,434300.0
2023-09-21 11:05:00+07:00,13.1,13.1,13.1,13.1,900.0
2023-09-21 11:06:00+07:00,13.0,13.1,13.0,13.1,400.0
2023-09-21 11:07:00+07:00,13.0,13.0,13.0,13.0,1800.0
2023-09-21 11:08:00+07:00,13.0,13.0,13.0,13.0,1000.0
2023-09-21 11:09:00+07:00,13.1,13.1,13.0,13.0,1500.0
2023-09-21 11:10:00+07:00,13.0,13.0,12.9,12.9,1242100.0
2023-09-21 11:11:00+07:00,13.0,13.0,12.9,12.9,1100.0
2023-09-21 11:12:00+07:00,12.9,13.0,12.9,13.0,2200.0
2023-09-21 11:13:00+07:00,13.0,13.0,13.0,13.0,100200.0
2023-09-21 11:14:00+07:00,12.9,12.9,12.9,12.9,150200.0
2023-09-21 11:15:00+07:00,12.9,12.9,12.9,12.9,23900.0
2023-09-21 11:16:00+07:00,12.9,12.9,12.8,12.9,1760400.0
2023-09-21 11:17:00+07:00,12.9,13.0,12.9,12.9,150800.0
2023-09-21 11:18:00+07:00,12.9,12.9,12.9,12.9,11200.0
2023-09-21 11:19:00+07:00,12.9,12.9,12.9,12.9,3600.0
2023-09-21 11:20:00+07:00,12.9,13.0,12.9,12.9,9100.0
2023-09-21 11:21:00+07:00,12.9,12.9,12.9,12.9,3700.0
2023-09-21 11:22:00+07:00,12.9,12.9,12.9,12.9,12400.0
2023-09-21 11:24:00+07:00,13.0,13.0,12.9,12.9,300.0
2023-09-21 11:25:00+07:00,13.0,13.0,13.0,13.0,200.0
2023-09-21 11:26:00+07:00,13.0,13.0,13.0,13.0,100.0
2023-09-21 11:28:00+07:00,12.9,12.9,12.9,12.9,3700.0
2023-09-21 11:30:00+07:00,12.9,12.9,12.9,12.9,9300.0
2023-09-21 11:32:00+07:00,12.9,13.0,12.9,13.0,3200.0
2023-09-21 11:34:00+07:00,12.9,13.0,12.9,12.9,1400.0
2023-09-21 11:37:00+07:00,12.9,13.0,12.9,13.0,900.0
2023-09-21 11:39:00+07:00,12.9,12.9,12.9,12.9,100.0
2023-09-21 11:40:00+07:00,12.9,13.0,12.9,13.0,1200.0
2023-09-21 11:41:00+07:00,12.9,12.9,12.9,12.9,200.0
2023-09-21 11:44:00+07:00,12.9,13.0,12.9,13.0,2100.0
2023-09-21 11:48:00+07:00,12.9,12.9,12.9,12.9,200.0
2023-09-21 11:49:00+07:00,12.9,12.9,12.9,12.9,5000.0
2023-09-21 11:50:00+07:00,13.0,13.0,13.0,13.0,100.0
2023-09-21 11:51:00+07:00,12.9,12.9,12.9,12.9,2000.0
2023-09-21 11:54:00+07:00,12.9,12.9,12.9,12.9,1000.0
2023-09-21 11:56:00+07:00,12.9,12.9,12.9,12.9,200.0
2023-09-21 11:57:00+07:00,12.9,12.9,12.9,12.9,3600.0
2023-09-21 11:59:00+07:00,12.9,12.9,12.9,12.9,4900.0
2023-09-21 12:00:00+07:00,12.9,12.9,12.9,12.9,1000.0
2023-09-21 12:03:00+07:00,12.9,12.9,12.9,12.9,100200.0
2023-09-21 12:05:00+07:00,12.9,12.9,12.9,12.9,9000.0
2023-09-21 12:06:00+07:00,12.9,12.9,12.9,12.9,200.0
2023-09-21 12:07:00+07:00,12.9,12.9,12.9,12.9,2000.0
2023-09-21 12:08:00+07:00,13.0,13.0,13.0,13.0,400.0
2023-09-21 12:09:00+07:00,13.0,13.0,13.0,13.0,200.0
2023-09-21 12:10:00+07:00,13.0,13.0,13.0,13.0,100.0
2023-09-21 12:11:00+07:00,12.9,12.9,12.9,12.9,200.0
2023-09-21 12:14:00+07:00,12.9,13.0,12.9,13.0,50200.0
2023-09-21 12:16:00+07:00,12.9,13.0,12.9,13.0,3700.0
2023-09-21 12:17:00+07:00,13.0,13.0,13.0,13.0,300.0
2023-09-21 12:19:00+07:00,12.9,12.9,12.9,12.9,200.0
2023-09-21 12:20:00+07:00,13.0,13.0,13.0,13.0,2300.0
2023-09-21 12:21:00+07:00,12.9,13.0,12.9,13.0,1200.0
2023-09-21 12:24:00+07:00,12.9,13.0,12.9,13.0,201000.0
2023-09-21 12:29:00+07:00,13.0,13.0,13.0,13.0,300.0
2023-09-21 14:28:00+07:00,13.0,13.0,12.9,12.9,65700.0
2023-09-21 14:31:00+07:00,12.9,12.9,12.9,12.9,3600.0
2023-09-21 14:35:00+07:00,13.0,13.0,12.9,13.0,400.0
2023-09-21 14:36:00+07:00,13.0,13.0,13.0,13.0,700.0
2023-09-21 14:37:00+07:00,13.0,13.0,13.0,13.0,2600.0
2023-09-21 14:39:00+07:00,13.0,13.0,13.0,13.0,200.0
2023-09-21 14:41:00+07:00,12.9,12.9,12.9,12.9,3600.0
2023-09-21 14:42:00+07:00,12.9,12.9,12.9,12.9,3200.0
2023-09-21 14:44:00+07:00,13.0,13.0,13.0,13.0,2300.0
2023-09-21 14:46:00+07:00,12.9,13.0,12.9,13.0,600.0
2023-09-21 14:50:00+07:00,12.9,12.9,12.9,12.9,200.0
2023-09-21 14:51:00+07:00,12.9,12.9,12.9,12.9,3600.0
2023-09-21 14:52:00+07:00,13.0,13.0,13.0,13.0,98600.0
2023-09-21 14:53:00+07:00,12.9,12.9,12.9,12.9,200.0
2023-09-21 14:54:00+07:00,13.0,13.0,13.0,13.0,500.0
2023-09-21 14:55:00+07:00,12.9,12.9,12.9,12.9,200.0
2023-09-21 14:56:00+07:00,13.0,13.0,13.0,13.0,200.0
2023-09-21 14:57:00+07:00,13.0,13.0,13.0,13.0,7300.0
2023-09-21 14:58:00+07:00,12.9,12.9,12.9,12.9,25000.0
2023-09-21 14:59:00+07:00,13.0,13.0,13.0,13.0,10000.0
2023-09-21 15:00:00+07:00,12.9,12.9,12.9,12.9,200.0
2023-09-21 15:01:00+07:00,12.9,12.9,12.9,12.9,12200.0
2023-09-21 15:02:00+07:00,12.9,12.9,12.9,12.9,15000.0
2023-09-21 15:03:00+07:00,12.9,12.9,12.9,12.9,200.0
2023-09-21 15:05:00+07:00,13.0,13.0,13.0,13.0,2000.0
2023-09-21 15:06:00+07:00,12.9,12.9,12.9,12.9,200.0
2023-09-21 15:09:00+07:00,13.0,13.0,12.9,13.0,7400.0
2023-09-21 15:10:00+07:00,13.0,13.0,13.0,13.0,600.0
2023-09-21 15:12:00+07:00,12.9,12.9,12.9,12.9,200.0
2023-09-21 15:13:00+07:00,13.0,13.0,13.0,13.0,50000.0
2023-09-21 15:15:00+07:00,12.9,12.9,12.9,12.9,200.0
2023-09-21 15:17:00+07:00,12.9,12.9,12.9,12.9,300.0
2023-09-21 15:19:00+07:00,12.9,12.9,12.9,12.9,300.0
2023-09-21 15:20:00+07:00,12.9,12.9,12.9,12.9,502000.0
2023-09-21 15:22:00+07:00,12.9,12.9,12.9,12.9,1423200.0
2023-09-21 15:24:00+07:00,12.9,12.9,12.9,12.9,200.0
2023-09-21 15:26:00+07:00,12.9,12.9,12.9,12.9,800.0
2023-09-21 15:29:00+07:00,12.9,12.9,12.9,12.9,200.0
2023-09-21 15:32:00+07:00,12.9,12.9,12.9,12.9,300.0
2023-09-21 15:35:00+07:00,12.9,12.9,12.9,12.9,16200.0
2023-09-21 15:36:00+07:00,12.9,12.9,12.9,12.9,6300.0
2023-09-21 15:37:00+07:00,12.9,12.9,12.9,12.9,200.0
2023-09-21 15:39:00+07:00,12.9,12.9,12.9,12.9,200.0
2023-09-21 15:40:00+07:00,13.0,13.0,13.0,13.0,10000.0
2023-09-21 15:41:00+07:00,13.0,13.0,13.0,13.0,50000.0
2023-09-21 15:42:00+07:00,12.9,12.9,12.9,12.9,300.0
2023-09-21 15:44:00+07:00,13.0,13.0,13.0,13.0,1000.0
2023-09-21 15:45:00+07:00,12.9,13.0,12.9,13.0,1200.0
2023-09-21 15:49:00+07:00,12.9,12.9,12.9,12.9,2400.0
2023-09-21 15:50:00+07:00,12.9,12.9,12.9,12.9,100.0
2023-09-21 15:52:00+07:00,12.9,12.9,12.9,12.9,900.0
2023-09-21 15:53:00+07:00,13.0,13.0,13.0,13.0,50000.0
2023-09-21 15:54:00+07:00,12.9,12.9,12.9,12.9,200.0
2023-09-21 15:57:00+07:00,12.9,12.9,12.9,12.9,1000.0
2023-09-21 15:58:00+07:00,12.9,12.9,12.9,12.9,200.0
2023-09-21 16:01:00+07:00,12.9,12.9,12.9,12.9,200.0
2023-09-21 16:05:00+07:00,12.9,12.9,12.9,12.9,200.0
2023-09-21 16:07:00+07:00,12.9,12.9,12.9,12.9,100.0
2023-09-21 16:08:00+07:00,13.0,13.0,12.9,12.9,51100.0
2023-09-21 16:09:00+07:00,12.9,12.9,12.9,12.9,200.0
2023-09-21 16:10:00+07:00,12.9,12.9,12.9,12.9,400.0
2023-09-21 16:11:00+07:00,12.9,12.9,12.9,12.9,10400.0
2023-09-21 16:12:00+07:00,12.9,12.9,12.9,12.9,200.0
2023-09-21 16:13:00+07:00,12.9,12.9,12.9,12.9,10200.0
2023-09-21 16:14:00+07:00,12.9,12.9,12.9,12.9,500.0
2023-09-21 16:15:00+07:00,12.9,12.9,12.9,12.9,10000.0
2023-09-21 16:16:00+07:00,12.9,12.9,12.9,12.9,500.0
2023-09-21 16:17:00+07:00,12.9,12.9,12.9,12.9,2700.0
2023-09-21 16:18:00+07:00,12.9,12.9,12.9,12.9,115600.0
2023-09-21 16:20:00+07:00,12.9,13.0,12.9,13.0,23000.0
2023-09-21 16:21:00+07:00,12.9,12.9,12.9,12.9,700.0
2023-09-21 16:22:00+07:00,12.9,13.0,12.9,13.0,2200.0
2023-09-21 16:23:00+07:00,12.9,12.9,12.9,12.9,13100.0
2023-09-21 16:24:00+07:00,12.9,12.9,12.9,12.9,502500.0
2023-09-21 16:25:00+07:00,12.9,13.0,12.9,12.9,271100.0
2023-09-21 16:26:00+07:00,12.9,12.9,12.9,12.9,700.0
2023-09-21 16:27:00+07:00,12.9,12.9,12.9,12.9,289200.0
2023-09-21 16:28:00+07:00,12.9,12.9,12.9,12.9,1800.0
2023-09-21 16:29:00+07:00,12.9,12.9,12.8,12.9,263400.0
2023-09-21 16:39:00+07:00,12.9,12.9,12.9,12.9,1295200.0
2023-09-22 09:57:00+07:00,12.9,12.9,12.9,12.9,621900.0
2023-09-22 09:59:00+07:00,13.0,13.0,13.0,13.0,100.0
2023-09-22 10:00:00+07:00,12.9,12.9,12.9,12.9,3800.0
2023-09-22 10:01:00+07:00,13.0,13.0,13.0,13.0,388400.0
2023-09-22 10:02:00+07:00,13.0,13.0,13.0,13.0,13000.0
2023-09-22 10:03:00+07:00,13.0,13.1,13.0,13.0,322200.0
2023-09-22 10:04:00+07:00,13.0,13.1,13.0,13.0,37300.0
2023-09-22 10:05:00+07:00,13.1,13.1,13.0,13.1,25800.0
2023-09-22 10:06:00+07:00,13.0,13.1,12.9,12.9,106900.0
2023-09-22 10:07:00+07:00,12.9,13.0,12.9,13.0,8700.0
2023-09-22 10:08:00+07:00,13.0,13.0,13.0,13.0,500.0
2023-09-22 10:09:00+07:00,13.0,13.0,13.0,13.0,28300.0
2023-09-22 10:10:00+07:00,13.0,13.0,13.0,13.0,400.0
2023-09-22 10:11:00+07:00,13.0,13.0,13.0,13.0,600.0
2023-09-22 10:12:00+07:00,13.0,13.0,13.0,13.0,200.0
2023-09-22 10:13:00+07:00,13.0,13.0,13.0,13.0,700.0
2023-09-22 10:16:00+07:00,13.0,13.0,13.0,13.0,1100.0
2023-09-22 10:18:00+07:00,13.0,13.0,12.9,13.0,4900.0
2023-09-22 10:20:00+07:00,13.0,13.0,13.0,13.0,300.0
2023-09-22 10:21:00+07:00,12.9,13.0,12.9,13.0,1100.0
2023-09-22 10:22:00+07:00,13.0,13.0,13.0,13.0,300.0
2023-09-22 10:24:00+07:00,12.9,12.9,12.9,12.9,9800.0
2023-09-22 10:25:00+07:00,12.9,12.9,12.9,12.9,700.0
2023-09-22 10:26:00+07:00,13.0,13.0,13.0,13.0,2000.0
2023-09-22 10:28:00+07:00,12.9,12.9,12.9,12.9,6300.0
2023-09-22 10:30:00+07:00,13.0,13.0,13.0,13.0,200.0
2023-09-22 10:32:00+07:00,13.0,13.0,13.0,13.0,600.0
2023-09-22 10:33:00+07:00,12.9,12.9,12.9,12.9,3100.0
2023-09-22 10:34:00+07:00,12.9,12.9,12.9,12.9,1000.0
2023-09-22 10:36:00+07:00,12.9,12.9,12.9,12.9,200.0
2023-09-22 10:37:00+07:00,13.0,13.0,13.0,13.0,600.0
2023-09-22 10:38:00+07:00,12.9,13.0,12.9,12.9,1800.0
2023-09-22 10:40:00+07:00,13.0,13.0,13.0,13.0,600.0
2023-09-22 10:41:00+07:00,13.0,13.0,12.9,12.9,110000.0
2023-09-22 10:43:00+07:00,12.9,12.9,12.9,12.9,1000.0
2023-09-22 10:45:00+07:00,12.9,13.0,12.9,13.0,900.0
2023-09-22 10:47:00+07:00,13.0,13.0,12.9,12.9,700.0
2023-09-22 10:48:00+07:00,12.9,12.9,12.9,12.9,30000.0
2023-09-22 10:49:00+07:00,12.9,12.9,12.9,12.9,2000.0
2023-09-22 10:50:00+07:00,12.9,12.9,12.9,12.9,1000.0
2023-09-22 10:52:00+07:00,13.0,13.0,13.0,13.0,600.0
2023-09-22 10:56:00+07:00,13.0,13.0,13.0,13.0,600.0
2023-09-22 10:57:00+07:00,13.0,13.0,13.0,13.0,2500.0
2023-09-22 10:58:00+07:00,13.0,13.0,13.0,13.0,1000.0
2023-09-22 10:59:00+07:00,12.9,12.9,12.9,12.9,11700.0
2023-09-22 11:00:00+07:00,13.0,13.0,12.9,12.9,1400.0
2023-09-22 11:02:00+07:00,12.9,13.0,12.9,13.0,10600.0
2023-09-22 11:03:00+07:00,12.9,12.9,12.9,12.9,100000.0
2023-09-22 11:06:00+07:00,13.0,13.0,13.0,13.0,3900.0
2023-09-22 11:09:00+07:00,13.0,13.0,13.0,13.0,3300.0
2023-09-22 11:10:00+07:00,12.9,12.9,12.9,12.9,10800.0
2023-09-22 11:11:00+07:00,13.0,13.0,12.9,13.0,104100.0
2023-09-22 11:14:00+07:00,13.0,13.0,13.0,13.0,2600.0
2023-09-22 11:15:00+07:00,13.0,13.0,13.0,13.0,600.0
2023-09-22 11:16:00+07:00,13.0,13.0,13.0,13.0,3300.0
2023-09-22 11:17:00+07:00,13.0,13.0,13.0,13.0,3000.0
2023-09-22 11:19:00+07:00,13.0,13.0,13.0,13.0,2800.0
2023-09-22 11:20:00+07:00,12.9,12.9,12.9,12.9,200.0
2023-09-22 11:21:00+07:00,12.9,12.9,12.9,12.9,700.0
2023-09-22 11:22:00+07:00,12.9,13.0,12.9,13.0,3600.0
2023-09-22 11:23:00+07:00,13.0,13.0,13.0,13.0,600.0
2023-09-22 11:24:00+07:00,13.0,13.0,13.0,13.0,600.0
2023-09-22 11:26:00+07:00,13.0,13.0,13.0,13.0,6800.0
2023-09-22 11:28:00+07:00,13.0,13.0,13.0,13.0,2700.0
2023-09-22 11:29:00+07:00,13.0,13.0,13.0,13.0,3600.0
2023-09-22 11:31:00+07:00,12.9,12.9,12.9,12.9,4000.0
2023-09-22 11:33:00+07:00,12.9,12.9,12.9,12.9,1900.0
2023-09-22 11:34:00+07:00,12.9,13.0,12.9,13.0,179100.0
2023-09-22 11:37:00+07:00,13.0,13.0,13.0,13.0,5500.0
2023-09-22 11:39:00+07:00,13.0,13.0,13.0,13.0,2400.0
2023-09-22 11:40:00+07:00,12.9,12.9,12.9,12.9,700.0
2023-09-22 11:41:00+07:00,13.0,13.0,13.0,13.0,4700.0
2023-09-22 11:42:00+07:00,13.0,13.0,13.0,13.0,4000.0
2023-09-22 11:44:00+07:00,13.0,13.0,12.9,12.9,28000.0
2023-09-22 11:45:00+07:00,13.0,13.0,13.0,13.0,3700.0
2023-09-22 11:47:00+07:00,13.0,13.0,13.0,13.0,3800.0
2023-09-22 11:48:00+07:00,13.0,13.0,13.0,13.0,5500.0
2023-09-22 11:49:00+07:00,12.9,12.9,12.9,12.9,600.0
2023-09-22 11:50:00+07:00,12.9,12.9,12.9,12.9,500.0
2023-09-22 11:52:00+07:00,13.0,13.0,13.0,13.0,3000.0
2023-09-22 11:55:00+07:00,12.9,12.9,12.9,12.9,10000.0
2023-09-22 11:56:00+07:00,12.9,12.9,12.9,12.9,1000.0
2023-09-22 11:57:00+07:00,13.0,13.0,12.9,12.9,5100.0
2023-09-22 11:58:00+07:00,13.0,13.0,12.9,12.9,6400.0
2023-09-22 11:59:00+07:00,12.9,13.0,12.9,13.0,12400.0
2023-09-22 12:00:00+07:00,12.9,12.9,12.9,12.9,180000.0
2023-09-22 12:02:00+07:00,13.0,13.0,13.0,13.0,3900.0
2023-09-22 12:03:00+07:00,13.0,13.0,12.9,13.0,5900.0
2023-09-22 12:05:00+07:00,13.0,13.0,12.9,12.9,3200.0
2023-09-22 12:06:00+07:00,13.0,13.0,12.9,12.9,300.0
2023-09-22 12:07:00+07:00,13.0,13.0,13.0,13.0,4100.0
2023-09-22 12:10:00+07:00,13.0,13.0,13.0,13.0,3300.0
2023-09-22 12:11:00+07:00,12.9,12.9,12.9,12.9,400.0
2023-09-22 12:12:00+07:00,13.0,13.0,13.0,13.0,700.0
2023-09-22 12:13:00+07:00,13.0,13.0,12.9,12.9,3400.0
2023-09-22 12:15:00+07:00,12.9,12.9,12.9,12.9,3900.0
2023-09-22 12:16:00+07:00,13.0,13.0,13.0,13.0,600.0
2023-09-22 12:17:00+07:00,13.0,13.0,12.9,12.9,5000.0
2023-09-22 12:18:00+07:00,12.9,12.9,12.9,12.9,1000.0
2023-09-22 12:19:00+07:00,12.9,12.9,12.9,12.9,10000.0
2023-09-22 12:21:00+07:00,12.9,13.0,12.9,13.0,3100.0
2023-09-22 12:23:00+07:00,13.0,13.0,13.0,13.0,6400.0
2023-09-22 12:25:00+07:00,13.0,13.0,13.0,13.0,3200.0
2023-09-22 12:26:00+07:00,12.9,12.9,12.9,12.9,176200.0
2023-09-22 12:28:00+07:00,13.0,13.0,13.0,13.0,3200.0
2023-09-22 12:29:00+07:00,12.9,13.0,12.9,13.0,5100.0
2023-09-22 14:29:00+07:00,12.9,13.0,12.9,13.0,637900.0
2023-09-22 14:30:00+07:00,12.9,12.9,12.9,12.9,220100.0
2023-09-22 14:31:00+07:00,12.9,12.9,12.9,12.9,2800.0
2023-09-22 14:32:00+07:00,12.9,12.9,12.9,12.9,12000.0
2023-09-22 14:34:00+07:00,12.9,12.9,12.9,12.9,1700.0
2023-09-22 14:35:00+07:00,12.9,12.9,12.9,12.9,1400.0
2023-09-22 14:36:00+07:00,12.9,12.9,12.9,12.9,7600.0
2023-09-22 14:38:00+07:00,12.9,12.9,12.9,12.9,400.0
2023-09-22 14:39:00+07:00,12.9,12.9,12.9,12.9,17900.0
2023-09-22 14:40:00+07:00,12.9,12.9,12.9,12.9,800.0
2023-09-22 14:41:00+07:00,12.9,12.9,12.9,12.9,800.0
2023-09-22 14:42:00+07:00,12.9,12.9,12.8,12.9,1300.0
2023-09-22 14:43:00+07:00,12.9,12.9,12.9,12.9,111500.0
2023-09-22 14:45:00+07:00,12.9,12.9,12.9,12.9,709800.0
2023-09-22 14:47:00+07:00,12.9,13.0,12.9,13.0,18600.0
2023-09-22 14:50:00+07:00,13.0,13.0,13.0,13.0,600.0
2023-09-22 14:51:00+07:00,12.9,12.9,12.9,12.9,1000.0
2023-09-22 14:54:00+07:00,13.0,13.0,13.0,13.0,700.0
2023-09-22 14:58:00+07:00,12.9,12.9,12.9,12.9,1200.0
2023-09-22 14:59:00+07:00,13.0,13.0,13.0,13.0,600.0
2023-09-22 15:04:00+07:00,13.0,13.0,13.0,13.0,600.0
2023-09-22 15:05:00+07:00,13.0,13.0,12.9,12.9,77900.0
2023-09-22 15:07:00+07:00,13.0,13.0,13.0,13.0,600.0
2023-09-22 15:09:00+07:00,13.0,13.0,13.0,13.0,2700.0
2023-09-22 15:10:00+07:00,13.0,13.0,13.0,13.0,700.0
2023-09-22 15:11:00+07:00,13.0,13.0,13.0,13.0,2900.0
2023-09-22 15:13:00+07:00,12.9,13.0,12.9,13.0,5600.0
2023-09-22 15:14:00+07:00,13.0,13.0,13.0,13.0,4300.0
2023-09-22 15:16:00+07:00,13.0,13.0,13.0,13.0,3700.0
2023-09-22 15:19:00+07:00,13.0,13.0,13.0,13.0,3500.0
2023-09-22 15:21:00+07:00,13.0,13.0,13.0,13.0,2900.0
2023-09-22 15:22:00+07:00,12.9,13.0,12.9,13.0,100600.0
2023-09-22 15:24:00+07:00,13.0,13.0,13.0,13.0,2200.0
2023-09-22 15:26:00+07:00,13.0,13.0,13.0,13.0,3700.0
2023-09-22 15:27:00+07:00,12.9,12.9,12.9,12.9,3000.0
2023-09-22 15:29:00+07:00,13.0,13.0,13.0,13.0,600.0
2023-09-22 15:30:00+07:00,13.0,13.0,12.9,12.9,4000.0
2023-09-22 15:32:00+07:00,13.0,13.0,13.0,13.0,400.0
2023-09-22 15:33:00+07:00,13.0,13.0,13.0,13.0,2900.0
2023-09-22 15:34:00+07:00,12.9,12.9,12.9,12.9,5000.0
2023-09-22 15:35:00+07:00,13.0,13.0,13.0,13.0,3800.0
2023-09-22 15:36:00+07:00,13.0,13.0,13.0,13.0,600.0
2023-09-22 15:38:00+07:00,13.0,13.0,13.0,13.0,2600.0
2023-09-22 15:39:00+07:00,13.0,13.0,13.0,13.0,600.0
2023-09-22 15:40:00+07:00,13.0,13.0,13.0,13.0,10000.0
2023-09-22 15:41:00+07:00,13.0,13.0,13.0,13.0,3600.0
2023-09-22 15:44:00+07:00,13.0,13.0,13.0,13.0,2700.0
2023-09-22 15:46:00+07:00,13.0,13.0,13.0,13.0,2800.0
2023-09-22 15:48:00+07:00,13.0,13.0,13.0,13.0,3600.0
2023-09-22 15:49:00+07:00,13.0,13.0,13.0,13.0,2000.0
2023-09-22 15:51:00+07:00,13.0,13.0,13.0,13.0,2500.0
2023-09-22 15:53:00+07:00,13.0,13.0,13.0,13.0,3100.0
2023-09-22 15:54:00+07:00,12.9,12.9,12.9,12.9,1900.0
2023-09-22 15:55:00+07:00,13.0,13.0,13.0,13.0,23200.0
2023-09-22 15:56:00+07:00,13.0,13.0,13.0,13.0,2600.0
2023-09-22 15:58:00+07:00,13.0,13.0,13.0,13.0,4400.0
2023-09-22 16:02:00+07:00,13.0,13.0,13.0,13.0,5100.0
2023-09-22 16:03:00+07:00,12.9,12.9,12.9,12.9,131200.0
2023-09-22 16:05:00+07:00,13.0,13.0,12.9,12.9,3700.0
2023-09-22 16:07:00+07:00,13.0,13.0,13.0,13.0,2800.0
2023-09-22 16:08:00+07:00,12.9,12.9,12.9,12.9,100.0
2023-09-22 16:09:00+07:00,13.0,13.0,13.0,13.0,4100.0
2023-09-22 16:10:00+07:00,12.9,13.0,12.9,13.0,1400.0
2023-09-22 16:11:00+07:00,13.0,13.0,13.0,13.0,7000.0
2023-09-22 16:12:00+07:00,13.0,13.0,13.0,13.0,2600.0
2023-09-22 16:13:00+07:00,13.0,13.0,13.0,13.0,2500.0
2023-09-22 16:14:00+07:00,13.0,13.0,13.0,13.0,4400.0
2023-09-22 16:15:00+07:00,12.9,13.0,12.9,13.0,103000.0
2023-09-22 16:19:00+07:00,13.0,13.0,13.0,13.0,3800.0
2023-09-22 16:20:00+07:00,13.0,13.0,13.0,13.0,3600.0
2023-09-22 16:21:00+07:00,13.0,13.0,13.0,13.0,6400.0
2023-09-22 16:22:00+07:00,13.0,13.0,13.0,13.0,6600.0
2023-09-22 16:23:00+07:00,13.0,13.0,13.0,13.0,6500.0
2023-09-22 16:24:00+07:00,13.0,13.0,13.0,13.0,3200.0
2023-09-22 16:25:00+07:00,13.0,13.0,13.0,13.0,4800.0
2023-09-22 16:26:00+07:00,13.0,13.0,13.0,13.0,3400.0
2023-09-22 16:27:00+07:00,12.9,13.0,12.9,13.0,4100.0
2023-09-22 16:28:00+07:00,13.0,13.0,12.9,13.0,108600.0
2023-09-22 16:29:00+07:00,12.9,13.0,12.9,13.0,36100.0
2023-09-22 16:36:00+07:00,12.9,12.9,12.9,12.9,805400.0
2023-09-25 09:55:00+07:00,12.9,12.9,12.9,12.9,126300.0
2023-09-25 09:56:00+07:00,12.9,12.9,12.9,12.9,398800.0
2023-09-25 09:58:00+07:00,12.9,12.9,12.9,12.9,100.0
2023-09-25 09:59:00+07:00,12.9,12.9,12.9,12.9,84800.0
2023-09-25 10:00:00+07:00,12.9,12.9,12.9,12.9,5000.0
2023-09-25 10:01:00+07:00,13.0,13.0,12.9,12.9,299000.0
2023-09-25 10:02:00+07:00,12.8,12.9,12.8,12.9,149600.0
2023-09-25 10:04:00+07:00,12.8,12.9,12.8,12.9,5000.0
2023-09-25 10:05:00+07:00,12.8,12.9,12.8,12.9,300.0
2023-09-25 10:06:00+07:00,12.9,12.9,12.9,12.9,600.0
2023-09-25 10:12:00+07:00,12.9,12.9,12.8,12.8,9400.0
2023-09-25 10:13:00+07:00,12.9,12.9,12.8,12.9,614700.0
2023-09-25 10:14:00+07:00,12.9,12.9,12.9,12.9,1100.0
2023-09-25 10:15:00+07:00,12.9,12.9,12.9,12.9,164300.0
2023-09-25 10:16:00+07:00,12.9,13.0,12.9,12.9,1600.0
2023-09-25 10:17:00+07:00,12.9,12.9,12.9,12.9,20600.0
2023-09-25 10:18:00+07:00,12.9,12.9,12.9,12.9,1100.0
2023-09-25 10:20:00+07:00,12.9,12.9,12.9,12.9,156300.0
2023-09-25 10:21:00+07:00,12.9,12.9,12.9,12.9,6100.0
2023-09-25 10:22:00+07:00,12.9,12.9,12.9,12.9,200.0
2023-09-25 10:26:00+07:00,12.9,12.9,12.9,12.9,6500.0
2023-09-25 10:27:00+07:00,12.9,12.9,12.9,12.9,200.0
2023-09-25 10:29:00+07:00,12.9,12.9,12.9,12.9,400.0
2023-09-25 10:30:00+07:00,12.9,12.9,12.9,12.9,11800.0
2023-09-25 10:32:00+07:00,12.9,12.9,12.9,12.9,11900.0
2023-09-25 10:34:00+07:00,12.9,12.9,12.9,12.9,100.0
2023-09-25 10:35:00+07:00,12.9,12.9,12.9,12.9,800.0
2023-09-25 10:37:00+07:00,12.9,12.9,12.9,12.9,200.0
2023-09-25 10:39:00+07:00,12.9,12.9,12.9,12.9,300.0
2023-09-25 10:40:00+07:00,12.9,13.0,12.9,12.9,5000.0
2023-09-25 10:42:00+07:00,12.9,12.9,12.9,12.9,4600.0
2023-09-25 10:43:00+07:00,12.9,12.9,12.9,12.9,1000.0
2023-09-25 10:44:00+07:00,12.9,12.9,12.9,12.9,100.0
2023-09-25 10:45:00+07:00,12.9,12.9,12.9,12.9,1200.0
2023-09-25 10:46:00+07:00,13.0,13.0,13.0,13.0,100.0
2023-09-25 10:48:00+07:00,13.0,13.0,12.9,12.9,600.0
2023-09-25 10:49:00+07:00,12.9,12.9,12.9,12.9,10800.0
2023-09-25 10:50:00+07:00,12.9,12.9,12.9,12.9,50200.0
2023-09-25 10:51:00+07:00,12.9,12.9,12.9,12.9,900500.0
2023-09-25 10:52:00+07:00,12.9,12.9,12.9,12.9,100.0
2023-09-25 10:55:00+07:00,12.9,12.9,12.9,12.9,28700.0
2023-09-25 10:56:00+07:00,12.9,12.9,12.9,12.9,100.0
2023-09-25 10:57:00+07:00,12.9,12.9,12.9,12.9,7300.0
2023-09-25 10:58:00+07:00,12.9,12.9,12.9,12.9,200.0
2023-09-25 10:59:00+07:00,12.9,12.9,12.9,12.9,50900.0
2023-09-25 11:00:00+07:00,12.9,12.9,12.9,12.9,300.0
2023-09-25 11:01:00+07:00,12.9,12.9,12.9,12.9,2300.0
2023-09-25 11:02:00+07:00,12.9,12.9,12.9,12.9,1400.0
2023-09-25 11:03:00+07:00,12.9,12.9,12.9,12.9,11100.0
2023-09-25 11:04:00+07:00,12.9,12.9,12.9,12.9,700.0
2023-09-25 11:05:00+07:00,12.9,12.9,12.9,12.9,11000.0
2023-09-25 11:06:00+07:00,12.9,12.9,12.9,12.9,600.0
2023-09-25 11:07:00+07:00,12.9,12.9,12.9,12.9,600.0
2023-09-25 11:08:00+07:00,12.9,12.9,12.9,12.9,600.0
2023-09-25 11:09:00+07:00,13.0,13.0,12.9,12.9,300.0
2023-09-25 11:11:00+07:00,12.9,12.9,12.9,12.9,2200.0
2023-09-25 11:12:00+07:00,12.9,12.9,12.9,12.9,12200.0
2023-09-25 11:17:00+07:00,12.9,12.9,12.9,12.9,109100.0
2023-09-25 11:18:00+07:00,12.9,12.9,12.9,12.9,1800.0
2023-09-25 11:19:00+07:00,12.9,12.9,12.9,12.9,1400.0
2023-09-25 11:20:00+07:00,12.9,12.9,12.9,12.9,600.0
2023-09-25 11:21:00+07:00,12.9,12.9,12.9,12.9,7000.0
2023-09-25 11:22:00+07:00,12.9,12.9,12.9,12.9,700.0
2023-09-25 11:23:00+07:00,12.9,12.9,12.9,12.9,30400.0
2023-09-25 11:24:00+07:00,12.9,12.9,12.9,12.9,300.0
2023-09-25 11:25:00+07:00,12.9,12.9,12.9,12.9,300.0
2023-09-25 11:26:00+07:00,13.0,13.0,12.9,12.9,2600.0
2023-09-25 11:27:00+07:00,12.9,12.9,12.9,12.9,400.0
2023-09-25 11:28:00+07:00,12.9,12.9,12.9,12.9,400.0
2023-09-25 11:29:00+07:00,12.9,12.9,12.9,12.9,700.0
2023-09-25 11:31:00+07:00,12.9,12.9,12.9,12.9,1300.0
2023-09-25 11:32:00+07:00,12.9,12.9,12.9,12.9,400.0
2023-09-25 11:33:00+07:00,12.9,12.9,12.9,12.9,200.0
2023-09-25 11:35:00+07:00,12.9,12.9,12.9,12.9,2400.0
2023-09-25 11:36:00+07:00,12.9,12.9,12.9,12.9,1000.0
2023-09-25 11:40:00+07:00,13.0,13.0,13.0,13.0,100.0
2023-09-25 11:41:00+07:00,13.0,13.0,13.0,13.0,100.0
2023-09-25 11:45:00+07:00,13.0,13.0,12.9,12.9,100100.0
2023-09-25 11:48:00+07:00,12.9,12.9,12.9,12.9,1500.0
2023-09-25 11:52:00+07:00,12.9,12.9,12.9,12.9,500.0
2023-09-25 11:53:00+07:00,12.9,12.9,12.9,12.9,500.0
2023-09-25 11:54:00+07:00,12.9,12.9,12.9,12.9,100.0
2023-09-25 11:56:00+07:00,12.9,12.9,12.9,12.9,400.0
2023-09-25 12:00:00+07:00,12.9,12.9,12.9,12.9,3000.0
2023-09-25 12:01:00+07:00,12.9,12.9,12.9,12.9,10000.0
2023-09-25 12:04:00+07:00,12.9,12.9,12.9,12.9,100.0
2023-09-25 12:05:00+07:00,12.9,12.9,12.9,12.9,200900.0
2023-09-25 12:10:00+07:00,12.9,12.9,12.9,12.9,10100.0
2023-09-25 12:11:00+07:00,12.9,12.9,12.9,12.9,100.0
2023-09-25 12:12:00+07:00,12.9,12.9,12.9,12.9,4600.0
2023-09-25 12:13:00+07:00,12.9,12.9,12.9,12.9,500.0
2023-09-25 12:15:00+07:00,12.9,12.9,12.9,12.9,100600.0
2023-09-25 12:16:00+07:00,12.9,12.9,12.9,12.9,30300.0
2023-09-25 12:17:00+07:00,12.9,12.9,12.9,12.9,30800.0
2023-09-25 12:18:00+07:00,12.9,12.9,12.9,12.9,200.0
2023-09-25 12:19:00+07:00,12.9,12.9,12.9,12.9,100.0
2023-09-25 12:20:00+07:00,12.9,12.9,12.9,12.9,200.0
2023-09-25 12:21:00+07:00,12.9,12.9,12.9,12.9,100.0
2023-09-25 12:22:00+07:00,12.9,12.9,12.9,12.9,300.0
2023-09-25 12:27:00+07:00,12.9,12.9,12.9,12.9,10000.0
2023-09-25 12:29:00+07:00,12.9,13.0,12.9,13.0,100100.0
2023-09-25 14:28:00+07:00,12.9,12.9,12.9,12.9,135900.0
2023-09-25 14:31:00+07:00,12.9,12.9,12.9,12.9,229600.0
2023-09-25 14:34:00+07:00,12.9,12.9,12.9,12.9,3600.0
2023-09-25 14:35:00+07:00,12.9,12.9,12.9,12.9,300.0
2023-09-25 14:36:00+07:00,12.9,12.9,12.9,12.9,100.0
2023-09-25 14:37:00+07:00,12.9,12.9,12.9,12.9,200.0
2023-09-25 14:38:00+07:00,12.9,12.9,12.9,12.9,5100.0
2023-09-25 14:39:00+07:00,12.9,12.9,12.9,12.9,100.0
2023-09-25 14:40:00+07:00,12.9,12.9,12.9,12.9,300.0
2023-09-25 14:41:00+07:00,12.9,12.9,12.9,12.9,100.0
2023-09-25 14:42:00+07:00,12.9,12.9,12.9,12.9,100.0
2023-09-25 14:43:00+07:00,12.9,12.9,12.9,12.9,9000.0
2023-09-25 14:46:00+07:00,12.9,12.9,12.9,12.9,5000.0
2023-09-25 14:47:00+07:00,12.9,12.9,12.9,12.9,13000.0
2023-09-25 14:48:00+07:00,12.9,12.9,12.9,12.9,2000.0
2023-09-25 14:49:00+07:00,12.9,12.9,12.9,12.9,10900.0
2023-09-25 14:50:00+07:00,12.9,12.9,12.9,12.9,4500.0
2023-09-25 14:51:00+07:00,13.0,13.0,12.9,12.9,106800.0
2023-09-25 14:52:00+07:00,12.9,13.0,12.9,13.0,4200.0
2023-09-25 14:54:00+07:00,13.0,13.0,12.9,12.9,2900.0
2023-09-25 14:55:00+07:00,13.0,13.0,13.0,13.0,2400.0
2023-09-25 14:56:00+07:00,12.9,13.0,12.9,12.9,4200.0
2023-09-25 14:57:00+07:00,12.9,12.9,12.9,12.9,1200.0
2023-09-25 14:58:00+07:00,12.9,13.0,12.9,13.0,3500.0
2023-09-25 14:59:00+07:00,12.9,12.9,12.9,12.9,2000.0
2023-09-25 15:00:00+07:00,12.9,13.0,12.9,12.9,3100.0
2023-09-25 15:01:00+07:00,12.9,12.9,12.9,12.9,1100.0
2023-09-25 15:02:00+07:00,12.9,12.9,12.9,12.9,200.0
2023-09-25 15:03:00+07:00,12.9,12.9,12.9,12.9,100.0
2023-09-25 15:05:00+07:00,12.9,12.9,12.9,12.9,44000.0
2023-09-25 15:06:00+07:00,12.9,12.9,12.9,12.9,2000.0
2023-09-25 15:07:00+07:00,13.0,13.0,13.0,13.0,3500.0
2023-09-25 15:09:00+07:00,13.0,13.0,13.0,13.0,3600.0
2023-09-25 15:11:00+07:00,13.0,13.0,13.0,13.0,2600.0
2023-09-25 15:12:00+07:00,13.0,13.0,12.9,12.9,5700.0
2023-09-25 15:17:00+07:00,12.9,12.9,12.9,12.9,9800.0
2023-09-25 15:18:00+07:00,12.9,12.9,12.9,12.9,400.0
2023-09-25 15:19:00+07:00,13.0,13.0,12.9,12.9,2400.0
2023-09-25 15:20:00+07:00,12.9,12.9,12.9,12.9,42400.0
2023-09-25 15:21:00+07:00,13.0,13.0,12.9,12.9,3800.0
2023-09-25 15:22:00+07:00,12.9,12.9,12.9,12.9,5300.0
2023-09-25 15:24:00+07:00,13.0,13.0,12.9,12.9,3000.0
2023-09-25 15:25:00+07:00,12.9,12.9,12.9,12.9,200.0
2023-09-25 15:28:00+07:00,12.9,12.9,12.9,12.9,200.0
2023-09-25 15:32:00+07:00,13.0,13.0,12.9,12.9,5500.0
2023-09-25 15:35:00+07:00,12.9,12.9,12.9,12.9,100.0
2023-09-25 15:37:00+07:00,12.9,12.9,12.9,12.9,1100.0
2023-09-25 15:39:00+07:00,12.9,12.9,12.9,12.9,4400.0
2023-09-25 15:40:00+07:00,12.9,12.9,12.9,12.9,20100.0
2023-09-25 15:41:00+07:00,12.9,13.0,12.9,13.0,3700.0
2023-09-25 15:42:00+07:00,12.9,12.9,12.9,12.9,400.0
2023-09-25 15:43:00+07:00,12.9,13.0,12.9,13.0,8500.0
2023-09-25 15:45:00+07:00,12.9,13.0,12.9,12.9,7300.0
2023-09-25 15:46:00+07:00,13.0,13.0,12.9,12.9,4100.0
2023-09-25 15:47:00+07:00,12.9,12.9,12.9,12.9,5800.0
2023-09-25 15:48:00+07:00,12.9,12.9,12.9,12.9,25400.0
2023-09-25 15:49:00+07:00,12.9,12.9,12.9,12.9,1900.0
2023-09-25 15:50:00+07:00,12.9,12.9,12.9,12.9,1500.0
2023-09-25 15:51:00+07:00,12.9,12.9,12.9,12.9,600.0
2023-09-25 15:52:00+07:00,12.9,12.9,12.9,12.9,400.0
2023-09-25 15:53:00+07:00,12.9,12.9,12.9,12.9,20000.0
2023-09-25 15:56:00+07:00,13.0,13.0,13.0,13.0,2000.0
2023-09-25 15:57:00+07:00,13.0,13.0,13.0,13.0,7200.0
2023-09-25 16:00:00+07:00,13.0,13.0,13.0,13.0,3800.0
2023-09-25 16:03:00+07:00,12.9,12.9,12.9,12.9,1300.0
2023-09-25 16:05:00+07:00,12.9,12.9,12.9,12.9,200.0
2023-09-25 16:06:00+07:00,12.9,12.9,12.9,12.9,100000.0
2023-09-25 16:07:00+07:00,12.9,12.9,12.9,12.9,105100.0
2023-09-25 16:08:00+07:00,12.9,12.9,12.9,12.9,800.0
2023-09-25 16:09:00+07:00,13.0,13.0,13.0,13.0,3100.0
2023-09-25 16:10:00+07:00,12.9,12.9,12.9,12.9,1000.0
2023-09-25 16:13:00+07:00,12.9,13.0,12.9,13.0,2600.0
2023-09-25 16:14:00+07:00,12.9,12.9,12.9,12.9,700.0
2023-09-25 16:17:00+07:00,13.0,13.0,13.0,13.0,264700.0
2023-09-25 16:18:00+07:00,13.0,13.0,12.9,12.9,8400.0
2023-09-25 16:19:00+07:00,12.9,12.9,12.9,12.9,200.0
2023-09-25 16:20:00+07:00,13.0,13.0,13.0,13.0,11000.0
2023-09-25 16:21:00+07:00,13.0,13.0,13.0,13.0,11400.0
2023-09-25 16:22:00+07:00,13.0,13.0,13.0,13.0,8600.0
2023-09-25 16:23:00+07:00,13.0,13.0,13.0,13.0,5900.0
2023-09-25 16:24:00+07:00,13.0,13.0,13.0,13.0,200.0
2023-09-25 16:25:00+07:00,13.0,13.0,12.9,13.0,210300.0
2023-09-25 16:26:00+07:00,13.0,13.0,13.0,13.0,108500.0
2023-09-25 16:27:00+07:00,13.0,13.0,12.9,12.9,22400.0
2023-09-25 16:28:00+07:00,13.0,13.0,13.0,13.0,24800.0
2023-09-25 16:29:00+07:00,13.0,13.0,12.9,13.0,137600.0
2023-09-25 16:38:00+07:00,13.0,13.0,13.0,13.0,1003400.0
2023-09-26 09:59:00+07:00,12.9,12.9,12.9,12.9,295200.0
2023-09-26 10:01:00+07:00,12.9,12.9,12.9,12.9,700.0
2023-09-26 10:04:00+07:00,13.0,13.0,13.0,13.0,3300.0
2023-09-26 10:05:00+07:00,13.0,13.0,12.9,12.9,20700.0
2023-09-26 10:06:00+07:00,13.0,13.1,13.0,13.1,738700.0
2023-09-26 10:08:00+07:00,13.0,13.0,13.0,13.0,1500.0
2023-09-26 10:09:00+07:00,13.0,13.0,13.0,13.0,13300.0
2023-09-26 10:10:00+07:00,13.1,13.1,13.1,13.1,105000.0
2023-09-26 10:11:00+07:00,13.1,13.1,13.0,13.0,25900.0
2023-09-26 10:12:00+07:00,13.1,13.1,13.1,13.1,31100.0
2023-09-26 10:13:00+07:00,13.1,13.2,13.1,13.2,1420800.0
2023-09-26 10:14:00+07:00,13.1,13.1,13.0,13.0,351900.0
2023-09-26 10:19:00+07:00,13.0,13.1,13.0,13.1,4900.0
2023-09-26 10:21:00+07:00,13.1,13.1,13.1,13.1,1500.0
2023-09-26 10:22:00+07:00,13.0,13.1,13.0,13.1,108000.0
2023-09-26 10:23:00+07:00,13.1,13.1,13.1,13.1,3000.0
2023-09-26 10:25:00+07:00,13.1,13.1,13.1,13.1,1000.0
2023-09-26 10:26:00+07:00,13.1,13.1,13.1,13.1,5000.0
2023-09-26 10:29:00+07:00,13.1,13.1,13.1,13.1,200.0
2023-09-26 10:30:00+07:00,13.1,13.1,13.1,13.1,500.0
2023-09-26 10:31:00+07:00,13.1,13.1,13.1,13.1,700.0
2023-09-26 10:32:00+07:00,13.0,13.0,13.0,13.0,2000.0
2023-09-26 10:34:00+07:00,13.1,13.1,13.0,13.0,5100.0
2023-09-26 10:36:00+07:00,13.1,13.1,13.1,13.1,1500.0
2023-09-26 10:37:00+07:00,13.1,13.1,13.0,13.1,27600.0
2023-09-26 10:38:00+07:00,13.0,13.0,13.0,13.0,1000.0
2023-09-26 10:39:00+07:00,13.1,13.1,13.1,13.1,5000.0
2023-09-26 10:40:00+07:00,13.1,13.1,13.1,13.1,4000.0
2023-09-26 10:41:00+07:00,13.1,13.1,13.1,13.1,5000.0
2023-09-26 10:43:00+07:00,13.1,13.1,13.1,13.1,100.0
2023-09-26 10:44:00+07:00,13.1,13.1,13.1,13.1,14000.0
2023-09-26 10:45:00+07:00,13.1,13.1,13.1,13.1,30500.0
2023-09-26 10:46:00+07:00,13.0,13.1,13.0,13.1,300.0
2023-09-26 10:47:00+07:00,13.0,13.0,13.0,13.0,5000.0
2023-09-26 10:48:00+07:00,13.0,13.0,13.0,13.0,100.0
2023-09-26 10:51:00+07:00,13.0,13.0,13.0,13.0,20000.0
2023-09-26 10:52:00+07:00,13.1,13.1,13.1,13.1,100.0
2023-09-26 10:57:00+07:00,13.1,13.1,13.1,13.1,2800.0
2023-09-26 11:01:00+07:00,13.1,13.1,13.1,13.1,2700.0
2023-09-26 11:02:00+07:00,13.1,13.1,13.0,13.0,3000.0
2023-09-26 11:04:00+07:00,13.1,13.1,13.0,13.0,200.0
2023-09-26 11:05:00+07:00,13.1,13.1,12.9,12.9,1090900.0
2023-09-26 11:06:00+07:00,12.9,12.9,12.9,12.9,200.0
2023-09-26 11:08:00+07:00,13.0,13.0,12.9,12.9,10200.0
2023-09-26 11:09:00+07:00,12.9,13.0,12.9,13.0,1100.0
2023-09-26 11:10:00+07:00,12.9,12.9,12.9,12.9,100.0
2023-09-26 11:15:00+07:00,13.0,13.0,13.0,13.0,100.0
2023-09-26 11:18:00+07:00,13.0,13.0,13.0,13.0,5000.0
2023-09-26 11:22:00+07:00,13.0,13.0,13.0,13.0,100.0
2023-09-26 11:28:00+07:00,12.9,12.9,12.9,12.9,1000.0
2023-09-26 11:29:00+07:00,13.0,13.0,13.0,13.0,100.0
2023-09-26 11:31:00+07:00,13.0,13.0,13.0,13.0,1000.0
2023-09-26 11:32:00+07:00,12.9,12.9,12.9,12.9,9500.0
2023-09-26 11:34:00+07:00,13.0,13.0,13.0,13.0,200.0
2023-09-26 11:35:00+07:00,13.0,13.0,13.0,13.0,100.0
2023-09-26 11:40:00+07:00,12.9,12.9,12.9,12.9,37000.0
2023-09-26 11:41:00+07:00,12.9,12.9,12.9,12.9,200.0
2023-09-26 11:42:00+07:00,13.0,13.0,13.0,13.0,100.0
2023-09-26 11:43:00+07:00,12.9,12.9,12.9,12.9,9300.0
2023-09-26 11:45:00+07:00,13.0,13.0,13.0,13.0,300.0
2023-09-26 11:47:00+07:00,13.0,13.0,13.0,13.0,100.0
2023-09-26 11:52:00+07:00,13.0,13.0,12.9,12.9,200.0
2023-09-26 11:55:00+07:00,13.0,13.0,13.0,13.0,3000.0
2023-09-26 11:57:00+07:00,13.0,13.0,13.0,13.0,3600.0
2023-09-26 11:58:00+07:00,12.9,12.9,12.9,12.9,2000.0
2023-09-26 12:01:00+07:00,13.0,13.0,13.0,13.0,100.0
2023-09-26 12:05:00+07:00,13.0,13.0,13.0,13.0,100.0
2023-09-26 12:07:00+07:00,13.0,13.0,12.9,12.9,3000.0
2023-09-26 12:10:00+07:00,12.9,12.9,12.9,12.9,1600.0
2023-09-26 12:11:00+07:00,12.9,13.0,12.9,13.0,2100.0
2023-09-26 12:13:00+07:00,13.0,13.0,13.0,13.0,22800.0
2023-09-26 12:14:00+07:00,13.0,13.0,13.0,13.0,941500.0
2023-09-26 12:15:00+07:00,12.9,13.0,12.9,13.0,600.0
2023-09-26 12:16:00+07:00,12.9,12.9,12.9,12.9,900.0
2023-09-26 12:17:00+07:00,12.9,12.9,12.9,12.9,500.0
2023-09-26 12:18:00+07:00,12.9,12.9,12.9,12.9,700.0
2023-09-26 12:19:00+07:00,12.9,12.9,12.9,12.9,300.0
2023-09-26 12:20:00+07:00,12.9,12.9,12.9,12.9,400.0
2023-09-26 12:21:00+07:00,13.0,13.0,12.9,12.9,12600.0
2023-09-26 12:22:00+07:00,12.9,12.9,12.9,12.9,800.0
2023-09-26 12:26:00+07:00,13.0,13.0,13.0,13.0,300.0
2023-09-26 12:28:00+07:00,13.0,13.0,13.0,13.0,3000.0
2023-09-26 14:27:00+07:00,12.9,13.0,12.9,13.0,220400.0
2023-09-26 14:31:00+07:00,13.0,13.0,13.0,13.0,100.0
2023-09-26 14:32:00+07:00,13.0,13.0,13.0,13.0,201000.0
2023-09-26 14:38:00+07:00,13.0,13.0,12.9,12.9,1800.0
2023-09-26 14:39:00+07:00,13.0,13.0,12.9,12.9,300.0
2023-09-26 14:44:00+07:00,13.0,13.0,12.9,12.9,6900.0
2023-09-26 14:45:00+07:00,12.9,12.9,12.9,12.9,100.0
2023-09-26 14:46:00+07:00,12.9,13.0,12.9,13.0,5100.0
2023-09-26 14:47:00+07:00,12.9,12.9,12.9,12.9,3200.0
2023-09-26 14:48:00+07:00,13.0,13.0,12.9,12.9,4700.0
2023-09-26 14:49:00+07:00,13.0,13.0,12.9,12.9,7600.0
2023-09-26 14:50:00+07:00,13.0,13.0,13.0,13.0,200000.0
2023-09-26 14:51:00+07:00,12.9,13.0,12.9,12.9,36300.0
2023-09-26 14:52:00+07:00,12.9,13.0,12.9,13.0,6500.0
2023-09-26 14:53:00+07:00,12.9,12.9,12.9,12.9,2600.0
2023-09-26 14:54:00+07:00,12.9,13.0,12.9,12.9,5800.0
2023-09-26 14:55:00+07:00,12.9,13.0,12.9,12.9,2600.0
2023-09-26 14:56:00+07:00,12.9,13.0,12.9,12.9,5500.0
2023-09-26 14:57:00+07:00,12.9,13.0,12.9,12.9,5500.0
2023-09-26 14:58:00+07:00,12.9,12.9,12.9,12.9,2600.0
2023-09-26 14:59:00+07:00,12.9,13.0,12.9,12.9,5600.0
2023-09-26 15:00:00+07:00,12.9,13.0,12.9,13.0,6100.0
2023-09-26 15:01:00+07:00,12.9,12.9,12.9,12.9,2500.0
2023-09-26 15:02:00+07:00,12.9,13.0,12.9,13.0,5100.0
2023-09-26 15:03:00+07:00,12.9,13.0,12.9,12.9,2900.0
2023-09-26 15:04:00+07:00,12.9,13.0,12.9,12.9,6700.0
2023-09-26 15:05:00+07:00,12.9,13.0,12.9,12.9,13000.0
2023-09-26 15:06:00+07:00,12.9,13.0,12.9,12.9,1495200.0
2023-09-26 15:07:00+07:00,12.9,12.9,12.9,12.9,724100.0
2023-09-26 15:08:00+07:00,12.9,12.9,12.9,12.9,61900.0
2023-09-26 15:09:00+07:00,12.9,12.9,12.9,12.9,23400.0
2023-09-26 15:10:00+07:00,12.9,12.9,12.9,12.9,39300.0
2023-09-26 15:11:00+07:00,12.9,12.9,12.9,12.9,62900.0
2023-09-26 15:12:00+07:00,12.9,13.0,12.9,12.9,6000.0
2023-09-26 15:13:00+07:00,12.9,12.9,12.9,12.9,5400.0
2023-09-26 15:14:00+07:00,12.9,12.9,12.9,12.9,10300.0
2023-09-26 15:15:00+07:00,12.9,13.0,12.9,12.9,27100.0
2023-09-26 15:16:00+07:00,12.9,12.9,12.9,12.9,3500.0
2023-09-26 15:17:00+07:00,12.9,13.0,12.9,12.9,5000.0
2023-09-26 15:18:00+07:00,12.9,12.9,12.9,12.9,96400.0
2023-09-26 15:19:00+07:00,12.9,12.9,12.9,12.9,19600.0
2023-09-26 15:20:00+07:00,12.9,13.0,12.9,12.9,6100.0
2023-09-26 15:21:00+07:00,12.9,12.9,12.9,12.9,6000.0
2023-09-26 15:22:00+07:00,12.9,12.9,12.9,12.9,23000.0
2023-09-26 15:23:00+07:00,12.9,13.0,12.9,12.9,9500.0
2023-09-26 15:24:00+07:00,12.9,12.9,12.9,12.9,10000.0
2023-09-26 15:25:00+07:00,12.9,13.0,12.9,12.9,4500.0
2023-09-26 15:26:00+07:00,12.9,12.9,12.9,12.9,22400.0
2023-09-26 15:27:00+07:00,12.9,12.9,12.9,12.9,15500.0
2023-09-26 15:28:00+07:00,12.9,12.9,12.9,12.9,3600.0
2023-09-26 15:29:00+07:00,12.9,12.9,12.9,12.9,3500.0
2023-09-26 15:30:00+07:00,12.9,13.0,12.9,12.9,133700.0
2023-09-26 15:31:00+07:00,12.9,12.9,12.9,12.9,35700.0
2023-09-26 15:32:00+07:00,12.9,12.9,12.9,12.9,4600.0
2023-09-26 15:33:00+07:00,12.9,12.9,12.9,12.9,2800.0
2023-09-26 15:34:00+07:00,12.9,13.0,12.9,12.9,27100.0
2023-09-26 15:35:00+07:00,12.9,12.9,12.9,12.9,2600.0
2023-09-26 15:36:00+07:00,12.9,13.0,12.9,12.9,16400.0
2023-09-26 15:37:00+07:00,12.9,12.9,12.9,12.9,4600.0
2023-09-26 15:38:00+07:00,12.9,12.9,12.9,12.9,22700.0
2023-09-26 15:39:00+07:00,12.9,13.0,12.9,12.9,16200.0
2023-09-26 15:40:00+07:00,12.9,12.9,12.9,12.9,3500.0
2023-09-26 15:41:00+07:00,12.9,12.9,12.9,12.9,15100.0
2023-09-26 15:42:00+07:00,12.9,12.9,12.8,12.9,538000.0
2023-09-26 15:43:00+07:00,12.9,12.9,12.9,12.9,20900.0
2023-09-26 15:44:00+07:00,12.9,12.9,12.8,12.8,262500.0
2023-09-26 15:45:00+07:00,12.8,12.9,12.8,12.8,10100.0
2023-09-26 15:46:00+07:00,12.9,12.9,12.8,12.8,6500.0
2023-09-26 15:47:00+07:00,12.9,12.9,12.8,12.8,6600.0
2023-09-26 15:48:00+07:00,12.9,12.9,12.8,12.8,6400.0
2023-09-26 15:49:00+07:00,12.8,12.9,12.8,12.8,6800.0
2023-09-26 15:50:00+07:00,12.8,12.9,12.8,12.9,10400.0
2023-09-26 15:51:00+07:00,12.8,12.9,12.8,12.9,7700.0
2023-09-26 15:52:00+07:00,12.9,12.9,12.8,12.9,6500.0
2023-09-26 15:53:00+07:00,12.9,12.9,12.9,12.9,4200.0
2023-09-26 15:54:00+07:00,12.8,12.9,12.8,12.9,35400.0
2023-09-26 15:55:00+07:00,12.9,12.9,12.9,12.9,152400.0
2023-09-26 15:56:00+07:00,12.9,12.9,12.9,12.9,300.0
2023-09-26 15:57:00+07:00,12.9,12.9,12.9,12.9,5300.0
2023-09-26 15:58:00+07:00,12.9,12.9,12.8,12.9,5800.0
2023-09-26 15:59:00+07:00,12.9,12.9,12.9,12.9,3400.0
2023-09-26 16:00:00+07:00,12.9,12.9,12.9,12.9,5200.0
2023-09-26 16:01:00+07:00,12.9,12.9,12.9,12.9,4400.0
2023-09-26 16:02:00+07:00,12.9,12.9,12.8,12.9,21500.0
2023-09-26 16:03:00+07:00,12.9,12.9,12.9,12.9,4900.0
2023-09-26 16:04:00+07:00,12.8,12.9,12.8,12.9,11900.0
2023-09-26 16:06:00+07:00,12.9,12.9,12.9,12.9,4400.0
2023-09-26 16:07:00+07:00,12.9,12.9,12.9,12.9,4500.0
2023-09-26 16:08:00+07:00,12.9,12.9,12.9,12.9,6800.0
2023-09-26 16:09:00+07:00,12.9,12.9,12.9,12.9,3700.0
2023-09-26 16:10:00+07:00,12.9,12.9,12.9,12.9,1600.0
2023-09-26 16:11:00+07:00,12.9,12.9,12.9,12.9,4800.0
2023-09-26 16:12:00+07:00,12.9,12.9,12.9,12.9,4700.0
2023-09-26 16:13:00+07:00,12.9,12.9,12.8,12.9,22900.0
2023-09-26 16:14:00+07:00,12.9,12.9,12.9,12.9,600.0
2023-09-26 16:15:00+07:00,12.9,12.9,12.9,12.9,328700.0
2023-09-26 16:16:00+07:00,13.0,13.0,12.9,12.9,50300.0
2023-09-26 16:17:00+07:00,12.9,12.9,12.9,12.9,10000.0
2023-09-26 16:18:00+07:00,12.9,13.0,12.9,12.9,20000.0
2023-09-26 16:19:00+07:00,12.9,12.9,12.9,12.9,200.0
2023-09-26 16:21:00+07:00,13.0,13.0,12.9,12.9,80100.0
2023-09-26 16:22:00+07:00,12.9,12.9,12.9,12.9,37000.0
2023-09-26 16:23:00+07:00,12.9,12.9,12.9,12.9,900.0
2023-09-26 16:25:00+07:00,12.9,13.0,12.9,12.9,12700.0
2023-09-26 16:26:00+07:00,12.9,13.0,12.9,12.9,9200.0
2023-09-26 16:27:00+07:00,13.0,13.0,12.9,13.0,4100.0
2023-09-26 16:28:00+07:00,13.0,13.0,12.9,12.9,79900.0
2023-09-26 16:29:00+07:00,13.0,13.0,12.9,12.9,11900.0
2023-09-26 16:37:00+07:00,12.9,12.9,12.9,12.9,966000.0
2023-09-27 09:55:00+07:00,12.8,12.9,12.8,12.9,200100.0
2023-09-27 10:00:00+07:00,12.9,12.9,12.9,12.9,542700.0
2023-09-27 10:01:00+07:00,12.9,12.9,12.9,12.9,740800.0
2023-09-27 10:02:00+07:00,12.9,12.9,12.9,12.9,2400.0
2023-09-27 10:03:00+07:00,12.8,12.9,12.8,12.9,9000.0
2023-09-27 10:05:00+07:00,12.8,12.8,12.8,12.8,100.0
2023-09-27 10:06:00+07:00,12.8,12.9,12.8,12.9,2500.0
2023-09-27 10:07:00+07:00,12.8,12.8,12.8,12.8,400.0
2023-09-27 10:08:00+07:00,12.8,12.9,12.8,12.9,7200.0
2023-09-27 10:10:00+07:00,12.8,12.9,12.7,12.9,183100.0
2023-09-27 10:11:00+07:00,12.7,12.8,12.7,12.8,2800.0
2023-09-27 10:12:00+07:00,12.7,12.8,12.7,12.8,3600.0
2023-09-27 10:13:00+07:00,12.8,12.8,12.8,12.8,100.0
2023-09-27 10:14:00+07:00,12.8,12.8,12.8,12.8,200.0
2023-09-27 10:15:00+07:00,12.7,12.8,12.7,12.8,92200.0
2023-09-27 10:16:00+07:00,12.7,12.7,12.7,12.7,1000.0
2023-09-27 10:17:00+07:00,12.8,12.8,12.7,12.8,57800.0
2023-09-27 10:18:00+07:00,12.7,12.7,12.7,12.7,2500.0
2023-09-27 10:19:00+07:00,12.8,12.8,12.7,12.8,2500.0
2023-09-27 10:20:00+07:00,12.7,12.8,12.7,12.8,7100.0
2023-09-27 10:21:00+07:00,12.7,12.8,12.7,12.8,146400.0
2023-09-27 10:22:00+07:00,12.7,12.8,12.7,12.8,46900.0
2023-09-27 10:23:00+07:00,12.8,12.8,12.7,12.8,2800.0
2023-09-27 10:24:00+07:00,12.7,12.8,12.7,12.8,1900.0
2023-09-27 10:25:00+07:00,12.7,12.8,12.7,12.7,800.0
2023-09-27 10:26:00+07:00,12.7,12.8,12.7,12.8,300.0
2023-09-27 10:27:00+07:00,12.7,12.7,12.7,12.7,100.0
2023-09-27 10:29:00+07:00,12.7,12.8,12.7,12.8,900.0
2023-09-27 10:30:00+07:00,12.7,12.8,12.7,12.7,27100.0
2023-09-27 10:31:00+07:00,12.7,12.8,12.7,12.7,5100.0
2023-09-27 10:32:00+07:00,12.7,12.8,12.7,12.8,2400.0
2023-09-27 10:34:00+07:00,12.7,12.8,12.7,12.7,1500.0
2023-09-27 10:35:00+07:00,12.7,12.8,12.7,12.8,53300.0
2023-09-27 10:36:00+07:00,12.7,12.8,12.7,12.7,900.0
2023-09-27 10:37:00+07:00,12.7,12.8,12.7,12.7,15300.0
2023-09-27 10:38:00+07:00,12.8,12.8,12.7,12.7,300.0
2023-09-27 10:39:00+07:00,12.8,12.8,12.7,12.8,3500.0
2023-09-27 10:40:00+07:00,12.7,12.7,12.7,12.7,200.0
2023-09-27 10:41:00+07:00,12.7,12.8,12.7,12.7,2600.0
2023-09-27 10:42:00+07:00,12.7,12.8,12.7,12.8,17600.0
2023-09-27 10:44:00+07:00,12.7,12.7,12.7,12.7,2300.0
2023-09-27 10:45:00+07:00,12.8,12.8,12.7,12.7,1200.0
2023-09-27 10:47:00+07:00,12.7,12.8,12.7,12.8,3700.0
2023-09-27 10:49:00+07:00,12.8,12.8,12.7,12.7,200.0
2023-09-27 10:50:00+07:00,12.7,12.7,12.7,12.7,58700.0
2023-09-27 10:51:00+07:00,12.8,12.8,12.7,12.8,37800.0
2023-09-27 10:52:00+07:00,12.8,12.8,12.7,12.7,8200.0
2023-09-27 10:53:00+07:00,12.8,12.8,12.7,12.7,90900.0
2023-09-27 10:54:00+07:00,12.8,12.8,12.7,12.8,33900.0
2023-09-27 10:55:00+07:00,12.7,12.8,12.7,12.8,2900.0
2023-09-27 10:56:00+07:00,12.7,12.7,12.7,12.7,4000.0
2023-09-27 10:57:00+07:00,12.8,12.8,12.7,12.8,2900.0
2023-09-27 10:58:00+07:00,12.7,12.8,12.7,12.8,500.0
2023-09-27 10:59:00+07:00,12.7,12.8,12.7,12.8,6400.0
2023-09-27 11:00:00+07:00,12.7,12.8,12.7,12.8,1000.0
2023-09-27 11:01:00+07:00,12.8,12.8,12.7,12.8,6400.0
2023-09-27 11:02:00+07:00,12.8,12.8,12.7,12.7,700.0
2023-09-27 11:03:00+07:00,12.8,12.8,12.8,12.8,300.0
2023-09-27 11:05:00+07:00,12.8,12.9,12.7,12.9,629000.0
2023-09-27 11:06:00+07:00,12.9,12.9,12.8,12.9,13200.0
2023-09-27 11:07:00+07:00,12.8,12.9,12.8,12.9,33300.0
2023-09-27 11:08:00+07:00,12.8,12.9,12.8,12.9,39600.0
2023-09-27 11:09:00+07:00,12.8,12.9,12.8,12.9,33300.0
2023-09-27 11:10:00+07:00,12.9,12.9,12.8,12.9,6400.0
2023-09-27 11:11:00+07:00,12.9,12.9,12.8,12.9,4300.0
2023-09-27 11:12:00+07:00,12.9,12.9,12.8,12.8,12700.0
2023-09-27 11:13:00+07:00,12.9,12.9,12.8,12.9,5700.0
2023-09-27 11:14:00+07:00,12.9,12.9,12.8,12.9,1300.0
2023-09-27 11:17:00+07:00,12.9,12.9,12.8,12.9,3300.0
2023-09-27 11:18:00+07:00,12.8,12.8,12.8,12.8,100.0
2023-09-27 11:20:00+07:00,12.8,12.8,12.8,12.8,500.0
2023-09-27 11:21:00+07:00,12.9,12.9,12.9,12.9,200.0
2023-09-27 11:24:00+07:00,12.8,12.9,12.8,12.9,5000.0
2023-09-27 11:25:00+07:00,12.9,12.9,12.8,12.9,3100.0
2023-09-27 11:26:00+07:00,12.9,12.9,12.9,12.9,100.0
2023-09-27 11:30:00+07:00,12.8,12.9,12.8,12.8,1600.0
2023-09-27 11:32:00+07:00,12.9,12.9,12.8,12.8,11000.0
2023-09-27 11:33:00+07:00,12.9,12.9,12.9,12.9,2600.0
2023-09-27 11:34:00+07:00,12.8,12.9,12.8,12.9,9100.0
2023-09-27 11:36:00+07:00,12.8,12.9,12.8,12.9,3400.0
2023-09-27 11:37:00+07:00,12.8,12.9,12.8,12.9,2600.0
2023-09-27 11:44:00+07:00,12.8,12.9,12.8,12.9,19200.0
2023-09-27 11:45:00+07:00,12.8,12.9,12.8,12.8,2400.0
2023-09-27 11:46:00+07:00,12.8,12.9,12.8,12.9,3700.0
2023-09-27 11:47:00+07:00,12.8,12.9,12.8,12.8,900.0
2023-09-27 11:49:00+07:00,12.8,12.9,12.8,12.9,4200.0
2023-09-27 11:50:00+07:00,12.8,12.9,12.8,12.9,800.0
2023-09-27 11:52:00+07:00,12.8,12.9,12.8,12.8,4300.0
2023-09-27 11:54:00+07:00,12.9,12.9,12.8,12.8,2300.0
2023-09-27 11:55:00+07:00,12.8,12.9,12.8,12.9,23400.0
2023-09-27 11:56:00+07:00,12.9,12.9,12.8,12.9,5800.0
2023-09-27 11:57:00+07:00,12.8,12.9,12.8,12.8,1100.0
2023-09-27 11:58:00+07:00,12.8,12.9,12.8,12.9,1100.0
2023-09-27 11:59:00+07:00,12.8,12.9,12.8,12.9,1700.0
2023-09-27 12:00:00+07:00,12.8,12.9,12.8,12.9,3300.0
2023-09-27 12:01:00+07:00,12.8,12.9,12.8,12.9,900.0
2023-09-27 12:03:00+07:00,12.9,12.9,12.8,12.8,1200.0
2023-09-27 12:05:00+07:00,12.8,12.8,12.7,12.8,516000.0
2023-09-27 12:06:00+07:00,12.9,12.9,12.8,12.8,56800.0
2023-09-27 12:07:00+07:00,12.8,12.9,12.8,12.9,1400.0
2023-09-27 12:08:00+07:00,12.8,12.9,12.8,12.9,8000.0
2023-09-27 12:09:00+07:00,12.8,12.8,12.8,12.8,500.0
2023-09-27 12:10:00+07:00,12.9,12.9,12.8,12.9,1100.0
2023-09-27 12:11:00+07:00,12.8,12.9,12.8,12.8,1400.0
2023-09-27 12:12:00+07:00,12.8,12.9,12.8,12.9,2000.0
2023-09-27 12:20:00+07:00,12.9,12.9,12.8,12.9,1700.0
2023-09-27 12:28:00+07:00,12.8,12.9,12.8,12.9,70000.0
2023-09-27 12:29:00+07:00,12.9,12.9,12.8,12.8,2100.0
2023-09-27 14:28:00+07:00,12.8,12.9,12.8,12.9,124900.0
2023-09-27 14:29:00+07:00,12.9,12.9,12.8,12.9,53400.0
2023-09-27 14:33:00+07:00,12.9,12.9,12.8,12.8,14700.0
2023-09-27 14:34:00+07:00,12.8,12.9,12.8,12.9,7300.0
2023-09-27 14:35:00+07:00,12.8,12.9,12.8,12.9,800.0
2023-09-27 14:36:00+07:00,12.8,12.9,12.8,12.9,9600.0
2023-09-27 14:37:00+07:00,12.8,12.9,12.8,12.9,2000.0
2023-09-27 14:38:00+07:00,12.8,12.9,12.8,12.9,900.0
2023-09-27 14:39:00+07:00,12.8,12.9,12.8,12.9,1100.0
2023-09-27 14:40:00+07:00,12.9,12.9,12.8,12.8,31900.0
2023-09-27 14:41:00+07:00,12.8,12.9,12.8,12.9,2300.0
2023-09-27 14:42:00+07:00,12.9,12.9,12.8,12.9,2400.0
2023-09-27 14:47:00+07:00,12.8,12.9,12.8,12.8,1000.0
2023-09-27 14:48:00+07:00,12.8,12.9,12.8,12.9,1900.0
2023-09-27 14:51:00+07:00,12.8,12.8,12.8,12.8,200.0
2023-09-27 14:52:00+07:00,12.8,12.9,12.8,12.8,400.0
2023-09-27 14:53:00+07:00,12.8,12.9,12.8,12.9,50600.0
2023-09-27 14:54:00+07:00,12.9,12.9,12.8,12.9,34900.0
2023-09-27 14:55:00+07:00,12.9,12.9,12.9,12.9,9600.0
2023-09-27 14:56:00+07:00,12.9,12.9,12.8,12.9,1000.0
2023-09-27 14:57:00+07:00,12.8,12.9,12.8,12.9,2200.0
2023-09-27 14:58:00+07:00,12.8,12.9,12.8,12.9,3900.0
2023-09-27 14:59:00+07:00,12.8,12.9,12.8,12.9,1500.0
2023-09-27 15:00:00+07:00,12.8,12.9,12.8,12.9,9100.0
2023-09-27 15:01:00+07:00,12.8,12.9,12.8,12.9,2100.0
2023-09-27 15:02:00+07:00,12.8,12.9,12.8,12.9,1100.0
2023-09-27 15:03:00+07:00,12.9,12.9,12.9,12.9,4600.0
2023-09-27 15:04:00+07:00,12.8,12.9,12.8,12.8,1000.0
2023-09-27 15:06:00+07:00,12.8,12.9,12.8,12.8,3100.0
2023-09-27 15:10:00+07:00,12.8,12.9,12.8,12.8,700.0
2023-09-27 15:11:00+07:00,12.8,12.9,12.8,12.9,200.0
2023-09-27 15:14:00+07:00,12.9,12.9,12.9,12.9,782900.0
2023-09-27 15:15:00+07:00,12.9,12.9,12.9,12.9,500.0
2023-09-27 15:16:00+07:00,12.9,13.0,12.9,12.9,103800.0
2023-09-27 15:17:00+07:00,12.9,12.9,12.9,12.9,1300.0
2023-09-27 15:18:00+07:00,12.9,12.9,12.9,12.9,1300.0
2023-09-27 15:19:00+07:00,12.9,12.9,12.9,12.9,1800.0
2023-09-27 15:20:00+07:00,12.9,12.9,12.9,12.9,1400.0
2023-09-27 15:21:00+07:00,12.9,12.9,12.9,12.9,1500.0
2023-09-27 15:22:00+07:00,12.9,12.9,12.9,12.9,42200.0
2023-09-27 15:28:00+07:00,13.0,13.0,12.9,12.9,2900.0
2023-09-27 15:30:00+07:00,13.0,13.0,12.9,12.9,107200.0
2023-09-27 15:31:00+07:00,12.9,12.9,12.9,12.9,700.0
2023-09-27 15:32:00+07:00,12.9,12.9,12.9,12.9,1000.0
2023-09-27 15:33:00+07:00,12.9,12.9,12.9,12.9,1100.0
2023-09-27 15:37:00+07:00,13.0,13.0,12.9,12.9,3800.0
2023-09-27 15:43:00+07:00,13.0,13.0,12.9,13.0,12200.0
2023-09-27 15:44:00+07:00,13.0,13.1,13.0,13.1,1755100.0
2023-09-27 15:45:00+07:00,13.2,13.2,13.1,13.1,100700.0
2023-09-27 15:46:00+07:00,13.1,13.2,13.1,13.1,16500.0
2023-09-27 15:47:00+07:00,13.1,13.1,13.1,13.1,50900.0
2023-09-27 15:48:00+07:00,13.1,13.1,13.1,13.1,136400.0
2023-09-27 15:49:00+07:00,13.1,13.1,13.1,13.1,110200.0
2023-09-27 15:50:00+07:00,13.1,13.1,13.1,13.1,4200.0
2023-09-27 15:51:00+07:00,13.1,13.1,13.1,13.1,400.0
2023-09-27 15:52:00+07:00,13.1,13.1,13.1,13.1,400.0
2023-09-27 15:53:00+07:00,13.1,13.2,13.1,13.2,12600.0
2023-09-27 15:54:00+07:00,13.1,13.1,13.1,13.1,12200.0
2023-09-27 15:55:00+07:00,13.1,13.1,13.1,13.1,400.0
2023-09-27 15:56:00+07:00,13.2,13.2,13.1,13.1,35900.0
2023-09-27 15:57:00+07:00,13.1,13.1,13.1,13.1,1000.0
2023-09-27 15:58:00+07:00,13.1,13.2,13.1,13.2,300.0
2023-09-27 15:59:00+07:00,13.1,13.1,13.1,13.1,4800.0
2023-09-27 16:00:00+07:00,13.1,13.1,13.1,13.1,6200.0
2023-09-27 16:01:00+07:00,13.1,13.1,13.1,13.1,5300.0
2023-09-27 16:02:00+07:00,13.1,13.1,13.1,13.1,100.0
2023-09-27 16:03:00+07:00,13.1,13.2,13.1,13.1,700.0
2023-09-27 16:04:00+07:00,13.1,13.1,13.1,13.1,14400.0
2023-09-27 16:05:00+07:00,13.2,13.2,13.1,13.1,3000.0
2023-09-27 16:06:00+07:00,13.1,13.1,13.1,13.1,21800.0
2023-09-27 16:07:00+07:00,13.1,13.1,13.1,13.1,72800.0
2023-09-27 16:08:00+07:00,13.1,13.1,13.1,13.1,28600.0
2023-09-27 16:09:00+07:00,13.1,13.1,13.1,13.1,41100.0
2023-09-27 16:10:00+07:00,13.1,13.1,13.1,13.1,437300.0
2023-09-27 16:11:00+07:00,13.0,13.1,13.0,13.1,124800.0
2023-09-27 16:12:00+07:00,13.0,13.0,13.0,13.0,3000.0
2023-09-27 16:14:00+07:00,13.0,13.0,13.0,13.0,2300.0
2023-09-27 16:15:00+07:00,13.1,13.1,13.0,13.0,10800.0
2023-09-27 16:16:00+07:00,13.0,13.0,13.0,13.0,81000.0
2023-09-27 16:19:00+07:00,13.0,13.0,13.0,13.0,1800.0
2023-09-27 16:21:00+07:00,13.0,13.0,13.0,13.0,10000.0
2023-09-27 16:22:00+07:00,13.0,13.0,13.0,13.0,11900.0
2023-09-27 16:23:00+07:00,13.1,13.1,13.0,13.1,117800.0
2023-09-27 16:24:00+07:00,13.0,13.0,13.0,13.0,500.0
2023-09-27 16:25:00+07:00,13.1,13.1,13.1,13.1,4100.0
2023-09-27 16:26:00+07:00,13.1,13.1,13.1,13.1,9100.0
2023-09-27 16:27:00+07:00,13.0,13.1,13.0,13.1,900.0
2023-09-27 16:28:00+07:00,13.0,13.1,13.0,13.1,33000.0
2023-09-27 16:29:00+07:00,13.1,13.1,13.0,13.0,194900.0
2023-09-27 16:36:00+07:00,13.1,13.1,13.1,13.1,769500.0
2023-09-28 09:57:00+07:00,13.1,13.1,13.1,13.1,348500.0
2023-09-28 09:58:00+07:00,13.2,13.2,13.1,13.1,5100.0
2023-09-28 09:59:00+07:00,13.2,13.2,13.1,13.1,500.0
2023-09-28 10:00:00+07:00,13.1,13.2,13.1,13.2,137500.0
2023-09-28 10:01:00+07:00,13.2,13.2,13.2,13.2,50000.0
2023-09-28 10:02:00+07:00,13.2,13.2,13.1,13.1,7400.0
2023-09-28 10:03:00+07:00,13.1,13.1,13.1,13.1,483700.0
2023-09-28 10:04:00+07:00,13.1,13.1,13.1,13.1,7700.0
2023-09-28 10:05:00+07:00,13.1,13.1,13.1,13.1,279900.0
2023-09-28 10:06:00+07:00,13.1,13.1,13.1,13.1,100.0
2023-09-28 10:08:00+07:00,13.1,13.1,13.1,13.1,66100.0
2023-09-28 10:09:00+07:00,13.2,13.2,13.2,13.2,100.0
2023-09-28 10:11:00+07:00,13.1,13.1,13.1,13.1,2000.0
2023-09-28 10:12:00+07:00,13.2,13.2,13.2,13.2,1000.0
2023-09-28 10:13:00+07:00,13.1,13.1,13.1,13.1,42100.0
2023-09-28 10:14:00+07:00,13.2,13.2,13.2,13.2,2000.0
2023-09-28 10:15:00+07:00,13.1,13.1,13.1,13.1,2200.0
2023-09-28 10:16:00+07:00,13.1,13.1,13.1,13.1,100.0
2023-09-28 10:17:00+07:00,13.1,13.1,13.1,13.1,2000.0
2023-09-28 10:18:00+07:00,13.1,13.1,13.1,13.1,4000.0
2023-09-28 10:20:00+07:00,13.1,13.1,13.1,13.1,10000.0
2023-09-28 10:23:00+07:00,13.2,13.2,13.2,13.2,200.0
2023-09-28 10:24:00+07:00,13.1,13.1,13.1,13.1,700.0
2023-09-28 10:25:00+07:00,13.2,13.2,13.2,13.2,300.0
2023-09-28 10:26:00+07:00,13.2,13.2,13.2,13.2,1000.0
2023-09-28 10:28:00+07:00,13.1,13.1,13.1,13.1,43100.0
2023-09-28 10:30:00+07:00,13.1,13.1,13.1,13.1,500.0
2023-09-28 10:33:00+07:00,13.1,13.1,13.1,13.1,1000.0
2023-09-28 10:34:00+07:00,13.1,13.1,13.1,13.1,100.0
2023-09-28 10:35:00+07:00,13.1,13.1,13.1,13.1,16000.0
2023-09-28 10:38:00+07:00,13.1,13.1,13.1,13.1,5000.0
2023-09-28 10:39:00+07:00,13.1,13.1,13.1,13.1,6100.0
2023-09-28 10:40:00+07:00,13.2,13.2,13.2,13.2,100.0
2023-09-28 10:41:00+07:00,13.1,13.1,13.1,13.1,7500.0
2023-09-28 10:43:00+07:00,13.1,13.1,13.1,13.1,22500.0
2023-09-28 10:44:00+07:00,13.1,13.1,13.1,13.1,7400.0
2023-09-28 10:45:00+07:00,13.1,13.1,13.1,13.1,69600.0
2023-09-28 10:46:00+07:00,13.1,13.1,13.1,13.1,6000.0
2023-09-28 10:48:00+07:00,13.2,13.2,13.2,13.2,2800.0
2023-09-28 10:49:00+07:00,13.1,13.2,13.1,13.2,11100.0
2023-09-28 10:50:00+07:00,13.1,13.1,13.1,13.1,9500.0
2023-09-28 10:52:00+07:00,13.2,13.2,13.1,13.1,19700.0
2023-09-28 10:53:00+07:00,13.1,13.1,13.1,13.1,12900.0
2023-09-28 10:54:00+07:00,13.1,13.1,13.1,13.1,42300.0
2023-09-28 10:55:00+07:00,13.1,13.1,13.1,13.1,9600.0
2023-09-28 10:58:00+07:00,13.2,13.2,13.2,13.2,400.0
2023-09-28 10:59:00+07:00,13.1,13.1,13.1,13.1,13700.0
2023-09-28 11:00:00+07:00,13.1,13.1,13.1,13.1,4500.0
2023-09-28 11:01:00+07:00,13.1,13.1,13.1,13.1,12300.0
2023-09-28 11:02:00+07:00,13.1,13.1,13.1,13.1,11000.0
2023-09-28 11:03:00+07:00,13.1,13.3,13.1,13.3,1553700.0
2023-09-28 11:04:00+07:00,13.3,13.3,13.2,13.3,5200.0
2023-09-28 11:05:00+07:00,13.2,13.3,13.2,13.3,22300.0
2023-09-28 11:06:00+07:00,13.3,13.3,13.2,13.3,52500.0
2023-09-28 11:07:00+07:00,13.2,13.3,13.2,13.3,155300.0
2023-09-28 11:08:00+07:00,13.3,13.3,13.3,13.3,868000.0
2023-09-28 11:09:00+07:00,13.3,13.3,13.2,13.2,103800.0
2023-09-28 11:10:00+07:00,13.2,13.3,13.2,13.3,47400.0
2023-09-28 11:11:00+07:00,13.3,13.3,13.3,13.3,20000.0
2023-09-28 11:12:00+07:00,13.3,13.3,13.2,13.2,1429700.0
2023-09-28 11:13:00+07:00,13.2,13.2,13.2,13.2,8100.0
2023-09-28 11:14:00+07:00,13.2,13.3,13.2,13.3,417500.0
2023-09-28 11:15:00+07:00,13.2,13.2,13.2,13.2,70100.0
2023-09-28 11:16:00+07:00,13.2,13.2,13.2,13.2,1000.0
2023-09-28 11:17:00+07:00,13.2,13.2,13.2,13.2,5000.0
2023-09-28 11:20:00+07:00,13.2,13.2,13.2,13.2,20000.0
2023-09-28 11:21:00+07:00,13.2,13.2,13.2,13.2,500.0
2023-09-28 11:23:00+07:00,13.1,13.2,13.1,13.2,2100.0
2023-09-28 11:24:00+07:00,13.2,13.2,13.2,13.2,5000.0
2023-09-28 11:30:00+07:00,13.1,13.1,13.1,13.1,200.0
2023-09-28 11:35:00+07:00,13.1,13.2,13.1,13.1,23800.0
2023-09-28 11:39:00+07:00,13.2,13.2,13.2,13.2,200.0
2023-09-28 11:41:00+07:00,13.1,13.1,13.1,13.1,500.0
2023-09-28 11:44:00+07:00,13.1,13.1,13.1,13.1,2000.0
2023-09-28 11:45:00+07:00,13.1,13.1,13.1,13.1,100.0
2023-09-28 11:46:00+07:00,13.1,13.1,13.1,13.1,400.0
2023-09-28 11:47:00+07:00,13.2,13.2,13.2,13.2,200.0
2023-09-28 11:48:00+07:00,13.1,13.1,13.1,13.1,10000.0
2023-09-28 11:49:00+07:00,13.1,13.1,13.1,13.1,963900.0
2023-09-28 11:50:00+07:00,13.1,13.1,13.1,13.1,100.0
2023-09-28 11:51:00+07:00,13.0,13.0,13.0,13.0,5000.0
2023-09-28 11:52:00+07:00,13.0,13.0,13.0,13.0,4000.0
2023-09-28 11:53:00+07:00,13.0,13.0,13.0,13.0,7000.0
2023-09-28 11:54:00+07:00,13.0,13.0,13.0,13.0,800.0
2023-09-28 11:55:00+07:00,13.0,13.0,13.0,13.0,1311700.0
2023-09-28 11:56:00+07:00,13.0,13.0,13.0,13.0,7600.0
2023-09-28 11:57:00+07:00,13.0,13.0,13.0,13.0,137000.0
2023-09-28 11:58:00+07:00,13.0,13.0,13.0,13.0,9900.0
2023-09-28 12:00:00+07:00,13.0,13.0,13.0,13.0,42100.0
2023-09-28 12:02:00+07:00,13.0,13.0,13.0,13.0,100.0
2023-09-28 12:03:00+07:00,13.0,13.0,13.0,13.0,9300.0
2023-09-28 12:06:00+07:00,13.0,13.0,13.0,13.0,6000.0
2023-09-28 12:09:00+07:00,13.0,13.0,13.0,13.0,370900.0
2023-09-28 12:10:00+07:00,13.0,13.0,13.0,13.0,467700.0
2023-09-28 12:11:00+07:00,13.0,13.0,13.0,13.0,400.0
2023-09-28 12:13:00+07:00,13.0,13.0,13.0,13.0,300.0
2023-09-28 12:14:00+07:00,13.1,13.1,13.1,13.1,1000.0
2023-09-28 12:16:00+07:00,13.1,13.1,13.1,13.1,2200.0
2023-09-28 12:17:00+07:00,13.0,13.0,13.0,13.0,600.0
2023-09-28 12:22:00+07:00,13.1,13.1,13.1,13.1,2000.0
2023-09-28 12:26:00+07:00,13.0,13.1,13.0,13.1,6500.0
2023-09-28 12:27:00+07:00,13.1,13.1,13.1,13.1,1043400.0
2023-09-28 12:28:00+07:00,13.1,13.2,13.1,13.1,3300.0
2023-09-28 12:29:00+07:00,13.1,13.2,13.1,13.1,334100.0
2023-09-28 14:27:00+07:00,13.0,13.1,13.0,13.1,612400.0
2023-09-28 14:28:00+07:00,13.1,13.1,13.1,13.1,1000.0
2023-09-28 14:30:00+07:00,13.1,13.1,13.1,13.1,35000.0
2023-09-28 14:33:00+07:00,13.1,13.1,13.1,13.1,100200.0
2023-09-28 14:34:00+07:00,13.1,13.1,13.1,13.1,300.0
2023-09-28 14:35:00+07:00,13.1,13.1,13.1,13.1,3100.0
2023-09-28 14:36:00+07:00,13.1,13.1,13.1,13.1,300.0
2023-09-28 14:37:00+07:00,13.1,13.2,13.1,13.2,700.0
2023-09-28 14:39:00+07:00,13.1,13.1,13.1,13.1,300.0
2023-09-28 14:40:00+07:00,13.1,13.1,13.1,13.1,200.0
2023-09-28 14:41:00+07:00,13.1,13.1,13.1,13.1,400.0
2023-09-28 14:42:00+07:00,13.2,13.2,13.1,13.1,5500.0
2023-09-28 14:45:00+07:00,13.1,13.1,13.1,13.1,1000.0
2023-09-28 14:47:00+07:00,13.1,13.2,13.1,13.2,10100.0
2023-09-28 14:48:00+07:00,13.1,13.1,13.1,13.1,6500.0
2023-09-28 14:52:00+07:00,13.1,13.1,13.1,13.1,50000.0
2023-09-28 14:53:00+07:00,13.1,13.1,13.1,13.1,8000.0
2023-09-28 14:54:00+07:00,13.1,13.1,13.1,13.1,30300.0
2023-09-28 14:55:00+07:00,13.1,13.1,13.1,13.1,5100.0
2023-09-28 14:56:00+07:00,13.1,13.1,13.1,13.1,8700.0
2023-09-28 14:57:00+07:00,13.1,13.1,13.1,13.1,7800.0
2023-09-28 14:58:00+07:00,13.1,13.1,13.1,13.1,55700.0
2023-09-28 14:59:00+07:00,13.1,13.1,13.1,13.1,16700.0
2023-09-28 15:00:00+07:00,13.1,13.1,13.1,13.1,10000.0
2023-09-28 15:01:00+07:00,13.1,13.1,13.1,13.1,72100.0
2023-09-28 15:02:00+07:00,13.1,13.1,13.1,13.1,100.0
2023-09-28 15:03:00+07:00,13.1,13.1,13.1,13.1,20100.0
2023-09-28 15:06:00+07:00,13.1,13.1,13.1,13.1,41400.0
2023-09-28 15:07:00+07:00,13.1,13.1,13.1,13.1,27900.0
2023-09-28 15:08:00+07:00,13.1,13.1,13.1,13.1,15900.0
2023-09-28 15:09:00+07:00,13.1,13.1,13.1,13.1,20800.0
2023-09-28 15:11:00+07:00,13.2,13.2,13.1,13.1,22900.0
2023-09-28 15:12:00+07:00,13.1,13.1,13.1,13.1,13900.0
2023-09-28 15:13:00+07:00,13.1,13.1,13.1,13.1,11400.0
2023-09-28 15:14:00+07:00,13.1,13.1,13.1,13.1,57300.0
2023-09-28 15:15:00+07:00,13.1,13.1,13.1,13.1,23200.0
2023-09-28 15:17:00+07:00,13.2,13.2,13.1,13.1,52100.0
2023-09-28 15:18:00+07:00,13.1,13.1,13.1,13.1,22500.0
2023-09-28 15:19:00+07:00,13.1,13.1,13.1,13.1,20100.0
2023-09-28 15:20:00+07:00,13.1,13.1,13.1,13.1,34100.0
2023-09-28 15:22:00+07:00,13.2,13.2,13.1,13.1,38200.0
2023-09-28 15:23:00+07:00,13.1,13.1,13.1,13.1,366600.0
2023-09-28 15:24:00+07:00,13.1,13.1,13.0,13.0,243600.0
2023-09-28 15:25:00+07:00,13.0,13.1,13.0,13.0,4400.0
2023-09-28 15:26:00+07:00,13.0,13.0,13.0,13.0,10000.0
2023-09-28 15:27:00+07:00,13.0,13.0,13.0,13.0,5200.0
2023-09-28 15:28:00+07:00,13.0,13.0,13.0,13.0,800.0
2023-09-28 15:29:00+07:00,13.0,13.0,13.0,13.0,8200.0
2023-09-28 15:30:00+07:00,13.0,13.0,13.0,13.0,7600.0
2023-09-28 15:31:00+07:00,13.0,13.0,13.0,13.0,900.0
2023-09-28 15:32:00+07:00,13.0,13.0,13.0,13.0,5600.0
2023-09-28 15:33:00+07:00,13.1,13.1,13.1,13.1,362100.0
2023-09-28 15:34:00+07:00,13.0,13.0,13.0,13.0,5100.0
2023-09-28 15:35:00+07:00,13.0,13.0,13.0,13.0,4300.0
2023-09-28 15:38:00+07:00,13.0,13.0,13.0,13.0,1000.0
2023-09-28 15:39:00+07:00,13.1,13.1,13.1,13.1,636800.0
2023-09-28 15:40:00+07:00,13.2,13.2,13.1,13.1,800.0
2023-09-28 15:42:00+07:00,13.1,13.1,13.1,13.1,5600.0
2023-09-28 15:44:00+07:00,13.1,13.1,13.1,13.1,11500.0
2023-09-28 15:45:00+07:00,13.1,13.2,13.1,13.1,2600.0
2023-09-28 15:47:00+07:00,13.1,13.1,13.1,13.1,2300.0
2023-09-28 15:50:00+07:00,13.1,13.1,13.0,13.0,207800.0
2023-09-28 15:51:00+07:00,13.1,13.1,13.1,13.1,751400.0
2023-09-28 15:52:00+07:00,13.1,13.1,13.1,13.1,1100.0
2023-09-28 15:53:00+07:00,13.1,13.1,13.1,13.1,1600.0
2023-09-28 15:55:00+07:00,13.1,13.1,13.1,13.1,2400.0
2023-09-28 15:56:00+07:00,13.1,13.1,13.1,13.1,1000.0
2023-09-28 15:57:00+07:00,13.1,13.1,13.1,13.1,600.0
2023-09-28 15:58:00+07:00,13.2,13.2,13.1,13.1,1800.0
2023-09-28 15:59:00+07:00,13.1,13.2,13.1,13.2,2700.0
2023-09-28 16:00:00+07:00,13.1,13.2,13.1,13.1,1300.0
2023-09-28 16:01:00+07:00,13.2,13.2,13.1,13.1,55600.0
2023-09-28 16:02:00+07:00,13.1,13.1,13.1,13.1,700.0
2023-09-28 16:03:00+07:00,13.1,13.1,13.1,13.1,500.0
2023-09-28 16:04:00+07:00,13.2,13.2,13.1,13.1,8300.0
2023-09-28 16:05:00+07:00,13.1,13.1,13.1,13.1,1000.0
2023-09-28 16:06:00+07:00,13.2,13.2,13.1,13.1,4300.0
2023-09-28 16:07:00+07:00,13.1,13.1,13.1,13.1,4000.0
2023-09-28 16:08:00+07:00,13.1,13.1,13.1,13.1,100.0
2023-09-28 16:09:00+07:00,13.1,13.1,13.1,13.1,1700.0
2023-09-28 16:10:00+07:00,13.1,13.1,13.1,13.1,15500.0
2023-09-28 16:11:00+07:00,13.1,13.1,13.1,13.1,100600.0
2023-09-28 16:12:00+07:00,13.1,13.1,13.1,13.1,4100.0
2023-09-28 16:13:00+07:00,13.1,13.2,13.1,13.1,7600.0
2023-09-28 16:14:00+07:00,13.1,13.1,13.1,13.1,800.0
2023-09-28 16:15:00+07:00,13.1,13.2,13.1,13.1,6700.0
2023-09-28 16:16:00+07:00,13.1,13.2,13.1,13.1,16600.0
2023-09-28 16:17:00+07:00,13.1,13.2,13.1,13.2,19600.0
2023-09-28 16:18:00+07:00,13.1,13.2,13.1,13.1,6600.0
2023-09-28 16:19:00+07:00,13.1,13.2,13.1,13.1,42800.0
2023-09-28 16:20:00+07:00,13.1,13.2,13.1,13.1,107600.0
2023-09-28 16:21:00+07:00,13.1,13.2,13.1,13.1,306100.0
2023-09-28 16:22:00+07:00,13.1,13.2,13.1,13.1,34500.0
2023-09-28 16:23:00+07:00,13.1,13.2,13.1,13.1,619400.0
2023-09-28 16:24:00+07:00,13.1,13.2,13.0,13.1,529700.0
2023-09-28 16:25:00+07:00,13.1,13.2,13.1,13.2,146500.0
2023-09-28 16:26:00+07:00,13.1,13.2,13.0,13.2,254500.0
2023-09-28 16:27:00+07:00,13.1,13.2,13.1,13.1,59300.0
2023-09-28 16:28:00+07:00,13.1,13.2,13.1,13.1,88000.0
2023-09-28 16:29:00+07:00,13.2,13.2,13.0,13.1,97600.0
2023-09-28 16:35:00+07:00,13.1,13.1,13.1,13.1,1628800.0
2023-09-29 09:55:00+07:00,13.1,13.1,13.0,13.1,457800.0
2023-09-29 09:56:00+07:00,13.1,13.1,13.1,13.1,135600.0
2023-09-29 09:57:00+07:00,13.1,13.1,13.1,13.1,100.0
2023-09-29 09:58:00+07:00,13.1,13.1,13.1,13.1,503800.0
2023-09-29 09:59:00+07:00,13.1,13.1,13.1,13.1,7900.0
2023-09-29 10:00:00+07:00,13.1,13.1,13.1,13.1,272200.0
2023-09-29 10:01:00+07:00,13.1,13.1,13.1,13.1,163000.0
2023-09-29 10:02:00+07:00,13.1,13.2,13.1,13.2,18400.0
2023-09-29 10:03:00+07:00,13.1,13.2,13.1,13.2,2100.0
2023-09-29 10:04:00+07:00,13.2,13.2,13.2,13.2,300.0
2023-09-29 10:05:00+07:00,13.1,13.1,13.1,13.1,200.0
2023-09-29 10:06:00+07:00,13.1,13.1,13.1,13.1,5600.0
2023-09-29 10:08:00+07:00,13.1,13.1,13.1,13.1,290700.0
2023-09-29 10:11:00+07:00,13.0,13.0,13.0,13.0,2300.0
2023-09-29 10:14:00+07:00,13.0,13.0,13.0,13.0,6700.0
2023-09-29 10:16:00+07:00,13.0,13.0,13.0,13.0,4900.0
2023-09-29 10:18:00+07:00,13.0,13.0,13.0,13.0,400.0
2023-09-29 10:19:00+07:00,13.0,13.0,13.0,13.0,9400.0
2023-09-29 10:20:00+07:00,13.1,13.1,13.1,13.1,1100.0
2023-09-29 10:21:00+07:00,13.1,13.1,13.1,13.1,500.0
2023-09-29 10:22:00+07:00,13.0,13.0,13.0,13.0,5100.0
2023-09-29 10:24:00+07:00,13.0,13.0,13.0,13.0,500.0
2023-09-29 10:25:00+07:00,13.0,13.0,13.0,13.0,5200.0
2023-09-29 10:26:00+07:00,13.0,13.0,13.0,13.0,10700.0
2023-09-29 10:27:00+07:00,13.0,13.0,13.0,13.0,9700.0
2023-09-29 10:28:00+07:00,13.0,13.0,12.9,12.9,524300.0
2023-09-29 10:29:00+07:00,12.9,12.9,12.9,12.9,11300.0
2023-09-29 10:30:00+07:00,12.9,12.9,12.9,12.9,500.0
2023-09-29 10:31:00+07:00,12.9,12.9,12.9,12.9,6100.0
2023-09-29 10:32:00+07:00,13.0,13.0,13.0,13.0,659600.0
2023-09-29 10:33:00+07:00,13.0,13.0,12.9,12.9,136400.0
2023-09-29 10:34:00+07:00,12.9,12.9,12.9,12.9,800.0
2023-09-29 10:35:00+07:00,12.9,12.9,12.9,12.9,2200.0
2023-09-29 10:37:00+07:00,12.9,12.9,12.9,12.9,300.0
2023-09-29 10:38:00+07:00,12.9,12.9,12.9,12.9,300.0
2023-09-29 10:39:00+07:00,12.9,12.9,12.9,12.9,3100.0
2023-09-29 10:40:00+07:00,12.9,13.0,12.9,12.9,300.0
2023-09-29 10:41:00+07:00,12.9,12.9,12.9,12.9,700.0
2023-09-29 10:42:00+07:00,12.9,13.0,12.9,12.9,3100.0
2023-09-29 10:44:00+07:00,13.0,13.0,13.0,13.0,100.0
2023-09-29 10:45:00+07:00,12.9,12.9,12.9,12.9,200.0
2023-09-29 10:46:00+07:00,13.0,13.0,13.0,13.0,100.0
2023-09-29 10:49:00+07:00,13.0,13.0,13.0,13.0,100.0
2023-09-29 10:50:00+07:00,12.9,13.0,12.9,13.0,220700.0
2023-09-29 10:51:00+07:00,13.0,13.0,13.0,13.0,3000.0
2023-09-29 10:52:00+07:00,13.0,13.0,13.0,13.0,51600.0
2023-09-29 10:53:00+07:00,13.0,13.0,13.0,13.0,2400.0
2023-09-29 10:54:00+07:00,13.0,13.0,13.0,13.0,200.0
2023-09-29 10:55:00+07:00,13.0,13.0,13.0,13.0,500.0
2023-09-29 10:56:00+07:00,13.0,13.0,13.0,13.0,84800.0
2023-09-29 10:57:00+07:00,12.9,13.0,12.9,13.0,65300.0
2023-09-29 10:58:00+07:00,13.0,13.0,13.0,13.0,1800.0
2023-09-29 10:59:00+07:00,12.9,12.9,12.9,12.9,500.0
2023-09-29 11:00:00+07:00,13.0,13.0,13.0,13.0,42200.0
2023-09-29 11:01:00+07:00,13.0,13.0,13.0,13.0,522200.0
2023-09-29 11:03:00+07:00,13.0,13.0,13.0,13.0,307000.0
2023-09-29 11:04:00+07:00,13.0,13.0,13.0,13.0,195600.0
2023-09-29 11:05:00+07:00,13.0,13.0,13.0,13.0,22200.0
2023-09-29 11:07:00+07:00,13.0,13.0,13.0,13.0,900.0
2023-09-29 11:09:00+07:00,13.0,13.0,13.0,13.0,43100.0
2023-09-29 11:10:00+07:00,13.0,13.0,13.0,13.0,1500.0
2023-09-29 11:12:00+07:00,13.0,13.0,13.0,13.0,700.0
2023-09-29 11:13:00+07:00,12.9,12.9,12.9,12.9,2300.0
2023-09-29 11:20:00+07:00,12.9,12.9,12.9,12.9,2400.0
2023-09-29 11:21:00+07:00,13.0,13.0,13.0,13.0,3000.0
2023-09-29 11:22:00+07:00,13.0,13.0,12.9,12.9,300.0
2023-09-29 11:23:00+07:00,13.0,13.0,12.9,12.9,422000.0
2023-09-29 11:25:00+07:00,13.0,13.0,13.0,13.0,100.0
2023-09-29 11:26:00+07:00,13.0,13.0,13.0,13.0,100.0
2023-09-29 11:27:00+07:00,13.0,13.0,13.0,13.0,19500.0
2023-09-29 11:28:00+07:00,13.0,13.0,13.0,13.0,202100.0
2023-09-29 11:29:00+07:00,13.0,13.0,13.0,13.0,5300.0
2023-09-29 11:36:00+07:00,13.0,13.0,13.0,13.0,2900.0
2023-09-29 11:43:00+07:00,13.0,13.0,13.0,13.0,2500.0
2023-09-29 11:44:00+07:00,13.0,13.0,13.0,13.0,100.0
2023-09-29 11:46:00+07:00,13.0,13.0,13.0,13.0,200.0
2023-09-29 11:47:00+07:00,13.0,13.0,13.0,13.0,100.0
2023-09-29 11:51:00+07:00,13.0,13.0,13.0,13.0,2800.0
2023-09-29 11:55:00+07:00,13.0,13.0,13.0,13.0,500.0
2023-09-29 11:56:00+07:00,13.0,13.0,13.0,13.0,1200.0
2023-09-29 11:59:00+07:00,13.0,13.0,13.0,13.0,2500.0
2023-09-29 12:00:00+07:00,13.0,13.0,13.0,13.0,10300.0
2023-09-29 12:01:00+07:00,13.0,13.0,13.0,13.0,13700.0
2023-09-29 12:02:00+07:00,13.0,13.0,13.0,13.0,100.0
2023-09-29 12:07:00+07:00,13.0,13.0,13.0,13.0,2800.0
2023-09-29 12:08:00+07:00,13.0,13.0,13.0,13.0,400.0
2023-09-29 12:10:00+07:00,13.0,13.0,13.0,13.0,400.0
2023-09-29 12:12:00+07:00,13.0,13.0,13.0,13.0,2400.0
2023-09-29 12:14:00+07:00,13.0,13.0,13.0,13.0,2700.0
2023-09-29 12:15:00+07:00,13.1,13.1,13.0,13.0,3000.0
2023-09-29 12:19:00+07:00,13.0,13.0,13.0,13.0,5900.0
2023-09-29 12:22:00+07:00,13.0,13.0,13.0,13.0,3600.0
2023-09-29 12:24:00+07:00,13.0,13.0,13.0,13.0,900.0
2023-09-29 12:25:00+07:00,13.1,13.1,13.0,13.0,4600.0
2023-09-29 12:29:00+07:00,13.0,13.1,13.0,13.1,300.0
2023-09-29 14:29:00+07:00,13.1,13.1,13.1,13.1,229900.0
2023-09-29 14:30:00+07:00,13.0,13.0,13.0,13.0,15300.0
2023-09-29 14:32:00+07:00,13.1,13.1,13.1,13.1,2200.0
2023-09-29 14:36:00+07:00,13.0,13.1,13.0,13.0,31500.0
2023-09-29 14:37:00+07:00,13.0,13.0,13.0,13.0,700.0
2023-09-29 14:38:00+07:00,13.0,13.1,13.0,13.1,8600.0
2023-09-29 14:39:00+07:00,13.1,13.1,13.0,13.0,4700.0
2023-09-29 14:40:00+07:00,13.1,13.1,13.1,13.1,2400.0
2023-09-29 14:41:00+07:00,13.0,13.0,13.0,13.0,800.0
2023-09-29 14:42:00+07:00,13.0,13.0,13.0,13.0,1200.0
2023-09-29 14:44:00+07:00,13.0,13.0,13.0,13.0,2300.0
2023-09-29 14:45:00+07:00,13.0,13.1,13.0,13.0,11200.0
2023-09-29 14:46:00+07:00,13.0,13.1,13.0,13.1,3900.0
2023-09-29 14:47:00+07:00,13.0,13.0,13.0,13.0,15600.0
2023-09-29 14:48:00+07:00,13.0,13.1,13.0,13.1,3100.0
2023-09-29 14:49:00+07:00,13.0,13.1,13.0,13.1,5600.0
2023-09-29 14:50:00+07:00,13.0,13.1,13.0,13.1,11500.0
2023-09-29 14:51:00+07:00,13.0,13.0,13.0,13.0,700.0
2023-09-29 14:52:00+07:00,13.0,13.1,13.0,13.0,3200.0
2023-09-29 14:53:00+07:00,13.0,13.1,13.0,13.1,25400.0
2023-09-29 14:54:00+07:00,13.0,13.1,13.0,13.0,13200.0
2023-09-29 14:55:00+07:00,13.0,13.0,13.0,13.0,9700.0
2023-09-29 14:56:00+07:00,13.1,13.1,13.1,13.1,3900.0
2023-09-29 14:57:00+07:00,13.0,13.0,13.0,13.0,10800.0
2023-09-29 14:58:00+07:00,13.0,13.0,13.0,13.0,13300.0
2023-09-29 14:59:00+07:00,13.0,13.1,13.0,13.0,9900.0
2023-09-29 15:00:00+07:00,13.0,13.0,13.0,13.0,53500.0
2023-09-29 15:01:00+07:00,13.0,13.0,13.0,13.0,5200.0
2023-09-29 15:02:00+07:00,13.0,13.1,13.0,13.0,19000.0
2023-09-29 15:03:00+07:00,13.0,13.0,13.0,13.0,4800.0
2023-09-29 15:04:00+07:00,13.0,13.0,13.0,13.0,6000.0
2023-09-29 15:05:00+07:00,13.1,13.1,13.0,13.0,24600.0
2023-09-29 15:06:00+07:00,13.0,13.0,13.0,13.0,9300.0
2023-09-29 15:07:00+07:00,13.0,13.1,13.0,13.0,22600.0
2023-09-29 15:08:00+07:00,13.0,13.0,13.0,13.0,14600.0
2023-09-29 15:09:00+07:00,13.0,13.1,13.0,13.0,24900.0
2023-09-29 15:10:00+07:00,13.0,13.1,13.0,13.1,11800.0
2023-09-29 15:11:00+07:00,13.0,13.0,13.0,13.0,12000.0
2023-09-29 15:12:00+07:00,13.0,13.0,13.0,13.0,11700.0
2023-09-29 15:13:00+07:00,13.1,13.1,13.0,13.0,17000.0
2023-09-29 15:14:00+07:00,13.0,13.0,13.0,13.0,7700.0
2023-09-29 15:15:00+07:00,13.0,13.1,13.0,13.0,14900.0
2023-09-29 15:16:00+07:00,13.0,13.1,13.0,13.1,476500.0
2023-09-29 15:17:00+07:00,13.0,13.1,13.0,13.0,4500.0
2023-09-29 15:18:00+07:00,13.1,13.1,13.0,13.0,1300.0
2023-09-29 15:19:00+07:00,13.0,13.1,13.0,13.0,4000.0
2023-09-29 15:20:00+07:00,13.0,13.0,13.0,13.0,1100.0
2023-09-29 15:21:00+07:00,13.0,13.1,13.0,13.0,4400.0
2023-09-29 15:22:00+07:00,13.0,13.0,13.0,13.0,1000.0
2023-09-29 15:23:00+07:00,13.1,13.1,13.1,13.1,7000.0
2023-09-29 15:25:00+07:00,13.0,13.1,13.0,13.1,7700.0
2023-09-29 15:26:00+07:00,13.0,13.0,13.0,13.0,500.0
2023-09-29 15:27:00+07:00,13.1,13.1,13.0,13.0,8500.0
2023-09-29 15:28:00+07:00,13.1,13.1,13.1,13.1,2500.0
2023-09-29 15:29:00+07:00,13.1,13.1,13.1,13.1,2300.0
2023-09-29 15:30:00+07:00,13.0,13.1,13.0,13.1,20000.0
2023-09-29 15:31:00+07:00,13.0,13.0,13.0,13.0,4100.0
2023-09-29 15:32:00+07:00,13.1,13.1,13.1,13.1,3800.0
2023-09-29 15:33:00+07:00,13.1,13.1,13.1,13.1,7000.0
2023-09-29 15:34:00+07:00,13.1,13.1,13.0,13.0,9900.0
2023-09-29 15:35:00+07:00,13.0,13.1,13.0,13.1,25100.0
2023-09-29 15:36:00+07:00,13.0,13.0,13.0,13.0,5300.0
2023-09-29 15:37:00+07:00,13.0,13.1,13.0,13.1,132700.0
2023-09-29 15:38:00+07:00,13.1,13.1,13.1,13.1,6500.0
2023-09-29 15:39:00+07:00,13.0,13.1,13.0,13.1,8700.0
2023-09-29 15:40:00+07:00,13.0,13.0,13.0,13.0,58400.0
2023-09-29 15:41:00+07:00,13.0,13.0,13.0,13.0,30400.0
2023-09-29 15:42:00+07:00,13.0,13.0,13.0,13.0,8500.0
2023-09-29 15:43:00+07:00,13.0,13.0,13.0,13.0,16700.0
2023-09-29 15:46:00+07:00,13.0,13.1,13.0,13.0,35300.0
2023-09-29 15:48:00+07:00,13.0,13.0,13.0,13.0,12000.0
2023-09-29 15:49:00+07:00,13.0,13.0,13.0,13.0,11600.0
2023-09-29 15:51:00+07:00,13.0,13.0,13.0,13.0,20300.0
2023-09-29 15:54:00+07:00,13.0,13.0,13.0,13.0,18000.0
2023-09-29 15:55:00+07:00,13.1,13.1,13.0,13.0,9600.0
2023-09-29 15:56:00+07:00,13.0,13.0,13.0,13.0,8000.0
2023-09-29 15:57:00+07:00,13.0,13.0,13.0,13.0,6900.0
2023-09-29 15:58:00+07:00,13.0,13.1,13.0,13.1,4500.0
2023-09-29 15:59:00+07:00,13.0,13.0,13.0,13.0,600.0
2023-09-29 16:00:00+07:00,13.0,13.1,13.0,13.1,11200.0
2023-09-29 16:01:00+07:00,13.0,13.0,13.0,13.0,16000.0
2023-09-29 16:02:00+07:00,13.0,13.1,13.0,13.0,10100.0
2023-09-29 16:03:00+07:00,13.0,13.0,13.0,13.0,3000.0
2023-09-29 16:04:00+07:00,13.0,13.1,13.0,13.1,4200.0
2023-09-29 16:05:00+07:00,13.0,13.0,13.0,13.0,23400.0
2023-09-29 16:06:00+07:00,13.0,13.1,13.0,13.0,13100.0
2023-09-29 16:07:00+07:00,13.0,13.0,13.0,13.0,12400.0
2023-09-29 16:08:00+07:00,13.0,13.1,13.0,13.0,18000.0
2023-09-29 16:09:00+07:00,13.0,13.0,13.0,13.0,57600.0
2023-09-29 16:10:00+07:00,13.0,13.0,13.0,13.0,6400.0
2023-09-29 16:11:00+07:00,13.0,13.0,13.0,13.0,11600.0
2023-09-29 16:12:00+07:00,13.0,13.0,13.0,13.0,12200.0
2023-09-29 16:13:00+07:00,13.0,13.1,13.0,13.0,11100.0
2023-09-29 16:14:00+07:00,13.0,13.1,13.0,13.1,11800.0
2023-09-29 16:15:00+07:00,13.1,13.1,13.0,13.0,13700.0
2023-09-29 16:16:00+07:00,13.0,13.1,13.0,13.1,11100.0
2023-09-29 16:17:00+07:00,13.0,13.1,13.0,13.0,13800.0
2023-09-29 16:18:00+07:00,13.0,13.1,13.0,13.1,13900.0
2023-09-29 16:19:00+07:00,13.1,13.1,13.0,13.0,12500.0
2023-09-29 16:20:00+07:00,13.0,13.1,13.0,13.1,24100.0
2023-09-29 16:21:00+07:00,13.0,13.1,13.0,13.1,28100.0
2023-09-29 16:22:00+07:00,13.0,13.1,13.0,13.0,734100.0
2023-09-29 16:23:00+07:00,13.0,13.0,13.0,13.0,27100.0
2023-09-29 16:24:00+07:00,13.0,13.0,13.0,13.0,27300.0
2023-09-29 16:25:00+07:00,13.0,13.0,13.0,13.0,64600.0
2023-09-29 16:26:00+07:00,13.0,13.0,13.0,13.0,19000.0
2023-09-29 16:27:00+07:00,13.0,13.0,13.0,13.0,60700.0
2023-09-29 16:28:00+07:00,13.0,13.1,13.0,13.0,66400.0
2023-09-29 16:29:00+07:00,13.1,13.1,13.0,13.0,47800.0
2023-09-29 16:38:00+07:00,13.0,13.0,13.0,13.0,1400900.0
2023-10-02 09:58:00+07:00,13.0,13.0,13.0,13.0,351100.0
2023-10-02 10:00:00+07:00,13.0,13.0,13.0,13.0,206200.0
2023-10-02 10:01:00+07:00,13.0,13.0,12.9,12.9,36500.0
2023-10-02 10:03:00+07:00,13.0,13.0,12.9,12.9,34500.0
2023-10-02 10:04:00+07:00,12.9,13.0,12.9,12.9,27800.0
2023-10-02 10:05:00+07:00,12.9,12.9,12.9,12.9,300.0
2023-10-02 10:06:00+07:00,12.9,12.9,12.9,12.9,802100.0
2023-10-02 10:07:00+07:00,12.9,12.9,12.8,12.9,57900.0
2023-10-02 10:08:00+07:00,12.8,12.9,12.8,12.8,7400.0
2023-10-02 10:09:00+07:00,12.9,12.9,12.8,12.9,9500.0
2023-10-02 10:10:00+07:00,12.8,12.9,12.8,12.9,50300.0
2023-10-02 10:11:00+07:00,12.9,12.9,12.8,12.9,11500.0
2023-10-02 10:12:00+07:00,12.8,12.9,12.8,12.9,22100.0
2023-10-02 10:13:00+07:00,12.8,12.9,12.8,12.9,21300.0
2023-10-02 10:14:00+07:00,12.8,12.9,12.8,12.9,27600.0
2023-10-02 10:15:00+07:00,12.9,12.9,12.8,12.9,7700.0
2023-10-02 10:16:00+07:00,12.9,12.9,12.8,12.8,11200.0
2023-10-02 10:17:00+07:00,12.9,12.9,12.8,12.9,155300.0
2023-10-02 10:18:00+07:00,12.8,12.9,12.8,12.9,7800.0
2023-10-02 10:20:00+07:00,12.8,12.9,12.8,12.9,31800.0
2023-10-02 10:21:00+07:00,12.8,12.9,12.8,12.9,7100.0
2023-10-02 10:23:00+07:00,12.9,12.9,12.9,12.9,100.0
2023-10-02 10:24:00+07:00,12.9,12.9,12.9,12.9,7200.0
2023-10-02 10:25:00+07:00,12.8,12.8,12.8,12.8,8200.0
2023-10-02 10:26:00+07:00,12.9,12.9,12.8,12.9,13500.0
2023-10-02 10:27:00+07:00,12.8,12.9,12.8,12.9,10200.0
2023-10-02 10:28:00+07:00,12.9,12.9,12.8,12.9,9600.0
2023-10-02 10:29:00+07:00,12.8,12.9,12.8,12.9,9400.0
2023-10-02 10:30:00+07:00,12.8,12.9,12.8,12.9,47500.0
2023-10-02 10:31:00+07:00,12.9,12.9,12.9,12.9,100.0
2023-10-02 10:32:00+07:00,12.8,12.9,12.8,12.9,12900.0
2023-10-02 10:33:00+07:00,12.8,12.9,12.8,12.9,21300.0
2023-10-02 10:34:00+07:00,12.9,12.9,12.8,12.9,17100.0
2023-10-02 10:35:00+07:00,12.9,12.9,12.8,12.9,19300.0
2023-10-02 10:36:00+07:00,12.8,12.9,12.8,12.9,9300.0
2023-10-02 10:37:00+07:00,12.8,12.9,12.8,12.8,4400.0
2023-10-02 10:38:00+07:00,12.9,12.9,12.8,12.9,7300.0
2023-10-02 10:39:00+07:00,12.8,12.9,12.8,12.9,4400.0
2023-10-02 10:40:00+07:00,12.9,12.9,12.8,12.9,23200.0
2023-10-02 10:41:00+07:00,12.9,12.9,12.8,12.9,8400.0
2023-10-02 10:42:00+07:00,12.9,12.9,12.8,12.8,400.0
2023-10-02 10:43:00+07:00,12.9,12.9,12.9,12.9,300.0
2023-10-02 10:44:00+07:00,12.8,12.9,12.8,12.9,7600.0
2023-10-02 10:45:00+07:00,12.8,12.9,12.8,12.9,5900.0
2023-10-02 10:46:00+07:00,12.9,12.9,12.8,12.8,6400.0
2023-10-02 10:47:00+07:00,12.9,12.9,12.9,12.9,2100.0
2023-10-02 10:48:00+07:00,12.8,12.9,12.8,12.8,757300.0
2023-10-02 10:49:00+07:00,12.8,12.8,12.8,12.8,411800.0
2023-10-02 10:50:00+07:00,12.9,12.9,12.8,12.8,176200.0
2023-10-02 10:51:00+07:00,12.9,12.9,12.9,12.9,12900.0
2023-10-02 10:52:00+07:00,12.8,12.9,12.8,12.9,1400.0
2023-10-02 10:54:00+07:00,12.8,12.9,12.8,12.9,5800.0
2023-10-02 10:56:00+07:00,12.8,12.8,12.8,12.8,100.0
2023-10-02 10:57:00+07:00,12.8,12.9,12.8,12.9,42900.0
2023-10-02 10:58:00+07:00,12.9,12.9,12.8,12.8,401300.0
2023-10-02 10:59:00+07:00,12.7,12.7,12.6,12.7,5688600.0
2023-10-02 11:00:00+07:00,12.7,12.7,12.6,12.7,36200.0
2023-10-02 11:01:00+07:00,12.7,12.7,12.7,12.7,561800.0
2023-10-02 11:02:00+07:00,12.7,12.8,12.7,12.7,259700.0
2023-10-02 11:03:00+07:00,12.8,12.8,12.7,12.8,9400.0
2023-10-02 11:04:00+07:00,12.7,12.8,12.7,12.8,323600.0
2023-10-02 11:05:00+07:00,12.7,12.8,12.7,12.8,7700.0
2023-10-02 11:06:00+07:00,12.7,12.7,12.7,12.7,5100.0
2023-10-02 11:07:00+07:00,12.7,12.8,12.7,12.8,15200.0
2023-10-02 11:08:00+07:00,12.7,12.8,12.7,12.8,2900.0
2023-10-02 11:09:00+07:00,12.7,12.8,12.7,12.8,7100.0
2023-10-02 11:10:00+07:00,12.7,12.8,12.7,12.7,25900.0
2023-10-02 11:11:00+07:00,12.7,12.8,12.7,12.8,2100.0
2023-10-02 11:12:00+07:00,12.8,12.8,12.8,12.8,1000.0
2023-10-02 11:15:00+07:00,12.8,12.8,12.8,12.8,10000.0
2023-10-02 11:16:00+07:00,12.8,12.8,12.8,12.8,100.0
2023-10-02 11:18:00+07:00,12.7,12.8,12.7,12.8,123800.0
2023-10-02 11:19:00+07:00,12.8,12.9,12.7,12.9,624500.0
2023-10-02 11:20:00+07:00,12.8,12.8,12.8,12.8,19400.0
2023-10-02 11:21:00+07:00,12.9,12.9,12.9,12.9,8400.0
2023-10-02 11:25:00+07:00,12.8,12.9,12.8,12.9,600.0
2023-10-02 11:26:00+07:00,12.9,12.9,12.9,12.9,100.0
2023-10-02 11:27:00+07:00,12.9,12.9,12.8,12.8,20100.0
2023-10-02 11:28:00+07:00,12.8,12.9,12.8,12.9,15300.0
2023-10-02 11:30:00+07:00,12.8,12.8,12.8,12.8,20000.0
2023-10-02 11:34:00+07:00,12.8,12.9,12.8,12.9,300.0
2023-10-02 11:37:00+07:00,12.9,12.9,12.9,12.9,100.0
2023-10-02 11:38:00+07:00,12.8,12.9,12.8,12.9,66200.0
2023-10-02 11:40:00+07:00,12.8,12.9,12.8,12.9,57200.0
2023-10-02 11:42:00+07:00,12.8,12.9,12.8,12.9,600.0
2023-10-02 11:44:00+07:00,12.8,12.8,12.7,12.8,205200.0
2023-10-02 11:45:00+07:00,12.8,12.8,12.7,12.8,7100.0
2023-10-02 11:47:00+07:00,12.8,12.8,12.8,12.8,500.0
2023-10-02 11:48:00+07:00,12.8,12.8,12.8,12.8,100.0
2023-10-02 11:49:00+07:00,12.8,12.8,12.8,12.8,400.0
2023-10-02 11:51:00+07:00,12.7,12.7,12.7,12.7,370500.0
2023-10-02 11:52:00+07:00,12.7,12.8,12.6,12.8,296500.0
2023-10-02 11:53:00+07:00,12.8,12.8,12.7,12.8,56200.0
2023-10-02 11:56:00+07:00,12.8,12.8,12.8,12.8,1500.0
2023-10-02 11:57:00+07:00,12.7,12.7,12.7,12.7,8500.0
2023-10-02 11:58:00+07:00,12.8,12.8,12.8,12.8,3700.0
2023-10-02 12:01:00+07:00,12.8,12.8,12.8,12.8,200.0
2023-10-02 12:09:00+07:00,12.8,12.8,12.8,12.8,100.0
2023-10-02 12:12:00+07:00,12.8,12.8,12.8,12.8,27900.0
2023-10-02 12:13:00+07:00,12.8,12.8,12.8,12.8,700.0
2023-10-02 12:14:00+07:00,12.7,12.7,12.7,12.7,500.0
2023-10-02 12:15:00+07:00,12.8,12.8,12.8,12.8,400.0
2023-10-02 12:19:00+07:00,12.7,12.7,12.7,12.7,458300.0
2023-10-02 12:20:00+07:00,12.7,12.7,12.7,12.7,18500.0
2023-10-02 12:21:00+07:00,12.7,12.7,12.6,12.7,18900.0
2023-10-02 12:22:00+07:00,12.7,12.7,12.7,12.7,400.0
2023-10-02 12:23:00+07:00,12.7,12.7,12.7,12.7,4900.0
2023-10-02 12:24:00+07:00,12.7,12.7,12.6,12.6,202100.0
2023-10-02 12:25:00+07:00,12.6,12.7,12.6,12.7,31100.0
2023-10-02 12:26:00+07:00,12.6,12.7,12.6,12.7,17200.0
2023-10-02 12:28:00+07:00,12.6,12.6,12.6,12.6,13300.0
2023-10-02 12:29:00+07:00,12.6,12.7,12.6,12.7,3100.0
2023-10-02 14:26:00+07:00,12.6,12.6,12.6,12.6,263400.0
2023-10-02 14:27:00+07:00,12.7,12.7,12.7,12.7,100.0
2023-10-02 14:28:00+07:00,12.6,12.6,12.6,12.6,3000.0
2023-10-02 14:29:00+07:00,12.7,12.7,12.7,12.7,100.0
2023-10-02 14:30:00+07:00,12.6,12.6,12.6,12.6,2000.0
2023-10-02 14:31:00+07:00,12.7,12.7,12.6,12.6,10700.0
2023-10-02 14:32:00+07:00,12.7,12.7,12.7,12.7,2000.0
2023-10-02 14:33:00+07:00,12.6,12.6,12.6,12.6,100.0
2023-10-02 14:34:00+07:00,12.6,12.7,12.6,12.7,15500.0
2023-10-02 14:39:00+07:00,12.7,12.7,12.7,12.7,100.0
2023-10-02 14:40:00+07:00,12.6,12.7,12.6,12.7,3300.0
2023-10-02 14:41:00+07:00,12.6,12.7,12.6,12.7,9400.0
2023-10-02 14:44:00+07:00,12.7,12.7,12.7,12.7,5000.0
2023-10-02 14:45:00+07:00,12.7,12.7,12.7,12.7,500.0
2023-10-02 14:46:00+07:00,12.6,12.7,12.6,12.7,2700.0
2023-10-02 14:48:00+07:00,12.7,12.7,12.7,12.7,400.0
2023-10-02 14:49:00+07:00,12.6,12.7,12.6,12.7,500.0
2023-10-02 14:50:00+07:00,12.7,12.7,12.7,12.7,100.0
2023-10-02 14:51:00+07:00,12.6,12.7,12.6,12.7,9400.0
2023-10-02 14:52:00+07:00,12.7,12.7,12.7,12.7,100.0
2023-10-02 14:56:00+07:00,12.7,12.7,12.6,12.7,7000.0
2023-10-02 14:57:00+07:00,12.6,12.7,12.6,12.7,5600.0
2023-10-02 14:58:00+07:00,12.6,12.7,12.6,12.7,5900.0
2023-10-02 15:00:00+07:00,12.6,12.7,12.6,12.7,16200.0
2023-10-02 15:01:00+07:00,12.7,12.7,12.6,12.7,6500.0
2023-10-02 15:02:00+07:00,12.6,12.7,12.6,12.7,6100.0
2023-10-02 15:03:00+07:00,12.6,12.7,12.6,12.6,10800.0
2023-10-02 15:04:00+07:00,12.7,12.7,12.6,12.6,440300.0
2023-10-02 15:05:00+07:00,12.6,12.6,12.5,12.5,29700.0
2023-10-02 15:06:00+07:00,12.6,12.6,12.5,12.6,32800.0
2023-10-02 15:07:00+07:00,12.6,12.6,12.5,12.6,24200.0
2023-10-02 15:08:00+07:00,12.6,12.6,12.5,12.6,50200.0
2023-10-02 15:09:00+07:00,12.5,12.6,12.5,12.6,18000.0
2023-10-02 15:10:00+07:00,12.6,12.6,12.5,12.6,53400.0
2023-10-02 15:11:00+07:00,12.6,12.6,12.5,12.6,21300.0
2023-10-02 15:12:00+07:00,12.6,12.6,12.5,12.6,10300.0
2023-10-02 15:13:00+07:00,12.6,12.6,12.5,12.6,15300.0
2023-10-02 15:14:00+07:00,12.6,12.6,12.5,12.6,13600.0
2023-10-02 15:15:00+07:00,12.5,12.6,12.5,12.6,10000.0
2023-10-02 15:16:00+07:00,12.6,12.6,12.5,12.6,9500.0
2023-10-02 15:17:00+07:00,12.5,12.6,12.5,12.6,13800.0
2023-10-02 15:18:00+07:00,12.5,12.6,12.5,12.6,64800.0
2023-10-02 15:19:00+07:00,12.5,12.6,12.5,12.6,40000.0
2023-10-02 15:20:00+07:00,12.6,12.6,12.5,12.6,29400.0
2023-10-02 15:21:00+07:00,12.5,12.6,12.5,12.6,40900.0
2023-10-02 15:22:00+07:00,12.6,12.6,12.5,12.6,11200.0
2023-10-02 15:23:00+07:00,12.5,12.6,12.5,12.6,31000.0
2023-10-02 15:24:00+07:00,12.6,12.6,12.5,12.6,11400.0
2023-10-02 15:25:00+07:00,12.5,12.6,12.5,12.6,13500.0
2023-10-02 15:26:00+07:00,12.6,12.6,12.6,12.6,900.0
2023-10-02 15:27:00+07:00,12.6,12.6,12.5,12.6,48300.0
2023-10-02 15:28:00+07:00,12.5,12.6,12.5,12.6,24100.0
2023-10-02 15:29:00+07:00,12.5,12.6,12.5,12.6,2100.0
2023-10-02 15:30:00+07:00,12.6,12.6,12.5,12.6,11400.0
2023-10-02 15:31:00+07:00,12.6,12.6,12.6,12.6,9500.0
2023-10-02 15:32:00+07:00,12.6,12.6,12.5,12.6,8800.0
2023-10-02 15:33:00+07:00,12.5,12.6,12.5,12.6,6900.0
2023-10-02 15:34:00+07:00,12.5,12.6,12.5,12.6,6100.0
2023-10-02 15:35:00+07:00,12.6,12.6,12.6,12.6,1400.0
2023-10-02 15:36:00+07:00,12.6,12.6,12.5,12.6,1589100.0
2023-10-02 15:37:00+07:00,12.6,12.7,12.6,12.7,78000.0
2023-10-02 15:38:00+07:00,12.7,12.7,12.6,12.6,334200.0
2023-10-02 15:39:00+07:00,12.6,12.6,12.6,12.6,57800.0
2023-10-02 15:40:00+07:00,12.6,12.6,12.6,12.6,28600.0
2023-10-02 15:41:00+07:00,12.6,12.6,12.6,12.6,1800.0
2023-10-02 15:42:00+07:00,12.6,12.6,12.6,12.6,400.0
2023-10-02 15:43:00+07:00,12.6,12.6,12.6,12.6,11000.0
2023-10-02 15:44:00+07:00,12.6,12.6,12.6,12.6,1400.0
2023-10-02 15:45:00+07:00,12.6,12.6,12.6,12.6,2800.0
2023-10-02 15:46:00+07:00,12.6,12.6,12.6,12.6,3900.0
2023-10-02 15:47:00+07:00,12.6,12.6,12.6,12.6,600.0
2023-10-02 15:48:00+07:00,12.5,12.6,12.5,12.6,476500.0
2023-10-02 15:49:00+07:00,12.6,12.6,12.6,12.6,169000.0
2023-10-02 15:50:00+07:00,12.6,12.6,12.6,12.6,4200.0
2023-10-02 15:53:00+07:00,12.6,12.6,12.5,12.6,28200.0
2023-10-02 15:54:00+07:00,12.6,12.6,12.5,12.6,600.0
2023-10-02 15:56:00+07:00,12.5,12.6,12.5,12.6,5800.0
2023-10-02 15:57:00+07:00,12.6,12.6,12.6,12.6,2200.0
2023-10-02 15:58:00+07:00,12.6,12.6,12.6,12.6,69800.0
2023-10-02 15:59:00+07:00,12.6,12.6,12.6,12.6,3000.0
2023-10-02 16:00:00+07:00,12.6,12.6,12.6,12.6,6300.0
2023-10-02 16:01:00+07:00,12.6,12.6,12.6,12.6,18900.0
2023-10-02 16:02:00+07:00,12.6,12.6,12.6,12.6,1800.0
2023-10-02 16:03:00+07:00,12.6,12.6,12.6,12.6,142800.0
2023-10-02 16:04:00+07:00,12.6,12.6,12.6,12.6,1100.0
2023-10-02 16:05:00+07:00,12.5,12.6,12.5,12.6,7300.0
2023-10-02 16:06:00+07:00,12.6,12.6,12.6,12.6,600.0
2023-10-02 16:07:00+07:00,12.5,12.6,12.5,12.6,700.0
2023-10-02 16:08:00+07:00,12.6,12.6,12.6,12.6,200.0
2023-10-02 16:09:00+07:00,12.6,12.6,12.6,12.6,800.0
2023-10-02 16:10:00+07:00,12.6,12.6,12.6,12.6,1900.0
2023-10-02 16:11:00+07:00,12.6,12.6,12.6,12.6,100.0
2023-10-02 16:12:00+07:00,12.5,12.5,12.5,12.5,60500.0
2023-10-02 16:13:00+07:00,12.5,12.6,12.5,12.6,70000.0
2023-10-02 16:14:00+07:00,12.6,12.6,12.6,12.6,2200.0
2023-10-02 16:15:00+07:00,12.6,12.6,12.6,12.6,200.0
2023-10-02 16:16:00+07:00,12.6,12.6,12.5,12.6,74200.0
2023-10-02 16:17:00+07:00,12.5,12.6,12.5,12.6,3200.0
2023-10-02 16:18:00+07:00,12.6,12.6,12.5,12.6,1600.0
2023-10-02 16:20:00+07:00,12.5,12.6,12.5,12.6,500.0
2023-10-02 16:21:00+07:00,12.6,12.6,12.5,12.6,8200.0
2023-10-02 16:22:00+07:00,12.6,12.6,12.5,12.5,35700.0
2023-10-02 16:23:00+07:00,12.6,12.6,12.5,12.6,123300.0
2023-10-02 16:24:00+07:00,12.5,12.6,12.5,12.5,982300.0
2023-10-02 16:25:00+07:00,12.5,12.5,12.4,12.5,95200.0
2023-10-02 16:26:00+07:00,12.4,12.5,12.4,12.5,64400.0
2023-10-02 16:27:00+07:00,12.4,12.5,12.4,12.5,55800.0
2023-10-02 16:28:00+07:00,12.5,12.5,12.4,12.5,123400.0
2023-10-02 16:29:00+07:00,12.5,12.5,12.4,12.5,517200.0
2023-10-02 16:39:00+07:00,12.6,12.6,12.6,12.6,2752200.0
2023-10-03 09:59:00+07:00,12.5,12.5,12.4,12.5,537600.0
2023-10-03 10:00:00+07:00,12.5,12.5,12.5,12.5,44600.0
2023-10-03 10:01:00+07:00,12.5,12.6,12.5,12.6,154900.0
2023-10-03 10:02:00+07:00,12.5,12.6,12.4,12.6,215100.0
2023-10-03 10:03:00+07:00,12.5,12.6,12.5,12.6,44100.0
2023-10-03 10:04:00+07:00,12.5,12.6,12.5,12.6,151100.0
2023-10-03 10:05:00+07:00,12.5,12.6,12.5,12.6,5900.0
2023-10-03 10:06:00+07:00,12.6,12.6,12.5,12.6,5300.0
2023-10-03 10:07:00+07:00,12.5,12.6,12.5,12.6,7400.0
2023-10-03 10:08:00+07:00,12.5,12.6,12.5,12.6,8900.0
2023-10-03 10:09:00+07:00,12.5,12.6,12.5,12.5,267400.0
2023-10-03 10:10:00+07:00,12.5,12.6,12.5,12.6,442800.0
2023-10-03 10:11:00+07:00,12.6,12.6,12.5,12.5,244700.0
2023-10-03 10:12:00+07:00,12.6,12.6,12.5,12.6,70100.0
2023-10-03 10:14:00+07:00,12.5,12.6,12.5,12.5,267000.0
2023-10-03 10:15:00+07:00,12.6,12.6,12.5,12.6,43000.0
2023-10-03 10:16:00+07:00,12.5,12.6,12.5,12.6,220400.0
2023-10-03 10:17:00+07:00,12.6,12.6,12.6,12.6,4300.0
2023-10-03 10:18:00+07:00,12.5,12.6,12.5,12.6,3800.0
2023-10-03 10:20:00+07:00,12.5,12.6,12.5,12.6,7200.0
2023-10-03 10:21:00+07:00,12.5,12.6,12.5,12.6,28500.0
2023-10-03 10:22:00+07:00,12.5,12.6,12.5,12.6,200.0
2023-10-03 10:23:00+07:00,12.5,12.6,12.5,12.5,2400.0
2023-10-03 10:24:00+07:00,12.6,12.6,12.6,12.6,1000.0
2023-10-03 10:25:00+07:00,12.5,12.6,12.5,12.6,2900.0
2023-10-03 10:26:00+07:00,12.5,12.6,12.5,12.6,300.0
2023-10-03 10:27:00+07:00,12.5,12.6,12.5,12.5,911500.0
2023-10-03 10:28:00+07:00,12.6,12.6,12.5,12.6,30800.0
2023-10-03 10:29:00+07:00,12.5,12.6,12.5,12.6,14100.0
2023-10-03 10:30:00+07:00,12.5,12.6,12.5,12.6,1200.0
2023-10-03 10:32:00+07:00,12.5,12.6,12.4,12.5,300900.0
2023-10-03 10:33:00+07:00,12.5,12.5,12.4,12.5,500.0
2023-10-03 10:34:00+07:00,12.5,12.5,12.4,12.4,700.0
2023-10-03 10:35:00+07:00,12.5,12.5,12.4,12.5,7700.0
2023-10-03 10:36:00+07:00,12.4,12.5,12.4,12.5,146300.0
2023-10-03 10:37:00+07:00,12.5,12.5,12.5,12.5,200.0
2023-10-03 10:38:00+07:00,12.5,12.5,12.4,12.4,10100.0
2023-10-03 10:39:00+07:00,12.5,12.5,12.5,12.5,4200.0
2023-10-03 10:40:00+07:00,12.4,12.5,12.4,12.5,7200.0
2023-10-03 10:41:00+07:00,12.4,12.5,12.4,12.5,900.0
2023-10-03 10:42:00+07:00,12.5,12.5,12.5,12.5,100.0
2023-10-03 10:44:00+07:00,12.5,12.5,12.5,12.5,400.0
2023-10-03 10:45:00+07:00,12.4,12.5,12.4,12.5,32800.0
2023-10-03 10:46:00+07:00,12.4,12.4,12.4,12.4,1000.0
2023-10-03 10:47:00+07:00,12.5,12.5,12.4,12.4,565000.0
2023-10-03 10:48:00+07:00,12.3,12.4,12.3,12.3,61100.0
2023-10-03 10:49:00+07:00,12.3,12.4,12.3,12.4,14800.0
2023-10-03 10:50:00+07:00,12.3,12.4,12.3,12.4,26800.0
2023-10-03 10:51:00+07:00,12.4,12.4,12.3,12.4,19500.0
2023-10-03 10:52:00+07:00,12.4,12.4,12.3,12.4,28700.0
2023-10-03 10:53:00+07:00,12.3,12.4,12.3,12.4,19900.0
2023-10-03 10:54:00+07:00,12.3,12.4,12.3,12.4,68100.0
2023-10-03 10:55:00+07:00,12.4,12.4,12.3,12.4,61900.0
2023-10-03 10:56:00+07:00,12.3,12.4,12.3,12.4,5800.0
2023-10-03 10:57:00+07:00,12.3,12.4,12.3,12.4,14100.0
2023-10-03 10:58:00+07:00,12.3,12.4,12.3,12.4,6500.0
2023-10-03 10:59:00+07:00,12.3,12.4,12.3,12.4,615100.0
2023-10-03 11:00:00+07:00,12.4,12.4,12.3,12.3,1436400.0
2023-10-03 11:01:00+07:00,12.4,12.4,12.3,12.3,147400.0
2023-10-03 11:02:00+07:00,12.4,12.4,12.4,12.4,1000.0
2023-10-03 11:03:00+07:00,12.4,12.4,12.3,12.3,87700.0
2023-10-03 11:04:00+07:00,12.3,12.3,12.3,12.3,16300.0
2023-10-03 11:05:00+07:00,12.4,12.4,12.4,12.4,2000.0
2023-10-03 11:06:00+07:00,12.4,12.4,12.4,12.4,6000.0
2023-10-03 11:07:00+07:00,12.4,12.4,12.4,12.4,374000.0
2023-10-03 11:08:00+07:00,12.5,12.5,12.4,12.4,2100.0
2023-10-03 11:09:00+07:00,12.4,12.4,12.4,12.4,1000.0
2023-10-03 11:11:00+07:00,12.5,12.5,12.5,12.5,100.0
2023-10-03 11:12:00+07:00,12.4,12.5,12.4,12.5,16100.0
2023-10-03 11:13:00+07:00,12.5,12.5,12.5,12.5,100.0
2023-10-03 11:16:00+07:00,12.4,12.4,12.4,12.4,500.0
2023-10-03 11:17:00+07:00,12.4,12.4,12.4,12.4,52400.0
2023-10-03 11:18:00+07:00,12.4,12.4,12.3,12.3,377500.0
2023-10-03 11:20:00+07:00,12.3,12.3,12.3,12.3,477300.0
2023-10-03 11:21:00+07:00,12.3,12.3,12.2,12.2,189900.0
2023-10-03 11:22:00+07:00,12.2,12.3,12.2,12.3,700.0
2023-10-03 11:23:00+07:00,12.2,12.2,12.2,12.2,300.0
2023-10-03 11:24:00+07:00,12.2,12.2,12.2,12.2,4000.0
2023-10-03 11:25:00+07:00,12.3,12.3,12.3,12.3,200.0
2023-10-03 11:27:00+07:00,12.2,12.3,12.2,12.3,5000.0
2023-10-03 11:28:00+07:00,12.2,12.2,12.2,12.2,2000.0
2023-10-03 11:31:00+07:00,12.2,12.2,12.2,12.2,3900.0
2023-10-03 11:32:00+07:00,12.2,12.2,12.2,12.2,100.0
2023-10-03 11:33:00+07:00,12.2,12.3,12.2,12.3,3600.0
2023-10-03 11:34:00+07:00,12.2,12.3,12.2,12.3,51200.0
2023-10-03 11:35:00+07:00,12.3,12.3,12.3,12.3,570600.0
2023-10-03 11:37:00+07:00,12.3,12.3,12.3,12.3,800.0
2023-10-03 11:38:00+07:00,12.3,12.3,12.2,12.3,3100.0
2023-10-03 11:39:00+07:00,12.3,12.3,12.3,12.3,100.0
2023-10-03 11:40:00+07:00,12.3,12.3,12.3,12.3,5100.0
2023-10-03 11:41:00+07:00,12.3,12.3,12.3,12.3,1200.0
2023-10-03 11:42:00+07:00,12.3,12.3,12.3,12.3,4900.0
2023-10-03 11:43:00+07:00,12.2,12.3,12.2,12.3,6100.0
2023-10-03 11:44:00+07:00,12.2,12.2,12.2,12.2,802500.0
2023-10-03 11:45:00+07:00,12.2,12.2,12.2,12.2,100.0
2023-10-03 11:46:00+07:00,12.2,12.2,12.2,12.2,8200.0
2023-10-03 11:47:00+07:00,12.2,12.2,12.2,12.2,200.0
2023-10-03 11:48:00+07:00,12.2,12.2,12.2,12.2,2200.0
2023-10-03 11:49:00+07:00,12.2,12.2,12.1,12.2,1900.0
2023-10-03 11:50:00+07:00,12.1,12.2,12.1,12.2,4100.0
2023-10-03 11:51:00+07:00,12.2,12.2,12.2,12.2,15500.0
2023-10-03 11:52:00+07:00,12.2,12.2,12.2,12.2,10900.0
2023-10-03 11:53:00+07:00,12.2,12.3,12.2,12.3,870200.0
2023-10-03 11:54:00+07:00,12.3,12.3,12.3,12.3,21000.0
2023-10-03 11:55:00+07:00,12.3,12.3,12.3,12.3,2000.0
2023-10-03 11:56:00+07:00,12.3,12.3,12.3,12.3,1900.0
2023-10-03 11:57:00+07:00,12.3,12.3,12.3,12.3,57300.0
2023-10-03 11:58:00+07:00,12.3,12.3,12.3,12.3,2000.0
2023-10-03 11:59:00+07:00,12.3,12.3,12.3,12.3,7900.0
2023-10-03 12:00:00+07:00,12.3,12.4,12.3,12.4,68300.0
2023-10-03 12:01:00+07:00,12.4,12.4,12.4,12.4,1700.0
2023-10-03 12:02:00+07:00,12.4,12.4,12.4,12.4,1900.0
2023-10-03 12:04:00+07:00,12.3,12.3,12.3,12.3,500.0
2023-10-03 12:05:00+07:00,12.3,12.3,12.3,12.3,100.0
2023-10-03 12:08:00+07:00,12.3,12.3,12.3,12.3,2400.0
2023-10-03 12:11:00+07:00,12.3,12.3,12.3,12.3,200.0
2023-10-03 12:12:00+07:00,12.3,12.3,12.3,12.3,23000.0
2023-10-03 12:13:00+07:00,12.4,12.4,12.4,12.4,100.0
2023-10-03 12:15:00+07:00,12.3,12.4,12.3,12.4,600.0
2023-10-03 12:17:00+07:00,12.3,12.3,12.3,12.3,1000.0
2023-10-03 12:18:00+07:00,12.3,12.3,12.3,12.3,5000.0
2023-10-03 12:21:00+07:00,12.3,12.3,12.3,12.3,2000.0
2023-10-03 12:26:00+07:00,12.4,12.4,12.4,12.4,100.0
2023-10-03 14:25:00+07:00,12.3,12.3,12.3,12.3,77100.0
2023-10-03 14:29:00+07:00,12.3,12.3,12.3,12.3,500.0
2023-10-03 14:31:00+07:00,12.3,12.3,12.3,12.3,2800.0
2023-10-03 14:35:00+07:00,12.4,12.4,12.4,12.4,60400.0
2023-10-03 14:37:00+07:00,12.3,12.3,12.3,12.3,7200.0
2023-10-03 14:38:00+07:00,12.3,12.3,12.3,12.3,5000.0
2023-10-03 14:39:00+07:00,12.3,12.3,12.3,12.3,2600.0
2023-10-03 14:40:00+07:00,12.3,12.3,12.3,12.3,7500.0
2023-10-03 14:41:00+07:00,12.3,12.3,12.3,12.3,2000.0
2023-10-03 14:42:00+07:00,12.3,12.4,12.3,12.3,143700.0
2023-10-03 14:43:00+07:00,12.3,12.3,12.3,12.3,400.0
2023-10-03 14:44:00+07:00,12.3,12.3,12.3,12.3,200.0
2023-10-03 14:46:00+07:00,12.3,12.3,12.3,12.3,10300.0
2023-10-03 14:47:00+07:00,12.3,12.4,12.3,12.4,6800.0
2023-10-03 14:48:00+07:00,12.3,12.3,12.3,12.3,6100.0
2023-10-03 14:49:00+07:00,12.3,12.3,12.3,12.3,404900.0
2023-10-03 14:50:00+07:00,12.3,12.3,12.3,12.3,3700.0
2023-10-03 14:51:00+07:00,12.3,12.3,12.3,12.3,307100.0
2023-10-03 14:52:00+07:00,12.3,12.3,12.3,12.3,31400.0
2023-10-03 14:53:00+07:00,12.3,12.4,12.3,12.3,9400.0
2023-10-03 14:54:00+07:00,12.4,12.4,12.3,12.3,22000.0
2023-10-03 14:56:00+07:00,12.3,12.3,12.3,12.3,8400.0
2023-10-03 14:57:00+07:00,12.3,12.3,12.3,12.3,5000.0
2023-10-03 14:58:00+07:00,12.3,12.3,12.2,12.2,281200.0
2023-10-03 14:59:00+07:00,12.2,12.2,12.2,12.2,12700.0
2023-10-03 15:00:00+07:00,12.3,12.3,12.3,12.3,200.0
2023-10-03 15:02:00+07:00,12.3,12.3,12.2,12.2,22300.0
2023-10-03 15:03:00+07:00,12.2,12.2,12.2,12.2,21900.0
2023-10-03 15:04:00+07:00,12.2,12.3,12.2,12.3,589100.0
2023-10-03 15:05:00+07:00,12.3,12.4,12.3,12.4,1100.0
2023-10-03 15:08:00+07:00,12.3,12.3,12.3,12.3,23500.0
2023-10-03 15:12:00+07:00,12.3,12.3,12.3,12.3,12800.0
2023-10-03 15:16:00+07:00,12.3,12.3,12.3,12.3,15100.0
2023-10-03 15:17:00+07:00,12.3,12.3,12.3,12.3,100.0
2023-10-03 15:19:00+07:00,12.4,12.4,12.3,12.3,200.0
2023-10-03 15:20:00+07:00,12.3,12.3,12.3,12.3,13700.0
2023-10-03 15:21:00+07:00,12.3,12.3,12.3,12.3,5900.0
2023-10-03 15:22:00+07:00,12.3,12.4,12.3,12.3,10600.0
2023-10-03 15:23:00+07:00,12.4,12.4,12.4,12.4,1100.0
2023-10-03 15:24:00+07:00,12.4,12.4,12.4,12.4,400.0
2023-10-03 15:25:00+07:00,12.4,12.4,12.4,12.4,1800.0
2023-10-03 15:27:00+07:00,12.4,12.4,12.4,12.4,2100.0
2023-10-03 15:31:00+07:00,12.4,12.4,12.4,12.4,200.0
2023-10-03 15:32:00+07:00,12.4,12.4,12.4,12.4,10000.0
2023-10-03 15:34:00+07:00,12.3,12.3,12.3,12.3,42000.0
2023-10-03 15:37:00+07:00,12.3,12.3,12.3,12.3,12300.0
2023-10-03 15:38:00+07:00,12.3,12.3,12.3,12.3,35000.0
2023-10-03 15:40:00+07:00,12.3,12.3,12.3,12.3,300.0
2023-10-03 15:41:00+07:00,12.3,12.3,12.3,12.3,15600.0
2023-10-03 15:42:00+07:00,12.3,12.4,12.3,12.4,25000.0
2023-10-03 15:43:00+07:00,12.4,12.4,12.4,12.4,30000.0
2023-10-03 15:44:00+07:00,12.3,12.3,12.3,12.3,6000.0
2023-10-03 15:45:00+07:00,12.4,12.4,12.4,12.4,20200.0
2023-10-03 15:46:00+07:00,12.4,12.4,12.4,12.4,100.0
2023-10-03 15:47:00+07:00,12.4,12.4,12.4,12.4,2000.0
2023-10-03 15:51:00+07:00,12.3,12.3,12.3,12.3,27700.0
2023-10-03 15:52:00+07:00,12.3,12.3,12.3,12.3,50300.0
2023-10-03 15:54:00+07:00,12.3,12.3,12.3,12.3,52800.0
2023-10-03 15:55:00+07:00,12.3,12.3,12.3,12.3,270700.0
2023-10-03 15:56:00+07:00,12.2,12.2,12.2,12.2,2800.0
2023-10-03 15:57:00+07:00,12.3,12.3,12.2,12.3,1400.0
2023-10-03 15:58:00+07:00,12.2,12.2,12.2,12.2,11100.0
2023-10-03 15:59:00+07:00,12.2,12.3,12.2,12.3,20200.0
2023-10-03 16:00:00+07:00,12.3,12.3,12.2,12.2,4500.0
2023-10-03 16:01:00+07:00,12.2,12.3,12.2,12.3,300.0
2023-10-03 16:02:00+07:00,12.2,12.3,12.2,12.3,13700.0
2023-10-03 16:03:00+07:00,12.2,12.2,12.2,12.2,3000.0
2023-10-03 16:04:00+07:00,12.2,12.2,12.2,12.2,300.0
2023-10-03 16:05:00+07:00,12.2,12.2,12.2,12.2,10000.0
2023-10-03 16:06:00+07:00,12.2,12.2,12.2,12.2,16600.0
2023-10-03 16:07:00+07:00,12.2,12.2,12.2,12.2,51000.0
2023-10-03 16:08:00+07:00,12.2,12.2,12.2,12.2,11200.0
2023-10-03 16:09:00+07:00,12.2,12.2,12.2,12.2,9900.0
2023-10-03 16:10:00+07:00,12.2,12.2,12.2,12.2,10700.0
2023-10-03 16:11:00+07:00,12.2,12.2,12.2,12.2,11200.0
2023-10-03 16:12:00+07:00,12.2,12.2,12.2,12.2,20600.0
2023-10-03 16:13:00+07:00,12.2,12.2,12.2,12.2,24700.0
2023-10-03 16:15:00+07:00,12.3,12.3,12.2,12.2,34300.0
2023-10-03 16:16:00+07:00,12.2,12.2,12.2,12.2,8300.0
2023-10-03 16:17:00+07:00,12.2,12.3,12.2,12.2,14300.0
2023-10-03 16:18:00+07:00,12.2,12.2,12.2,12.2,6100.0
2023-10-03 16:19:00+07:00,12.2,12.2,12.2,12.2,37100.0
2023-10-03 16:20:00+07:00,12.2,12.3,12.2,12.2,27600.0
2023-10-03 16:21:00+07:00,12.3,12.3,12.3,12.3,100.0
2023-10-03 16:22:00+07:00,12.2,12.2,12.2,12.2,58100.0
2023-10-03 16:23:00+07:00,12.2,12.2,12.2,12.2,3000.0
2023-10-03 16:24:00+07:00,12.2,12.2,12.2,12.2,50000.0
2023-10-03 16:25:00+07:00,12.2,12.2,12.2,12.2,46100.0
2023-10-03 16:26:00+07:00,12.2,12.2,12.2,12.2,26900.0
2023-10-03 16:27:00+07:00,12.2,12.3,12.2,12.3,66000.0
2023-10-03 16:28:00+07:00,12.2,12.2,12.2,12.2,13100.0
2023-10-03 16:29:00+07:00,12.2,12.3,12.2,12.2,61300.0
2023-10-03 16:35:00+07:00,12.4,12.4,12.4,12.4,1734000.0
2023-10-04 09:59:00+07:00,12.2,12.3,12.2,12.2,316300.0
2023-10-04 10:00:00+07:00,12.2,12.3,12.2,12.2,161000.0
2023-10-04 10:01:00+07:00,12.2,12.2,12.2,12.2,82900.0
2023-10-04 10:02:00+07:00,12.3,12.3,12.3,12.3,266700.0
2023-10-04 10:04:00+07:00,12.2,12.2,12.2,12.2,500.0
2023-10-04 10:05:00+07:00,12.2,12.3,12.2,12.3,3700.0
2023-10-04 10:06:00+07:00,12.3,12.3,12.2,12.2,241600.0
2023-10-04 10:07:00+07:00,12.2,12.3,12.2,12.3,157100.0
2023-10-04 10:08:00+07:00,12.3,12.3,12.2,12.3,5500.0
2023-10-04 10:09:00+07:00,12.2,12.3,12.2,12.3,9800.0
2023-10-04 10:10:00+07:00,12.2,12.3,12.2,12.3,6800.0
2023-10-04 10:11:00+07:00,12.3,12.3,12.2,12.3,14300.0
2023-10-04 10:12:00+07:00,12.3,12.3,12.2,12.3,15900.0
2023-10-04 10:13:00+07:00,12.2,12.3,12.2,12.2,20300.0
2023-10-04 10:14:00+07:00,12.3,12.3,12.2,12.2,15800.0
2023-10-04 10:15:00+07:00,12.3,12.3,12.3,12.3,695800.0
2023-10-04 10:16:00+07:00,12.4,12.4,12.4,12.4,1100.0
2023-10-04 10:17:00+07:00,12.4,12.4,12.3,12.3,5700.0
2023-10-04 10:18:00+07:00,12.4,12.4,12.4,12.4,1900.0
2023-10-04 10:19:00+07:00,12.4,12.4,12.3,12.3,101000.0
2023-10-04 10:20:00+07:00,12.3,12.4,12.3,12.4,16500.0
2023-10-04 10:21:00+07:00,12.4,12.4,12.4,12.4,2000.0
2023-10-04 10:22:00+07:00,12.4,12.4,12.4,12.4,2500.0
2023-10-04 10:25:00+07:00,12.4,12.4,12.4,12.4,500.0
2023-10-04 10:26:00+07:00,12.4,12.4,12.4,12.4,200.0
2023-10-04 10:27:00+07:00,12.4,12.4,12.3,12.3,2200.0
2023-10-04 10:28:00+07:00,12.4,12.5,12.4,12.5,459600.0
2023-10-04 10:29:00+07:00,12.5,12.5,12.4,12.5,4100.0
2023-10-04 10:30:00+07:00,12.5,12.5,12.5,12.5,1000.0
2023-10-04 10:31:00+07:00,12.5,12.5,12.4,12.4,358800.0
2023-10-04 10:32:00+07:00,12.4,12.4,12.4,12.4,2600.0
2023-10-04 10:34:00+07:00,12.3,12.3,12.3,12.3,100.0
2023-10-04 10:37:00+07:00,12.4,12.4,12.4,12.4,267900.0
2023-10-04 10:38:00+07:00,12.5,12.5,12.5,12.5,1700.0
2023-10-04 10:39:00+07:00,12.4,12.5,12.4,12.4,272000.0
2023-10-04 10:40:00+07:00,12.4,12.5,12.4,12.5,227900.0
2023-10-04 10:41:00+07:00,12.5,12.5,12.5,12.5,300.0
2023-10-04 10:42:00+07:00,12.5,12.5,12.5,12.5,100600.0
2023-10-04 10:43:00+07:00,12.5,12.5,12.5,12.5,100000.0
2023-10-04 10:44:00+07:00,12.5,12.5,12.5,12.5,900.0
2023-10-04 10:45:00+07:00,12.5,12.5,12.5,12.5,110300.0
2023-10-04 10:46:00+07:00,12.5,12.5,12.5,12.5,100.0
2023-10-04 10:47:00+07:00,12.5,12.5,12.5,12.5,1200.0
2023-10-04 10:48:00+07:00,12.4,12.5,12.4,12.5,1600.0
2023-10-04 10:49:00+07:00,12.5,12.5,12.4,12.4,42300.0
2023-10-04 10:50:00+07:00,12.5,12.5,12.5,12.5,200.0
2023-10-04 10:51:00+07:00,12.5,12.5,12.4,12.4,200.0
2023-10-04 10:52:00+07:00,12.5,12.5,12.4,12.4,1900.0
2023-10-04 10:53:00+07:00,12.5,12.6,12.5,12.6,1010600.0
2023-10-04 10:54:00+07:00,12.6,12.6,12.5,12.6,22600.0
2023-10-04 10:55:00+07:00,12.6,12.6,12.5,12.6,46700.0
2023-10-04 10:56:00+07:00,12.5,12.6,12.5,12.6,23300.0
2023-10-04 10:57:00+07:00,12.6,12.6,12.5,12.6,200200.0
2023-10-04 10:58:00+07:00,12.6,12.6,12.5,12.6,2500.0
2023-10-04 10:59:00+07:00,12.5,12.6,12.5,12.6,200.0
2023-10-04 11:00:00+07:00,12.6,12.6,12.6,12.6,2800.0
2023-10-04 11:01:00+07:00,12.6,12.6,12.6,12.6,300.0
2023-10-04 11:02:00+07:00,12.6,12.6,12.6,12.6,3500.0
2023-10-04 11:03:00+07:00,12.6,12.6,12.6,12.6,200.0
2023-10-04 11:04:00+07:00,12.6,12.6,12.5,12.5,1500.0
2023-10-04 11:05:00+07:00,12.6,12.6,12.6,12.6,200.0
2023-10-04 11:06:00+07:00,12.5,12.5,12.5,12.5,400.0
2023-10-04 11:07:00+07:00,12.6,12.6,12.6,12.6,500.0
2023-10-04 11:08:00+07:00,12.6,12.6,12.5,12.5,430900.0
2023-10-04 11:11:00+07:00,12.5,12.5,12.4,12.4,955100.0
2023-10-04 11:13:00+07:00,12.3,12.4,12.3,12.4,1200.0
2023-10-04 11:14:00+07:00,12.4,12.5,12.4,12.5,503700.0
2023-10-04 11:15:00+07:00,12.4,12.5,12.4,12.5,23200.0
2023-10-04 11:16:00+07:00,12.5,12.5,12.5,12.5,7700.0
2023-10-04 11:17:00+07:00,12.5,12.5,12.5,12.5,4600.0
2023-10-04 11:18:00+07:00,12.5,12.5,12.5,12.5,814400.0
2023-10-04 11:19:00+07:00,12.5,12.6,12.5,12.5,263000.0
2023-10-04 11:20:00+07:00,12.5,12.5,12.5,12.5,80300.0
2023-10-04 11:21:00+07:00,12.5,12.5,12.5,12.5,48800.0
2023-10-04 11:22:00+07:00,12.6,12.6,12.6,12.6,1500.0
2023-10-04 11:23:00+07:00,12.5,12.5,12.5,12.5,5300.0
2023-10-04 11:24:00+07:00,12.5,12.5,12.5,12.5,24800.0
2023-10-04 11:25:00+07:00,12.5,12.5,12.5,12.5,604100.0
2023-10-04 11:26:00+07:00,12.5,12.5,12.5,12.5,450200.0
2023-10-04 11:27:00+07:00,12.5,12.5,12.5,12.5,15500.0
2023-10-04 11:28:00+07:00,12.4,12.4,12.4,12.4,400.0
2023-10-04 11:29:00+07:00,12.4,12.5,12.4,12.5,1300.0
2023-10-04 11:30:00+07:00,12.5,12.5,12.5,12.5,5000.0
2023-10-04 11:32:00+07:00,12.5,12.5,12.5,12.5,400.0
2023-10-04 11:34:00+07:00,12.5,12.5,12.5,12.5,700.0
2023-10-04 11:35:00+07:00,12.4,12.4,12.4,12.4,200.0
2023-10-04 11:41:00+07:00,12.5,12.6,12.5,12.6,226700.0
2023-10-04 11:42:00+07:00,12.5,12.6,12.5,12.6,15300.0
2023-10-04 11:43:00+07:00,12.5,12.5,12.5,12.5,400000.0
2023-10-04 11:44:00+07:00,12.5,12.5,12.5,12.5,140900.0
2023-10-04 11:45:00+07:00,12.5,12.5,12.5,12.5,1500.0
2023-10-04 11:46:00+07:00,12.6,12.6,12.6,12.6,500.0
2023-10-04 11:49:00+07:00,12.5,12.5,12.5,12.5,1500.0
2023-10-04 11:51:00+07:00,12.6,12.6,12.6,12.6,500.0
2023-10-04 11:52:00+07:00,12.5,12.5,12.5,12.5,2400.0
2023-10-04 11:53:00+07:00,12.5,12.5,12.5,12.5,1000.0
2023-10-04 11:54:00+07:00,12.5,12.5,12.5,12.5,2000.0
2023-10-04 11:55:00+07:00,12.6,12.6,12.6,12.6,500.0
2023-10-04 11:59:00+07:00,12.5,12.5,12.5,12.5,21200.0
2023-10-04 12:00:00+07:00,12.5,12.6,12.5,12.6,2500.0
2023-10-04 12:01:00+07:00,12.6,12.6,12.5,12.5,3400.0
2023-10-04 12:05:00+07:00,12.5,12.5,12.5,12.5,73200.0
2023-10-04 12:06:00+07:00,12.6,12.6,12.5,12.5,2900.0
2023-10-04 12:08:00+07:00,12.5,12.5,12.5,12.5,5500.0
2023-10-04 12:10:00+07:00,12.5,12.5,12.5,12.5,2500.0
2023-10-04 12:11:00+07:00,12.5,12.5,12.5,12.5,10000.0
2023-10-04 12:12:00+07:00,12.6,12.6,12.6,12.6,500.0
2023-10-04 12:14:00+07:00,12.5,12.5,12.5,12.5,100.0
2023-10-04 12:17:00+07:00,12.5,12.5,12.5,12.5,100.0
2023-10-04 12:18:00+07:00,12.6,12.6,12.6,12.6,500.0
2023-10-04 12:20:00+07:00,12.5,12.5,12.5,12.5,6500.0
2023-10-04 12:21:00+07:00,12.5,12.5,12.5,12.5,5000.0
2023-10-04 12:22:00+07:00,12.5,12.5,12.5,12.5,2100.0
2023-10-04 12:25:00+07:00,12.5,12.5,12.5,12.5,1000.0
2023-10-04 12:26:00+07:00,12.5,12.5,12.5,12.5,100.0
2023-10-04 12:27:00+07:00,12.5,12.5,12.5,12.5,232800.0
2023-10-04 14:27:00+07:00,12.4,12.4,12.4,12.4,214800.0
2023-10-04 14:28:00+07:00,12.5,12.5,12.5,12.5,1100.0
2023-10-04 14:31:00+07:00,12.4,12.4,12.4,12.4,478800.0
2023-10-04 14:33:00+07:00,12.3,12.4,12.3,12.3,19200.0
2023-10-04 14:34:00+07:00,12.3,12.3,12.3,12.3,14600.0
2023-10-04 14:35:00+07:00,12.3,12.3,12.3,12.3,1800.0
2023-10-04 14:36:00+07:00,12.3,12.4,12.3,12.4,14900.0
2023-10-04 14:40:00+07:00,12.3,12.3,12.3,12.3,7200.0
2023-10-04 14:43:00+07:00,12.3,12.4,12.3,12.4,14900.0
2023-10-04 14:44:00+07:00,12.4,12.4,12.4,12.4,100.0
2023-10-04 14:45:00+07:00,12.3,12.4,12.3,12.4,5100.0
2023-10-04 14:46:00+07:00,12.3,12.4,12.3,12.4,6600.0
2023-10-04 14:47:00+07:00,12.3,12.4,12.3,12.4,10100.0
2023-10-04 14:48:00+07:00,12.4,12.4,12.3,12.4,6500.0
2023-10-04 14:49:00+07:00,12.4,12.4,12.3,12.4,5300.0
2023-10-04 14:50:00+07:00,12.4,12.4,12.3,12.3,9600.0
2023-10-04 14:51:00+07:00,12.3,12.4,12.3,12.4,7400.0
2023-10-04 14:52:00+07:00,12.4,12.4,12.3,12.3,15900.0
2023-10-04 14:53:00+07:00,12.4,12.4,12.3,12.3,30100.0
2023-10-04 14:54:00+07:00,12.3,12.3,12.3,12.3,11000.0
2023-10-04 14:55:00+07:00,12.3,12.3,12.3,12.3,1000.0
2023-10-04 14:56:00+07:00,12.3,12.3,12.3,12.3,7300.0
2023-10-04 14:57:00+07:00,12.3,12.3,12.3,12.3,8600.0
2023-10-04 14:58:00+07:00,12.3,12.4,12.3,12.3,5300.0
2023-10-04 14:59:00+07:00,12.3,12.3,12.3,12.3,6300.0
2023-10-04 15:00:00+07:00,12.3,12.3,12.3,12.3,16300.0
2023-10-04 15:01:00+07:00,12.4,12.4,12.4,12.4,710300.0
2023-10-04 15:02:00+07:00,12.4,12.5,12.4,12.5,1000.0
2023-10-04 15:03:00+07:00,12.5,12.5,12.5,12.5,100.0
2023-10-04 15:05:00+07:00,12.4,12.4,12.4,12.4,500.0
2023-10-04 15:06:00+07:00,12.5,12.5,12.5,12.5,500.0
2023-10-04 15:09:00+07:00,12.5,12.5,12.5,12.5,500.0
2023-10-04 15:14:00+07:00,12.5,12.5,12.5,12.5,500.0
2023-10-04 15:15:00+07:00,12.4,12.4,12.4,12.4,106900.0
2023-10-04 15:16:00+07:00,12.4,12.4,12.4,12.4,235500.0
2023-10-04 15:18:00+07:00,12.3,12.4,12.3,12.3,1100.0
2023-10-04 15:19:00+07:00,12.3,12.4,12.3,12.4,600.0
2023-10-04 15:20:00+07:00,12.3,12.3,12.3,12.3,200.0
2023-10-04 15:21:00+07:00,12.3,12.3,12.3,12.3,800.0
2023-10-04 15:22:00+07:00,12.4,12.4,12.4,12.4,100.0
2023-10-04 15:24:00+07:00,12.4,12.4,12.4,12.4,4000.0
2023-10-04 15:25:00+07:00,12.4,12.4,12.4,12.4,800.0
2023-10-04 15:28:00+07:00,12.4,12.4,12.4,12.4,100.0
2023-10-04 15:31:00+07:00,12.4,12.4,12.4,12.4,500.0
2023-10-04 15:32:00+07:00,12.4,12.4,12.4,12.4,100.0
2023-10-04 15:34:00+07:00,12.4,12.4,12.4,12.4,500.0
2023-10-04 15:35:00+07:00,12.3,12.3,12.3,12.3,2000.0
2023-10-04 15:37:00+07:00,12.4,12.4,12.4,12.4,500.0
2023-10-04 15:38:00+07:00,12.4,12.4,12.4,12.4,3800.0
2023-10-04 15:39:00+07:00,12.4,12.4,12.3,12.3,2900.0
2023-10-04 15:41:00+07:00,12.4,12.4,12.4,12.4,100.0
2023-10-04 15:43:00+07:00,12.4,12.4,12.4,12.4,500.0
2023-10-04 15:44:00+07:00,12.4,12.4,12.4,12.4,3000.0
2023-10-04 15:45:00+07:00,12.4,12.4,12.4,12.4,100.0
2023-10-04 15:46:00+07:00,12.3,12.4,12.3,12.4,3300.0
2023-10-04 15:47:00+07:00,12.3,12.3,12.3,12.3,90500.0
2023-10-04 15:48:00+07:00,12.3,12.3,12.3,12.3,16600.0
2023-10-04 15:49:00+07:00,12.3,12.3,12.3,12.3,12000.0
2023-10-04 15:50:00+07:00,12.3,12.3,12.3,12.3,118100.0
2023-10-04 15:51:00+07:00,12.3,12.4,12.3,12.4,5500.0
2023-10-04 15:52:00+07:00,12.3,12.3,12.3,12.3,6200.0
2023-10-04 15:53:00+07:00,12.3,12.3,12.3,12.3,5000.0
2023-10-04 15:54:00+07:00,12.3,12.3,12.3,12.3,14400.0
2023-10-04 15:55:00+07:00,12.3,12.4,12.3,12.4,56700.0
2023-10-04 15:56:00+07:00,12.3,12.3,12.3,12.3,3800.0
2023-10-04 15:57:00+07:00,12.3,12.3,12.3,12.3,3500.0
2023-10-04 15:58:00+07:00,12.3,12.3,12.3,12.3,6400.0
2023-10-04 16:00:00+07:00,12.3,12.3,12.3,12.3,12700.0
2023-10-04 16:01:00+07:00,12.3,12.4,12.3,12.4,1200.0
2023-10-04 16:03:00+07:00,12.3,12.3,12.3,12.3,8700.0
2023-10-04 16:04:00+07:00,12.3,12.3,12.3,12.3,2300.0
2023-10-04 16:05:00+07:00,12.3,12.3,12.3,12.3,11200.0
2023-10-04 16:06:00+07:00,12.4,12.4,12.3,12.3,7800.0
2023-10-04 16:07:00+07:00,12.3,12.3,12.3,12.3,10600.0
2023-10-04 16:08:00+07:00,12.4,12.4,12.3,12.3,6600.0
2023-10-04 16:09:00+07:00,12.3,12.3,12.3,12.3,15600.0
2023-10-04 16:10:00+07:00,12.3,12.3,12.3,12.3,8700.0
2023-10-04 16:11:00+07:00,12.3,12.3,12.3,12.3,9900.0
2023-10-04 16:12:00+07:00,12.3,12.4,12.3,12.4,15100.0
2023-10-04 16:13:00+07:00,12.3,12.4,12.3,12.4,12600.0
2023-10-04 16:14:00+07:00,12.3,12.3,12.3,12.3,84100.0
2023-10-04 16:15:00+07:00,12.3,12.3,12.3,12.3,80300.0
2023-10-04 16:16:00+07:00,12.3,12.3,12.3,12.3,400.0
2023-10-04 16:17:00+07:00,12.4,12.4,12.3,12.4,812500.0
2023-10-04 16:18:00+07:00,12.4,12.4,12.4,12.4,500.0
2023-10-04 16:20:00+07:00,12.4,12.5,12.4,12.5,20500.0
2023-10-04 16:21:00+07:00,12.4,12.4,12.4,12.4,40000.0
2023-10-04 16:22:00+07:00,12.4,12.4,12.4,12.4,1500.0
2023-10-04 16:23:00+07:00,12.4,12.4,12.4,12.4,100.0
2023-10-04 16:24:00+07:00,12.4,12.4,12.4,12.4,14700.0
2023-10-04 16:25:00+07:00,12.4,12.5,12.4,12.5,1300.0
2023-10-04 16:27:00+07:00,12.5,12.5,12.5,12.5,600.0
2023-10-04 16:28:00+07:00,12.5,12.5,12.4,12.4,2600.0
2023-10-04 16:29:00+07:00,12.5,12.5,12.4,12.5,6200.0
2023-10-04 16:35:00+07:00,12.4,12.4,12.4,12.4,1560100.0
2023-10-05 09:59:00+07:00,12.4,12.4,12.4,12.4,450400.0
2023-10-05 10:00:00+07:00,12.4,12.5,12.4,12.5,89500.0
2023-10-05 10:01:00+07:00,12.5,12.5,12.5,12.5,10200.0
2023-10-05 10:02:00+07:00,12.5,12.5,12.5,12.5,9400.0
2023-10-05 10:03:00+07:00,12.4,12.5,12.4,12.5,3100.0
2023-10-05 10:04:00+07:00,12.5,12.5,12.4,12.5,9000.0
2023-10-05 10:05:00+07:00,12.4,12.4,12.3,12.4,262200.0
2023-10-05 10:06:00+07:00,12.5,12.5,12.5,12.5,500.0
2023-10-05 10:08:00+07:00,12.5,12.5,12.5,12.5,7200.0
2023-10-05 10:10:00+07:00,12.4,12.5,12.3,12.3,82900.0
2023-10-05 10:11:00+07:00,12.3,12.3,12.3,12.3,300.0
2023-10-05 10:12:00+07:00,12.4,12.4,12.3,12.3,10800.0
2023-10-05 10:13:00+07:00,12.3,12.3,12.3,12.3,1000.0
2023-10-05 10:14:00+07:00,12.3,12.3,12.3,12.3,100.0
2023-10-05 10:15:00+07:00,12.3,12.4,12.3,12.4,13000.0
2023-10-05 10:16:00+07:00,12.4,12.4,12.4,12.4,303200.0
2023-10-05 10:17:00+07:00,12.4,12.4,12.4,12.4,64300.0
2023-10-05 10:18:00+07:00,12.4,12.4,12.4,12.4,7000.0
2023-10-05 10:19:00+07:00,12.4,12.4,12.4,12.4,39600.0
2023-10-05 10:20:00+07:00,12.4,12.4,12.4,12.4,1000.0
2023-10-05 10:21:00+07:00,12.4,12.4,12.3,12.3,357100.0
2023-10-05 10:22:00+07:00,12.3,12.3,12.3,12.3,25100.0
2023-10-05 10:23:00+07:00,12.3,12.3,12.3,12.3,500.0
2023-10-05 10:25:00+07:00,12.3,12.3,12.3,12.3,111000.0
2023-10-05 10:26:00+07:00,12.3,12.3,12.2,12.3,51600.0
2023-10-05 10:27:00+07:00,12.3,12.3,12.3,12.3,7000.0
2023-10-05 10:28:00+07:00,12.2,12.2,12.2,12.2,100.0
2023-10-05 10:29:00+07:00,12.3,12.3,12.3,12.3,7300.0
2023-10-05 10:30:00+07:00,12.3,12.3,12.3,12.3,8100.0
2023-10-05 10:31:00+07:00,12.3,12.3,12.3,12.3,7100.0
2023-10-05 10:32:00+07:00,12.3,12.3,12.3,12.3,6100.0
2023-10-05 10:33:00+07:00,12.3,12.3,12.2,12.2,106200.0
2023-10-05 10:34:00+07:00,12.2,12.2,12.2,12.2,50100.0
2023-10-05 10:35:00+07:00,12.2,12.3,12.2,12.2,106800.0
2023-10-05 10:37:00+07:00,12.3,12.3,12.3,12.3,100.0
2023-10-05 10:38:00+07:00,12.3,12.3,12.3,12.3,6700.0
2023-10-05 10:39:00+07:00,12.3,12.3,12.3,12.3,4400.0
2023-10-05 10:41:00+07:00,12.3,12.3,12.3,12.3,6500.0
2023-10-05 10:42:00+07:00,12.3,12.3,12.3,12.3,100.0
2023-10-05 10:43:00+07:00,12.3,12.3,12.2,12.2,6700.0
2023-10-05 10:44:00+07:00,12.2,12.3,12.2,12.3,5200.0
2023-10-05 10:45:00+07:00,12.3,12.3,12.2,12.3,9000.0
2023-10-05 10:46:00+07:00,12.2,12.3,12.2,12.3,6600.0
2023-10-05 10:47:00+07:00,12.3,12.3,12.2,12.2,13800.0
2023-10-05 10:48:00+07:00,12.2,12.2,12.2,12.2,200.0
2023-10-05 10:49:00+07:00,12.3,12.3,12.2,12.2,12200.0
2023-10-05 10:50:00+07:00,12.2,12.2,12.2,12.2,8000.0
2023-10-05 10:51:00+07:00,12.3,12.3,12.2,12.2,12500.0
2023-10-05 10:52:00+07:00,12.2,12.2,12.2,12.2,24500.0
2023-10-05 10:53:00+07:00,12.2,12.3,12.2,12.2,13800.0
2023-10-05 10:54:00+07:00,12.2,12.2,12.1,12.1,766600.0
2023-10-05 10:55:00+07:00,12.2,12.2,12.2,12.2,570300.0
2023-10-05 10:56:00+07:00,12.2,12.2,12.2,12.2,488700.0
2023-10-05 10:57:00+07:00,12.2,12.2,12.2,12.2,598700.0
2023-10-05 10:58:00+07:00,12.2,12.2,12.2,12.2,11400.0
2023-10-05 10:59:00+07:00,12.2,12.2,12.2,12.2,13600.0
2023-10-05 11:00:00+07:00,12.2,12.3,12.2,12.2,34500.0
2023-10-05 11:01:00+07:00,12.2,12.2,12.2,12.2,15600.0
2023-10-05 11:02:00+07:00,12.2,12.2,12.1,12.2,497900.0
2023-10-05 11:03:00+07:00,12.2,12.2,12.1,12.2,187200.0
2023-10-05 11:04:00+07:00,12.1,12.1,12.1,12.1,23800.0
2023-10-05 11:05:00+07:00,12.1,12.2,12.1,12.1,1506700.0
2023-10-05 11:06:00+07:00,12.1,12.2,12.0,12.1,1077000.0
2023-10-05 11:07:00+07:00,12.1,12.2,12.0,12.0,188800.0
2023-10-05 11:08:00+07:00,12.1,12.1,12.0,12.0,292300.0
2023-10-05 11:09:00+07:00,12.1,12.1,12.0,12.0,63000.0
2023-10-05 11:10:00+07:00,12.0,12.1,12.0,12.1,69200.0
2023-10-05 11:11:00+07:00,12.0,12.1,12.0,12.1,8000.0
2023-10-05 11:12:00+07:00,12.0,12.1,12.0,12.0,8500.0
2023-10-05 11:13:00+07:00,12.0,12.1,12.0,12.1,57200.0
2023-10-05 11:14:00+07:00,12.1,12.1,12.0,12.1,35700.0
2023-10-05 11:15:00+07:00,12.1,12.1,12.1,12.1,500.0
2023-10-05 11:16:00+07:00,12.1,12.1,12.1,12.1,4100.0
2023-10-05 11:17:00+07:00,12.1,12.1,12.0,12.1,10700.0
2023-10-05 11:18:00+07:00,12.0,12.1,12.0,12.1,6300.0
2023-10-05 11:19:00+07:00,12.1,12.1,12.0,12.0,23200.0
2023-10-05 11:20:00+07:00,12.1,12.1,12.0,12.1,6300.0
2023-10-05 11:21:00+07:00,12.0,12.1,12.0,12.0,12800.0
2023-10-05 11:22:00+07:00,12.1,12.1,12.1,12.1,2800.0
2023-10-05 11:23:00+07:00,12.1,12.1,12.0,12.0,7500.0
2023-10-05 11:24:00+07:00,12.1,12.1,12.1,12.1,108700.0
2023-10-05 11:25:00+07:00,12.1,12.1,12.1,12.1,2700.0
2023-10-05 11:26:00+07:00,12.1,12.1,12.1,12.1,56000.0
2023-10-05 11:27:00+07:00,12.1,12.1,12.0,12.1,38000.0
2023-10-05 11:29:00+07:00,12.1,12.1,12.1,12.1,6700.0
2023-10-05 11:31:00+07:00,12.1,12.1,12.1,12.1,7500.0
2023-10-05 11:32:00+07:00,12.0,12.1,12.0,12.1,39100.0
2023-10-05 11:33:00+07:00,12.1,12.1,12.0,12.0,21300.0
2023-10-05 11:34:00+07:00,12.0,12.0,12.0,12.0,200.0
2023-10-05 11:35:00+07:00,12.0,12.0,12.0,12.0,7600.0
2023-10-05 11:36:00+07:00,12.1,12.1,12.1,12.1,6500.0
2023-10-05 11:38:00+07:00,12.1,12.1,12.1,12.1,7900.0
2023-10-05 11:39:00+07:00,12.1,12.1,12.1,12.1,10000.0
2023-10-05 11:40:00+07:00,12.1,12.1,12.1,12.1,20000.0
2023-10-05 11:41:00+07:00,12.1,12.1,12.1,12.1,6600.0
2023-10-05 11:42:00+07:00,12.1,12.1,12.1,12.1,100.0
2023-10-05 11:43:00+07:00,12.1,12.1,12.1,12.1,2000.0
2023-10-05 11:44:00+07:00,12.1,12.1,12.0,12.0,93600.0
2023-10-05 11:45:00+07:00,12.0,12.0,11.9,11.9,2588400.0
2023-10-05 11:46:00+07:00,11.9,11.9,11.9,11.9,114300.0
2023-10-05 11:47:00+07:00,11.9,11.9,11.9,11.9,805700.0
2023-10-05 11:48:00+07:00,11.9,12.0,11.9,11.9,15700.0
2023-10-05 11:49:00+07:00,12.0,12.0,12.0,12.0,900.0
2023-10-05 11:50:00+07:00,12.0,12.0,11.9,11.9,101000.0
2023-10-05 11:51:00+07:00,11.9,11.9,11.9,11.9,3000.0
2023-10-05 11:52:00+07:00,11.9,11.9,11.9,11.9,230500.0
2023-10-05 11:54:00+07:00,11.9,11.9,11.9,11.9,10400.0
2023-10-05 11:56:00+07:00,11.9,12.0,11.9,11.9,40400.0
2023-10-05 11:57:00+07:00,11.9,12.0,11.9,12.0,1900.0
2023-10-05 11:59:00+07:00,11.9,11.9,11.9,11.9,2000.0
2023-10-05 12:02:00+07:00,11.9,12.0,11.9,12.0,2400.0
2023-10-05 12:03:00+07:00,12.0,12.0,11.9,11.9,11700.0
2023-10-05 12:04:00+07:00,12.0,12.0,12.0,12.0,20000.0
2023-10-05 12:05:00+07:00,12.0,12.0,12.0,12.0,50000.0
2023-10-05 12:06:00+07:00,12.0,12.0,12.0,12.0,3600.0
2023-10-05 12:07:00+07:00,12.0,12.0,12.0,12.0,1000.0
2023-10-05 12:08:00+07:00,12.0,12.0,12.0,12.0,6600.0
2023-10-05 12:09:00+07:00,12.0,12.0,12.0,12.0,200.0
2023-10-05 12:10:00+07:00,12.0,12.0,12.0,12.0,5300.0
2023-10-05 12:11:00+07:00,12.0,12.0,12.0,12.0,3500.0
2023-10-05 12:12:00+07:00,12.0,12.0,12.0,12.0,5100.0
2023-10-05 12:13:00+07:00,12.0,12.0,12.0,12.0,26200.0
2023-10-05 12:14:00+07:00,12.0,12.0,11.9,11.9,18700.0
2023-10-05 12:15:00+07:00,12.0,12.0,12.0,12.0,2000.0
2023-10-05 12:16:00+07:00,12.0,12.0,11.9,11.9,11300.0
2023-10-05 12:17:00+07:00,11.9,12.0,11.9,12.0,21900.0
2023-10-05 12:18:00+07:00,11.9,12.0,11.9,12.0,8600.0
2023-10-05 12:19:00+07:00,11.9,12.0,11.9,11.9,9500.0
2023-10-05 12:20:00+07:00,12.0,12.0,12.0,12.0,75200.0
2023-10-05 12:22:00+07:00,11.9,11.9,11.9,11.9,200000.0
2023-10-05 12:23:00+07:00,12.0,12.0,12.0,12.0,2700.0
2023-10-05 12:24:00+07:00,11.9,11.9,11.9,11.9,7100.0
2023-10-05 12:25:00+07:00,11.9,11.9,11.9,11.9,214000.0
2023-10-05 12:26:00+07:00,12.0,12.0,11.9,12.0,99700.0
2023-10-05 12:27:00+07:00,12.0,12.0,11.9,11.9,17000.0
2023-10-05 12:28:00+07:00,12.0,12.0,11.9,12.0,107400.0
2023-10-05 12:29:00+07:00,11.9,12.0,11.9,12.0,11400.0
2023-10-05 14:26:00+07:00,11.9,11.9,11.9,11.9,526800.0
2023-10-05 14:27:00+07:00,11.9,11.9,11.8,11.9,174000.0
2023-10-05 14:28:00+07:00,11.8,11.9,11.8,11.9,16200.0
2023-10-05 14:30:00+07:00,11.8,11.8,11.8,11.8,4000.0
2023-10-05 14:31:00+07:00,11.8,11.8,11.8,11.8,18300.0
2023-10-05 14:32:00+07:00,11.8,11.8,11.8,11.8,2000.0
2023-10-05 14:33:00+07:00,11.8,11.9,11.8,11.9,36400.0
2023-10-05 14:34:00+07:00,11.8,11.9,11.8,11.9,7900.0
2023-10-05 14:35:00+07:00,11.8,11.8,11.8,11.8,5800.0
2023-10-05 14:36:00+07:00,11.8,11.8,11.8,11.8,7000.0
2023-10-05 14:37:00+07:00,11.9,11.9,11.9,11.9,1000.0
2023-10-05 14:38:00+07:00,11.9,11.9,11.8,11.8,2700.0
2023-10-05 14:39:00+07:00,11.8,11.8,11.8,11.8,8600.0
2023-10-05 14:40:00+07:00,11.9,11.9,11.8,11.8,2900.0
2023-10-05 14:41:00+07:00,11.8,11.9,11.8,11.8,16900.0
2023-10-05 14:42:00+07:00,11.9,11.9,11.8,11.8,970200.0
2023-10-05 14:43:00+07:00,11.7,11.8,11.7,11.8,389300.0
2023-10-05 14:44:00+07:00,11.8,11.8,11.7,11.8,28400.0
2023-10-05 14:45:00+07:00,11.7,11.9,11.7,11.8,846100.0
2023-10-05 14:47:00+07:00,11.8,11.8,11.8,11.8,300.0
2023-10-05 14:48:00+07:00,11.8,11.8,11.8,11.8,100.0
2023-10-05 14:49:00+07:00,11.9,11.9,11.8,11.9,8000.0
2023-10-05 14:50:00+07:00,11.9,11.9,11.9,11.9,3000.0
2023-10-05 14:51:00+07:00,11.9,11.9,11.9,11.9,3100.0
2023-10-05 14:52:00+07:00,11.8,11.8,11.8,11.8,523300.0
2023-10-05 14:53:00+07:00,11.8,11.9,11.8,11.8,877700.0
2023-10-05 14:54:00+07:00,11.8,11.8,11.8,11.8,28600.0
2023-10-05 14:55:00+07:00,11.8,11.8,11.8,11.8,63400.0
2023-10-05 14:56:00+07:00,11.8,11.8,11.8,11.8,707200.0
2023-10-05 14:57:00+07:00,11.8,11.9,11.8,11.9,1000.0
2023-10-05 14:58:00+07:00,11.9,11.9,11.9,11.9,700.0
2023-10-05 14:59:00+07:00,11.9,11.9,11.8,11.9,37700.0
2023-10-05 15:00:00+07:00,11.9,11.9,11.9,11.9,1000.0
2023-10-05 15:01:00+07:00,11.9,11.9,11.9,11.9,1200.0
2023-10-05 15:02:00+07:00,11.9,11.9,11.9,11.9,2000.0
2023-10-05 15:03:00+07:00,11.9,11.9,11.9,11.9,3700.0
2023-10-05 15:04:00+07:00,11.8,11.9,11.8,11.9,1700.0
2023-10-05 15:05:00+07:00,11.8,11.9,11.8,11.9,12600.0
2023-10-05 15:07:00+07:00,11.8,11.9,11.8,11.9,12600.0
2023-10-05 15:08:00+07:00,11.9,11.9,11.9,11.9,100.0
2023-10-05 15:12:00+07:00,11.8,11.9,11.8,11.9,12500.0
2023-10-05 15:13:00+07:00,11.9,11.9,11.9,11.9,200.0
2023-10-05 15:14:00+07:00,11.9,11.9,11.9,11.9,2200.0
2023-10-05 15:15:00+07:00,11.9,11.9,11.8,11.8,448300.0
2023-10-05 15:16:00+07:00,11.8,11.8,11.7,11.8,13100.0
2023-10-05 15:17:00+07:00,11.8,11.8,11.8,11.8,135600.0
2023-10-05 15:18:00+07:00,11.8,11.8,11.8,11.8,2900.0
2023-10-05 15:19:00+07:00,11.8,11.8,11.7,11.7,5800.0
2023-10-05 15:20:00+07:00,11.7,11.8,11.7,11.8,25900.0
2023-10-05 15:21:00+07:00,11.8,11.8,11.7,11.7,13400.0
2023-10-05 15:22:00+07:00,11.8,11.8,11.7,11.7,12800.0
2023-10-05 15:23:00+07:00,11.8,11.8,11.7,11.8,656300.0
2023-10-05 15:24:00+07:00,11.8,11.9,11.8,11.9,7200.0
2023-10-05 15:25:00+07:00,11.9,11.9,11.8,11.8,500.0
2023-10-05 15:26:00+07:00,11.9,11.9,11.9,11.9,2100.0
2023-10-05 15:27:00+07:00,11.9,11.9,11.9,11.9,1900.0
2023-10-05 15:28:00+07:00,11.9,11.9,11.9,11.9,1100.0
2023-10-05 15:29:00+07:00,11.9,11.9,11.9,11.9,2000.0
2023-10-05 15:30:00+07:00,11.9,11.9,11.9,11.9,1300.0
2023-10-05 15:31:00+07:00,11.9,11.9,11.9,11.9,1100.0
2023-10-05 15:32:00+07:00,11.9,11.9,11.9,11.9,1100.0
2023-10-05 15:33:00+07:00,11.9,11.9,11.9,11.9,5200.0
2023-10-05 15:34:00+07:00,11.9,11.9,11.9,11.9,1500.0
2023-10-05 15:36:00+07:00,11.9,11.9,11.9,11.9,115500.0
2023-10-05 15:37:00+07:00,11.9,11.9,11.8,11.9,6600.0
2023-10-05 15:38:00+07:00,11.9,11.9,11.9,11.9,2200.0
2023-10-05 15:39:00+07:00,11.9,11.9,11.9,11.9,2400.0
2023-10-05 15:40:00+07:00,11.9,11.9,11.9,11.9,2600.0
2023-10-05 15:41:00+07:00,11.9,11.9,11.8,11.9,163700.0
2023-10-05 15:42:00+07:00,11.9,11.9,11.9,11.9,2200.0
2023-10-05 15:43:00+07:00,11.9,11.9,11.9,11.9,2100.0
2023-10-05 15:44:00+07:00,11.9,11.9,11.8,11.8,113500.0
2023-10-05 15:45:00+07:00,11.9,11.9,11.9,11.9,4200.0
2023-10-05 15:46:00+07:00,11.8,11.9,11.8,11.8,127400.0
2023-10-05 15:47:00+07:00,11.8,11.9,11.8,11.8,9200.0
2023-10-05 15:48:00+07:00,11.9,11.9,11.8,11.8,8200.0
2023-10-05 15:49:00+07:00,11.8,11.9,11.8,11.8,8400.0
2023-10-05 15:50:00+07:00,11.8,11.9,11.8,11.8,8600.0
2023-10-05 15:51:00+07:00,11.8,11.9,11.8,11.8,107300.0
2023-10-05 15:52:00+07:00,11.8,11.9,11.8,11.9,155800.0
2023-10-05 15:53:00+07:00,11.8,11.9,11.8,11.8,11000.0
2023-10-05 15:54:00+07:00,11.9,11.9,11.8,11.9,14800.0
2023-10-05 15:55:00+07:00,11.8,11.9,11.8,11.9,7200.0
2023-10-05 15:56:00+07:00,11.8,11.9,11.8,11.8,9000.0
2023-10-05 15:57:00+07:00,11.8,11.9,11.8,11.8,7600.0
2023-10-05 15:58:00+07:00,11.8,11.9,11.8,11.8,10100.0
2023-10-05 15:59:00+07:00,11.8,11.9,11.8,11.8,107000.0
2023-10-05 16:00:00+07:00,11.8,11.8,11.8,11.8,1079800.0
2023-10-05 16:01:00+07:00,11.8,11.9,11.8,11.8,25800.0
2023-10-05 16:02:00+07:00,11.8,11.8,11.8,11.8,14900.0
2023-10-05 16:03:00+07:00,11.8,11.8,11.8,11.8,29200.0
2023-10-05 16:04:00+07:00,11.8,11.9,11.8,11.8,122400.0
2023-10-05 16:05:00+07:00,11.8,11.9,11.8,11.8,15200.0
2023-10-05 16:06:00+07:00,11.8,11.9,11.8,11.8,20000.0
2023-10-05 16:07:00+07:00,11.8,11.9,11.8,11.8,159200.0
2023-10-05 16:08:00+07:00,11.8,11.9,11.8,11.8,24700.0
2023-10-05 16:09:00+07:00,11.9,11.9,11.8,11.8,20300.0
2023-10-05 16:10:00+07:00,11.8,11.9,11.8,11.8,76800.0
2023-10-05 16:11:00+07:00,11.8,11.9,11.8,11.8,108600.0
2023-10-05 16:12:00+07:00,11.8,11.9,11.8,11.9,429500.0
2023-10-05 16:13:00+07:00,11.8,11.9,11.8,11.9,15500.0
2023-10-05 16:14:00+07:00,11.8,11.9,11.8,11.9,16500.0
2023-10-05 16:16:00+07:00,11.9,11.9,11.8,11.8,10200.0
2023-10-05 16:17:00+07:00,11.9,11.9,11.8,11.8,6500.0
2023-10-05 16:18:00+07:00,11.8,11.9,11.8,11.9,174200.0
2023-10-05 16:19:00+07:00,11.8,11.9,11.8,11.8,49500.0
2023-10-05 16:20:00+07:00,11.8,11.8,11.8,11.8,21600.0
2023-10-05 16:21:00+07:00,11.9,11.9,11.8,11.8,31000.0
2023-10-05 16:22:00+07:00,11.8,11.9,11.8,11.8,759400.0
2023-10-05 16:23:00+07:00,11.8,11.9,11.8,11.8,323400.0
2023-10-05 16:24:00+07:00,11.8,11.8,11.8,11.8,68900.0
2023-10-05 16:25:00+07:00,11.9,11.9,11.8,11.9,58500.0
2023-10-05 16:26:00+07:00,11.8,11.9,11.8,11.8,232900.0
2023-10-05 16:27:00+07:00,11.9,11.9,11.8,11.9,47700.0
2023-10-05 16:28:00+07:00,11.8,11.9,11.8,11.9,56900.0
2023-10-05 16:29:00+07:00,11.8,11.9,11.8,11.9,231200.0
2023-10-05 16:35:00+07:00,12.0,12.0,12.0,12.0,3584600.0
2023-10-06 09:59:00+07:00,12.1,12.1,12.1,12.1,208100.0
2023-10-06 10:00:00+07:00,12.1,12.1,12.1,12.1,1000.0
2023-10-06 10:01:00+07:00,12.1,12.1,12.1,12.1,5000.0
2023-10-06 10:03:00+07:00,12.1,12.1,12.1,12.1,2000.0
2023-10-06 10:04:00+07:00,12.1,12.1,12.1,12.1,100.0
2023-10-06 10:05:00+07:00,12.0,12.0,12.0,12.0,8100.0
2023-10-06 10:06:00+07:00,12.1,12.1,12.0,12.0,4500.0
2023-10-06 10:08:00+07:00,12.1,12.1,12.0,12.0,20200.0
2023-10-06 10:09:00+07:00,12.0,12.0,12.0,12.0,139700.0
2023-10-06 10:11:00+07:00,11.9,12.0,11.9,12.0,31000.0
2023-10-06 10:12:00+07:00,12.0,12.0,12.0,12.0,83800.0
2023-10-06 10:15:00+07:00,12.0,12.0,12.0,12.0,205100.0
2023-10-06 10:16:00+07:00,12.0,12.0,12.0,12.0,2700.0
2023-10-06 10:17:00+07:00,12.0,12.0,12.0,12.0,50600.0
2023-10-06 10:18:00+07:00,12.0,12.0,12.0,12.0,30900.0
2023-10-06 10:19:00+07:00,12.0,12.0,12.0,12.0,900.0
2023-10-06 10:20:00+07:00,12.0,12.0,12.0,12.0,3100.0
2023-10-06 10:22:00+07:00,12.0,12.0,12.0,12.0,15000.0
2023-10-06 10:23:00+07:00,12.0,12.0,12.0,12.0,5500.0
2023-10-06 10:26:00+07:00,12.0,12.0,12.0,12.0,300.0
2023-10-06 10:27:00+07:00,12.0,12.0,12.0,12.0,1000.0
2023-10-06 10:28:00+07:00,12.0,12.0,12.0,12.0,500.0
2023-10-06 10:29:00+07:00,12.0,12.1,12.0,12.1,1500.0
2023-10-06 10:31:00+07:00,12.0,12.0,12.0,12.0,92300.0
2023-10-06 10:32:00+07:00,12.0,12.0,12.0,12.0,10200.0
2023-10-06 10:33:00+07:00,12.0,12.0,12.0,12.0,3000.0
2023-10-06 10:34:00+07:00,12.0,12.0,12.0,12.0,10400.0
2023-10-06 10:35:00+07:00,12.0,12.0,12.0,12.0,1200.0
2023-10-06 10:36:00+07:00,12.1,12.1,12.0,12.0,99600.0
2023-10-06 10:37:00+07:00,12.0,12.0,12.0,12.0,5300.0
2023-10-06 10:40:00+07:00,12.0,12.0,12.0,12.0,1000.0
2023-10-06 10:43:00+07:00,12.0,12.0,12.0,12.0,2200.0
2023-10-06 10:46:00+07:00,12.0,12.0,12.0,12.0,500.0
2023-10-06 10:48:00+07:00,12.0,12.0,12.0,12.0,1100.0
2023-10-06 10:51:00+07:00,12.0,12.0,12.0,12.0,48500.0
2023-10-06 10:52:00+07:00,12.0,12.0,12.0,12.0,2200.0
2023-10-06 10:53:00+07:00,12.0,12.0,12.0,12.0,100.0
2023-10-06 10:54:00+07:00,12.0,12.0,12.0,12.0,100.0
2023-10-06 10:55:00+07:00,12.0,12.0,11.9,11.9,850000.0
2023-10-06 10:56:00+07:00,11.9,12.0,11.9,12.0,6000.0
2023-10-06 10:57:00+07:00,12.0,12.0,12.0,12.0,200.0
2023-10-06 10:58:00+07:00,12.0,12.0,12.0,12.0,200.0
2023-10-06 10:59:00+07:00,12.0,12.0,12.0,12.0,1200.0
2023-10-06 11:00:00+07:00,12.0,12.0,12.0,12.0,300.0
2023-10-06 11:01:00+07:00,12.0,12.0,12.0,12.0,200.0
2023-10-06 11:02:00+07:00,12.0,12.0,12.0,12.0,300.0
2023-10-06 11:03:00+07:00,12.0,12.0,12.0,12.0,1000.0
2023-10-06 11:05:00+07:00,11.9,12.0,11.9,12.0,21000.0
2023-10-06 11:08:00+07:00,11.9,12.0,11.9,12.0,1800.0
2023-10-06 11:09:00+07:00,11.9,11.9,11.9,11.9,12300.0
2023-10-06 11:10:00+07:00,11.9,11.9,11.9,11.9,8800.0
2023-10-06 11:11:00+07:00,12.0,12.0,11.9,11.9,31200.0
2023-10-06 11:12:00+07:00,11.9,11.9,11.9,11.9,2100.0
2023-10-06 11:13:00+07:00,11.9,11.9,11.9,11.9,2400.0
2023-10-06 11:14:00+07:00,11.9,11.9,11.9,11.9,1200.0
2023-10-06 11:16:00+07:00,11.8,11.9,11.8,11.9,2500.0
2023-10-06 11:17:00+07:00,11.9,11.9,11.9,11.9,1100.0
2023-10-06 11:18:00+07:00,11.9,11.9,11.9,11.9,300.0
2023-10-06 11:19:00+07:00,11.9,11.9,11.8,11.9,1300.0
2023-10-06 11:20:00+07:00,11.9,12.0,11.9,12.0,218300.0
2023-10-06 11:21:00+07:00,12.0,12.0,11.9,12.0,3700.0
2023-10-06 11:22:00+07:00,12.0,12.0,12.0,12.0,1100.0
2023-10-06 11:23:00+07:00,11.9,11.9,11.9,11.9,1000.0
2023-10-06 11:26:00+07:00,12.0,12.0,11.9,12.0,2100.0
2023-10-06 11:30:00+07:00,12.0,12.0,12.0,12.0,1000.0
2023-10-06 11:32:00+07:00,12.0,12.0,12.0,12.0,1500.0
2023-10-06 11:33:00+07:00,12.0,12.0,12.0,12.0,3000.0
2023-10-06 11:39:00+07:00,11.9,11.9,11.9,11.9,260700.0
2023-10-06 11:40:00+07:00,11.9,11.9,11.9,11.9,188800.0
2023-10-06 11:42:00+07:00,11.9,11.9,11.9,11.9,2000.0
2023-10-06 11:45:00+07:00,11.9,11.9,11.9,11.9,5100.0
2023-10-06 11:46:00+07:00,12.0,12.0,12.0,12.0,1100.0
2023-10-06 11:48:00+07:00,12.0,12.0,12.0,12.0,100.0
2023-10-06 11:49:00+07:00,12.0,12.0,12.0,12.0,100.0
2023-10-06 11:52:00+07:00,12.0,12.0,11.9,11.9,21100.0
2023-10-06 11:54:00+07:00,11.9,11.9,11.9,11.9,30000.0
2023-10-06 11:55:00+07:00,11.9,11.9,11.9,11.9,100.0
2023-10-06 11:59:00+07:00,12.0,12.0,12.0,12.0,1000.0
2023-10-06 12:01:00+07:00,12.0,12.0,12.0,12.0,200.0
2023-10-06 12:04:00+07:00,12.0,12.0,12.0,12.0,1000.0
2023-10-06 12:05:00+07:00,11.9,11.9,11.9,11.9,30800.0
2023-10-06 12:06:00+07:00,11.9,11.9,11.9,11.9,4200.0
2023-10-06 12:07:00+07:00,11.9,11.9,11.9,11.9,99700.0
2023-10-06 12:09:00+07:00,11.9,11.9,11.9,11.9,1000.0
2023-10-06 12:10:00+07:00,11.9,11.9,11.9,11.9,206200.0
2023-10-06 12:11:00+07:00,11.9,11.9,11.9,11.9,34800.0
2023-10-06 12:14:00+07:00,11.9,11.9,11.9,11.9,204000.0
2023-10-06 12:15:00+07:00,11.9,11.9,11.9,11.9,3000.0
2023-10-06 12:16:00+07:00,11.9,11.9,11.9,11.9,1500.0
2023-10-06 12:17:00+07:00,11.9,11.9,11.9,11.9,500.0
2023-10-06 12:20:00+07:00,11.9,11.9,11.9,11.9,900.0
2023-10-06 12:21:00+07:00,11.9,11.9,11.9,11.9,28900.0
2023-10-06 12:22:00+07:00,11.9,11.9,11.9,11.9,2000.0
2023-10-06 12:23:00+07:00,11.9,11.9,11.9,11.9,20300.0
2023-10-06 12:24:00+07:00,11.9,11.9,11.9,11.9,600.0
2023-10-06 12:25:00+07:00,11.9,11.9,11.9,11.9,3600.0
2023-10-06 12:26:00+07:00,11.9,11.9,11.8,11.8,49600.0
2023-10-06 12:27:00+07:00,11.9,11.9,11.9,11.9,1400.0
2023-10-06 12:28:00+07:00,11.9,11.9,11.9,11.9,900.0
2023-10-06 12:29:00+07:00,11.9,11.9,11.9,11.9,1000.0
2023-10-06 14:25:00+07:00,11.9,12.0,11.9,12.0,87700.0
2023-10-06 14:26:00+07:00,12.0,12.0,12.0,12.0,1200.0
2023-10-06 14:35:00+07:00,12.0,12.0,12.0,12.0,1200.0
2023-10-06 14:39:00+07:00,12.0,12.0,12.0,12.0,500.0
2023-10-06 14:40:00+07:00,11.9,11.9,11.9,11.9,2500.0
2023-10-06 14:41:00+07:00,12.0,12.0,12.0,12.0,5300.0
2023-10-06 14:42:00+07:00,11.9,12.0,11.9,12.0,2000.0
2023-10-06 14:44:00+07:00,11.9,11.9,11.9,11.9,40000.0
2023-10-06 14:47:00+07:00,11.9,11.9,11.9,11.9,3200.0
2023-10-06 14:48:00+07:00,12.0,12.0,11.9,11.9,11000.0
2023-10-06 14:51:00+07:00,11.9,11.9,11.9,11.9,100.0
2023-10-06 14:54:00+07:00,12.0,12.0,12.0,12.0,1100.0
2023-10-06 14:55:00+07:00,11.9,11.9,11.9,11.9,3200.0
2023-10-06 14:58:00+07:00,11.9,11.9,11.9,11.9,100.0
2023-10-06 14:59:00+07:00,12.0,12.0,12.0,12.0,1000.0
2023-10-06 15:03:00+07:00,12.0,12.0,12.0,12.0,1000.0
2023-10-06 15:04:00+07:00,11.9,11.9,11.9,11.9,463700.0
2023-10-06 15:06:00+07:00,11.9,11.9,11.9,11.9,30900.0
2023-10-06 15:07:00+07:00,11.9,11.9,11.9,11.9,29700.0
2023-10-06 15:09:00+07:00,11.9,11.9,11.9,11.9,100.0
2023-10-06 15:11:00+07:00,12.0,12.0,12.0,12.0,1000.0
2023-10-06 15:12:00+07:00,11.9,11.9,11.9,11.9,1000.0
2023-10-06 15:14:00+07:00,11.9,11.9,11.9,11.9,20000.0
2023-10-06 15:15:00+07:00,12.0,12.0,11.9,11.9,493300.0
2023-10-06 15:17:00+07:00,11.9,11.9,11.9,11.9,1000.0
2023-10-06 15:19:00+07:00,11.9,11.9,11.9,11.9,100.0
2023-10-06 15:21:00+07:00,11.9,11.9,11.9,11.9,2100.0
2023-10-06 15:22:00+07:00,11.9,11.9,11.9,11.9,159300.0
2023-10-06 15:24:00+07:00,11.9,11.9,11.9,11.9,1100.0
2023-10-06 15:25:00+07:00,11.9,11.9,11.9,11.9,100.0
2023-10-06 15:27:00+07:00,11.9,11.9,11.9,11.9,300.0
2023-10-06 15:28:00+07:00,11.9,11.9,11.9,11.9,1700.0
2023-10-06 15:33:00+07:00,11.9,11.9,11.9,11.9,1100.0
2023-10-06 15:34:00+07:00,11.8,11.9,11.8,11.9,4000.0
2023-10-06 15:36:00+07:00,11.9,11.9,11.9,11.9,400.0
2023-10-06 15:37:00+07:00,11.9,11.9,11.8,11.9,2400.0
2023-10-06 15:38:00+07:00,11.9,11.9,11.9,11.9,400.0
2023-10-06 15:41:00+07:00,11.9,11.9,11.9,11.9,1800.0
2023-10-06 15:42:00+07:00,11.8,11.9,11.8,11.9,5300.0
2023-10-06 15:44:00+07:00,11.9,11.9,11.8,11.9,153300.0
2023-10-06 15:45:00+07:00,11.9,11.9,11.9,11.9,1700.0
2023-10-06 15:46:00+07:00,11.9,11.9,11.9,11.9,1200.0
2023-10-06 15:47:00+07:00,11.9,11.9,11.9,11.9,400.0
2023-10-06 15:48:00+07:00,11.9,11.9,11.9,11.9,2900.0
2023-10-06 15:49:00+07:00,11.9,11.9,11.9,11.9,300.0
2023-10-06 15:50:00+07:00,11.9,11.9,11.9,11.9,900.0
2023-10-06 15:51:00+07:00,11.9,11.9,11.8,11.8,205700.0
2023-10-06 15:52:00+07:00,11.9,11.9,11.8,11.8,8400.0
2023-10-06 15:53:00+07:00,11.9,11.9,11.9,11.9,4100.0
2023-10-06 15:57:00+07:00,11.8,11.8,11.8,11.8,32000.0
2023-10-06 15:58:00+07:00,11.8,11.9,11.8,11.9,117600.0
2023-10-06 15:59:00+07:00,11.8,11.8,11.8,11.8,3500.0
2023-10-06 16:00:00+07:00,11.8,11.8,11.8,11.8,400.0
2023-10-06 16:01:00+07:00,11.8,11.8,11.8,11.8,2000.0
2023-10-06 16:04:00+07:00,11.9,11.9,11.9,11.9,1000.0
2023-10-06 16:05:00+07:00,11.8,11.9,11.8,11.9,3700.0
2023-10-06 16:06:00+07:00,11.9,11.9,11.9,11.9,100.0
2023-10-06 16:09:00+07:00,11.8,11.8,11.8,11.8,5100.0
2023-10-06 16:10:00+07:00,11.8,11.9,11.8,11.8,313000.0
2023-10-06 16:12:00+07:00,11.8,11.9,11.8,11.9,1400.0
2023-10-06 16:14:00+07:00,11.8,11.8,11.8,11.8,4300.0
2023-10-06 16:15:00+07:00,11.9,11.9,11.9,11.9,4300.0
2023-10-06 16:16:00+07:00,11.9,11.9,11.9,11.9,400.0
2023-10-06 16:17:00+07:00,11.8,11.9,11.8,11.8,1200.0
2023-10-06 16:18:00+07:00,11.8,11.8,11.8,11.8,3100.0
2023-10-06 16:20:00+07:00,11.9,11.9,11.9,11.9,1000.0
2023-10-06 16:21:00+07:00,11.8,11.8,11.8,11.8,3300.0
2023-10-06 16:22:00+07:00,11.9,11.9,11.9,11.9,2800.0
2023-10-06 16:23:00+07:00,11.8,11.9,11.8,11.8,8400.0
2023-10-06 16:24:00+07:00,11.8,11.9,11.8,11.9,5000.0
2023-10-06 16:25:00+07:00,11.8,11.8,11.8,11.8,3200.0
2023-10-06 16:26:00+07:00,11.9,11.9,11.9,11.9,2700.0
2023-10-06 16:27:00+07:00,11.9,11.9,11.8,11.9,5400.0
2023-10-06 16:28:00+07:00,11.8,11.9,11.8,11.8,29500.0
2023-10-06 16:29:00+07:00,11.8,11.9,11.8,11.9,8000.0
2023-10-06 16:36:00+07:00,11.8,11.8,11.8,11.8,1255500.0
2023-10-09 09:58:00+07:00,11.8,11.8,11.8,11.8,68700.0
2023-10-09 09:59:00+07:00,11.8,11.9,11.8,11.8,47000.0
2023-10-09 10:00:00+07:00,11.8,11.9,11.8,11.8,2800.0
2023-10-09 10:01:00+07:00,11.8,11.9,11.8,11.9,400.0
2023-10-09 10:02:00+07:00,11.8,11.9,11.8,11.8,1500.0
2023-10-09 10:03:00+07:00,11.9,11.9,11.8,11.8,7100.0
2023-10-09 10:04:00+07:00,11.8,11.8,11.8,11.8,1000.0
2023-10-09 10:05:00+07:00,11.8,11.8,11.7,11.7,280200.0
2023-10-09 10:06:00+07:00,11.7,11.8,11.7,11.7,208000.0
2023-10-09 10:07:00+07:00,11.7,11.7,11.7,11.7,1300.0
2023-10-09 10:08:00+07:00,11.7,11.7,11.7,11.7,1300.0
2023-10-09 10:09:00+07:00,11.7,11.8,11.7,11.7,3700.0
2023-10-09 10:10:00+07:00,11.7,11.7,11.7,11.7,14500.0
2023-10-09 10:11:00+07:00,11.8,11.8,11.7,11.7,17800.0
2023-10-09 10:12:00+07:00,11.7,11.7,11.7,11.7,322100.0
2023-10-09 10:13:00+07:00,11.7,11.8,11.7,11.8,5000.0
2023-10-09 10:14:00+07:00,11.8,11.8,11.7,11.7,2400.0
2023-10-09 10:15:00+07:00,11.7,11.7,11.7,11.7,300.0
2023-10-09 10:16:00+07:00,11.7,11.8,11.7,11.8,6500.0
2023-10-09 10:17:00+07:00,11.7,11.7,11.7,11.7,3000.0
2023-10-09 10:18:00+07:00,11.7,11.7,11.7,11.7,2400.0
2023-10-09 10:19:00+07:00,11.7,11.7,11.7,11.7,300.0
2023-10-09 10:20:00+07:00,11.7,11.7,11.7,11.7,8900.0
2023-10-09 10:21:00+07:00,11.7,11.7,11.7,11.7,111500.0
2023-10-09 10:22:00+07:00,11.7,11.7,11.7,11.7,3300.0
2023-10-09 10:23:00+07:00,11.7,11.7,11.7,11.7,114200.0
2023-10-09 10:24:00+07:00,11.7,11.7,11.7,11.7,300.0
2023-10-09 10:25:00+07:00,11.7,11.7,11.7,11.7,33800.0
2023-10-09 10:26:00+07:00,11.7,11.7,11.7,11.7,400.0
2023-10-09 10:27:00+07:00,11.8,11.8,11.7,11.7,1500.0
2023-10-09 10:28:00+07:00,11.8,11.8,11.7,11.7,400.0
2023-10-09 10:29:00+07:00,11.8,11.8,11.7,11.8,12100.0
2023-10-09 10:30:00+07:00,11.7,11.7,11.7,11.7,500.0
2023-10-09 10:31:00+07:00,11.7,11.7,11.7,11.7,300.0
2023-10-09 10:32:00+07:00,11.7,11.7,11.7,11.7,400.0
2023-10-09 10:33:00+07:00,11.7,11.7,11.7,11.7,2400.0
2023-10-09 10:34:00+07:00,11.7,11.7,11.7,11.7,600.0
2023-10-09 10:35:00+07:00,11.7,11.8,11.7,11.7,700.0
2023-10-09 10:36:00+07:00,11.8,11.8,11.7,11.7,2900.0
2023-10-09 10:37:00+07:00,11.7,11.7,11.7,11.7,3900.0
2023-10-09 10:38:00+07:00,11.8,11.8,11.7,11.7,500.0
2023-10-09 10:39:00+07:00,11.8,11.8,11.7,11.7,800.0
2023-10-09 10:40:00+07:00,11.7,11.7,11.7,11.7,500.0
2023-10-09 10:41:00+07:00,11.7,11.8,11.7,11.8,900.0
2023-10-09 10:42:00+07:00,11.7,11.7,11.7,11.7,500.0
2023-10-09 10:43:00+07:00,11.7,11.7,11.7,11.7,6400.0
2023-10-09 10:44:00+07:00,11.7,11.8,11.7,11.7,170900.0
2023-10-09 10:45:00+07:00,11.7,11.7,11.7,11.7,13000.0
2023-10-09 10:46:00+07:00,11.7,11.8,11.7,11.8,25700.0
2023-10-09 10:47:00+07:00,11.7,11.7,11.6,11.6,146400.0
2023-10-09 10:48:00+07:00,11.7,11.7,11.6,11.7,23100.0
2023-10-09 10:49:00+07:00,11.6,11.7,11.6,11.7,173800.0
2023-10-09 10:50:00+07:00,11.7,11.7,11.6,11.7,1100.0
2023-10-09 10:51:00+07:00,11.6,11.6,11.6,11.6,300.0
2023-10-09 10:52:00+07:00,11.7,11.7,11.6,11.6,700.0
2023-10-09 10:53:00+07:00,11.6,11.7,11.6,11.7,61300.0
2023-10-09 10:54:00+07:00,11.7,11.7,11.6,11.6,800.0
2023-10-09 10:55:00+07:00,11.7,11.7,11.6,11.7,1000.0
2023-10-09 10:56:00+07:00,11.6,11.7,11.6,11.7,1200.0
2023-10-09 10:57:00+07:00,11.6,11.7,11.6,11.7,600.0
2023-10-09 10:58:00+07:00,11.6,11.7,11.6,11.7,1400.0
2023-10-09 10:59:00+07:00,11.7,11.7,11.6,11.6,3400.0
2023-10-09 11:00:00+07:00,11.7,11.7,11.6,11.6,12800.0
2023-10-09 11:01:00+07:00,11.7,11.7,11.6,11.6,600.0
2023-10-09 11:02:00+07:00,11.6,11.7,11.6,11.7,40400.0
2023-10-09 11:03:00+07:00,11.7,11.7,11.6,11.6,26100.0
2023-10-09 11:04:00+07:00,11.7,11.7,11.6,11.7,1400.0
2023-10-09 11:05:00+07:00,11.6,11.6,11.6,11.6,400.0
2023-10-09 11:06:00+07:00,11.7,11.7,11.6,11.6,1100.0
2023-10-09 11:07:00+07:00,11.6,11.7,11.6,11.6,1500.0
2023-10-09 11:08:00+07:00,11.7,11.7,11.6,11.6,7500.0
2023-10-09 11:09:00+07:00,11.6,11.7,11.6,11.7,2900.0
2023-10-09 11:10:00+07:00,11.6,11.7,11.6,11.6,1100.0
2023-10-09 11:11:00+07:00,11.7,11.7,11.6,11.6,2900.0
2023-10-09 11:12:00+07:00,11.7,11.7,11.6,11.6,1200.0
2023-10-09 11:13:00+07:00,11.6,11.6,11.6,11.6,400.0
2023-10-09 11:14:00+07:00,11.6,11.6,11.6,11.6,1100.0
2023-10-09 11:15:00+07:00,11.6,11.6,11.6,11.6,500.0
2023-10-09 11:16:00+07:00,11.6,11.7,11.6,11.7,500.0
2023-10-09 11:17:00+07:00,11.6,11.7,11.6,11.6,900.0
2023-10-09 11:18:00+07:00,11.6,11.7,11.6,11.6,3400.0
2023-10-09 11:19:00+07:00,11.6,11.6,11.6,11.6,6000.0
2023-10-09 11:20:00+07:00,11.6,11.7,11.6,11.7,1200.0
2023-10-09 11:21:00+07:00,11.6,11.6,11.6,11.6,400.0
2023-10-09 11:22:00+07:00,11.7,11.7,11.6,11.6,100600.0
2023-10-09 11:23:00+07:00,11.7,11.7,11.6,11.6,15300.0
2023-10-09 11:24:00+07:00,11.7,11.7,11.6,11.7,4900.0
2023-10-09 11:25:00+07:00,11.7,11.7,11.6,11.6,600.0
2023-10-09 11:26:00+07:00,11.7,11.7,11.6,11.6,5700.0
2023-10-09 11:27:00+07:00,11.7,11.7,11.6,11.7,4800.0
2023-10-09 11:28:00+07:00,11.7,11.7,11.6,11.6,600.0
2023-10-09 11:29:00+07:00,11.6,11.6,11.6,11.6,300.0
2023-10-09 11:30:00+07:00,11.6,11.6,11.6,11.6,1300.0
2023-10-09 11:31:00+07:00,11.7,11.7,11.6,11.7,10400.0
2023-10-09 11:32:00+07:00,11.6,11.6,11.6,11.6,300.0
2023-10-09 11:33:00+07:00,11.6,11.6,11.6,11.6,400.0
2023-10-09 11:34:00+07:00,11.7,11.7,11.4,11.4,2528100.0
2023-10-09 11:35:00+07:00,11.5,11.5,11.4,11.4,337300.0
2023-10-09 11:36:00+07:00,11.5,11.5,11.4,11.5,7200.0
2023-10-09 11:37:00+07:00,11.5,11.5,11.4,11.4,16400.0
2023-10-09 11:38:00+07:00,11.5,11.5,11.4,11.4,21500.0
2023-10-09 11:39:00+07:00,11.4,11.5,11.4,11.4,10300.0
2023-10-09 11:40:00+07:00,11.5,11.5,11.4,11.5,11900.0
2023-10-09 11:41:00+07:00,11.4,11.5,11.4,11.4,7100.0
2023-10-09 11:42:00+07:00,11.5,11.5,11.4,11.4,8600.0
2023-10-09 11:43:00+07:00,11.4,11.5,11.4,11.4,1000.0
2023-10-09 11:44:00+07:00,11.5,11.5,11.4,11.4,4800.0
2023-10-09 11:45:00+07:00,11.4,11.5,11.4,11.4,1100.0
2023-10-09 11:46:00+07:00,11.4,11.5,11.4,11.5,800.0
2023-10-09 11:47:00+07:00,11.5,11.5,11.4,11.4,6200.0
2023-10-09 11:48:00+07:00,11.5,11.5,11.4,11.4,6500.0
2023-10-09 11:49:00+07:00,11.4,11.5,11.4,11.5,5700.0
2023-10-09 11:50:00+07:00,11.4,11.5,11.4,11.4,600.0
2023-10-09 11:51:00+07:00,11.4,11.5,11.4,11.5,1200.0
2023-10-09 11:52:00+07:00,11.4,11.5,11.4,11.4,600.0
2023-10-09 11:53:00+07:00,11.4,11.4,11.4,11.4,500.0
2023-10-09 11:54:00+07:00,11.4,11.4,11.4,11.4,300.0
2023-10-09 11:55:00+07:00,11.5,11.5,11.4,11.5,3700.0
2023-10-09 11:56:00+07:00,11.4,11.5,11.4,11.5,1000.0
2023-10-09 11:57:00+07:00,11.5,11.5,11.4,11.4,1000.0
2023-10-09 11:58:00+07:00,11.4,11.4,11.4,11.4,610400.0
2023-10-09 11:59:00+07:00,11.3,11.4,11.3,11.3,177500.0
2023-10-09 12:00:00+07:00,11.4,11.5,11.3,11.5,809200.0
2023-10-09 12:01:00+07:00,11.4,11.4,11.4,11.4,25300.0
2023-10-09 12:02:00+07:00,11.4,11.4,11.4,11.4,500.0
2023-10-09 12:03:00+07:00,11.4,11.4,11.4,11.4,300.0
2023-10-09 12:04:00+07:00,11.4,11.4,11.4,11.4,2300.0
2023-10-09 12:05:00+07:00,11.4,11.4,11.4,11.4,400.0
2023-10-09 12:06:00+07:00,11.5,11.5,11.4,11.4,400.0
2023-10-09 12:07:00+07:00,11.4,11.4,11.4,11.4,25400.0
2023-10-09 12:08:00+07:00,11.4,11.5,11.4,11.4,900.0
2023-10-09 12:09:00+07:00,11.5,11.5,11.4,11.4,500.0
2023-10-09 12:10:00+07:00,11.5,11.5,11.4,11.4,358700.0
2023-10-09 12:11:00+07:00,11.3,11.4,11.3,11.3,32100.0
2023-10-09 12:12:00+07:00,11.4,11.4,11.4,11.4,413500.0
2023-10-09 12:13:00+07:00,11.4,11.4,11.4,11.4,300.0
2023-10-09 12:14:00+07:00,11.4,11.5,11.4,11.5,600.0
2023-10-09 12:15:00+07:00,11.4,11.4,11.4,11.4,300.0
2023-10-09 12:16:00+07:00,11.4,11.4,11.4,11.4,500.0
2023-10-09 12:17:00+07:00,11.4,11.4,11.4,11.4,500.0
2023-10-09 12:18:00+07:00,11.4,11.4,11.4,11.4,400.0
2023-10-09 12:19:00+07:00,11.4,11.5,11.4,11.5,500.0
2023-10-09 12:20:00+07:00,11.4,11.4,11.4,11.4,400.0
2023-10-09 12:21:00+07:00,11.4,11.4,11.4,11.4,300.0
2023-10-09 12:22:00+07:00,11.4,11.4,11.4,11.4,300.0
2023-10-09 12:23:00+07:00,11.4,11.4,11.4,11.4,400.0
2023-10-09 12:24:00+07:00,11.4,11.4,11.4,11.4,300.0
2023-10-09 12:25:00+07:00,11.4,11.4,11.4,11.4,700.0
2023-10-09 12:26:00+07:00,11.4,11.4,11.4,11.4,300.0
2023-10-09 12:27:00+07:00,11.4,11.4,11.4,11.4,400.0
2023-10-09 12:28:00+07:00,11.4,11.4,11.4,11.4,300.0
2023-10-09 12:29:00+07:00,11.4,11.5,11.4,11.5,600.0
2023-10-09 14:25:00+07:00,11.4,11.5,11.4,11.4,363300.0
2023-10-09 14:26:00+07:00,11.5,11.5,11.3,11.3,27800.0
2023-10-09 14:27:00+07:00,11.3,11.3,11.3,11.3,400.0
2023-10-09 14:28:00+07:00,11.3,11.3,11.3,11.3,500.0
2023-10-09 14:29:00+07:00,11.4,11.4,11.3,11.3,500.0
2023-10-09 14:30:00+07:00,11.3,11.4,11.3,11.3,58100.0
2023-10-09 14:31:00+07:00,11.3,11.3,11.3,11.3,400.0
2023-10-09 14:32:00+07:00,11.3,11.3,11.3,11.3,600.0
2023-10-09 14:33:00+07:00,11.3,11.3,11.3,11.3,400.0
2023-10-09 14:34:00+07:00,11.3,11.4,11.3,11.3,1400.0
2023-10-09 14:35:00+07:00,11.3,11.4,11.3,11.3,700.0
2023-10-09 14:36:00+07:00,11.3,11.4,11.3,11.4,500.0
2023-10-09 14:37:00+07:00,11.3,11.4,11.3,11.4,600.0
2023-10-09 14:38:00+07:00,11.3,11.4,11.3,11.4,900.0
2023-10-09 14:39:00+07:00,11.4,11.4,11.3,11.3,700.0
2023-10-09 14:40:00+07:00,11.3,11.4,11.3,11.4,500.0
2023-10-09 14:41:00+07:00,11.3,11.4,11.3,11.3,800.0
2023-10-09 14:42:00+07:00,11.3,11.4,11.3,11.4,500.0
2023-10-09 14:43:00+07:00,11.3,11.3,11.3,11.3,500.0
2023-10-09 14:44:00+07:00,11.3,11.4,11.3,11.3,600.0
2023-10-09 14:45:00+07:00,11.3,11.4,11.3,11.4,7700.0
2023-10-09 14:46:00+07:00,11.4,11.4,11.3,11.4,4400.0
2023-10-09 14:47:00+07:00,11.4,11.4,11.3,11.4,7100.0
2023-10-09 14:48:00+07:00,11.4,11.5,11.4,11.5,438300.0
2023-10-09 14:49:00+07:00,11.5,11.5,11.4,11.4,1100.0
2023-10-09 14:50:00+07:00,11.5,11.5,11.4,11.5,2300.0
2023-10-09 14:51:00+07:00,11.4,11.5,11.4,11.5,1100.0
2023-10-09 14:52:00+07:00,11.5,11.5,11.4,11.5,3300.0
2023-10-09 14:53:00+07:00,11.4,11.4,11.4,11.4,400.0
2023-10-09 14:54:00+07:00,11.4,11.5,11.4,11.5,700.0
2023-10-09 14:55:00+07:00,11.4,11.5,11.4,11.5,700.0
2023-10-09 14:56:00+07:00,11.4,11.5,11.4,11.5,2800.0
2023-10-09 14:57:00+07:00,11.5,11.5,11.4,11.4,500.0
2023-10-09 14:58:00+07:00,11.5,11.5,11.4,11.4,12400.0
2023-10-09 14:59:00+07:00,11.5,11.5,11.4,11.5,5500.0
2023-10-09 15:00:00+07:00,11.5,11.5,11.4,11.5,900.0
2023-10-09 15:01:00+07:00,11.5,11.5,11.4,11.4,845900.0
2023-10-09 15:02:00+07:00,11.3,11.4,11.3,11.3,102900.0
2023-10-09 15:03:00+07:00,11.4,11.4,11.3,11.4,17200.0
2023-10-09 15:04:00+07:00,11.4,11.4,11.3,11.3,21800.0
2023-10-09 15:05:00+07:00,11.4,11.4,11.3,11.3,23100.0
2023-10-09 15:06:00+07:00,11.4,11.4,11.3,11.4,15800.0
2023-10-09 15:07:00+07:00,11.3,11.4,11.3,11.3,8600.0
2023-10-09 15:08:00+07:00,11.4,11.4,11.3,11.3,10600.0
2023-10-09 15:09:00+07:00,11.4,11.4,11.3,11.4,2700.0
2023-10-09 15:10:00+07:00,11.3,11.4,11.3,11.4,1100.0
2023-10-09 15:11:00+07:00,11.4,11.4,11.2,11.2,2372300.0
2023-10-09 15:12:00+07:00,11.2,11.3,11.2,11.2,69800.0
2023-10-09 15:13:00+07:00,11.2,11.3,11.2,11.2,63600.0
2023-10-09 15:14:00+07:00,11.2,11.3,11.2,11.2,57500.0
2023-10-09 15:15:00+07:00,11.2,11.3,11.2,11.2,70300.0
2023-10-09 15:16:00+07:00,11.2,11.3,11.2,11.2,56900.0
2023-10-09 15:17:00+07:00,11.2,11.3,11.2,11.2,39000.0
2023-10-09 15:18:00+07:00,11.2,11.3,11.2,11.3,13100.0
2023-10-09 15:19:00+07:00,11.3,11.3,11.2,11.3,126600.0
2023-10-09 15:20:00+07:00,11.3,11.3,11.2,11.3,26100.0
2023-10-09 15:21:00+07:00,11.3,11.3,11.2,11.3,31300.0
2023-10-09 15:22:00+07:00,11.3,11.4,11.3,11.4,541200.0
2023-10-09 15:23:00+07:00,11.3,11.3,11.3,11.3,400.0
2023-10-09 15:24:00+07:00,11.4,11.4,11.3,11.4,5900.0
2023-10-09 15:25:00+07:00,11.4,11.4,11.3,11.4,900.0
2023-10-09 15:26:00+07:00,11.3,11.4,11.3,11.4,500.0
2023-10-09 15:27:00+07:00,11.3,11.4,11.3,11.4,500.0
2023-10-09 15:28:00+07:00,11.4,11.4,11.3,11.4,12500.0
2023-10-09 15:29:00+07:00,11.3,11.3,11.3,11.3,500.0
2023-10-09 15:30:00+07:00,11.3,11.4,11.3,11.4,500.0
2023-10-09 15:31:00+07:00,11.3,11.4,11.3,11.4,500.0
2023-10-09 15:32:00+07:00,11.4,11.4,11.3,11.4,26500.0
2023-10-09 15:33:00+07:00,11.4,11.4,11.3,11.3,700.0
2023-10-09 15:34:00+07:00,11.3,11.4,11.3,11.4,1300.0
2023-10-09 15:35:00+07:00,11.3,11.4,11.3,11.4,600.0
2023-10-09 15:36:00+07:00,11.3,11.3,11.2,11.2,608800.0
2023-10-09 15:37:00+07:00,11.2,11.3,11.2,11.3,10900.0
2023-10-09 15:38:00+07:00,11.3,11.3,11.2,11.3,33700.0
2023-10-09 15:39:00+07:00,11.3,11.3,11.2,11.3,84700.0
2023-10-09 15:40:00+07:00,11.3,11.3,11.3,11.3,483000.0
2023-10-09 15:41:00+07:00,11.3,11.3,11.2,11.2,532800.0
2023-10-09 15:42:00+07:00,11.2,11.3,11.2,11.3,33300.0
2023-10-09 15:43:00+07:00,11.3,11.4,11.3,11.3,703200.0
2023-10-09 15:44:00+07:00,11.3,11.3,11.2,11.3,66200.0
2023-10-09 15:45:00+07:00,11.3,11.4,11.3,11.4,91500.0
2023-10-09 15:46:00+07:00,11.4,11.4,11.3,11.4,4000.0
2023-10-09 15:47:00+07:00,11.4,11.4,11.3,11.3,8000.0
2023-10-09 15:48:00+07:00,11.3,11.4,11.3,11.4,3100.0
2023-10-09 15:49:00+07:00,11.3,11.3,11.2,11.3,172200.0
2023-10-09 15:50:00+07:00,11.3,11.3,11.2,11.3,16700.0
2023-10-09 15:51:00+07:00,11.3,11.3,11.2,11.3,26900.0
2023-10-09 15:52:00+07:00,11.3,11.3,11.2,11.3,16900.0
2023-10-09 15:53:00+07:00,11.3,11.3,11.2,11.3,24800.0
2023-10-09 15:54:00+07:00,11.3,11.3,11.2,11.3,30100.0
2023-10-09 15:55:00+07:00,11.3,11.3,11.3,11.3,256800.0
2023-10-09 15:56:00+07:00,11.3,11.4,11.3,11.4,1800.0
2023-10-09 15:57:00+07:00,11.4,11.4,11.3,11.4,4400.0
2023-10-09 15:58:00+07:00,11.4,11.4,11.3,11.4,4600.0
2023-10-09 15:59:00+07:00,11.4,11.4,11.3,11.4,3200.0
2023-10-09 16:00:00+07:00,11.4,11.4,11.3,11.3,5200.0
2023-10-09 16:01:00+07:00,11.3,11.4,11.3,11.3,2700.0
2023-10-09 16:02:00+07:00,11.4,11.4,11.3,11.3,9400.0
2023-10-09 16:03:00+07:00,11.3,11.3,11.2,11.3,253000.0
2023-10-09 16:04:00+07:00,11.3,11.3,11.2,11.3,5700.0
2023-10-09 16:05:00+07:00,11.2,11.2,11.2,11.2,400.0
2023-10-09 16:06:00+07:00,11.2,11.3,11.2,11.3,337000.0
2023-10-09 16:07:00+07:00,11.4,11.4,11.3,11.3,227800.0
2023-10-09 16:08:00+07:00,11.4,11.4,11.3,11.3,700.0
2023-10-09 16:09:00+07:00,11.3,11.3,11.3,11.3,500.0
2023-10-09 16:10:00+07:00,11.4,11.4,11.3,11.4,800.0
2023-10-09 16:11:00+07:00,11.4,11.4,11.3,11.4,800.0
2023-10-09 16:12:00+07:00,11.3,11.3,11.3,11.3,500.0
2023-10-09 16:13:00+07:00,11.3,11.3,11.3,11.3,500.0
2023-10-09 16:14:00+07:00,11.4,11.4,11.3,11.4,9800.0
2023-10-09 16:15:00+07:00,11.4,11.4,11.3,11.3,226400.0
2023-10-09 16:16:00+07:00,11.3,11.3,11.3,11.3,400.0
2023-10-09 16:17:00+07:00,11.3,11.3,11.3,11.3,500.0
2023-10-09 16:18:00+07:00,11.4,11.4,11.4,11.4,400.0
2023-10-09 16:19:00+07:00,11.4,11.4,11.4,11.4,400.0
2023-10-09 16:20:00+07:00,11.4,11.4,11.4,11.4,400.0
2023-10-09 16:21:00+07:00,11.4,11.4,11.3,11.3,118500.0
2023-10-09 16:22:00+07:00,11.3,11.3,11.3,11.3,2200.0
2023-10-09 16:23:00+07:00,11.3,11.4,11.3,11.4,7200.0
2023-10-09 16:24:00+07:00,11.4,11.4,11.4,11.4,200.0
2023-10-09 16:25:00+07:00,11.4,11.4,11.4,11.4,300.0
2023-10-09 16:26:00+07:00,11.4,11.4,11.3,11.3,1100.0
2023-10-09 16:27:00+07:00,11.4,11.4,11.4,11.4,700.0
2023-10-09 16:28:00+07:00,11.3,11.4,11.3,11.4,6800.0
2023-10-09 16:29:00+07:00,11.4,11.4,11.3,11.4,109200.0
2023-10-09 16:35:00+07:00,11.3,11.3,11.3,11.3,1979500.0
2023-10-10 09:57:00+07:00,11.4,11.4,11.3,11.3,374200.0
2023-10-10 09:58:00+07:00,11.4,11.4,11.4,11.4,200.0
2023-10-10 09:59:00+07:00,11.4,11.4,11.3,11.3,12300.0
2023-10-10 10:00:00+07:00,11.3,11.3,11.2,11.2,597300.0
2023-10-10 10:01:00+07:00,11.2,11.2,11.2,11.2,4100.0
2023-10-10 10:02:00+07:00,11.3,11.3,11.3,11.3,200.0
2023-10-10 10:03:00+07:00,11.3,11.3,11.2,11.3,2100.0
2023-10-10 10:04:00+07:00,11.3,11.4,11.2,11.4,410700.0
2023-10-10 10:05:00+07:00,11.3,11.4,11.3,11.3,9300.0
2023-10-10 10:06:00+07:00,11.4,11.5,11.4,11.4,630600.0
2023-10-10 10:07:00+07:00,11.3,11.4,11.3,11.3,6700.0
2023-10-10 10:08:00+07:00,11.4,11.4,11.3,11.4,2600.0
2023-10-10 10:09:00+07:00,11.3,11.4,11.3,11.4,6400.0
2023-10-10 10:10:00+07:00,11.4,11.4,11.3,11.3,7500.0
2023-10-10 10:11:00+07:00,11.4,11.4,11.3,11.4,5400.0
2023-10-10 10:12:00+07:00,11.4,11.4,11.3,11.4,9200.0
2023-10-10 10:13:00+07:00,11.3,11.3,11.3,11.3,400.0
2023-10-10 10:14:00+07:00,11.4,11.4,11.4,11.4,100.0
2023-10-10 10:15:00+07:00,11.4,11.4,11.3,11.3,5600.0
2023-10-10 10:16:00+07:00,11.4,11.4,11.4,11.4,3700.0
2023-10-10 10:17:00+07:00,11.3,11.4,11.3,11.4,3800.0
2023-10-10 10:18:00+07:00,11.3,11.4,11.3,11.3,400.0
2023-10-10 10:19:00+07:00,11.4,11.4,11.4,11.4,2400.0
2023-10-10 10:20:00+07:00,11.3,11.4,11.3,11.4,500.0
2023-10-10 10:22:00+07:00,11.4,11.4,11.3,11.3,801800.0
2023-10-10 10:24:00+07:00,11.3,11.4,11.3,11.4,4900.0
2023-10-10 10:25:00+07:00,11.4,11.4,11.4,11.4,300.0
2023-10-10 10:26:00+07:00,11.4,11.4,11.4,11.4,23600.0
2023-10-10 10:27:00+07:00,11.3,11.4,11.3,11.3,10100.0
2023-10-10 10:30:00+07:00,11.4,11.4,11.4,11.4,2300.0
2023-10-10 10:31:00+07:00,11.3,11.4,11.3,11.3,2900.0
2023-10-10 10:32:00+07:00,11.4,11.4,11.3,11.4,6700.0
2023-10-10 10:34:00+07:00,11.4,11.4,11.3,11.4,4700.0
2023-10-10 10:35:00+07:00,11.4,11.4,11.3,11.4,3400.0
2023-10-10 10:36:00+07:00,11.3,11.4,11.2,11.2,180200.0
2023-10-10 10:37:00+07:00,11.3,11.3,11.2,11.2,5500.0
2023-10-10 10:38:00+07:00,11.3,11.3,11.2,11.2,1400.0
2023-10-10 10:39:00+07:00,11.3,11.3,11.2,11.2,6200.0
2023-10-10 10:40:00+07:00,11.3,11.3,11.2,11.2,1200.0
2023-10-10 10:41:00+07:00,11.3,11.4,11.3,11.4,343500.0
2023-10-10 10:42:00+07:00,11.4,11.4,11.4,11.4,6700.0
2023-10-10 10:43:00+07:00,11.4,11.4,11.4,11.4,1700.0
2023-10-10 10:44:00+07:00,11.4,11.4,11.4,11.4,100.0
2023-10-10 10:45:00+07:00,11.3,11.4,11.3,11.4,7300.0
2023-10-10 10:46:00+07:00,11.4,11.4,11.4,11.4,9400.0
2023-10-10 10:47:00+07:00,11.3,11.4,11.3,11.4,200.0
2023-10-10 10:48:00+07:00,11.4,11.4,11.4,11.4,1800.0
2023-10-10 10:49:00+07:00,11.4,11.4,11.4,11.4,200.0
2023-10-10 10:50:00+07:00,11.4,11.4,11.4,11.4,100.0
2023-10-10 10:51:00+07:00,11.3,11.4,11.3,11.4,3200.0
2023-10-10 10:52:00+07:00,11.4,11.4,11.4,11.4,100.0
2023-10-10 10:53:00+07:00,11.4,11.4,11.4,11.4,100.0
2023-10-10 10:54:00+07:00,11.4,11.4,11.3,11.3,7200.0
2023-10-10 10:55:00+07:00,11.4,11.4,11.4,11.4,3500.0
2023-10-10 10:57:00+07:00,11.4,11.4,11.4,11.4,9500.0
2023-10-10 10:58:00+07:00,11.4,11.4,11.4,11.4,4600.0
2023-10-10 10:59:00+07:00,11.4,11.5,11.4,11.4,441600.0
2023-10-10 11:00:00+07:00,11.5,11.5,11.5,11.5,800.0
2023-10-10 11:01:00+07:00,11.5,11.5,11.4,11.4,102300.0
2023-10-10 11:02:00+07:00,11.5,11.5,11.5,11.5,10200.0
2023-10-10 11:04:00+07:00,11.5,11.5,11.5,11.5,400.0
2023-10-10 11:05:00+07:00,11.5,11.5,11.5,11.5,3000.0
2023-10-10 11:06:00+07:00,11.5,11.5,11.5,11.5,5300.0
2023-10-10 11:07:00+07:00,11.5,11.5,11.5,11.5,500.0
2023-10-10 11:08:00+07:00,11.5,11.5,11.5,11.5,2500.0
2023-10-10 11:10:00+07:00,11.5,11.5,11.5,11.5,4400.0
2023-10-10 11:11:00+07:00,11.5,11.5,11.5,11.5,1900.0
2023-10-10 11:12:00+07:00,11.5,11.5,11.5,11.5,4300.0
2023-10-10 11:13:00+07:00,11.5,11.5,11.5,11.5,500.0
2023-10-10 11:14:00+07:00,11.5,11.5,11.5,11.5,2400.0
2023-10-10 11:15:00+07:00,11.5,11.5,11.5,11.5,900.0
2023-10-10 11:18:00+07:00,11.5,11.5,11.5,11.5,9800.0
2023-10-10 11:21:00+07:00,11.5,11.5,11.5,11.5,9200.0
2023-10-10 11:22:00+07:00,11.5,11.5,11.5,11.5,300.0
2023-10-10 11:23:00+07:00,11.5,11.5,11.5,11.5,1500.0
2023-10-10 11:24:00+07:00,11.5,11.5,11.5,11.5,5400.0
2023-10-10 11:25:00+07:00,11.5,11.5,11.5,11.5,2800.0
2023-10-10 11:26:00+07:00,11.5,11.5,11.5,11.5,300.0
2023-10-10 11:28:00+07:00,11.4,11.5,11.4,11.5,52700.0
2023-10-10 11:29:00+07:00,11.5,11.5,11.4,11.5,42200.0
2023-10-10 11:30:00+07:00,11.5,11.5,11.5,11.5,700.0
2023-10-10 11:31:00+07:00,11.4,11.5,11.4,11.5,6600.0
2023-10-10 11:32:00+07:00,11.4,11.5,11.4,11.4,101800.0
2023-10-10 11:33:00+07:00,11.5,11.5,11.5,11.5,1200.0
2023-10-10 11:34:00+07:00,11.5,11.5,11.4,11.4,10600.0
2023-10-10 11:35:00+07:00,11.5,11.5,11.5,11.5,500.0
2023-10-10 11:36:00+07:00,11.5,11.5,11.4,11.4,23400.0
2023-10-10 11:37:00+07:00,11.5,11.5,11.4,11.5,1100.0
2023-10-10 11:38:00+07:00,11.5,11.5,11.5,11.5,1600.0
2023-10-10 11:39:00+07:00,11.5,11.5,11.4,11.4,4800.0
2023-10-10 11:40:00+07:00,11.5,11.5,11.5,11.5,3000.0
2023-10-10 11:41:00+07:00,11.5,11.5,11.5,11.5,1400.0
2023-10-10 11:42:00+07:00,11.5,11.5,11.4,11.5,9100.0
2023-10-10 11:43:00+07:00,11.5,11.5,11.5,11.5,9600.0
2023-10-10 11:44:00+07:00,11.5,11.5,11.5,11.5,1500.0
2023-10-10 11:45:00+07:00,11.5,11.5,11.5,11.5,1300.0
2023-10-10 11:46:00+07:00,11.5,11.5,11.5,11.5,300.0
2023-10-10 11:47:00+07:00,11.4,11.5,11.4,11.5,12100.0
2023-10-10 11:48:00+07:00,11.4,11.5,11.4,11.5,124200.0
2023-10-10 11:49:00+07:00,11.5,11.5,11.4,11.5,1800.0
2023-10-10 11:50:00+07:00,11.5,11.5,11.5,11.5,1300.0
2023-10-10 11:51:00+07:00,11.5,11.5,11.4,11.5,13000.0
2023-10-10 11:52:00+07:00,11.5,11.5,11.5,11.5,600.0
2023-10-10 11:54:00+07:00,11.4,11.4,11.4,11.4,2400.0
2023-10-10 11:55:00+07:00,11.4,11.5,11.4,11.5,12200.0
2023-10-10 11:56:00+07:00,11.4,11.4,11.4,11.4,10000.0
2023-10-10 11:58:00+07:00,11.5,11.5,11.5,11.5,1400.0
2023-10-10 11:59:00+07:00,11.4,11.4,11.4,11.4,20000.0
2023-10-10 12:00:00+07:00,11.5,11.5,11.5,11.5,14200.0
2023-10-10 12:01:00+07:00,11.4,11.4,11.4,11.4,6000.0
2023-10-10 12:02:00+07:00,11.5,11.5,11.5,11.5,2200.0
2023-10-10 12:03:00+07:00,11.5,11.5,11.5,11.5,1500.0
2023-10-10 12:04:00+07:00,11.4,11.4,11.4,11.4,17400.0
2023-10-10 12:05:00+07:00,11.4,11.4,11.4,11.4,20500.0
2023-10-10 12:06:00+07:00,11.4,11.5,11.4,11.5,12600.0
2023-10-10 12:07:00+07:00,11.4,11.4,11.4,11.4,2200.0
2023-10-10 12:08:00+07:00,11.4,11.5,11.4,11.5,12700.0
2023-10-10 12:10:00+07:00,11.5,11.5,11.5,11.5,1500.0
2023-10-10 12:11:00+07:00,11.5,11.5,11.4,11.4,28000.0
2023-10-10 12:12:00+07:00,11.4,11.5,11.4,11.5,2500.0
2023-10-10 12:13:00+07:00,11.4,11.4,11.4,11.4,4000.0
2023-10-10 12:14:00+07:00,11.4,11.4,11.4,11.4,30000.0
2023-10-10 12:15:00+07:00,11.5,11.5,11.5,11.5,1000.0
2023-10-10 12:17:00+07:00,11.5,11.5,11.5,11.5,2000.0
2023-10-10 12:18:00+07:00,11.5,11.5,11.5,11.5,1000.0
2023-10-10 12:20:00+07:00,11.5,11.5,11.5,11.5,1500.0
2023-10-10 12:21:00+07:00,11.4,11.4,11.4,11.4,2600.0
2023-10-10 12:22:00+07:00,11.5,11.5,11.5,11.5,2200.0
2023-10-10 12:24:00+07:00,11.5,11.5,11.5,11.5,10400.0
2023-10-10 12:25:00+07:00,11.5,11.5,11.5,11.5,5900.0
2023-10-10 12:28:00+07:00,11.5,11.5,11.5,11.5,1200.0
2023-10-10 12:29:00+07:00,11.5,11.5,11.5,11.5,1200.0
2023-10-10 14:29:00+07:00,11.4,11.5,11.4,11.5,156200.0
2023-10-10 14:30:00+07:00,11.5,11.5,11.5,11.5,4000.0
2023-10-10 14:35:00+07:00,11.5,11.5,11.5,11.5,100.0
2023-10-10 14:37:00+07:00,11.5,11.5,11.5,11.5,22300.0
2023-10-10 14:38:00+07:00,11.5,11.5,11.4,11.4,31200.0
2023-10-10 14:39:00+07:00,11.5,11.5,11.5,11.5,900.0
2023-10-10 14:40:00+07:00,11.5,11.5,11.5,11.5,4000.0
2023-10-10 14:41:00+07:00,11.5,11.5,11.5,11.5,1000.0
2023-10-10 14:42:00+07:00,11.5,11.5,11.4,11.5,13000.0
2023-10-10 14:44:00+07:00,11.4,11.5,11.4,11.5,5600.0
2023-10-10 14:45:00+07:00,11.5,11.5,11.5,11.5,1400.0
2023-10-10 14:46:00+07:00,11.5,11.5,11.5,11.5,3000.0
2023-10-10 14:47:00+07:00,11.4,11.5,11.4,11.5,7200.0
2023-10-10 14:48:00+07:00,11.5,11.5,11.4,11.5,8600.0
2023-10-10 14:49:00+07:00,11.4,11.5,11.4,11.4,21300.0
2023-10-10 14:50:00+07:00,11.5,11.5,11.4,11.5,24400.0
2023-10-10 14:51:00+07:00,11.4,11.4,11.4,11.4,10000.0
2023-10-10 14:52:00+07:00,11.5,11.5,11.4,11.5,6900.0
2023-10-10 14:53:00+07:00,11.5,11.5,11.5,11.5,7500.0
2023-10-10 14:54:00+07:00,11.4,11.4,11.4,11.4,4400.0
2023-10-10 14:55:00+07:00,11.4,11.5,11.4,11.5,4600.0
2023-10-10 14:56:00+07:00,11.4,11.4,11.4,11.4,4300.0
2023-10-10 14:57:00+07:00,11.5,11.5,11.5,11.5,2700.0
2023-10-10 14:58:00+07:00,11.4,11.5,11.4,11.5,4200.0
2023-10-10 14:59:00+07:00,11.4,11.5,11.4,11.4,9800.0
2023-10-10 15:00:00+07:00,11.5,11.5,11.4,11.4,16100.0
2023-10-10 15:01:00+07:00,11.5,11.5,11.4,11.4,5900.0
2023-10-10 15:02:00+07:00,11.5,11.5,11.5,11.5,5400.0
2023-10-10 15:03:00+07:00,11.5,11.5,11.4,11.5,12300.0
2023-10-10 15:04:00+07:00,11.5,11.5,11.4,11.5,4000.0
2023-10-10 15:05:00+07:00,11.5,11.5,11.4,11.4,7300.0
2023-10-10 15:06:00+07:00,11.5,11.5,11.5,11.5,1500.0
2023-10-10 15:07:00+07:00,11.4,11.5,11.4,11.5,7400.0
2023-10-10 15:08:00+07:00,11.5,11.5,11.4,11.4,9000.0
2023-10-10 15:09:00+07:00,11.4,11.5,11.4,11.4,180200.0
2023-10-10 15:10:00+07:00,11.5,11.5,11.3,11.3,671400.0
2023-10-10 15:11:00+07:00,11.3,11.3,11.3,11.3,7500.0
2023-10-10 15:12:00+07:00,11.3,11.4,11.3,11.3,50100.0
2023-10-10 15:13:00+07:00,11.3,11.4,11.3,11.3,28400.0
2023-10-10 15:14:00+07:00,11.3,11.3,11.3,11.3,43200.0
2023-10-10 15:15:00+07:00,11.3,11.4,11.3,11.4,6200.0
2023-10-10 15:16:00+07:00,11.4,11.4,11.3,11.3,1500.0
2023-10-10 15:17:00+07:00,11.3,11.3,11.3,11.3,6500.0
2023-10-10 15:18:00+07:00,11.3,11.4,11.3,11.3,90900.0
2023-10-10 15:19:00+07:00,11.3,11.3,11.3,11.3,1600.0
2023-10-10 15:20:00+07:00,11.4,11.4,11.3,11.3,10300.0
2023-10-10 15:21:00+07:00,11.3,11.4,11.3,11.3,14500.0
2023-10-10 15:22:00+07:00,11.3,11.4,11.3,11.3,21600.0
2023-10-10 15:23:00+07:00,11.4,11.4,11.4,11.4,2100.0
2023-10-10 15:24:00+07:00,11.3,11.4,11.3,11.4,5500.0
2023-10-10 15:25:00+07:00,11.4,11.4,11.3,11.4,9500.0
2023-10-10 15:26:00+07:00,11.4,11.5,11.3,11.5,905600.0
2023-10-10 15:27:00+07:00,11.4,11.4,11.4,11.4,253500.0
2023-10-10 15:28:00+07:00,11.5,11.5,11.4,11.5,4600.0
2023-10-10 15:29:00+07:00,11.5,11.5,11.5,11.5,2200.0
2023-10-10 15:31:00+07:00,11.5,11.5,11.4,11.5,6600.0
2023-10-10 15:32:00+07:00,11.5,11.5,11.5,11.5,900.0
2023-10-10 15:33:00+07:00,11.5,11.5,11.5,11.5,2600.0
2023-10-10 15:35:00+07:00,11.5,11.5,11.5,11.5,2500.0
2023-10-10 15:36:00+07:00,11.5,11.5,11.5,11.5,1800.0
2023-10-10 15:37:00+07:00,11.5,11.5,11.5,11.5,1300.0
2023-10-10 15:38:00+07:00,11.5,11.5,11.5,11.5,2400.0
2023-10-10 15:40:00+07:00,11.5,11.5,11.4,11.4,5300.0
2023-10-10 15:41:00+07:00,11.4,11.4,11.4,11.4,100.0
2023-10-10 15:42:00+07:00,11.5,11.5,11.4,11.4,58400.0
2023-10-10 15:44:00+07:00,11.4,11.5,11.4,11.5,3300.0
2023-10-10 15:46:00+07:00,11.4,11.5,11.4,11.5,15200.0
2023-10-10 15:47:00+07:00,11.5,11.5,11.5,11.5,1300.0
2023-10-10 15:49:00+07:00,11.5,11.5,11.5,11.5,1000.0
2023-10-10 15:50:00+07:00,11.4,11.5,11.4,11.5,11400.0
2023-10-10 15:51:00+07:00,11.4,11.4,11.4,11.4,2000.0
2023-10-10 15:52:00+07:00,11.4,11.4,11.4,11.4,3000.0
2023-10-10 15:53:00+07:00,11.5,11.5,11.4,11.4,61300.0
2023-10-10 15:55:00+07:00,11.5,11.5,11.5,11.5,1400.0
2023-10-10 15:56:00+07:00,11.5,11.5,11.5,11.5,1700.0
2023-10-10 15:57:00+07:00,11.5,11.5,11.5,11.5,4100.0
2023-10-10 15:58:00+07:00,11.5,11.5,11.5,11.5,1200.0
2023-10-10 15:59:00+07:00,11.5,11.5,11.5,11.5,1500.0
2023-10-10 16:00:00+07:00,11.5,11.5,11.5,11.5,2400.0
2023-10-10 16:01:00+07:00,11.4,11.4,11.4,11.4,20000.0
2023-10-10 16:03:00+07:00,11.5,11.5,11.4,11.4,3500.0
2023-10-10 16:05:00+07:00,11.5,11.5,11.5,11.5,2400.0
2023-10-10 16:06:00+07:00,11.4,11.4,11.4,11.4,10000.0
2023-10-10 16:07:00+07:00,11.5,11.5,11.5,11.5,3100.0
2023-10-10 16:08:00+07:00,11.4,11.4,11.4,11.4,86700.0
2023-10-10 16:09:00+07:00,11.4,11.5,11.4,11.4,23300.0
2023-10-10 16:10:00+07:00,11.4,11.4,11.4,11.4,700.0
2023-10-10 16:11:00+07:00,11.5,11.5,11.4,11.4,10500.0
2023-10-10 16:12:00+07:00,11.5,11.5,11.4,11.4,56500.0
2023-10-10 16:13:00+07:00,11.4,11.5,11.4,11.5,60400.0
2023-10-10 16:14:00+07:00,11.5,11.5,11.5,11.5,1000.0
2023-10-10 16:15:00+07:00,11.5,11.5,11.5,11.5,2900.0
2023-10-10 16:16:00+07:00,11.4,11.5,11.4,11.5,21000.0
2023-10-10 16:17:00+07:00,11.5,11.5,11.4,11.4,7200.0
2023-10-10 16:18:00+07:00,11.4,11.5,11.4,11.5,14500.0
2023-10-10 16:19:00+07:00,11.5,11.5,11.5,11.5,2400.0
2023-10-10 16:20:00+07:00,11.5,11.5,11.5,11.5,2100.0
2023-10-10 16:21:00+07:00,11.4,11.4,11.4,11.4,2400.0
2023-10-10 16:22:00+07:00,11.5,11.5,11.5,11.5,1000.0
2023-10-10 16:23:00+07:00,11.4,11.5,11.4,11.5,5000.0
2023-10-10 16:24:00+07:00,11.4,11.5,11.4,11.5,23200.0
2023-10-10 16:25:00+07:00,11.5,11.5,11.5,11.5,3000.0
2023-10-10 16:26:00+07:00,11.5,11.5,11.5,11.5,4700.0
2023-10-10 16:27:00+07:00,11.5,11.5,11.5,11.5,5600.0
2023-10-10 16:28:00+07:00,11.4,11.5,11.4,11.4,15300.0
2023-10-10 16:29:00+07:00,11.4,11.5,11.4,11.4,34700.0
2023-10-10 16:35:00+07:00,11.5,11.5,11.5,11.5,952800.0
2023-10-11 09:58:00+07:00,11.5,11.5,11.5,11.5,276800.0
2023-10-11 09:59:00+07:00,11.5,11.5,11.5,11.5,14300.0
2023-10-11 10:02:00+07:00,11.5,11.5,11.5,11.5,1600.0
2023-10-11 10:03:00+07:00,11.5,11.5,11.5,11.5,3400.0
2023-10-11 10:04:00+07:00,11.5,11.5,11.5,11.5,1300.0
2023-10-11 10:07:00+07:00,11.4,11.4,11.3,11.4,487000.0
2023-10-11 10:08:00+07:00,11.4,11.4,11.4,11.4,200.0
2023-10-11 10:09:00+07:00,11.4,11.4,11.4,11.4,700.0
2023-10-11 10:10:00+07:00,11.4,11.4,11.4,11.4,900.0
2023-10-11 10:11:00+07:00,11.4,11.4,11.4,11.4,7500.0
2023-10-11 10:12:00+07:00,11.4,11.4,11.4,11.4,1600.0
2023-10-11 10:13:00+07:00,11.4,11.4,11.4,11.4,11000.0
2023-10-11 10:14:00+07:00,11.4,11.4,11.4,11.4,500.0
2023-10-11 10:15:00+07:00,11.4,11.4,11.4,11.4,100.0
2023-10-11 10:16:00+07:00,11.4,11.4,11.4,11.4,1900.0
2023-10-11 10:18:00+07:00,11.4,11.4,11.4,11.4,1900.0
2023-10-11 10:19:00+07:00,11.4,11.4,11.4,11.4,1000.0
2023-10-11 10:20:00+07:00,11.4,11.4,11.4,11.4,1500.0
2023-10-11 10:21:00+07:00,11.4,11.4,11.4,11.4,25600.0
2023-10-11 10:22:00+07:00,11.4,11.4,11.4,11.4,4300.0
2023-10-11 10:23:00+07:00,11.4,11.4,11.4,11.4,100.0
2023-10-11 10:24:00+07:00,11.4,11.4,11.4,11.4,500.0
2023-10-11 10:25:00+07:00,11.4,11.4,11.4,11.4,277800.0
2023-10-11 10:26:00+07:00,11.4,11.4,11.4,11.4,100.0
2023-10-11 10:28:00+07:00,11.4,11.4,11.4,11.4,800.0
2023-10-11 10:29:00+07:00,11.4,11.4,11.4,11.4,2000.0
2023-10-11 10:30:00+07:00,11.5,11.5,11.5,11.5,900.0
2023-10-11 10:32:00+07:00,11.5,11.5,11.5,11.5,1300.0
2023-10-11 10:33:00+07:00,11.4,11.4,11.4,11.4,987100.0
2023-10-11 10:34:00+07:00,11.4,11.4,11.4,11.4,3100.0
2023-10-11 10:35:00+07:00,11.5,11.5,11.5,11.5,100.0
2023-10-11 10:38:00+07:00,11.5,11.5,11.5,11.5,2100.0
2023-10-11 10:39:00+07:00,11.5,11.5,11.5,11.5,100.0
2023-10-11 10:40:00+07:00,11.5,11.5,11.5,11.5,1100.0
2023-10-11 10:41:00+07:00,11.5,11.5,11.5,11.5,100.0
2023-10-11 10:47:00+07:00,11.5,11.5,11.5,11.5,200.0
2023-10-11 10:49:00+07:00,11.4,11.5,11.4,11.5,804100.0
2023-10-11 10:50:00+07:00,11.4,11.5,11.4,11.5,1200.0
2023-10-11 10:51:00+07:00,11.5,11.5,11.5,11.5,600.0
2023-10-11 10:52:00+07:00,11.5,11.5,11.5,11.5,300.0
2023-10-11 10:53:00+07:00,11.5,11.5,11.5,11.5,100.0
2023-10-11 10:56:00+07:00,11.5,11.5,11.5,11.5,100.0
2023-10-11 10:57:00+07:00,11.4,11.5,11.4,11.5,5500.0
2023-10-11 11:00:00+07:00,11.4,11.5,11.4,11.5,3100.0
2023-10-11 11:01:00+07:00,11.5,11.5,11.5,11.5,100.0
2023-10-11 11:02:00+07:00,11.5,11.5,11.5,11.5,25800.0
2023-10-11 11:03:00+07:00,11.4,11.5,11.4,11.5,3800.0
2023-10-11 11:04:00+07:00,11.5,11.5,11.5,11.5,300.0
2023-10-11 11:05:00+07:00,11.5,11.5,11.4,11.5,140500.0
2023-10-11 11:06:00+07:00,11.5,11.5,11.5,11.5,200.0
2023-10-11 11:07:00+07:00,11.5,11.5,11.5,11.5,3300.0
2023-10-11 11:08:00+07:00,11.5,11.5,11.5,11.5,300.0
2023-10-11 11:09:00+07:00,11.5,11.5,11.5,11.5,300.0
2023-10-11 11:10:00+07:00,11.5,11.5,11.5,11.5,500.0
2023-10-11 11:11:00+07:00,11.5,11.5,11.5,11.5,300.0
2023-10-11 11:12:00+07:00,11.5,11.5,11.5,11.5,500.0
2023-10-11 11:13:00+07:00,11.4,11.5,11.4,11.4,14400.0
2023-10-11 11:15:00+07:00,11.5,11.5,11.5,11.5,200.0
2023-10-11 11:17:00+07:00,11.5,11.5,11.5,11.5,1200.0
2023-10-11 11:18:00+07:00,11.5,11.5,11.5,11.5,4000.0
2023-10-11 11:19:00+07:00,11.5,11.5,11.5,11.5,100900.0
2023-10-11 11:20:00+07:00,11.5,11.5,11.5,11.5,201100.0
2023-10-11 11:22:00+07:00,11.5,11.6,11.5,11.6,666700.0
2023-10-11 11:23:00+07:00,11.5,11.6,11.5,11.6,1100.0
2023-10-11 11:26:00+07:00,11.5,11.6,11.5,11.6,4300.0
2023-10-11 11:27:00+07:00,11.5,11.6,11.5,11.6,200.0
2023-10-11 11:28:00+07:00,11.6,11.6,11.5,11.5,200.0
2023-10-11 11:29:00+07:00,11.6,11.6,11.6,11.6,3600.0
2023-10-11 11:30:00+07:00,11.6,11.6,11.6,11.6,100.0
2023-10-11 11:31:00+07:00,11.6,11.6,11.6,11.6,200.0
2023-10-11 11:32:00+07:00,11.5,11.6,11.5,11.6,1200.0
2023-10-11 11:33:00+07:00,11.6,11.6,11.6,11.6,21800.0
2023-10-11 11:34:00+07:00,11.6,11.6,11.6,11.6,2000.0
2023-10-11 11:35:00+07:00,11.6,11.6,11.6,11.6,200.0
2023-10-11 11:37:00+07:00,11.5,11.5,11.5,11.5,200.0
2023-10-11 11:41:00+07:00,11.6,11.6,11.6,11.6,100.0
2023-10-11 11:42:00+07:00,11.6,11.6,11.6,11.6,1000.0
2023-10-11 11:43:00+07:00,11.5,11.5,11.5,11.5,2000.0
2023-10-11 11:44:00+07:00,11.5,11.5,11.5,11.5,600.0
2023-10-11 11:45:00+07:00,11.5,11.5,11.5,11.5,100.0
2023-10-11 11:47:00+07:00,11.5,11.6,11.5,11.6,2500.0
2023-10-11 11:48:00+07:00,11.6,11.6,11.6,11.6,400.0
2023-10-11 11:49:00+07:00,11.5,11.5,11.5,11.5,5000.0
2023-10-11 11:50:00+07:00,11.6,11.6,11.6,11.6,1000.0
2023-10-11 11:52:00+07:00,11.5,11.5,11.5,11.5,1500.0
2023-10-11 11:53:00+07:00,11.5,11.5,11.5,11.5,500.0
2023-10-11 11:59:00+07:00,11.5,11.5,11.5,11.5,17300.0
2023-10-11 12:00:00+07:00,11.5,11.6,11.5,11.6,12000.0
2023-10-11 12:06:00+07:00,11.6,11.6,11.6,11.6,2600.0
2023-10-11 12:07:00+07:00,11.6,11.6,11.6,11.6,100.0
2023-10-11 12:09:00+07:00,11.6,11.6,11.6,11.6,1100.0
2023-10-11 12:10:00+07:00,11.5,11.6,11.5,11.6,3800.0
2023-10-11 12:13:00+07:00,11.5,11.5,11.5,11.5,1000.0
2023-10-11 12:14:00+07:00,11.6,11.6,11.6,11.6,900.0
2023-10-11 12:17:00+07:00,11.6,11.6,11.6,11.6,200.0
2023-10-11 12:18:00+07:00,11.5,11.6,11.5,11.6,3600.0
2023-10-11 12:19:00+07:00,11.5,11.6,11.5,11.6,1100.0
2023-10-11 12:24:00+07:00,11.6,11.7,11.6,11.7,1164400.0
2023-10-11 12:25:00+07:00,11.6,11.7,11.6,11.7,23600.0
2023-10-11 12:26:00+07:00,11.7,11.7,11.6,11.7,25700.0
2023-10-11 12:27:00+07:00,11.7,11.7,11.6,11.6,811100.0
2023-10-11 12:28:00+07:00,11.6,11.6,11.6,11.6,13900.0
2023-10-11 14:28:00+07:00,11.7,11.7,11.6,11.7,334900.0
2023-10-11 14:31:00+07:00,11.7,11.7,11.7,11.7,500.0
2023-10-11 14:32:00+07:00,11.7,11.7,11.7,11.7,17700.0
2023-10-11 14:33:00+07:00,11.6,11.7,11.6,11.7,27200.0
2023-10-11 14:34:00+07:00,11.7,11.7,11.7,11.7,3100.0
2023-10-11 14:36:00+07:00,11.7,11.7,11.7,11.7,800.0
2023-10-11 14:37:00+07:00,11.7,11.7,11.7,11.7,100.0
2023-10-11 14:38:00+07:00,11.7,11.7,11.7,11.7,100.0
2023-10-11 14:39:00+07:00,11.6,11.7,11.6,11.6,8000.0
2023-10-11 14:40:00+07:00,11.7,11.7,11.6,11.7,12800.0
2023-10-11 14:41:00+07:00,11.6,11.7,11.6,11.7,21300.0
2023-10-11 14:42:00+07:00,11.7,11.7,11.6,11.6,5200.0
2023-10-11 14:43:00+07:00,11.6,11.6,11.6,11.6,5500.0
2023-10-11 14:44:00+07:00,11.6,11.6,11.6,11.6,255700.0
2023-10-11 14:45:00+07:00,11.6,11.6,11.6,11.6,146700.0
2023-10-11 14:46:00+07:00,11.6,11.7,11.6,11.7,33500.0
2023-10-11 14:47:00+07:00,11.6,11.6,11.6,11.6,23300.0
2023-10-11 14:48:00+07:00,11.7,11.7,11.6,11.6,212000.0
2023-10-11 14:49:00+07:00,11.6,11.6,11.6,11.6,900.0
2023-10-11 14:50:00+07:00,11.6,11.6,11.6,11.6,103100.0
2023-10-11 14:52:00+07:00,11.6,11.6,11.6,11.6,500.0
2023-10-11 14:53:00+07:00,11.6,11.6,11.6,11.6,2000.0
2023-10-11 14:54:00+07:00,11.6,11.6,11.6,11.6,2600.0
2023-10-11 14:55:00+07:00,11.6,11.6,11.6,11.6,2100.0
2023-10-11 14:56:00+07:00,11.6,11.6,11.6,11.6,81600.0
2023-10-11 14:57:00+07:00,11.6,11.6,11.6,11.6,300.0
2023-10-11 14:58:00+07:00,11.6,11.6,11.6,11.6,2000.0
2023-10-11 15:01:00+07:00,11.6,11.6,11.6,11.6,42100.0
2023-10-11 15:02:00+07:00,11.6,11.6,11.6,11.6,87600.0
2023-10-11 15:06:00+07:00,11.6,11.7,11.6,11.6,12700.0
2023-10-11 15:07:00+07:00,11.7,11.7,11.7,11.7,200.0
2023-10-11 15:08:00+07:00,11.6,11.7,11.6,11.7,17600.0
2023-10-11 15:10:00+07:00,11.7,11.7,11.7,11.7,3000.0
2023-10-11 15:11:00+07:00,11.7,11.7,11.7,11.7,28400.0
2023-10-11 15:12:00+07:00,11.7,11.7,11.7,11.7,400.0
2023-10-11 15:14:00+07:00,11.7,11.7,11.6,11.6,1100.0
2023-10-11 15:15:00+07:00,11.7,11.7,11.7,11.7,100.0
2023-10-11 15:16:00+07:00,11.6,11.6,11.6,11.6,1000.0
2023-10-11 15:18:00+07:00,11.7,11.7,11.6,11.6,3400.0
2023-10-11 15:20:00+07:00,11.7,11.7,11.7,11.7,400.0
2023-10-11 15:22:00+07:00,11.7,11.7,11.7,11.7,300.0
2023-10-11 15:25:00+07:00,11.6,11.6,11.6,11.6,2200.0
2023-10-11 15:26:00+07:00,11.6,11.6,11.6,11.6,10000.0
2023-10-11 15:30:00+07:00,11.7,11.7,11.7,11.7,700.0
2023-10-11 15:31:00+07:00,11.7,11.7,11.7,11.7,1500.0
2023-10-11 15:32:00+07:00,11.6,11.7,11.6,11.6,12500.0
2023-10-11 15:35:00+07:00,11.6,11.6,11.6,11.6,300.0
2023-10-11 15:41:00+07:00,11.7,11.7,11.7,11.7,100.0
2023-10-11 15:42:00+07:00,11.7,11.7,11.7,11.7,3100.0
2023-10-11 15:43:00+07:00,11.7,11.7,11.7,11.7,500.0
2023-10-11 15:44:00+07:00,11.7,11.7,11.7,11.7,1000.0
2023-10-11 15:45:00+07:00,11.7,11.7,11.7,11.7,200.0
2023-10-11 15:47:00+07:00,11.7,11.7,11.7,11.7,1800.0
2023-10-11 15:48:00+07:00,11.6,11.7,11.6,11.7,3200.0
2023-10-11 15:51:00+07:00,11.7,11.7,11.7,11.7,3000.0
2023-10-11 15:57:00+07:00,11.7,11.7,11.7,11.7,2900.0
2023-10-11 15:59:00+07:00,11.7,11.7,11.7,11.7,100.0
2023-10-11 16:00:00+07:00,11.7,11.7,11.7,11.7,5900.0
2023-10-11 16:02:00+07:00,11.7,11.7,11.7,11.7,2500.0
2023-10-11 16:03:00+07:00,11.7,11.7,11.7,11.7,300.0
2023-10-11 16:06:00+07:00,11.7,11.7,11.7,11.7,4000.0
2023-10-11 16:07:00+07:00,11.7,11.7,11.7,11.7,9300.0
2023-10-11 16:09:00+07:00,11.7,11.7,11.7,11.7,1000.0
2023-10-11 16:10:00+07:00,11.6,11.6,11.6,11.6,2600.0
2023-10-11 16:12:00+07:00,11.7,11.7,11.7,11.7,200.0
2023-10-11 16:13:00+07:00,11.6,11.7,11.6,11.7,1400.0
2023-10-11 16:15:00+07:00,11.6,11.7,11.6,11.7,1400.0
2023-10-11 16:16:00+07:00,11.6,11.6,11.6,11.6,2400.0
2023-10-11 16:17:00+07:00,11.7,11.7,11.7,11.7,100.0
2023-10-11 16:18:00+07:00,11.6,11.6,11.6,11.6,500.0
2023-10-11 16:20:00+07:00,11.6,11.7,11.6,11.7,3300.0
2023-10-11 16:21:00+07:00,11.6,11.7,11.6,11.7,51100.0
2023-10-11 16:22:00+07:00,11.7,11.7,11.6,11.7,4200.0
2023-10-11 16:23:00+07:00,11.6,11.6,11.6,11.6,3300.0
2023-10-11 16:25:00+07:00,11.7,11.7,11.7,11.7,2300.0
2023-10-11 16:26:00+07:00,11.7,11.7,11.7,11.7,2600.0
2023-10-11 16:27:00+07:00,11.7,11.7,11.7,11.7,100.0
2023-10-11 16:28:00+07:00,11.7,11.7,11.7,11.7,3400.0
2023-10-11 16:29:00+07:00,11.7,11.7,11.6,11.6,4600.0
2023-10-11 16:38:00+07:00,11.7,11.7,11.7,11.7,2781700.0
2023-10-12 09:58:00+07:00,11.7,11.7,11.7,11.7,161900.0
2023-10-12 09:59:00+07:00,11.7,11.7,11.7,11.7,77800.0
2023-10-12 10:00:00+07:00,11.7,11.7,11.7,11.7,400.0
2023-10-12 10:01:00+07:00,11.7,11.7,11.7,11.7,3000.0
2023-10-12 10:02:00+07:00,11.7,11.7,11.7,11.7,2000.0
2023-10-12 10:05:00+07:00,11.7,11.7,11.7,11.7,400.0
2023-10-12 10:06:00+07:00,11.6,11.6,11.6,11.6,2500.0
2023-10-12 10:07:00+07:00,11.6,11.6,11.6,11.6,84500.0
2023-10-12 10:08:00+07:00,11.6,11.6,11.6,11.6,45700.0
2023-10-12 10:11:00+07:00,11.6,11.6,11.6,11.6,4000.0
2023-10-12 10:12:00+07:00,11.6,11.6,11.6,11.6,202800.0
2023-10-12 10:14:00+07:00,11.5,11.5,11.5,11.5,646500.0
2023-10-12 10:15:00+07:00,11.6,11.6,11.5,11.6,3200.0
2023-10-12 10:16:00+07:00,11.6,11.6,11.6,11.6,700.0
2023-10-12 10:17:00+07:00,11.5,11.6,11.5,11.6,2600.0
2023-10-12 10:18:00+07:00,11.6,11.6,11.6,11.6,500.0
2023-10-12 10:19:00+07:00,11.6,11.6,11.6,11.6,500.0
2023-10-12 10:20:00+07:00,11.6,11.6,11.5,11.6,500.0
2023-10-12 10:21:00+07:00,11.6,11.6,11.6,11.6,500.0
2023-10-12 10:22:00+07:00,11.6,11.6,11.6,11.6,600.0
2023-10-12 10:27:00+07:00,11.6,11.6,11.5,11.5,2500.0
2023-10-12 10:28:00+07:00,11.5,11.5,11.4,11.5,165200.0
2023-10-12 10:29:00+07:00,11.5,11.5,11.5,11.5,1100.0
2023-10-12 10:30:00+07:00,11.5,11.5,11.5,11.5,410600.0
2023-10-12 10:31:00+07:00,11.5,11.5,11.5,11.5,2000.0
2023-10-12 10:32:00+07:00,11.5,11.5,11.5,11.5,700.0
2023-10-12 10:33:00+07:00,11.5,11.5,11.5,11.5,1700.0
2023-10-12 10:34:00+07:00,11.5,11.5,11.5,11.5,4000.0
2023-10-12 10:36:00+07:00,11.5,11.5,11.5,11.5,2200.0
2023-10-12 10:37:00+07:00,11.5,11.5,11.5,11.5,8900.0
2023-10-12 10:38:00+07:00,11.5,11.5,11.5,11.5,9800.0
2023-10-12 10:40:00+07:00,11.5,11.5,11.5,11.5,10000.0
2023-10-12 10:41:00+07:00,11.5,11.5,11.5,11.5,1000.0
2023-10-12 10:42:00+07:00,11.5,11.5,11.5,11.5,18300.0
2023-10-12 10:44:00+07:00,11.5,11.5,11.5,11.5,3600.0
2023-10-12 10:45:00+07:00,11.5,11.5,11.5,11.5,1800.0
2023-10-12 10:46:00+07:00,11.5,11.5,11.5,11.5,5600.0
2023-10-12 10:47:00+07:00,11.5,11.6,11.5,11.6,217700.0
2023-10-12 10:48:00+07:00,11.6,11.6,11.6,11.6,1000.0
2023-10-12 10:49:00+07:00,11.6,11.6,11.6,11.6,2200.0
2023-10-12 10:50:00+07:00,11.5,11.6,11.5,11.6,2100.0
2023-10-12 10:51:00+07:00,11.6,11.6,11.6,11.6,2400.0
2023-10-12 10:52:00+07:00,11.6,11.6,11.6,11.6,1300.0
2023-10-12 11:09:00+07:00,11.6,11.6,11.6,11.6,300.0
2023-10-12 11:10:00+07:00,11.6,11.6,11.6,11.6,1200.0
2023-10-12 11:12:00+07:00,11.6,11.6,11.6,11.6,3900.0
2023-10-12 11:18:00+07:00,11.6,11.6,11.6,11.6,23500.0
2023-10-12 11:20:00+07:00,11.6,11.6,11.6,11.6,100.0
2023-10-12 11:22:00+07:00,11.6,11.6,11.6,11.6,2400.0
2023-10-12 11:26:00+07:00,11.6,11.6,11.6,11.6,4100.0
2023-10-12 11:33:00+07:00,11.6,11.6,11.6,11.6,500.0
2023-10-12 11:37:00+07:00,11.6,11.6,11.5,11.5,3100.0
2023-10-12 11:38:00+07:00,11.6,11.6,11.6,11.6,500.0
2023-10-12 11:45:00+07:00,11.6,11.6,11.5,11.5,6700.0
2023-10-12 11:46:00+07:00,11.6,11.6,11.5,11.6,6800.0
2023-10-12 11:50:00+07:00,11.6,11.6,11.6,11.6,300.0
2023-10-12 11:55:00+07:00,11.6,11.6,11.6,11.6,100.0
2023-10-12 11:56:00+07:00,11.6,11.6,11.5,11.6,9400.0
2023-10-12 12:00:00+07:00,11.5,11.5,11.5,11.5,300.0
2023-10-12 12:01:00+07:00,11.5,11.6,11.5,11.6,5100.0
2023-10-12 12:02:00+07:00,11.6,11.6,11.6,11.6,7400.0
2023-10-12 12:03:00+07:00,11.6,11.6,11.6,11.6,500.0
2023-10-12 12:05:00+07:00,11.6,11.6,11.6,11.6,300.0
2023-10-12 12:06:00+07:00,11.6,11.6,11.6,11.6,3600.0
2023-10-12 12:07:00+07:00,11.6,11.6,11.6,11.6,1200.0
2023-10-12 12:08:00+07:00,11.5,11.6,11.5,11.6,5500.0
2023-10-12 12:14:00+07:00,11.5,11.6,11.5,11.6,9400.0
2023-10-12 12:15:00+07:00,11.6,11.6,11.6,11.6,600.0
2023-10-12 12:16:00+07:00,11.6,11.6,11.6,11.6,5900.0
2023-10-12 12:17:00+07:00,11.6,11.6,11.6,11.6,600.0
2023-10-12 12:19:00+07:00,11.6,11.6,11.6,11.6,600.0
2023-10-12 12:20:00+07:00,11.5,11.6,11.5,11.6,2900.0
2023-10-12 12:22:00+07:00,11.5,11.6,11.5,11.6,1800.0
2023-10-12 12:24:00+07:00,11.5,11.6,11.5,11.6,1100.0
2023-10-12 12:25:00+07:00,11.5,11.6,11.5,11.6,2000.0
2023-10-12 12:27:00+07:00,11.5,11.6,11.5,11.6,5000.0
2023-10-12 12:28:00+07:00,11.5,11.6,11.5,11.5,5600.0
2023-10-12 12:29:00+07:00,11.6,11.6,11.6,11.6,100.0
2023-10-12 14:28:00+07:00,11.5,11.5,11.5,11.5,61300.0
2023-10-12 14:29:00+07:00,11.5,11.6,11.5,11.6,8800.0
2023-10-12 14:34:00+07:00,11.6,11.6,11.6,11.6,2400.0
2023-10-12 14:37:00+07:00,11.6,11.6,11.6,11.6,100.0
2023-10-12 14:41:00+07:00,11.6,11.6,11.5,11.6,7300.0
2023-10-12 14:44:00+07:00,11.5,11.6,11.5,11.6,7300.0
2023-10-12 14:45:00+07:00,11.6,11.6,11.6,11.6,300.0
2023-10-12 14:46:00+07:00,11.5,11.6,11.5,11.6,3500.0
2023-10-12 14:48:00+07:00,11.6,11.6,11.5,11.5,17000.0
2023-10-12 14:49:00+07:00,11.6,11.6,11.6,11.6,400.0
2023-10-12 14:50:00+07:00,11.6,11.6,11.6,11.6,500.0
2023-10-12 14:51:00+07:00,11.6,11.6,11.6,11.6,200.0
2023-10-12 14:54:00+07:00,11.6,11.6,11.6,11.6,300.0
2023-10-12 14:55:00+07:00,11.5,11.6,11.5,11.6,10500.0
2023-10-12 14:56:00+07:00,11.6,11.6,11.6,11.6,400.0
2023-10-12 14:57:00+07:00,11.5,11.6,11.5,11.6,222500.0
2023-10-12 14:58:00+07:00,11.5,11.6,11.5,11.5,13300.0
2023-10-12 14:59:00+07:00,11.6,11.6,11.6,11.6,3300.0
2023-10-12 15:00:00+07:00,11.5,11.6,11.5,11.5,101300.0
2023-10-12 15:01:00+07:00,11.5,11.6,11.5,11.6,5700.0
2023-10-12 15:02:00+07:00,11.6,11.6,11.5,11.6,1100.0
2023-10-12 15:05:00+07:00,11.5,11.5,11.5,11.5,6500.0
2023-10-12 15:07:00+07:00,11.5,11.5,11.5,11.5,5800.0
2023-10-12 15:08:00+07:00,11.6,11.6,11.5,11.5,6500.0
2023-10-12 15:09:00+07:00,11.5,11.5,11.5,11.5,7700.0
2023-10-12 15:10:00+07:00,11.6,11.6,11.5,11.5,9900.0
2023-10-12 15:11:00+07:00,11.5,11.5,11.5,11.5,32200.0
2023-10-12 15:12:00+07:00,11.5,11.6,11.5,11.6,20700.0
2023-10-12 15:13:00+07:00,11.5,11.5,11.5,11.5,6500.0
2023-10-12 15:14:00+07:00,11.5,11.6,11.5,11.5,17000.0
2023-10-12 15:15:00+07:00,11.6,11.6,11.5,11.6,9700.0
2023-10-12 15:16:00+07:00,11.5,11.6,11.5,11.6,8600.0
2023-10-12 15:17:00+07:00,11.5,11.6,11.5,11.6,1900.0
2023-10-12 15:18:00+07:00,11.5,11.6,11.5,11.6,600.0
2023-10-12 15:19:00+07:00,11.6,11.6,11.5,11.6,300.0
2023-10-12 15:20:00+07:00,11.6,11.6,11.5,11.5,16800.0
2023-10-12 15:21:00+07:00,11.5,11.6,11.5,11.6,3600.0
2023-10-12 15:22:00+07:00,11.6,11.6,11.5,11.6,1100.0
2023-10-12 15:23:00+07:00,11.6,11.6,11.5,11.5,400.0
2023-10-12 15:27:00+07:00,11.5,11.5,11.5,11.5,1000.0
2023-10-12 15:28:00+07:00,11.5,11.5,11.5,11.5,10700.0
2023-10-12 15:29:00+07:00,11.5,11.5,11.5,11.5,2400.0
2023-10-12 15:30:00+07:00,11.5,11.5,11.4,11.4,103300.0
2023-10-12 15:31:00+07:00,11.5,11.5,11.5,11.5,19200.0
2023-10-12 15:32:00+07:00,11.5,11.5,11.5,11.5,200.0
2023-10-12 15:33:00+07:00,11.5,11.5,11.5,11.5,2500.0
2023-10-12 15:34:00+07:00,11.5,11.5,11.4,11.5,4000.0
2023-10-12 15:35:00+07:00,11.5,11.5,11.4,11.5,1400.0
2023-10-12 15:36:00+07:00,11.4,11.5,11.4,11.5,5100.0
2023-10-12 15:37:00+07:00,11.5,11.5,11.5,11.5,700.0
2023-10-12 15:38:00+07:00,11.5,11.5,11.5,11.5,3500.0
2023-10-12 15:40:00+07:00,11.5,11.5,11.5,11.5,2400.0
2023-10-12 15:41:00+07:00,11.4,11.5,11.4,11.5,7000.0
2023-10-12 15:42:00+07:00,11.5,11.5,11.5,11.5,200.0
2023-10-12 15:43:00+07:00,11.5,11.5,11.5,11.5,1000.0
2023-10-12 15:45:00+07:00,11.5,11.5,11.5,11.5,100.0
2023-10-12 15:51:00+07:00,11.5,11.5,11.4,11.5,2400.0
2023-10-12 15:52:00+07:00,11.5,11.5,11.4,11.5,14700.0
2023-10-12 15:53:00+07:00,11.4,11.4,11.4,11.4,600.0
2023-10-12 15:54:00+07:00,11.5,11.5,11.5,11.5,200.0
2023-10-12 15:57:00+07:00,11.5,11.5,11.4,11.4,2800.0
2023-10-12 15:58:00+07:00,11.5,11.5,11.5,11.5,500.0
2023-10-12 16:01:00+07:00,11.4,11.5,11.4,11.5,5400.0
2023-10-12 16:02:00+07:00,11.5,11.5,11.4,11.5,3200.0
2023-10-12 16:03:00+07:00,11.5,11.5,11.5,11.5,2900.0
2023-10-12 16:04:00+07:00,11.5,11.5,11.5,11.5,500.0
2023-10-12 16:05:00+07:00,11.4,11.4,11.4,11.4,300.0
2023-10-12 16:07:00+07:00,11.5,11.5,11.5,11.5,400.0
2023-10-12 16:08:00+07:00,11.4,11.5,11.4,11.5,5500.0
2023-10-12 16:10:00+07:00,11.5,11.5,11.4,11.4,2400.0
2023-10-12 16:11:00+07:00,11.5,11.5,11.5,11.5,500.0
2023-10-12 16:13:00+07:00,11.5,11.5,11.4,11.5,9700.0
2023-10-12 16:14:00+07:00,11.5,11.5,11.4,11.4,3700.0
2023-10-12 16:15:00+07:00,11.5,11.5,11.4,11.4,2600.0
2023-10-12 16:17:00+07:00,11.5,11.5,11.5,11.5,3200.0
2023-10-12 16:18:00+07:00,11.4,11.4,11.4,11.4,6100.0
2023-10-12 16:19:00+07:00,11.5,11.5,11.5,11.5,6500.0
2023-10-12 16:20:00+07:00,11.5,11.5,11.5,11.5,5600.0
2023-10-12 16:21:00+07:00,11.5,11.5,11.4,11.4,22800.0
2023-10-12 16:22:00+07:00,11.5,11.5,11.4,11.4,4300.0
2023-10-12 16:23:00+07:00,11.4,11.5,11.4,11.5,1700.0
2023-10-12 16:24:00+07:00,11.5,11.5,11.4,11.5,26900.0
2023-10-12 16:25:00+07:00,11.4,11.4,11.4,11.4,2000.0
2023-10-12 16:26:00+07:00,11.4,11.5,11.4,11.5,2400.0
2023-10-12 16:27:00+07:00,11.5,11.5,11.4,11.4,9600.0
2023-10-12 16:28:00+07:00,11.5,11.5,11.5,11.5,1100.0
2023-10-12 16:29:00+07:00,11.4,11.5,11.4,11.5,4200.0
2023-10-12 16:36:00+07:00,11.5,11.5,11.5,11.5,733300.0
2023-10-16 09:55:00+07:00,11.4,11.4,11.4,11.4,214300.0
2023-10-16 09:56:00+07:00,11.5,11.5,11.5,11.5,100.0
2023-10-16 09:57:00+07:00,11.4,11.4,11.4,11.4,221400.0
2023-10-16 09:58:00+07:00,11.4,11.4,11.4,11.4,1100.0
2023-10-16 09:59:00+07:00,11.3,11.4,11.3,11.4,7200.0
2023-10-16 10:00:00+07:00,11.4,11.4,11.3,11.3,103400.0
2023-10-16 10:01:00+07:00,11.4,11.4,11.4,11.4,500.0
2023-10-16 10:02:00+07:00,11.3,11.3,11.3,11.3,527000.0
2023-10-16 10:03:00+07:00,11.3,11.3,11.3,11.3,1100.0
2023-10-16 10:04:00+07:00,11.3,11.3,11.3,11.3,6700.0
2023-10-16 10:05:00+07:00,11.3,11.3,11.3,11.3,20100.0
2023-10-16 10:06:00+07:00,11.3,11.3,11.3,11.3,4200.0
2023-10-16 10:07:00+07:00,11.3,11.3,11.3,11.3,700.0
2023-10-16 10:08:00+07:00,11.3,11.3,11.3,11.3,3000.0
2023-10-16 10:10:00+07:00,11.3,11.3,11.3,11.3,10000.0
2023-10-16 10:11:00+07:00,11.2,11.2,11.2,11.2,24500.0
2023-10-16 10:12:00+07:00,11.3,11.3,11.2,11.3,11800.0
2023-10-16 10:13:00+07:00,11.3,11.3,11.3,11.3,3700.0
2023-10-16 10:14:00+07:00,11.3,11.3,11.1,11.2,765100.0
2023-10-16 10:15:00+07:00,11.2,11.2,11.1,11.2,19000.0
2023-10-16 10:16:00+07:00,11.2,11.2,11.1,11.2,80600.0
2023-10-16 10:17:00+07:00,11.2,11.2,11.2,11.2,2300.0
2023-10-16 10:18:00+07:00,11.2,11.2,11.1,11.2,300200.0
2023-10-16 10:19:00+07:00,11.3,11.3,11.2,11.2,378600.0
2023-10-16 10:20:00+07:00,11.3,11.3,11.3,11.3,500.0
2023-10-16 10:21:00+07:00,11.2,11.3,11.2,11.3,500.0
2023-10-16 10:22:00+07:00,11.2,11.3,11.2,11.3,800.0
2023-10-16 10:23:00+07:00,11.3,11.3,11.2,11.3,26300.0
2023-10-16 10:24:00+07:00,11.2,11.3,11.2,11.3,379200.0
2023-10-16 10:25:00+07:00,11.3,11.3,11.3,11.3,300.0
2023-10-16 10:26:00+07:00,11.3,11.3,11.3,11.3,1400.0
2023-10-16 10:27:00+07:00,11.2,11.3,11.1,11.2,241400.0
2023-10-16 10:28:00+07:00,11.2,11.3,11.2,11.2,210100.0
2023-10-16 10:29:00+07:00,11.2,11.3,11.2,11.3,117100.0
2023-10-16 10:30:00+07:00,11.2,11.3,11.2,11.3,5600.0
2023-10-16 10:31:00+07:00,11.2,11.3,11.2,11.3,1200.0
2023-10-16 10:32:00+07:00,11.3,11.3,11.3,11.3,2100.0
2023-10-16 10:36:00+07:00,11.2,11.3,11.2,11.3,9200.0
2023-10-16 10:37:00+07:00,11.3,11.3,11.3,11.3,200.0
2023-10-16 10:38:00+07:00,11.2,11.2,11.2,11.2,181300.0
2023-10-16 10:39:00+07:00,11.2,11.2,11.2,11.2,2300.0
2023-10-16 10:40:00+07:00,11.2,11.2,11.2,11.2,1000.0
2023-10-16 10:41:00+07:00,11.2,11.3,11.2,11.3,43600.0
2023-10-16 10:42:00+07:00,11.3,11.3,11.3,11.3,300.0
2023-10-16 10:45:00+07:00,11.2,11.3,11.2,11.3,25900.0
2023-10-16 10:46:00+07:00,11.3,11.3,11.3,11.3,400.0
2023-10-16 10:47:00+07:00,11.3,11.3,11.3,11.3,700.0
2023-10-16 10:48:00+07:00,11.3,11.3,11.2,11.2,2800.0
2023-10-16 10:49:00+07:00,11.3,11.3,11.2,11.3,800.0
2023-10-16 10:50:00+07:00,11.2,11.3,11.2,11.3,5800.0
2023-10-16 10:51:00+07:00,11.3,11.3,11.3,11.3,300.0
2023-10-16 10:52:00+07:00,11.3,11.3,11.3,11.3,600.0
2023-10-16 10:54:00+07:00,11.3,11.3,11.3,11.3,2100.0
2023-10-16 10:55:00+07:00,11.3,11.3,11.3,11.3,300.0
2023-10-16 10:57:00+07:00,11.3,11.3,11.3,11.3,100.0
2023-10-16 11:01:00+07:00,11.3,11.3,11.3,11.3,1600.0
2023-10-16 11:02:00+07:00,11.2,11.2,11.2,11.2,100.0
2023-10-16 11:03:00+07:00,11.2,11.2,11.2,11.2,100.0
2023-10-16 11:04:00+07:00,11.3,11.3,11.3,11.3,1000.0
2023-10-16 11:05:00+07:00,11.2,11.2,11.2,11.2,277900.0
2023-10-16 11:06:00+07:00,11.2,11.3,11.2,11.2,12400.0
2023-10-16 11:07:00+07:00,11.2,11.2,11.2,11.2,119700.0
2023-10-16 11:08:00+07:00,11.2,11.2,11.2,11.2,3200.0
2023-10-16 11:09:00+07:00,11.2,11.2,11.2,11.2,187100.0
2023-10-16 11:10:00+07:00,11.2,11.2,11.2,11.2,2100.0
2023-10-16 11:12:00+07:00,11.3,11.3,11.3,11.3,900.0
2023-10-16 11:13:00+07:00,11.2,11.2,11.2,11.2,1000.0
2023-10-16 11:14:00+07:00,11.2,11.2,11.2,11.2,100.0
2023-10-16 11:15:00+07:00,11.2,11.2,11.2,11.2,1600.0
2023-10-16 11:17:00+07:00,11.3,11.3,11.3,11.3,200.0
2023-10-16 11:18:00+07:00,11.3,11.3,11.2,11.2,3200.0
2023-10-16 11:20:00+07:00,11.3,11.3,11.3,11.3,500.0
2023-10-16 11:22:00+07:00,11.3,11.3,11.3,11.3,100.0
2023-10-16 11:27:00+07:00,11.3,11.3,11.3,11.3,50000.0
2023-10-16 11:28:00+07:00,11.3,11.3,11.3,11.3,100.0
2023-10-16 11:29:00+07:00,11.2,11.2,11.2,11.2,86100.0
2023-10-16 11:30:00+07:00,11.2,11.2,11.2,11.2,50300.0
2023-10-16 11:31:00+07:00,11.2,11.2,11.2,11.2,57800.0
2023-10-16 11:32:00+07:00,11.2,11.2,11.2,11.2,300.0
2023-10-16 11:33:00+07:00,11.2,11.2,11.2,11.2,1500.0
2023-10-16 11:34:00+07:00,11.2,11.2,11.2,11.2,600.0
2023-10-16 11:36:00+07:00,11.2,11.2,11.1,11.1,5100.0
2023-10-16 11:37:00+07:00,11.2,11.2,11.2,11.2,100.0
2023-10-16 11:38:00+07:00,11.2,11.2,11.2,11.2,1800.0
2023-10-16 11:39:00+07:00,11.2,11.2,11.2,11.2,1500.0
2023-10-16 11:40:00+07:00,11.2,11.3,11.2,11.3,122200.0
2023-10-16 11:41:00+07:00,11.2,11.3,11.2,11.3,7400.0
2023-10-16 11:43:00+07:00,11.2,11.2,11.2,11.2,59800.0
2023-10-16 11:44:00+07:00,11.2,11.2,11.2,11.2,11100.0
2023-10-16 11:45:00+07:00,11.2,11.2,11.2,11.2,20000.0
2023-10-16 11:47:00+07:00,11.2,11.2,11.2,11.2,500.0
2023-10-16 11:48:00+07:00,11.2,11.2,11.2,11.2,200.0
2023-10-16 11:49:00+07:00,11.2,11.2,11.2,11.2,2500.0
2023-10-16 11:50:00+07:00,11.2,11.2,11.2,11.2,8000.0
2023-10-16 11:51:00+07:00,11.2,11.2,11.2,11.2,100.0
2023-10-16 11:53:00+07:00,11.2,11.2,11.1,11.1,300.0
2023-10-16 11:54:00+07:00,11.1,11.2,11.1,11.2,11200.0
2023-10-16 11:55:00+07:00,11.2,11.2,11.2,11.2,400.0
2023-10-16 11:56:00+07:00,11.2,11.2,11.2,11.2,400.0
2023-10-16 11:57:00+07:00,11.2,11.2,11.2,11.2,10900.0
2023-10-16 11:58:00+07:00,11.2,11.2,11.2,11.2,300.0
2023-10-16 11:59:00+07:00,11.2,11.2,11.2,11.2,600.0
2023-10-16 12:00:00+07:00,11.2,11.2,11.2,11.2,10400.0
2023-10-16 12:01:00+07:00,11.2,11.2,11.2,11.2,400.0
2023-10-16 12:02:00+07:00,11.2,11.2,11.2,11.2,600.0
2023-10-16 12:03:00+07:00,11.2,11.2,11.2,11.2,100.0
2023-10-16 12:04:00+07:00,11.2,11.2,11.2,11.2,400.0
2023-10-16 12:05:00+07:00,11.2,11.2,11.1,11.2,4200.0
2023-10-16 12:06:00+07:00,11.2,11.2,11.2,11.2,200.0
2023-10-16 12:07:00+07:00,11.1,11.2,11.1,11.2,18400.0
2023-10-16 12:08:00+07:00,11.2,11.2,11.2,11.2,1800.0
2023-10-16 12:09:00+07:00,11.2,11.2,11.2,11.2,57400.0
2023-10-16 12:10:00+07:00,11.2,11.2,11.2,11.2,1700.0
2023-10-16 12:11:00+07:00,11.2,11.2,11.2,11.2,1800.0
2023-10-16 12:12:00+07:00,11.2,11.2,11.2,11.2,3300.0
2023-10-16 12:14:00+07:00,11.2,11.2,11.2,11.2,3000.0
2023-10-16 12:16:00+07:00,11.2,11.2,11.2,11.2,400.0
2023-10-16 12:17:00+07:00,11.2,11.2,11.2,11.2,2100.0
2023-10-16 12:19:00+07:00,11.2,11.2,11.2,11.2,200.0
2023-10-16 12:20:00+07:00,11.2,11.2,11.2,11.2,100.0
2023-10-16 12:21:00+07:00,11.2,11.2,11.2,11.2,5900.0
2023-10-16 12:23:00+07:00,11.2,11.2,11.2,11.2,2200.0
2023-10-16 12:25:00+07:00,11.2,11.2,11.2,11.2,500.0
2023-10-16 12:26:00+07:00,11.2,11.2,11.2,11.2,100.0
2023-10-16 12:27:00+07:00,11.2,11.2,11.2,11.2,300.0
2023-10-16 12:28:00+07:00,11.2,11.2,11.2,11.2,400.0
2023-10-16 12:29:00+07:00,11.2,11.2,11.1,11.1,900.0
2023-10-16 14:25:00+07:00,11.2,11.2,11.2,11.2,35000.0
2023-10-16 14:26:00+07:00,11.2,11.2,11.2,11.2,100.0
2023-10-16 14:27:00+07:00,11.2,11.2,11.2,11.2,900.0
2023-10-16 14:28:00+07:00,11.2,11.2,11.1,11.1,4400.0
2023-10-16 14:30:00+07:00,11.1,11.1,11.1,11.1,26000.0
2023-10-16 14:32:00+07:00,11.2,11.2,11.1,11.1,3100.0
2023-10-16 14:33:00+07:00,11.2,11.2,11.2,11.2,300.0
2023-10-16 14:34:00+07:00,11.2,11.2,11.2,11.2,23800.0
2023-10-16 14:35:00+07:00,11.2,11.2,11.2,11.2,200.0
2023-10-16 14:36:00+07:00,11.2,11.2,11.2,11.2,7200.0
2023-10-16 14:37:00+07:00,11.2,11.2,11.2,11.2,4300.0
2023-10-16 14:38:00+07:00,11.2,11.2,11.2,11.2,3500.0
2023-10-16 14:39:00+07:00,11.2,11.2,11.2,11.2,200.0
2023-10-16 14:40:00+07:00,11.2,11.2,11.2,11.2,3900.0
2023-10-16 14:41:00+07:00,11.2,11.2,11.2,11.2,4300.0
2023-10-16 14:42:00+07:00,11.2,11.2,11.2,11.2,400.0
2023-10-16 14:43:00+07:00,11.2,11.2,11.2,11.2,400.0
2023-10-16 14:44:00+07:00,11.2,11.2,11.2,11.2,4000.0
2023-10-16 14:45:00+07:00,11.2,11.2,11.2,11.2,300.0
2023-10-16 14:46:00+07:00,11.2,11.2,11.1,11.2,5000.0
2023-10-16 14:47:00+07:00,11.2,11.2,11.2,11.2,4100.0
2023-10-16 14:48:00+07:00,11.2,11.2,11.2,11.2,800.0
2023-10-16 14:49:00+07:00,11.2,11.2,11.2,11.2,400.0
2023-10-16 14:50:00+07:00,11.2,11.2,11.2,11.2,6100.0
2023-10-16 14:51:00+07:00,11.2,11.2,11.2,11.2,3500.0
2023-10-16 14:52:00+07:00,11.2,11.2,11.2,11.2,5700.0
2023-10-16 14:53:00+07:00,11.2,11.2,11.1,11.1,12700.0
2023-10-16 14:54:00+07:00,11.2,11.2,11.1,11.1,2100.0
2023-10-16 14:55:00+07:00,11.2,11.2,11.2,11.2,200.0
2023-10-16 14:56:00+07:00,11.2,11.2,11.1,11.2,7400.0
2023-10-16 14:57:00+07:00,11.2,11.2,11.1,11.2,1500.0
2023-10-16 14:58:00+07:00,11.2,11.2,11.2,11.2,400.0
2023-10-16 14:59:00+07:00,11.2,11.2,11.1,11.1,6800.0
2023-10-16 15:00:00+07:00,11.2,11.2,11.2,11.2,400.0
2023-10-16 15:01:00+07:00,11.2,11.2,11.2,11.2,3700.0
2023-10-16 15:02:00+07:00,11.2,11.2,11.2,11.2,3000.0
2023-10-16 15:03:00+07:00,11.1,11.2,11.1,11.2,3800.0
2023-10-16 15:04:00+07:00,11.2,11.2,11.2,11.2,3000.0
2023-10-16 15:05:00+07:00,11.2,11.2,11.2,11.2,700.0
2023-10-16 15:06:00+07:00,11.1,11.2,11.1,11.2,18800.0
2023-10-16 15:07:00+07:00,11.2,11.2,11.2,11.2,3000.0
2023-10-16 15:08:00+07:00,11.2,11.2,11.2,11.2,1200.0
2023-10-16 15:09:00+07:00,11.2,11.2,11.2,11.2,100.0
2023-10-16 15:10:00+07:00,11.2,11.2,11.2,11.2,200.0
2023-10-16 15:11:00+07:00,11.2,11.2,11.2,11.2,300.0
2023-10-16 15:12:00+07:00,11.2,11.2,11.2,11.2,100.0
2023-10-16 15:13:00+07:00,11.2,11.2,11.2,11.2,100.0
2023-10-16 15:14:00+07:00,11.1,11.1,11.1,11.1,52500.0
2023-10-16 15:16:00+07:00,11.2,11.2,11.2,11.2,600.0
2023-10-16 15:17:00+07:00,11.1,11.1,11.1,11.1,3600.0
2023-10-16 15:18:00+07:00,11.1,11.1,11.1,11.1,5100.0
2023-10-16 15:20:00+07:00,11.2,11.2,11.1,11.1,20100.0
2023-10-16 15:22:00+07:00,11.2,11.2,11.2,11.2,5000.0
2023-10-16 15:26:00+07:00,11.2,11.2,11.2,11.2,2900.0
2023-10-16 15:27:00+07:00,11.1,11.1,11.1,11.1,1300.0
2023-10-16 15:28:00+07:00,11.1,11.1,11.1,11.1,19000.0
2023-10-16 15:30:00+07:00,11.1,11.1,11.1,11.1,3400.0
2023-10-16 15:31:00+07:00,11.2,11.2,11.2,11.2,100.0
2023-10-16 15:32:00+07:00,11.2,11.2,11.1,11.1,6000.0
2023-10-16 15:33:00+07:00,11.2,11.2,11.2,11.2,400.0
2023-10-16 15:34:00+07:00,11.1,11.1,11.1,11.1,100.0
2023-10-16 15:35:00+07:00,11.2,11.2,11.2,11.2,100.0
2023-10-16 15:36:00+07:00,11.1,11.1,11.1,11.1,20500.0
2023-10-16 15:37:00+07:00,11.1,11.2,11.1,11.2,15700.0
2023-10-16 15:38:00+07:00,11.1,11.1,11.1,11.1,52300.0
2023-10-16 15:39:00+07:00,11.1,11.1,11.1,11.1,6900.0
2023-10-16 15:41:00+07:00,11.2,11.2,11.2,11.2,1000.0
2023-10-16 15:42:00+07:00,11.1,11.1,11.1,11.1,400.0
2023-10-16 15:43:00+07:00,11.2,11.2,11.2,11.2,3000.0
2023-10-16 15:44:00+07:00,11.2,11.2,11.1,11.2,5500.0
2023-10-16 15:47:00+07:00,11.2,11.2,11.2,11.2,1000.0
2023-10-16 15:48:00+07:00,11.2,11.2,11.2,11.2,12600.0
2023-10-16 15:49:00+07:00,11.2,11.2,11.2,11.2,80400.0
2023-10-16 15:50:00+07:00,11.2,11.2,11.1,11.2,16400.0
2023-10-16 15:51:00+07:00,11.1,11.2,11.1,11.2,59400.0
2023-10-16 15:52:00+07:00,11.2,11.2,11.2,11.2,106300.0
2023-10-16 15:53:00+07:00,11.2,11.2,11.2,11.2,5800.0
2023-10-16 15:55:00+07:00,11.2,11.3,11.2,11.2,479300.0
2023-10-16 15:56:00+07:00,11.2,11.2,11.2,11.2,15000.0
2023-10-16 15:57:00+07:00,11.2,11.2,11.2,11.2,6700.0
2023-10-16 15:58:00+07:00,11.2,11.2,11.2,11.2,3600.0
2023-10-16 15:59:00+07:00,11.2,11.2,11.2,11.2,400.0
2023-10-16 16:00:00+07:00,11.2,11.2,11.2,11.2,97600.0
2023-10-16 16:01:00+07:00,11.2,11.2,11.2,11.2,10000.0
2023-10-16 16:02:00+07:00,11.3,11.3,11.3,11.3,300.0
2023-10-16 16:08:00+07:00,11.3,11.3,11.3,11.3,100.0
2023-10-16 16:09:00+07:00,11.3,11.3,11.3,11.3,2000.0
2023-10-16 16:11:00+07:00,11.3,11.3,11.2,11.2,1600.0
2023-10-16 16:13:00+07:00,11.2,11.2,11.2,11.2,100.0
2023-10-16 16:14:00+07:00,11.3,11.3,11.3,11.3,100.0
2023-10-16 16:17:00+07:00,11.3,11.3,11.3,11.3,26600.0
2023-10-16 16:18:00+07:00,11.3,11.3,11.3,11.3,100.0
2023-10-16 16:19:00+07:00,11.3,11.3,11.3,11.3,20000.0
2023-10-16 16:21:00+07:00,11.3,11.3,11.3,11.3,5300.0
2023-10-16 16:22:00+07:00,11.3,11.3,11.3,11.3,400.0
2023-10-16 16:23:00+07:00,11.2,11.2,11.2,11.2,2100.0
2023-10-16 16:24:00+07:00,11.2,11.3,11.2,11.3,8700.0
2023-10-16 16:25:00+07:00,11.2,11.2,11.2,11.2,6000.0
2023-10-16 16:26:00+07:00,11.3,11.3,11.2,11.2,14800.0
2023-10-16 16:27:00+07:00,11.2,11.3,11.2,11.2,12900.0
2023-10-16 16:28:00+07:00,11.2,11.2,11.2,11.2,10800.0
2023-10-16 16:29:00+07:00,11.2,11.3,11.2,11.3,239100.0
2023-10-16 16:35:00+07:00,11.4,11.4,11.4,11.4,2348500.0
2023-10-17 09:56:00+07:00,11.4,11.4,11.4,11.4,62900.0
2023-10-17 09:57:00+07:00,11.4,11.4,11.4,11.4,16000.0
2023-10-17 09:59:00+07:00,11.4,11.4,11.4,11.4,500.0
2023-10-17 10:01:00+07:00,11.4,11.4,11.4,11.4,100.0
2023-10-17 10:02:00+07:00,11.3,11.5,11.3,11.5,89900.0
2023-10-17 10:03:00+07:00,11.5,11.6,11.4,11.5,257700.0
2023-10-17 10:04:00+07:00,11.5,11.5,11.5,11.5,10000.0
2023-10-17 10:05:00+07:00,11.5,11.5,11.4,11.4,1700.0
2023-10-17 10:06:00+07:00,11.5,11.5,11.5,11.5,5000.0
2023-10-17 10:11:00+07:00,11.5,11.5,11.5,11.5,200.0
2023-10-17 10:13:00+07:00,11.5,11.5,11.5,11.5,3300.0
2023-10-17 10:16:00+07:00,11.4,11.5,11.4,11.5,5700.0
2023-10-17 10:19:00+07:00,11.4,11.4,11.4,11.4,1000.0
2023-10-17 10:21:00+07:00,11.5,11.5,11.5,11.5,100.0
2023-10-17 10:22:00+07:00,11.5,11.5,11.5,11.5,100.0
2023-10-17 10:23:00+07:00,11.4,11.4,11.4,11.4,464000.0
2023-10-17 10:25:00+07:00,11.4,11.4,11.4,11.4,5500.0
2023-10-17 10:26:00+07:00,11.4,11.4,11.4,11.4,500.0
2023-10-17 10:28:00+07:00,11.4,11.4,11.4,11.4,3000.0
2023-10-17 10:35:00+07:00,11.4,11.4,11.4,11.4,100.0
2023-10-17 10:38:00+07:00,11.5,11.5,11.5,11.5,100.0
2023-10-17 10:39:00+07:00,11.5,11.5,11.5,11.5,100.0
2023-10-17 10:42:00+07:00,11.5,11.6,11.5,11.5,166700.0
2023-10-17 10:44:00+07:00,11.5,11.5,11.5,11.5,100.0
2023-10-17 10:46:00+07:00,11.5,11.5,11.5,11.5,400.0
2023-10-17 10:47:00+07:00,11.5,11.6,11.5,11.6,4100.0
2023-10-17 10:48:00+07:00,11.5,11.6,11.5,11.6,8100.0
2023-10-17 10:49:00+07:00,11.5,11.5,11.5,11.5,2300.0
2023-10-17 10:50:00+07:00,11.5,11.5,11.5,11.5,200.0
2023-10-17 10:51:00+07:00,11.5,11.6,11.5,11.6,45900.0
2023-10-17 10:52:00+07:00,11.5,11.5,11.5,11.5,159700.0
2023-10-17 10:53:00+07:00,11.5,11.5,11.5,11.5,5000.0
2023-10-17 10:54:00+07:00,11.5,11.5,11.5,11.5,100.0
2023-10-17 10:56:00+07:00,11.4,11.4,11.4,11.4,400.0
2023-10-17 11:00:00+07:00,11.4,11.4,11.4,11.4,2200.0
2023-10-17 11:03:00+07:00,11.4,11.4,11.4,11.4,100000.0
2023-10-17 11:08:00+07:00,11.4,11.4,11.4,11.4,10000.0
2023-10-17 11:10:00+07:00,11.4,11.4,11.4,11.4,3200.0
2023-10-17 11:19:00+07:00,11.4,11.4,11.4,11.4,300.0
2023-10-17 11:22:00+07:00,11.5,11.5,11.5,11.5,100.0
2023-10-17 11:26:00+07:00,11.4,11.5,11.4,11.5,24500.0
2023-10-17 11:29:00+07:00,11.5,11.6,11.5,11.6,415800.0
2023-10-17 11:30:00+07:00,11.5,11.5,11.5,11.5,26300.0
2023-10-17 11:31:00+07:00,11.5,11.5,11.5,11.5,1700.0
2023-10-17 11:32:00+07:00,11.5,11.5,11.5,11.5,100.0
2023-10-17 11:34:00+07:00,11.5,11.5,11.5,11.5,5100.0
2023-10-17 11:35:00+07:00,11.5,11.5,11.5,11.5,100.0
2023-10-17 11:36:00+07:00,11.5,11.5,11.5,11.5,10000.0
2023-10-17 11:37:00+07:00,11.5,11.5,11.5,11.5,11500.0
2023-10-17 11:38:00+07:00,11.5,11.5,11.5,11.5,300.0
2023-10-17 11:40:00+07:00,11.5,11.6,11.5,11.6,8800.0
2023-10-17 11:41:00+07:00,11.5,11.5,11.5,11.5,2200.0
2023-10-17 11:42:00+07:00,11.5,11.5,11.5,11.5,200.0
2023-10-17 11:47:00+07:00,11.5,11.5,11.5,11.5,14000.0
2023-10-17 11:51:00+07:00,11.6,11.6,11.6,11.6,16800.0
2023-10-17 12:01:00+07:00,11.6,11.6,11.6,11.6,3000.0
2023-10-17 12:02:00+07:00,11.6,11.6,11.6,11.6,10800.0
2023-10-17 12:07:00+07:00,11.6,11.6,11.6,11.6,1000.0
2023-10-17 12:09:00+07:00,11.5,11.6,11.5,11.6,5300.0
2023-10-17 12:12:00+07:00,11.6,11.6,11.6,11.6,2400.0
2023-10-17 12:13:00+07:00,11.5,11.5,11.5,11.5,100.0
2023-10-17 12:15:00+07:00,11.5,11.5,11.5,11.5,100000.0
2023-10-17 12:16:00+07:00,11.5,11.5,11.5,11.5,30200.0
2023-10-17 12:17:00+07:00,11.5,11.5,11.5,11.5,1700.0
2023-10-17 12:20:00+07:00,11.5,11.5,11.5,11.5,2200.0
2023-10-17 12:24:00+07:00,11.5,11.5,11.5,11.5,277500.0
2023-10-17 12:28:00+07:00,11.5,11.5,11.5,11.5,2400.0
2023-10-17 12:29:00+07:00,11.5,11.5,11.5,11.5,700.0
2023-10-17 14:26:00+07:00,11.5,11.5,11.5,11.5,43000.0
2023-10-17 14:28:00+07:00,11.5,11.5,11.5,11.5,3100.0
2023-10-17 14:29:00+07:00,11.5,11.5,11.5,11.5,100.0
2023-10-17 14:33:00+07:00,11.5,11.5,11.5,11.5,3300.0
2023-10-17 14:38:00+07:00,11.5,11.5,11.5,11.5,4000.0
2023-10-17 14:39:00+07:00,11.5,11.5,11.5,11.5,400.0
2023-10-17 14:42:00+07:00,11.5,11.5,11.5,11.5,7800.0
2023-10-17 14:43:00+07:00,11.4,11.4,11.4,11.4,2500.0
2023-10-17 14:45:00+07:00,11.4,11.4,11.4,11.4,200.0
2023-10-17 14:50:00+07:00,11.5,11.5,11.4,11.4,20500.0
2023-10-17 14:51:00+07:00,11.4,11.5,11.4,11.5,2000.0
2023-10-17 14:53:00+07:00,11.5,11.5,11.5,11.5,11800.0
2023-10-17 14:54:00+07:00,11.5,11.5,11.5,11.5,8200.0
2023-10-17 14:55:00+07:00,11.5,11.5,11.5,11.5,3900.0
2023-10-17 14:56:00+07:00,11.5,11.5,11.5,11.5,300.0
2023-10-17 14:57:00+07:00,11.5,11.5,11.5,11.5,4200.0
2023-10-17 14:59:00+07:00,11.5,11.5,11.5,11.5,2500.0
2023-10-17 15:00:00+07:00,11.5,11.5,11.5,11.5,2000.0
2023-10-17 15:03:00+07:00,11.5,11.5,11.5,11.5,26300.0
2023-10-17 15:04:00+07:00,11.5,11.5,11.5,11.5,15300.0
2023-10-17 15:05:00+07:00,11.5,11.5,11.5,11.5,5500.0
2023-10-17 15:08:00+07:00,11.4,11.4,11.4,11.4,50000.0
2023-10-17 15:10:00+07:00,11.4,11.4,11.4,11.4,3700.0
2023-10-17 15:11:00+07:00,11.5,11.5,11.5,11.5,15900.0
2023-10-17 15:12:00+07:00,11.4,11.4,11.4,11.4,200.0
2023-10-17 15:13:00+07:00,11.4,11.4,11.4,11.4,2500.0
2023-10-17 15:14:00+07:00,11.5,11.5,11.5,11.5,2800.0
2023-10-17 15:15:00+07:00,11.5,11.5,11.4,11.4,14400.0
2023-10-17 15:17:00+07:00,11.4,11.4,11.4,11.4,3000.0
2023-10-17 15:18:00+07:00,11.4,11.4,11.4,11.4,502700.0
2023-10-17 15:23:00+07:00,11.4,11.4,11.4,11.4,100.0
2023-10-17 15:24:00+07:00,11.4,11.4,11.4,11.4,3400.0
2023-10-17 15:26:00+07:00,11.4,11.4,11.4,11.4,2300.0
2023-10-17 15:27:00+07:00,11.4,11.4,11.4,11.4,3400.0
2023-10-17 15:29:00+07:00,11.4,11.4,11.4,11.4,14400.0
2023-10-17 15:33:00+07:00,11.4,11.4,11.4,11.4,10000.0
2023-10-17 15:34:00+07:00,11.5,11.5,11.5,11.5,200.0
2023-10-17 15:35:00+07:00,11.4,11.4,11.4,11.4,2700.0
2023-10-17 15:36:00+07:00,11.4,11.4,11.4,11.4,3600.0
2023-10-17 15:37:00+07:00,11.4,11.4,11.4,11.4,2600.0
2023-10-17 15:38:00+07:00,11.4,11.5,11.4,11.5,8400.0
2023-10-17 15:39:00+07:00,11.4,11.4,11.4,11.4,526500.0
2023-10-17 15:40:00+07:00,11.4,11.5,11.4,11.5,600.0
2023-10-17 15:44:00+07:00,11.5,11.5,11.5,11.5,200.0
2023-10-17 15:45:00+07:00,11.4,11.4,11.4,11.4,2800.0
2023-10-17 15:46:00+07:00,11.4,11.4,11.4,11.4,3600.0
2023-10-17 15:48:00+07:00,11.4,11.4,11.4,11.4,3300.0
2023-10-17 15:49:00+07:00,11.4,11.4,11.4,11.4,2200.0
2023-10-17 15:50:00+07:00,11.4,11.4,11.4,11.4,2800.0
2023-10-17 15:51:00+07:00,11.4,11.4,11.4,11.4,2600.0
2023-10-17 15:52:00+07:00,11.4,11.4,11.4,11.4,3700.0
2023-10-17 15:53:00+07:00,11.4,11.4,11.4,11.4,2400.0
2023-10-17 15:54:00+07:00,11.4,11.5,11.4,11.5,2500.0
2023-10-17 15:55:00+07:00,11.4,11.4,11.4,11.4,18800.0
2023-10-17 15:56:00+07:00,11.4,11.5,11.4,11.5,21000.0
2023-10-17 16:00:00+07:00,11.4,11.4,11.4,11.4,5000.0
2023-10-17 16:02:00+07:00,11.4,11.4,11.4,11.4,2800.0
2023-10-17 16:03:00+07:00,11.4,11.4,11.4,11.4,100.0
2023-10-17 16:04:00+07:00,11.4,11.4,11.4,11.4,5200.0
2023-10-17 16:05:00+07:00,11.4,11.4,11.4,11.4,3200.0
2023-10-17 16:06:00+07:00,11.4,11.4,11.4,11.4,19400.0
2023-10-17 16:10:00+07:00,11.4,11.4,11.4,11.4,200.0
2023-10-17 16:12:00+07:00,11.4,11.4,11.4,11.4,500.0
2023-10-17 16:13:00+07:00,11.4,11.4,11.4,11.4,2700.0
2023-10-17 16:14:00+07:00,11.4,11.4,11.4,11.4,2500.0
2023-10-17 16:15:00+07:00,11.4,11.4,11.4,11.4,3300.0
2023-10-17 16:16:00+07:00,11.5,11.5,11.4,11.4,6300.0
2023-10-17 16:17:00+07:00,11.5,11.5,11.4,11.4,7900.0
2023-10-17 16:18:00+07:00,11.4,11.4,11.4,11.4,3300.0
2023-10-17 16:19:00+07:00,11.5,11.5,11.4,11.4,20200.0
2023-10-17 16:20:00+07:00,11.4,11.4,11.4,11.4,2100.0
2023-10-17 16:21:00+07:00,11.4,11.5,11.4,11.5,9100.0
2023-10-17 16:22:00+07:00,11.4,11.4,11.4,11.4,5800.0
2023-10-17 16:23:00+07:00,11.4,11.4,11.4,11.4,3200.0
2023-10-17 16:24:00+07:00,11.4,11.5,11.4,11.5,3600.0
2023-10-17 16:25:00+07:00,11.4,11.5,11.4,11.5,8300.0
2023-10-17 16:26:00+07:00,11.4,11.4,11.4,11.4,2600.0
2023-10-17 16:27:00+07:00,11.4,11.4,11.4,11.4,6800.0
2023-10-17 16:28:00+07:00,11.4,11.5,11.4,11.5,5900.0
2023-10-17 16:29:00+07:00,11.4,11.5,11.4,11.5,5700.0
2023-10-17 16:35:00+07:00,11.4,11.4,11.4,11.4,597500.0
2023-10-18 09:59:00+07:00,11.5,11.5,11.5,11.5,56000.0
2023-10-18 10:00:00+07:00,11.5,11.5,11.5,11.5,800.0
2023-10-18 10:01:00+07:00,11.5,11.5,11.5,11.5,100.0
2023-10-18 10:03:00+07:00,11.5,11.5,11.5,11.5,372200.0
2023-10-18 10:04:00+07:00,11.5,11.5,11.5,11.5,10000.0
2023-10-18 10:05:00+07:00,11.5,11.5,11.5,11.5,131000.0
2023-10-18 10:09:00+07:00,11.5,11.5,11.5,11.5,138900.0
2023-10-18 10:10:00+07:00,11.5,11.5,11.5,11.5,3000.0
2023-10-18 10:12:00+07:00,11.5,11.5,11.5,11.5,1000.0
2023-10-18 10:13:00+07:00,11.5,11.5,11.5,11.5,4900.0
2023-10-18 10:15:00+07:00,11.5,11.5,11.5,11.5,2400.0
2023-10-18 10:16:00+07:00,11.5,11.5,11.5,11.5,200.0
2023-10-18 10:23:00+07:00,11.5,11.5,11.5,11.5,5000.0
2023-10-18 10:27:00+07:00,11.4,11.4,11.4,11.4,3000.0
2023-10-18 10:28:00+07:00,11.4,11.4,11.4,11.4,100.0
2023-10-18 10:30:00+07:00,11.4,11.4,11.4,11.4,40400.0
2023-10-18 10:31:00+07:00,11.4,11.4,11.4,11.4,1000.0
2023-10-18 10:32:00+07:00,11.5,11.5,11.5,11.5,100.0
2023-10-18 10:35:00+07:00,11.4,11.5,11.4,11.5,21000.0
2023-10-18 10:36:00+07:00,11.5,11.5,11.5,11.5,300.0
2023-10-18 10:38:00+07:00,11.4,11.4,11.4,11.4,3000.0
2023-10-18 10:42:00+07:00,11.5,11.5,11.4,11.4,1500.0
2023-10-18 10:44:00+07:00,11.4,11.4,11.4,11.4,200.0
2023-10-18 10:46:00+07:00,11.4,11.4,11.4,11.4,4400.0
2023-10-18 10:47:00+07:00,11.5,11.5,11.5,11.5,9800.0
2023-10-18 10:49:00+07:00,11.5,11.5,11.5,11.5,58300.0
2023-10-18 10:50:00+07:00,11.4,11.6,11.4,11.6,700500.0
2023-10-18 10:51:00+07:00,11.6,11.6,11.6,11.6,5000.0
2023-10-18 10:53:00+07:00,11.6,11.6,11.6,11.6,2000.0
2023-10-18 10:56:00+07:00,11.6,11.6,11.6,11.6,1100.0
2023-10-18 10:57:00+07:00,11.6,11.6,11.6,11.6,57200.0
2023-10-18 11:05:00+07:00,11.6,11.6,11.6,11.6,100.0
2023-10-18 11:06:00+07:00,11.6,11.6,11.6,11.6,21100.0
2023-10-18 11:07:00+07:00,11.5,11.5,11.5,11.5,684100.0
2023-10-18 11:08:00+07:00,11.6,11.6,11.6,11.6,4000.0
2023-10-18 11:10:00+07:00,11.5,11.5,11.5,11.5,20000.0
2023-10-18 11:12:00+07:00,11.6,11.6,11.6,11.6,30000.0
2023-10-18 11:13:00+07:00,11.6,11.6,11.6,11.6,100.0
2023-10-18 11:15:00+07:00,11.6,11.6,11.6,11.6,42300.0
2023-10-18 11:16:00+07:00,11.6,11.6,11.6,11.6,1000.0
2023-10-18 11:17:00+07:00,11.6,11.6,11.6,11.6,42100.0
2023-10-18 11:18:00+07:00,11.6,11.6,11.6,11.6,240600.0
2023-10-18 11:19:00+07:00,11.7,11.7,11.6,11.7,20200.0
2023-10-18 11:20:00+07:00,11.6,11.6,11.6,11.6,205900.0
2023-10-18 11:21:00+07:00,11.6,11.6,11.6,11.6,5100.0
2023-10-18 11:22:00+07:00,11.6,11.6,11.6,11.6,10000.0
2023-10-18 11:27:00+07:00,11.6,11.6,11.6,11.6,12300.0
2023-10-18 11:28:00+07:00,11.6,11.6,11.6,11.6,14700.0
2023-10-18 11:30:00+07:00,11.6,11.6,11.6,11.6,5000.0
2023-10-18 11:31:00+07:00,11.6,11.6,11.6,11.6,2700.0
2023-10-18 11:32:00+07:00,11.6,11.6,11.6,11.6,53400.0
2023-10-18 11:33:00+07:00,11.6,11.7,11.6,11.6,417100.0
2023-10-18 11:34:00+07:00,11.6,11.7,11.6,11.7,800.0
2023-10-18 11:35:00+07:00,11.7,11.7,11.7,11.7,25600.0
2023-10-18 11:36:00+07:00,11.7,11.7,11.7,11.7,1400.0
2023-10-18 11:37:00+07:00,11.7,11.7,11.7,11.7,1900.0
2023-10-18 11:38:00+07:00,11.7,11.7,11.7,11.7,1600.0
2023-10-18 11:39:00+07:00,11.7,11.7,11.7,11.7,900.0
2023-10-18 11:40:00+07:00,11.7,11.7,11.7,11.7,1600.0
2023-10-18 11:41:00+07:00,11.7,11.7,11.7,11.7,1400.0
2023-10-18 11:42:00+07:00,11.7,11.7,11.7,11.7,1300.0
2023-10-18 11:47:00+07:00,11.7,11.7,11.7,11.7,100.0
2023-10-18 11:48:00+07:00,11.6,11.6,11.6,11.6,4000.0
2023-10-18 11:50:00+07:00,11.6,11.6,11.6,11.6,400.0
2023-10-18 11:51:00+07:00,11.6,11.6,11.6,11.6,1000.0
2023-10-18 11:52:00+07:00,11.6,11.6,11.6,11.6,900.0
2023-10-18 11:53:00+07:00,11.6,11.6,11.6,11.6,200.0
2023-10-18 11:54:00+07:00,11.6,11.6,11.6,11.6,100.0
2023-10-18 11:57:00+07:00,11.6,11.6,11.6,11.6,6300.0
2023-10-18 11:58:00+07:00,11.6,11.6,11.6,11.6,200.0
2023-10-18 12:03:00+07:00,11.6,11.6,11.6,11.6,2300.0
2023-10-18 12:04:00+07:00,11.6,11.6,11.6,11.6,150000.0
2023-10-18 12:05:00+07:00,11.6,11.6,11.6,11.6,2600.0
2023-10-18 12:08:00+07:00,11.6,11.6,11.6,11.6,113900.0
2023-10-18 12:09:00+07:00,11.6,11.6,11.6,11.6,69000.0
2023-10-18 12:11:00+07:00,11.6,11.6,11.6,11.6,300.0
2023-10-18 12:16:00+07:00,11.6,11.6,11.6,11.6,100.0
2023-10-18 12:17:00+07:00,11.6,11.6,11.6,11.6,1000.0
2023-10-18 12:19:00+07:00,11.5,11.5,11.5,11.5,100.0
2023-10-18 12:20:00+07:00,11.6,11.6,11.6,11.6,116600.0
2023-10-18 12:22:00+07:00,11.6,11.6,11.6,11.6,20200.0
2023-10-18 12:23:00+07:00,11.6,11.6,11.6,11.6,1500.0
2023-10-18 12:24:00+07:00,11.6,11.6,11.6,11.6,5100.0
2023-10-18 12:25:00+07:00,11.6,11.6,11.6,11.6,2400.0
2023-10-18 12:26:00+07:00,11.6,11.6,11.6,11.6,500.0
2023-10-18 12:27:00+07:00,11.6,11.6,11.6,11.6,70900.0
2023-10-18 12:28:00+07:00,11.6,11.6,11.6,11.6,88700.0
2023-10-18 12:29:00+07:00,11.7,11.7,11.7,11.7,100.0
2023-10-18 14:29:00+07:00,11.7,11.7,11.7,11.7,146700.0
2023-10-18 14:32:00+07:00,11.7,11.7,11.7,11.7,1700.0
2023-10-18 14:36:00+07:00,11.6,11.6,11.6,11.6,5000.0
2023-10-18 14:40:00+07:00,11.7,11.7,11.7,11.7,2100.0
2023-10-18 14:41:00+07:00,11.6,11.6,11.6,11.6,2000.0
2023-10-18 14:43:00+07:00,11.7,11.7,11.7,11.7,1000.0
2023-10-18 14:46:00+07:00,11.6,11.6,11.6,11.6,2500.0
2023-10-18 14:48:00+07:00,11.6,11.6,11.6,11.6,7800.0
2023-10-18 14:49:00+07:00,11.6,11.6,11.6,11.6,500.0
2023-10-18 14:50:00+07:00,11.6,11.7,11.6,11.7,21000.0
2023-10-18 14:51:00+07:00,11.7,11.7,11.7,11.7,12000.0
2023-10-18 14:52:00+07:00,11.6,11.6,11.6,11.6,586000.0
2023-10-18 14:55:00+07:00,11.5,11.5,11.5,11.5,3700.0
2023-10-18 14:57:00+07:00,11.6,11.6,11.6,11.6,2300.0
2023-10-18 14:59:00+07:00,11.5,11.5,11.5,11.5,2900.0
2023-10-18 15:00:00+07:00,11.6,11.6,11.6,11.6,2500.0
2023-10-18 15:01:00+07:00,11.5,11.5,11.5,11.5,2100.0
2023-10-18 15:02:00+07:00,11.5,11.6,11.5,11.6,309200.0
2023-10-18 15:03:00+07:00,11.6,11.6,11.6,11.6,700.0
2023-10-18 15:04:00+07:00,11.6,11.7,11.6,11.7,1500.0
2023-10-18 15:10:00+07:00,11.7,11.7,11.7,11.7,500.0
2023-10-18 15:11:00+07:00,11.6,11.6,11.6,11.6,20000.0
2023-10-18 15:12:00+07:00,11.6,11.6,11.6,11.6,200.0
2023-10-18 15:13:00+07:00,11.6,11.6,11.6,11.6,564500.0
2023-10-18 15:14:00+07:00,11.6,11.6,11.6,11.6,5200.0
2023-10-18 15:16:00+07:00,11.6,11.6,11.6,11.6,5000.0
2023-10-18 15:17:00+07:00,11.6,11.6,11.6,11.6,6600.0
2023-10-18 15:19:00+07:00,11.6,11.6,11.6,11.6,492900.0
2023-10-18 15:24:00+07:00,11.5,11.5,11.5,11.5,434700.0
2023-10-18 15:27:00+07:00,11.5,11.5,11.5,11.5,5000.0
2023-10-18 15:28:00+07:00,11.5,11.5,11.5,11.5,3100.0
2023-10-18 15:29:00+07:00,11.5,11.5,11.5,11.5,500.0
2023-10-18 15:30:00+07:00,11.5,11.5,11.5,11.5,2000.0
2023-10-18 15:31:00+07:00,11.5,11.5,11.5,11.5,1000.0
2023-10-18 15:34:00+07:00,11.5,11.5,11.5,11.5,21000.0
2023-10-18 15:35:00+07:00,11.5,11.5,11.5,11.5,4300.0
2023-10-18 15:39:00+07:00,11.6,11.6,11.6,11.6,42200.0
2023-10-18 15:41:00+07:00,11.5,11.5,11.5,11.5,4400.0
2023-10-18 15:44:00+07:00,11.5,11.5,11.5,11.5,2400.0
2023-10-18 15:46:00+07:00,11.5,11.5,11.5,11.5,7500.0
2023-10-18 15:47:00+07:00,11.5,11.5,11.5,11.5,8400.0
2023-10-18 15:48:00+07:00,11.5,11.5,11.5,11.5,1000.0
2023-10-18 15:54:00+07:00,11.5,11.5,11.5,11.5,8100.0
2023-10-18 15:55:00+07:00,11.6,11.6,11.6,11.6,42100.0
2023-10-18 15:57:00+07:00,11.5,11.5,11.5,11.5,5600.0
2023-10-18 15:58:00+07:00,11.5,11.5,11.5,11.5,3800.0
2023-10-18 16:01:00+07:00,11.5,11.5,11.5,11.5,2800.0
2023-10-18 16:04:00+07:00,11.5,11.5,11.5,11.5,5100.0
2023-10-18 16:05:00+07:00,11.5,11.5,11.5,11.5,302000.0
2023-10-18 16:06:00+07:00,11.5,11.5,11.5,11.5,21500.0
2023-10-18 16:07:00+07:00,11.5,11.5,11.5,11.5,5000.0
2023-10-18 16:09:00+07:00,11.5,11.5,11.5,11.5,2000.0
2023-10-18 16:10:00+07:00,11.5,11.5,11.5,11.5,6900.0
2023-10-18 16:11:00+07:00,11.5,11.5,11.5,11.5,1500.0
2023-10-18 16:12:00+07:00,11.6,11.6,11.6,11.6,100.0
2023-10-18 16:13:00+07:00,11.5,11.5,11.5,11.5,1600.0
2023-10-18 16:14:00+07:00,11.5,11.5,11.5,11.5,20000.0
2023-10-18 16:15:00+07:00,11.5,11.5,11.5,11.5,1100.0
2023-10-18 16:16:00+07:00,11.5,11.6,11.5,11.5,8100.0
2023-10-18 16:17:00+07:00,11.6,11.6,11.5,11.5,5800.0
2023-10-18 16:18:00+07:00,11.5,11.5,11.5,11.5,4500.0
2023-10-18 16:19:00+07:00,11.5,11.5,11.5,11.5,18300.0
2023-10-18 16:20:00+07:00,11.5,11.5,11.5,11.5,3900.0
2023-10-18 16:21:00+07:00,11.5,11.6,11.5,11.5,8800.0
2023-10-18 16:22:00+07:00,11.5,11.6,11.5,11.5,8800.0
2023-10-18 16:23:00+07:00,11.5,11.5,11.5,11.5,4200.0
2023-10-18 16:24:00+07:00,11.5,11.6,11.5,11.5,57400.0
2023-10-18 16:25:00+07:00,11.6,11.6,11.6,11.6,2200.0
2023-10-18 16:26:00+07:00,11.5,11.5,11.5,11.5,6800.0
2023-10-18 16:27:00+07:00,11.5,11.6,11.5,11.5,3500.0
2023-10-18 16:28:00+07:00,11.5,11.5,11.5,11.5,10400.0
2023-10-18 16:29:00+07:00,11.5,11.6,11.5,11.6,21000.0
2023-10-18 16:39:00+07:00,11.5,11.5,11.5,11.5,871600.0
2023-10-19 09:57:00+07:00,11.3,11.3,11.3,11.3,384700.0
2023-10-19 09:59:00+07:00,11.3,11.3,11.3,11.3,374300.0
2023-10-19 10:00:00+07:00,11.3,11.3,11.3,11.3,3100.0
2023-10-19 10:01:00+07:00,11.3,11.3,11.3,11.3,2600.0
2023-10-19 10:02:00+07:00,11.3,11.3,11.2,11.2,5400.0
2023-10-19 10:03:00+07:00,11.2,11.2,11.2,11.2,300.0
2023-10-19 10:04:00+07:00,11.3,11.3,11.3,11.3,5000.0
2023-10-19 10:05:00+07:00,11.3,11.3,11.3,11.3,2700.0
2023-10-19 10:06:00+07:00,11.3,11.3,11.3,11.3,500.0
2023-10-19 10:07:00+07:00,11.3,11.3,11.3,11.3,40300.0
2023-10-19 10:08:00+07:00,11.3,11.3,11.3,11.3,14600.0
2023-10-19 10:09:00+07:00,11.3,11.3,11.3,11.3,4800.0
2023-10-19 10:10:00+07:00,11.3,11.4,11.3,11.4,402600.0
2023-10-19 10:11:00+07:00,11.3,11.3,11.3,11.3,800.0
2023-10-19 10:12:00+07:00,11.3,11.4,11.3,11.4,36500.0
2023-10-19 10:14:00+07:00,11.4,11.4,11.4,11.4,100.0
2023-10-19 10:15:00+07:00,11.4,11.4,11.4,11.4,100.0
2023-10-19 10:18:00+07:00,11.3,11.3,11.3,11.3,300.0
2023-10-19 10:19:00+07:00,11.4,11.4,11.4,11.4,261200.0
2023-10-19 10:21:00+07:00,11.4,11.4,11.4,11.4,2200.0
2023-10-19 10:25:00+07:00,11.5,11.5,11.5,11.5,200.0
2023-10-19 10:27:00+07:00,11.5,11.5,11.5,11.5,200.0
2023-10-19 10:32:00+07:00,11.5,11.5,11.5,11.5,200.0
2023-10-19 10:37:00+07:00,11.4,11.4,11.4,11.4,2000.0
2023-10-19 10:38:00+07:00,11.4,11.4,11.4,11.4,23000.0
2023-10-19 10:41:00+07:00,11.5,11.5,11.5,11.5,6600.0
2023-10-19 10:42:00+07:00,11.4,11.4,11.4,11.4,2300.0
2023-10-19 10:45:00+07:00,11.5,11.5,11.5,11.5,486500.0
2023-10-19 10:48:00+07:00,11.4,11.4,11.4,11.4,100.0
2023-10-19 10:49:00+07:00,11.4,11.4,11.4,11.4,100.0
2023-10-19 10:53:00+07:00,11.4,11.4,11.4,11.4,300.0
2023-10-19 10:55:00+07:00,11.5,11.5,11.5,11.5,300.0
2023-10-19 10:57:00+07:00,11.4,11.4,11.4,11.4,3200.0
2023-10-19 10:59:00+07:00,11.4,11.4,11.4,11.4,20000.0
2023-10-19 11:00:00+07:00,11.4,11.4,11.4,11.4,2300.0
2023-10-19 11:01:00+07:00,11.5,11.5,11.5,11.5,700.0
2023-10-19 11:05:00+07:00,11.5,11.5,11.5,11.5,100.0
2023-10-19 11:06:00+07:00,11.5,11.5,11.5,11.5,100.0
2023-10-19 11:08:00+07:00,11.4,11.4,11.4,11.4,1600.0
2023-10-19 11:09:00+07:00,11.4,11.4,11.4,11.4,1600.0
2023-10-19 11:12:00+07:00,11.4,11.4,11.4,11.4,100.0
2023-10-19 11:18:00+07:00,11.4,11.4,11.4,11.4,1800.0
2023-10-19 11:19:00+07:00,11.4,11.4,11.4,11.4,1600.0
2023-10-19 11:20:00+07:00,11.4,11.4,11.4,11.4,900.0
2023-10-19 11:21:00+07:00,11.4,11.4,11.4,11.4,1600.0
2023-10-19 11:22:00+07:00,11.4,11.4,11.4,11.4,300.0
2023-10-19 11:26:00+07:00,11.4,11.4,11.4,11.4,100.0
2023-10-19 11:27:00+07:00,11.4,11.4,11.4,11.4,7000.0
2023-10-19 11:28:00+07:00,11.5,11.5,11.5,11.5,4000.0
2023-10-19 11:30:00+07:00,11.4,11.4,11.4,11.4,1500.0
2023-10-19 11:32:00+07:00,11.4,11.4,11.4,11.4,800.0
2023-10-19 11:33:00+07:00,11.4,11.4,11.4,11.4,800.0
2023-10-19 11:35:00+07:00,11.5,11.5,11.5,11.5,2200.0
2023-10-19 11:39:00+07:00,11.4,11.4,11.4,11.4,1400.0
2023-10-19 11:44:00+07:00,11.4,11.5,11.4,11.5,4100.0
2023-10-19 11:47:00+07:00,11.5,11.5,11.5,11.5,200.0
2023-10-19 11:48:00+07:00,11.4,11.4,11.4,11.4,400.0
2023-10-19 11:49:00+07:00,11.4,11.4,11.4,11.4,1200.0
2023-10-19 11:50:00+07:00,11.4,11.4,11.4,11.4,200.0
2023-10-19 11:51:00+07:00,11.4,11.4,11.4,11.4,20000.0
2023-10-19 11:52:00+07:00,11.4,11.4,11.4,11.4,200.0
2023-10-19 11:53:00+07:00,11.4,11.4,11.4,11.4,1200.0
2023-10-19 11:54:00+07:00,11.4,11.5,11.4,11.5,3700.0
2023-10-19 11:57:00+07:00,11.5,11.5,11.4,11.4,6100.0
2023-10-19 12:02:00+07:00,11.4,11.4,11.4,11.4,1000.0
2023-10-19 12:04:00+07:00,11.4,11.4,11.4,11.4,1000.0
2023-10-19 12:05:00+07:00,11.5,11.5,11.5,11.5,3800.0
2023-10-19 12:08:00+07:00,11.5,11.5,11.5,11.5,367600.0
2023-10-19 12:09:00+07:00,11.5,11.5,11.5,11.5,1000.0
2023-10-19 12:10:00+07:00,11.5,11.5,11.5,11.5,5000.0
2023-10-19 12:11:00+07:00,11.5,11.5,11.5,11.5,2000.0
2023-10-19 12:12:00+07:00,11.5,11.5,11.5,11.5,5000.0
2023-10-19 12:13:00+07:00,11.5,11.5,11.5,11.5,1000.0
2023-10-19 12:15:00+07:00,11.5,11.6,11.5,11.6,3800.0
2023-10-19 12:16:00+07:00,11.6,11.6,11.5,11.5,3000.0
2023-10-19 12:18:00+07:00,11.5,11.5,11.5,11.5,1100.0
2023-10-19 12:22:00+07:00,11.5,11.5,11.5,11.5,600.0
2023-10-19 12:25:00+07:00,11.6,11.6,11.5,11.5,1400.0
2023-10-19 12:26:00+07:00,11.6,11.6,11.6,11.6,8500.0
2023-10-19 12:28:00+07:00,11.5,11.5,11.5,11.5,2000.0
2023-10-19 12:29:00+07:00,11.5,11.6,11.5,11.6,600.0
2023-10-19 14:29:00+07:00,11.5,11.6,11.5,11.6,1071900.0
2023-10-19 14:30:00+07:00,11.6,11.6,11.6,11.6,224200.0
2023-10-19 14:34:00+07:00,11.6,11.6,11.6,11.6,3000.0
2023-10-19 14:35:00+07:00,11.6,11.6,11.6,11.6,400.0
2023-10-19 14:38:00+07:00,11.5,11.5,11.5,11.5,1900.0
2023-10-19 14:39:00+07:00,11.5,11.5,11.5,11.5,1700.0
2023-10-19 14:41:00+07:00,11.5,11.5,11.5,11.5,1000.0
2023-10-19 14:43:00+07:00,11.5,11.5,11.5,11.5,10000.0
2023-10-19 14:44:00+07:00,11.5,11.5,11.5,11.5,1400.0
2023-10-19 14:51:00+07:00,11.5,11.5,11.5,11.5,1700.0
2023-10-19 14:52:00+07:00,11.5,11.5,11.5,11.5,1500.0
2023-10-19 14:54:00+07:00,11.5,11.5,11.5,11.5,1000.0
2023-10-19 14:57:00+07:00,11.6,11.6,11.6,11.6,5000.0
2023-10-19 15:00:00+07:00,11.6,11.6,11.6,11.6,100.0
2023-10-19 15:01:00+07:00,11.5,11.5,11.5,11.5,900.0
2023-10-19 15:02:00+07:00,11.5,11.5,11.5,11.5,100.0
2023-10-19 15:03:00+07:00,11.5,11.5,11.5,11.5,1700.0
2023-10-19 15:08:00+07:00,11.5,11.5,11.5,11.5,1100.0
2023-10-19 15:10:00+07:00,11.6,11.6,11.6,11.6,200.0
2023-10-19 15:15:00+07:00,11.5,11.5,11.5,11.5,19200.0
2023-10-19 15:16:00+07:00,11.5,11.5,11.5,11.5,600.0
2023-10-19 15:17:00+07:00,11.5,11.5,11.5,11.5,11000.0
2023-10-19 15:18:00+07:00,11.5,11.5,11.5,11.5,800.0
2023-10-19 15:20:00+07:00,11.5,11.5,11.5,11.5,2000.0
2023-10-19 15:21:00+07:00,11.5,11.5,11.5,11.5,1000.0
2023-10-19 15:23:00+07:00,11.5,11.5,11.5,11.5,1800.0
2023-10-19 15:26:00+07:00,11.5,11.5,11.5,11.5,1700.0
2023-10-19 15:27:00+07:00,11.6,11.6,11.6,11.6,2000.0
2023-10-19 15:28:00+07:00,11.5,11.5,11.5,11.5,200.0
2023-10-19 15:32:00+07:00,11.5,11.5,11.5,11.5,400.0
2023-10-19 15:34:00+07:00,11.5,11.5,11.5,11.5,800.0
2023-10-19 15:37:00+07:00,11.5,11.6,11.5,11.6,7000.0
2023-10-19 15:40:00+07:00,11.5,11.5,11.5,11.5,1100.0
2023-10-19 15:44:00+07:00,11.5,11.5,11.5,11.5,12500.0
2023-10-19 15:45:00+07:00,11.6,11.6,11.5,11.5,1000.0
2023-10-19 15:46:00+07:00,11.5,11.5,11.5,11.5,1200.0
2023-10-19 15:47:00+07:00,11.5,11.5,11.5,11.5,1300.0
2023-10-19 15:48:00+07:00,11.6,11.6,11.5,11.5,103600.0
2023-10-19 15:49:00+07:00,11.5,11.5,11.5,11.5,12200.0
2023-10-19 15:50:00+07:00,11.5,11.6,11.5,11.6,1600.0
2023-10-19 15:52:00+07:00,11.5,11.5,11.5,11.5,1800.0
2023-10-19 15:55:00+07:00,11.5,11.5,11.5,11.5,4500.0
2023-10-19 15:56:00+07:00,11.5,11.5,11.5,11.5,2000.0
2023-10-19 15:57:00+07:00,11.5,11.5,11.5,11.5,50000.0
2023-10-19 15:58:00+07:00,11.5,11.5,11.5,11.5,500.0
2023-10-19 15:59:00+07:00,11.6,11.6,11.6,11.6,2000.0
2023-10-19 16:02:00+07:00,11.5,11.6,11.5,11.6,5300.0
2023-10-19 16:04:00+07:00,11.5,11.5,11.5,11.5,1353600.0
2023-10-19 16:05:00+07:00,11.5,11.5,11.5,11.5,667800.0
2023-10-19 16:06:00+07:00,11.5,11.5,11.5,11.5,600.0
2023-10-19 16:08:00+07:00,11.5,11.5,11.5,11.5,812600.0
2023-10-19 16:09:00+07:00,11.5,11.5,11.5,11.5,100.0
2023-10-19 16:10:00+07:00,11.5,11.5,11.5,11.5,300.0
2023-10-19 16:11:00+07:00,11.5,11.5,11.5,11.5,1500.0
2023-10-19 16:12:00+07:00,11.5,11.5,11.5,11.5,10400.0
2023-10-19 16:14:00+07:00,11.5,11.5,11.5,11.5,5000.0
2023-10-19 16:15:00+07:00,11.5,11.5,11.5,11.5,2300.0
2023-10-19 16:16:00+07:00,11.5,11.5,11.5,11.5,2000.0
2023-10-19 16:18:00+07:00,11.5,11.5,11.5,11.5,4300.0
2023-10-19 16:19:00+07:00,11.5,11.5,11.5,11.5,3000.0
2023-10-19 16:21:00+07:00,11.5,11.5,11.5,11.5,10000.0
2023-10-19 16:22:00+07:00,11.6,11.6,11.5,11.5,3500.0
2023-10-19 16:24:00+07:00,11.5,11.5,11.5,11.5,10400.0
2023-10-19 16:25:00+07:00,11.6,11.6,11.6,11.6,1000.0
2023-10-19 16:26:00+07:00,11.5,11.5,11.5,11.5,5900.0
2023-10-19 16:28:00+07:00,11.5,11.5,11.5,11.5,4100.0
2023-10-19 16:29:00+07:00,11.5,11.5,11.5,11.5,15300.0
2023-10-19 16:37:00+07:00,11.5,11.5,11.5,11.5,441500.0
2023-10-20 09:58:00+07:00,11.5,11.5,11.5,11.5,131100.0
2023-10-20 10:00:00+07:00,11.5,11.5,11.5,11.5,3100.0
2023-10-20 10:01:00+07:00,11.5,11.5,11.5,11.5,500.0
2023-10-20 10:02:00+07:00,11.5,11.5,11.4,11.4,5100.0
2023-10-20 10:03:00+07:00,11.4,11.4,11.4,11.4,8700.0
2023-10-20 10:04:00+07:00,11.4,11.4,11.4,11.4,600.0
2023-10-20 10:07:00+07:00,11.4,11.4,11.4,11.4,2600.0
2023-10-20 10:10:00+07:00,11.4,11.4,11.4,11.4,2000.0
2023-10-20 10:16:00+07:00,11.4,11.4,11.4,11.4,189000.0
2023-10-20 10:17:00+07:00,11.4,11.4,11.4,11.4,236500.0
2023-10-20 10:19:00+07:00,11.4,11.4,11.4,11.4,1800.0
2023-10-20 10:22:00+07:00,11.4,11.5,11.4,11.5,1700.0
2023-10-20 10:23:00+07:00,11.4,11.4,11.4,11.4,105400.0
2023-10-20 10:25:00+07:00,11.4,11.4,11.4,11.4,10000.0
2023-10-20 10:26:00+07:00,11.4,11.4,11.4,11.4,100.0
2023-10-20 10:27:00+07:00,11.4,11.4,11.4,11.4,20100.0
2023-10-20 10:28:00+07:00,11.3,11.3,11.3,11.3,100.0
2023-10-20 10:29:00+07:00,11.3,11.4,11.3,11.4,3800.0
2023-10-20 10:30:00+07:00,11.3,11.3,11.3,11.3,1000.0
2023-10-20 10:31:00+07:00,11.4,11.4,11.3,11.3,500.0
2023-10-20 10:32:00+07:00,11.3,11.4,11.3,11.4,900.0
2023-10-20 10:36:00+07:00,11.3,11.3,11.3,11.3,300.0
2023-10-20 10:38:00+07:00,11.3,11.3,11.3,11.3,3000.0
2023-10-20 10:41:00+07:00,11.3,11.4,11.3,11.4,1100.0
2023-10-20 10:43:00+07:00,11.3,11.3,11.3,11.3,5000.0
2023-10-20 10:44:00+07:00,11.4,11.4,11.4,11.4,100.0
2023-10-20 10:45:00+07:00,11.4,11.4,11.4,11.4,100.0
2023-10-20 10:46:00+07:00,11.3,11.3,11.3,11.3,100.0
2023-10-20 10:48:00+07:00,11.3,11.3,11.3,11.3,1000.0
2023-10-20 10:49:00+07:00,11.3,11.4,11.3,11.4,104900.0
2023-10-20 10:50:00+07:00,11.3,11.3,11.3,11.3,2200.0
2023-10-20 10:58:00+07:00,11.4,11.4,11.4,11.4,7500.0
2023-10-20 11:00:00+07:00,11.3,11.3,11.3,11.3,1600.0
2023-10-20 11:01:00+07:00,11.4,11.4,11.4,11.4,1000.0
2023-10-20 11:06:00+07:00,11.4,11.4,11.4,11.4,200.0
2023-10-20 11:07:00+07:00,11.4,11.4,11.4,11.4,900.0
2023-10-20 11:08:00+07:00,11.4,11.4,11.4,11.4,1600.0
2023-10-20 11:09:00+07:00,11.4,11.4,11.4,11.4,300.0
2023-10-20 11:10:00+07:00,11.4,11.4,11.4,11.4,4400.0
2023-10-20 11:11:00+07:00,11.4,11.4,11.4,11.4,1900.0
2023-10-20 11:12:00+07:00,11.4,11.4,11.4,11.4,115500.0
2023-10-20 11:13:00+07:00,11.4,11.4,11.4,11.4,100.0
2023-10-20 11:16:00+07:00,11.3,11.4,11.3,11.4,24200.0
2023-10-20 11:17:00+07:00,11.4,11.4,11.4,11.4,600.0
2023-10-20 11:18:00+07:00,11.3,11.3,11.3,11.3,500.0
2023-10-20 11:19:00+07:00,11.3,11.3,11.3,11.3,500.0
2023-10-20 11:20:00+07:00,11.3,11.4,11.3,11.4,3400.0
2023-10-20 11:21:00+07:00,11.3,11.3,11.3,11.3,400.0
2023-10-20 11:23:00+07:00,11.3,11.3,11.3,11.3,200.0
2023-10-20 11:25:00+07:00,11.3,11.3,11.3,11.3,100.0
2023-10-20 11:26:00+07:00,11.4,11.4,11.4,11.4,300.0
2023-10-20 11:27:00+07:00,11.4,11.4,11.4,11.4,13200.0
2023-10-20 11:28:00+07:00,11.4,11.4,11.3,11.3,200.0
2023-10-20 11:30:00+07:00,11.3,11.4,11.3,11.4,7300.0
2023-10-20 11:32:00+07:00,11.3,11.3,11.3,11.3,1000.0
2023-10-20 11:33:00+07:00,11.3,11.3,11.3,11.3,993300.0
2023-10-20 11:34:00+07:00,11.3,11.3,11.2,11.2,7700.0
2023-10-20 11:36:00+07:00,11.2,11.3,11.2,11.2,6600.0
2023-10-20 11:37:00+07:00,11.2,11.3,11.2,11.3,200.0
2023-10-20 11:39:00+07:00,11.2,11.2,11.2,11.2,200.0
2023-10-20 11:40:00+07:00,11.2,11.3,11.2,11.2,500.0
2023-10-20 11:41:00+07:00,11.2,11.2,11.2,11.2,1500.0
2023-10-20 11:42:00+07:00,11.2,11.2,11.2,11.2,107200.0
2023-10-20 11:43:00+07:00,11.2,11.3,11.2,11.3,2500.0
2023-10-20 11:44:00+07:00,11.2,11.2,11.2,11.2,2200.0
2023-10-20 11:46:00+07:00,11.2,11.2,11.2,11.2,300.0
2023-10-20 11:47:00+07:00,11.3,11.3,11.3,11.3,1300.0
2023-10-20 11:48:00+07:00,11.2,11.2,11.2,11.2,100.0
2023-10-20 11:49:00+07:00,11.2,11.2,11.2,11.2,1000.0
2023-10-20 11:50:00+07:00,11.2,11.2,11.2,11.2,5100.0
2023-10-20 11:51:00+07:00,11.3,11.3,11.3,11.3,100.0
2023-10-20 11:53:00+07:00,11.3,11.3,11.2,11.3,10200.0
2023-10-20 11:54:00+07:00,11.2,11.2,11.2,11.2,200.0
2023-10-20 11:55:00+07:00,11.2,11.3,11.2,11.3,28800.0
2023-10-20 11:56:00+07:00,11.3,11.3,11.2,11.3,5100.0
2023-10-20 11:57:00+07:00,11.3,11.4,11.3,11.4,397800.0
2023-10-20 12:00:00+07:00,11.4,11.4,11.3,11.3,3000.0
2023-10-20 12:02:00+07:00,11.4,11.4,11.4,11.4,2400.0
2023-10-20 12:03:00+07:00,11.3,11.4,11.3,11.3,234000.0
2023-10-20 12:04:00+07:00,11.3,11.4,11.3,11.4,3600.0
2023-10-20 12:05:00+07:00,11.3,11.3,11.3,11.3,1500.0
2023-10-20 12:07:00+07:00,11.3,11.3,11.3,11.3,2800.0
2023-10-20 12:08:00+07:00,11.3,11.3,11.2,11.2,319400.0
2023-10-20 12:09:00+07:00,11.2,11.2,11.2,11.2,100.0
2023-10-20 12:10:00+07:00,11.2,11.3,11.2,11.3,1000.0
2023-10-20 12:11:00+07:00,11.3,11.3,11.3,11.3,100.0
2023-10-20 12:12:00+07:00,11.3,11.3,11.2,11.2,1600.0
2023-10-20 12:14:00+07:00,11.3,11.3,11.2,11.2,3000.0
2023-10-20 12:15:00+07:00,11.3,11.3,11.3,11.3,3100.0
2023-10-20 12:16:00+07:00,11.3,11.3,11.3,11.3,500.0
2023-10-20 12:17:00+07:00,11.2,11.2,11.2,11.2,3100.0
2023-10-20 12:18:00+07:00,11.3,11.3,11.3,11.3,200.0
2023-10-20 12:20:00+07:00,11.3,11.3,11.3,11.3,200.0
2023-10-20 12:21:00+07:00,11.3,11.3,11.3,11.3,500.0
2023-10-20 12:22:00+07:00,11.3,11.3,11.3,11.3,20000.0
2023-10-20 12:23:00+07:00,11.3,11.3,11.3,11.3,4400.0
2023-10-20 12:24:00+07:00,11.3,11.3,11.3,11.3,100.0
2023-10-20 12:25:00+07:00,11.3,11.3,11.3,11.3,300.0
2023-10-20 12:26:00+07:00,11.3,11.3,11.3,11.3,300.0
2023-10-20 12:27:00+07:00,11.3,11.3,11.3,11.3,128600.0
2023-10-20 12:29:00+07:00,11.4,11.4,11.4,11.4,100.0
2023-10-20 14:26:00+07:00,11.2,11.3,11.2,11.3,215100.0
2023-10-20 14:29:00+07:00,11.3,11.3,11.3,11.3,600.0
2023-10-20 14:30:00+07:00,11.3,11.3,11.3,11.3,3100.0
2023-10-20 14:34:00+07:00,11.2,11.2,11.2,11.2,1000.0
2023-10-20 14:35:00+07:00,11.2,11.2,11.2,11.2,600.0
2023-10-20 14:36:00+07:00,11.2,11.2,11.2,11.2,6100.0
2023-10-20 14:38:00+07:00,11.3,11.3,11.3,11.3,100.0
2023-10-20 14:40:00+07:00,11.2,11.3,11.2,11.3,3600.0
2023-10-20 14:41:00+07:00,11.3,11.3,11.2,11.3,13200.0
2023-10-20 14:43:00+07:00,11.3,11.3,11.2,11.2,3400.0
2023-10-20 14:44:00+07:00,11.2,11.2,11.2,11.2,300.0
2023-10-20 14:45:00+07:00,11.3,11.3,11.3,11.3,100.0
2023-10-20 14:46:00+07:00,11.2,11.3,11.2,11.3,5200.0
2023-10-20 14:48:00+07:00,11.2,11.3,11.2,11.3,5700.0
2023-10-20 14:50:00+07:00,11.3,11.3,11.3,11.3,13100.0
2023-10-20 14:51:00+07:00,11.3,11.3,11.3,11.3,204900.0
2023-10-20 14:52:00+07:00,11.3,11.3,11.3,11.3,182500.0
2023-10-20 14:53:00+07:00,11.3,11.3,11.2,11.2,1500.0
2023-10-20 14:54:00+07:00,11.3,11.3,11.3,11.3,5200.0
2023-10-20 14:55:00+07:00,11.3,11.3,11.3,11.3,20000.0
2023-10-20 14:56:00+07:00,11.3,11.3,11.3,11.3,22500.0
2023-10-20 14:57:00+07:00,11.3,11.3,11.3,11.3,5000.0
2023-10-20 14:58:00+07:00,11.3,11.3,11.3,11.3,13600.0
2023-10-20 15:00:00+07:00,11.3,11.3,11.3,11.3,3800.0
2023-10-20 15:01:00+07:00,11.3,11.3,11.2,11.2,2500.0
2023-10-20 15:02:00+07:00,11.3,11.3,11.3,11.3,2900.0
2023-10-20 15:03:00+07:00,11.2,11.2,11.2,11.2,9000.0
2023-10-20 15:04:00+07:00,11.3,11.3,11.3,11.3,2700.0
2023-10-20 15:05:00+07:00,11.3,11.3,11.3,11.3,3200.0
2023-10-20 15:06:00+07:00,11.3,11.3,11.3,11.3,1400.0
2023-10-20 15:07:00+07:00,11.3,11.3,11.3,11.3,100.0
2023-10-20 15:08:00+07:00,11.3,11.3,11.3,11.3,100.0
2023-10-20 15:10:00+07:00,11.2,11.2,11.2,11.2,6100.0
2023-10-20 15:11:00+07:00,11.2,11.2,11.2,11.2,3300.0
2023-10-20 15:12:00+07:00,11.2,11.2,11.2,11.2,1900.0
2023-10-20 15:13:00+07:00,11.3,11.3,11.2,11.3,5100.0
2023-10-20 15:14:00+07:00,11.2,11.3,11.2,11.3,3900.0
2023-10-20 15:15:00+07:00,11.2,11.2,11.2,11.2,18000.0
2023-10-20 15:16:00+07:00,11.2,11.2,11.2,11.2,100.0
2023-10-20 15:18:00+07:00,11.2,11.2,11.2,11.2,3000.0
2023-10-20 15:20:00+07:00,11.3,11.3,11.3,11.3,100.0
2023-10-20 15:21:00+07:00,11.2,11.2,11.2,11.2,20000.0
2023-10-20 15:23:00+07:00,11.2,11.2,11.2,11.2,2700.0
2023-10-20 15:24:00+07:00,11.2,11.2,11.2,11.2,3300.0
2023-10-20 15:26:00+07:00,11.2,11.2,11.2,11.2,4400.0
2023-10-20 15:27:00+07:00,11.2,11.2,11.2,11.2,3700.0
2023-10-20 15:28:00+07:00,11.2,11.2,11.2,11.2,3100.0
2023-10-20 15:29:00+07:00,11.2,11.2,11.2,11.2,8500.0
2023-10-20 15:30:00+07:00,11.3,11.3,11.3,11.3,2200.0
2023-10-20 15:32:00+07:00,11.2,11.3,11.2,11.3,200.0
2023-10-20 15:34:00+07:00,11.3,11.3,11.3,11.3,1000.0
2023-10-20 15:35:00+07:00,11.2,11.2,11.2,11.2,100.0
2023-10-20 15:37:00+07:00,11.2,11.2,11.2,11.2,1000.0
2023-10-20 15:39:00+07:00,11.2,11.2,11.2,11.2,200.0
2023-10-20 15:40:00+07:00,11.3,11.3,11.2,11.3,4300.0
2023-10-20 15:41:00+07:00,11.3,11.3,11.3,11.3,300.0
2023-10-20 15:42:00+07:00,11.2,11.3,11.2,11.3,3000.0
2023-10-20 15:43:00+07:00,11.3,11.3,11.3,11.3,100.0
2023-10-20 15:44:00+07:00,11.2,11.2,11.2,11.2,3200.0
2023-10-20 15:45:00+07:00,11.2,11.3,11.2,11.3,1600.0
2023-10-20 15:47:00+07:00,11.2,11.2,11.2,11.2,600.0
2023-10-20 15:49:00+07:00,11.3,11.3,11.2,11.2,5300.0
2023-10-20 15:51:00+07:00,11.2,11.2,11.2,11.2,1900.0
2023-10-20 15:52:00+07:00,11.2,11.2,11.2,11.2,200.0
2023-10-20 15:54:00+07:00,11.3,11.3,11.3,11.3,100.0
2023-10-20 15:55:00+07:00,11.2,11.2,11.2,11.2,100.0
2023-10-20 15:57:00+07:00,11.2,11.2,11.2,11.2,700.0
2023-10-20 16:00:00+07:00,11.2,11.2,11.2,11.2,100.0
2023-10-20 16:01:00+07:00,11.3,11.3,11.3,11.3,3000.0
2023-10-20 16:02:00+07:00,11.3,11.3,11.2,11.2,5500.0
2023-10-20 16:04:00+07:00,11.2,11.2,11.2,11.2,200.0
2023-10-20 16:05:00+07:00,11.2,11.2,11.2,11.2,100.0
2023-10-20 16:06:00+07:00,11.3,11.3,11.3,11.3,400.0
2023-10-20 16:07:00+07:00,11.2,11.3,11.2,11.3,3000.0
2023-10-20 16:10:00+07:00,11.2,11.2,11.2,11.2,1000.0
2023-10-20 16:12:00+07:00,11.2,11.2,11.2,11.2,14700.0
2023-10-20 16:13:00+07:00,11.2,11.2,11.2,11.2,65000.0
2023-10-20 16:14:00+07:00,11.2,11.2,11.2,11.2,1700.0
2023-10-20 16:15:00+07:00,11.2,11.3,11.2,11.3,900.0
2023-10-20 16:17:00+07:00,11.3,11.3,11.2,11.2,6700.0
2023-10-20 16:19:00+07:00,11.2,11.2,11.2,11.2,3400.0
2023-10-20 16:20:00+07:00,11.3,11.3,11.2,11.2,300.0
2023-10-20 16:21:00+07:00,11.3,11.3,11.3,11.3,3300.0
2023-10-20 16:22:00+07:00,11.2,11.3,11.2,11.2,9600.0
2023-10-20 16:23:00+07:00,11.2,11.2,11.2,11.2,100.0
2023-10-20 16:24:00+07:00,11.2,11.3,11.2,11.3,4100.0
2023-10-20 16:25:00+07:00,11.2,11.2,11.2,11.2,6600.0
2023-10-20 16:26:00+07:00,11.2,11.2,11.2,11.2,20400.0
2023-10-20 16:27:00+07:00,11.2,11.3,11.2,11.3,8600.0
2023-10-20 16:28:00+07:00,11.2,11.2,11.2,11.2,4000.0
2023-10-20 16:29:00+07:00,11.2,11.3,11.2,11.3,12100.0
2023-10-20 16:38:00+07:00,11.2,11.2,11.2,11.2,1123000.0
2023-10-24 09:59:00+07:00,11.2,11.2,11.2,11.2,83000.0
2023-10-24 10:01:00+07:00,11.2,11.2,11.2,11.2,236000.0
2023-10-24 10:06:00+07:00,11.2,11.2,11.0,11.0,360000.0
2023-10-24 10:07:00+07:00,11.1,11.1,11.1,11.1,259400.0
2023-10-24 10:08:00+07:00,11.1,11.1,11.1,11.1,100.0
2023-10-24 10:09:00+07:00,11.1,11.2,11.1,11.2,1100.0
2023-10-24 10:10:00+07:00,11.2,11.2,11.1,11.1,3700.0
2023-10-24 10:14:00+07:00,11.2,11.2,11.2,11.2,500.0
2023-10-24 10:16:00+07:00,11.2,11.2,11.2,11.2,1300.0
2023-10-24 10:17:00+07:00,11.1,11.1,11.1,11.1,200.0
2023-10-24 10:18:00+07:00,11.2,11.3,11.1,11.1,270900.0
2023-10-24 10:19:00+07:00,11.2,11.2,11.2,11.2,2000.0
2023-10-24 10:20:00+07:00,11.2,11.2,11.1,11.1,1700.0
2023-10-24 10:21:00+07:00,11.1,11.1,11.1,11.1,100.0
2023-10-24 10:22:00+07:00,11.2,11.2,11.2,11.2,400.0
2023-10-24 10:23:00+07:00,11.1,11.1,11.1,11.1,2000.0
2023-10-24 10:26:00+07:00,11.1,11.1,11.1,11.1,14800.0
2023-10-24 10:27:00+07:00,11.2,11.2,11.2,11.2,200.0
2023-10-24 10:28:00+07:00,11.2,11.2,11.1,11.2,7100.0
2023-10-24 10:29:00+07:00,11.2,11.2,11.1,11.1,800.0
2023-10-24 10:32:00+07:00,11.1,11.1,11.1,11.1,400.0
2023-10-24 10:33:00+07:00,11.2,11.2,11.2,11.2,5100.0
2023-10-24 10:34:00+07:00,11.2,11.2,11.1,11.1,6000.0
2023-10-24 10:35:00+07:00,11.1,11.1,11.1,11.1,500.0
2023-10-24 10:36:00+07:00,11.2,11.2,11.2,11.2,100.0
2023-10-24 10:38:00+07:00,11.1,11.2,11.1,11.2,3500.0
2023-10-24 10:40:00+07:00,11.2,11.2,11.2,11.2,100.0
2023-10-24 10:42:00+07:00,11.2,11.2,11.2,11.2,100.0
2023-10-24 10:44:00+07:00,11.1,11.2,11.1,11.2,1100.0
2023-10-24 10:45:00+07:00,11.2,11.2,11.2,11.2,1500.0
2023-10-24 10:48:00+07:00,11.2,11.2,11.2,11.2,1200.0
2023-10-24 10:49:00+07:00,11.2,11.2,11.2,11.2,1100.0
2023-10-24 10:50:00+07:00,11.1,11.1,11.1,11.1,100.0
2023-10-24 10:52:00+07:00,11.2,11.2,11.2,11.2,6600.0
2023-10-24 10:55:00+07:00,11.2,11.2,11.1,11.2,7900.0
2023-10-24 10:56:00+07:00,11.2,11.2,11.2,11.2,1100.0
2023-10-24 11:00:00+07:00,11.1,11.1,11.1,11.1,100.0
2023-10-24 11:01:00+07:00,11.1,11.2,11.1,11.2,100700.0
2023-10-24 11:02:00+07:00,11.2,11.2,11.2,11.2,100.0
2023-10-24 11:03:00+07:00,11.1,11.1,11.1,11.1,3500.0
2023-10-24 11:04:00+07:00,11.2,11.2,11.1,11.1,8500.0
2023-10-24 11:05:00+07:00,11.1,11.1,11.1,11.1,100.0
2023-10-24 11:07:00+07:00,11.1,11.2,11.1,11.1,1800.0
2023-10-24 11:08:00+07:00,11.1,11.1,11.1,11.1,1193800.0
2023-10-24 11:10:00+07:00,11.2,11.2,11.2,11.2,500.0
2023-10-24 11:14:00+07:00,11.2,11.2,11.2,11.2,500.0
2023-10-24 11:16:00+07:00,11.2,11.3,11.2,11.2,588500.0
2023-10-24 11:17:00+07:00,11.2,11.2,11.2,11.2,2600.0
2023-10-24 11:18:00+07:00,11.1,11.1,11.1,11.1,1000.0
2023-10-24 11:19:00+07:00,11.2,11.2,11.2,11.2,500.0
2023-10-24 11:20:00+07:00,11.1,11.3,11.1,11.3,487200.0
2023-10-24 11:21:00+07:00,11.2,11.3,11.2,11.3,10500.0
2023-10-24 11:22:00+07:00,11.2,11.3,11.2,11.2,4300.0
2023-10-24 11:23:00+07:00,11.2,11.2,11.2,11.2,800.0
2023-10-24 11:28:00+07:00,11.3,11.3,11.3,11.3,300.0
2023-10-24 11:31:00+07:00,11.3,11.3,11.2,11.2,300.0
2023-10-24 11:33:00+07:00,11.2,11.2,11.2,11.2,10600.0
2023-10-24 11:34:00+07:00,11.2,11.3,11.2,11.3,2800.0
2023-10-24 11:36:00+07:00,11.2,11.2,11.2,11.2,500.0
2023-10-24 11:37:00+07:00,11.2,11.2,11.2,11.2,200.0
2023-10-24 11:38:00+07:00,11.2,11.2,11.2,11.2,400.0
2023-10-24 11:40:00+07:00,11.2,11.2,11.2,11.2,1200.0
2023-10-24 11:41:00+07:00,11.3,11.3,11.3,11.3,600.0
2023-10-24 11:42:00+07:00,11.2,11.2,11.2,11.2,100.0
2023-10-24 11:44:00+07:00,11.2,11.2,11.2,11.2,400.0
2023-10-24 11:45:00+07:00,11.2,11.2,11.2,11.2,3400.0
2023-10-24 11:46:00+07:00,11.2,11.2,11.2,11.2,100.0
2023-10-24 11:47:00+07:00,11.2,11.2,11.2,11.2,200.0
2023-10-24 11:48:00+07:00,11.3,11.3,11.3,11.3,200.0
2023-10-24 11:50:00+07:00,11.2,11.3,11.2,11.3,27900.0
2023-10-24 11:51:00+07:00,11.2,11.2,11.2,11.2,100.0
2023-10-24 11:52:00+07:00,11.2,11.2,11.2,11.2,100.0
2023-10-24 11:53:00+07:00,11.2,11.3,11.2,11.3,4700.0
2023-10-24 11:56:00+07:00,11.2,11.2,11.2,11.2,7700.0
2023-10-24 12:01:00+07:00,11.2,11.2,11.2,11.2,4000.0
2023-10-24 12:04:00+07:00,11.3,11.3,11.3,11.3,500.0
2023-10-24 12:05:00+07:00,11.2,11.2,11.2,11.2,1100.0
2023-10-24 12:06:00+07:00,11.2,11.2,11.2,11.2,1200.0
2023-10-24 12:07:00+07:00,11.3,11.3,11.3,11.3,100.0
2023-10-24 12:09:00+07:00,11.2,11.2,11.1,11.1,242000.0
2023-10-24 12:10:00+07:00,11.1,11.1,11.1,11.1,300.0
2023-10-24 12:11:00+07:00,11.1,11.2,11.1,11.1,700.0
2023-10-24 12:12:00+07:00,11.1,11.1,11.1,11.1,200.0
2023-10-24 12:19:00+07:00,11.1,11.2,11.1,11.2,3200.0
2023-10-24 12:21:00+07:00,11.2,11.2,11.2,11.2,1000.0
2023-10-24 12:29:00+07:00,11.2,11.2,11.2,11.2,600.0
2023-10-24 14:25:00+07:00,11.1,11.2,11.1,11.2,92000.0
2023-10-24 14:28:00+07:00,11.2,11.2,11.2,11.2,100.0
2023-10-24 14:29:00+07:00,11.1,11.1,11.1,11.1,1000.0
2023-10-24 14:34:00+07:00,11.2,11.2,11.1,11.1,4000.0
2023-10-24 14:36:00+07:00,11.1,11.1,11.1,11.1,1000.0
2023-10-24 14:42:00+07:00,11.1,11.1,11.1,11.1,1355400.0
2023-10-24 14:43:00+07:00,11.1,11.1,11.1,11.1,100500.0
2023-10-24 14:44:00+07:00,11.1,11.1,11.1,11.1,600.0
2023-10-24 14:45:00+07:00,11.1,11.1,11.0,11.0,866300.0
2023-10-24 14:46:00+07:00,11.0,11.0,10.9,11.0,106400.0
2023-10-24 14:47:00+07:00,11.0,11.0,11.0,11.0,50300.0
2023-10-24 14:48:00+07:00,11.0,11.0,11.0,11.0,1000.0
2023-10-24 14:49:00+07:00,11.0,11.0,10.9,11.0,11100.0
2023-10-24 14:51:00+07:00,10.9,11.0,10.8,10.8,2182300.0
2023-10-24 14:52:00+07:00,10.8,10.8,10.8,10.8,75300.0
2023-10-24 14:53:00+07:00,10.9,10.9,10.9,10.9,300.0
2023-10-24 14:54:00+07:00,10.9,10.9,10.8,10.9,21400.0
2023-10-24 14:55:00+07:00,10.9,10.9,10.8,10.8,6900.0
2023-10-24 14:56:00+07:00,10.9,10.9,10.9,10.9,1000.0
2023-10-24 14:57:00+07:00,10.9,10.9,10.8,10.8,2300.0
2023-10-24 15:01:00+07:00,10.9,10.9,10.8,10.8,29100.0
2023-10-24 15:02:00+07:00,10.9,10.9,10.9,10.9,3100.0
2023-10-24 15:03:00+07:00,10.9,10.9,10.9,10.9,200.0
2023-10-24 15:04:00+07:00,10.9,10.9,10.9,10.9,800.0
2023-10-24 15:05:00+07:00,10.9,10.9,10.9,10.9,65000.0
2023-10-24 15:06:00+07:00,10.9,10.9,10.9,10.9,19300.0
2023-10-24 15:07:00+07:00,10.9,10.9,10.8,10.9,34300.0
2023-10-24 15:08:00+07:00,10.9,10.9,10.8,10.9,25700.0
2023-10-24 15:09:00+07:00,10.9,10.9,10.9,10.9,17000.0
2023-10-24 15:10:00+07:00,10.9,10.9,10.9,10.9,15200.0
2023-10-24 15:11:00+07:00,10.9,10.9,10.9,10.9,24800.0
2023-10-24 15:12:00+07:00,10.9,10.9,10.9,10.9,15100.0
2023-10-24 15:13:00+07:00,10.9,10.9,10.8,10.8,800.0
2023-10-24 15:14:00+07:00,10.8,10.9,10.8,10.9,2100.0
2023-10-24 15:15:00+07:00,10.9,10.9,10.9,10.9,300.0
2023-10-24 15:16:00+07:00,10.9,10.9,10.9,10.9,101200.0
2023-10-24 15:17:00+07:00,10.9,10.9,10.9,10.9,11800.0
2023-10-24 15:18:00+07:00,10.9,10.9,10.8,10.9,14900.0
2023-10-24 15:19:00+07:00,10.9,10.9,10.8,10.9,49400.0
2023-10-24 15:20:00+07:00,10.9,10.9,10.9,10.9,2300.0
2023-10-24 15:21:00+07:00,10.9,10.9,10.8,10.9,2900.0
2023-10-24 15:22:00+07:00,10.9,10.9,10.9,10.9,10500.0
2023-10-24 15:23:00+07:00,10.9,10.9,10.9,10.9,2700.0
2023-10-24 15:24:00+07:00,10.9,10.9,10.9,10.9,200.0
2023-10-24 15:25:00+07:00,10.9,10.9,10.9,10.9,10100.0
2023-10-24 15:26:00+07:00,10.9,10.9,10.8,10.9,1000.0
2023-10-24 15:27:00+07:00,10.9,10.9,10.9,10.9,500.0
2023-10-24 15:28:00+07:00,10.9,10.9,10.9,10.9,1200.0
2023-10-24 15:29:00+07:00,10.9,10.9,10.9,10.9,100.0
2023-10-24 15:30:00+07:00,10.9,10.9,10.9,10.9,1200.0
2023-10-24 15:31:00+07:00,10.9,10.9,10.9,10.9,2100.0
2023-10-24 15:32:00+07:00,10.9,10.9,10.9,10.9,200.0
2023-10-24 15:33:00+07:00,10.9,10.9,10.9,10.9,1300.0
2023-10-24 15:34:00+07:00,10.8,10.9,10.8,10.9,2700.0
2023-10-24 15:35:00+07:00,10.9,10.9,10.9,10.9,121300.0
2023-10-24 15:36:00+07:00,10.8,10.9,10.8,10.9,1300.0
2023-10-24 15:37:00+07:00,10.9,10.9,10.9,10.9,13100.0
2023-10-24 15:38:00+07:00,10.9,10.9,10.8,10.9,4800.0
2023-10-24 15:39:00+07:00,10.9,10.9,10.9,10.9,1200.0
2023-10-24 15:40:00+07:00,10.9,10.9,10.9,10.9,1600.0
2023-10-24 15:41:00+07:00,10.9,10.9,10.9,10.9,1600.0
2023-10-24 15:42:00+07:00,10.9,10.9,10.9,10.9,11200.0
2023-10-24 15:43:00+07:00,10.9,11.0,10.9,10.9,357200.0
2023-10-24 15:44:00+07:00,11.0,11.0,11.0,11.0,1100.0
2023-10-24 15:45:00+07:00,10.9,10.9,10.9,10.9,27800.0
2023-10-24 15:46:00+07:00,11.0,11.0,11.0,11.0,800.0
2023-10-24 15:47:00+07:00,11.0,11.0,10.9,10.9,2300.0
2023-10-24 15:48:00+07:00,11.0,11.0,11.0,11.0,800.0
2023-10-24 15:49:00+07:00,11.0,11.0,10.9,11.0,3100.0
2023-10-24 15:50:00+07:00,11.0,11.0,11.0,11.0,1200.0
2023-10-24 15:51:00+07:00,11.0,11.0,11.0,11.0,10800.0
2023-10-24 15:52:00+07:00,10.9,11.0,10.9,11.0,800.0
2023-10-24 15:54:00+07:00,11.0,11.0,10.9,10.9,2100.0
2023-10-24 15:55:00+07:00,10.9,10.9,10.9,10.9,300.0
2023-10-24 15:58:00+07:00,10.9,10.9,10.9,10.9,100.0
2023-10-24 16:00:00+07:00,10.9,10.9,10.9,10.9,200.0
2023-10-24 16:04:00+07:00,10.9,10.9,10.9,10.9,1800.0
2023-10-24 16:05:00+07:00,10.9,10.9,10.9,10.9,500.0
2023-10-24 16:06:00+07:00,10.9,10.9,10.9,10.9,300.0
2023-10-24 16:07:00+07:00,10.9,11.0,10.9,11.0,300.0
2023-10-24 16:08:00+07:00,10.9,10.9,10.9,10.9,20100.0
2023-10-24 16:09:00+07:00,11.0,11.0,11.0,11.0,900.0
2023-10-24 16:12:00+07:00,11.0,11.0,10.9,10.9,2300.0
2023-10-24 16:13:00+07:00,11.0,11.0,10.9,10.9,2200.0
2023-10-24 16:14:00+07:00,10.9,10.9,10.9,10.9,1100.0
2023-10-24 16:15:00+07:00,10.9,10.9,10.9,10.9,900.0
2023-10-24 16:16:00+07:00,11.0,11.0,11.0,11.0,500.0
2023-10-24 16:17:00+07:00,11.0,11.0,11.0,11.0,100.0
2023-10-24 16:18:00+07:00,10.9,11.0,10.9,11.0,2200.0
2023-10-24 16:19:00+07:00,11.0,11.0,11.0,11.0,2200.0
2023-10-24 16:20:00+07:00,11.0,11.0,11.0,11.0,600.0
2023-10-24 16:21:00+07:00,10.9,10.9,10.9,10.9,285300.0
2023-10-24 16:22:00+07:00,10.9,10.9,10.9,10.9,26200.0
2023-10-24 16:23:00+07:00,10.9,10.9,10.9,10.9,40200.0
2023-10-24 16:24:00+07:00,10.9,10.9,10.9,10.9,74300.0
2023-10-24 16:25:00+07:00,10.9,11.0,10.8,10.9,249900.0
2023-10-24 16:26:00+07:00,10.9,11.0,10.9,10.9,59900.0
2023-10-24 16:27:00+07:00,10.9,10.9,10.9,10.9,50600.0
2023-10-24 16:28:00+07:00,10.9,11.0,10.9,11.0,3200.0
2023-10-24 16:29:00+07:00,10.9,11.0,10.9,11.0,103900.0
2023-10-24 16:36:00+07:00,11.0,11.0,11.0,11.0,1526200.0
2023-10-25 09:56:00+07:00,11.1,11.2,11.1,11.1,87800.0
2023-10-25 09:57:00+07:00,11.1,11.1,11.1,11.1,500.0
2023-10-25 09:58:00+07:00,11.1,11.1,11.1,11.1,26800.0
2023-10-25 09:59:00+07:00,11.1,11.1,11.1,11.1,100.0
2023-10-25 10:02:00+07:00,11.1,11.1,11.1,11.1,20000.0
2023-10-25 10:03:00+07:00,11.2,11.2,11.2,11.2,4000.0
2023-10-25 10:04:00+07:00,11.1,11.1,11.1,11.1,78400.0
2023-10-25 10:05:00+07:00,11.2,11.2,11.1,11.1,11300.0
2023-10-25 10:06:00+07:00,11.1,11.1,11.1,11.1,400.0
2023-10-25 10:08:00+07:00,11.1,11.1,11.1,11.1,2300.0
2023-10-25 10:09:00+07:00,11.2,11.2,11.2,11.2,1000.0
2023-10-25 10:10:00+07:00,11.1,11.1,11.1,11.1,2900.0
2023-10-25 10:12:00+07:00,11.1,11.1,11.1,11.1,2900.0
2023-10-25 10:13:00+07:00,11.2,11.2,11.2,11.2,100.0
2023-10-25 10:19:00+07:00,11.1,11.1,11.1,11.1,21200.0
2023-10-25 10:20:00+07:00,11.1,11.2,11.0,11.0,29100.0
2023-10-25 10:22:00+07:00,11.1,11.1,11.1,11.1,9500.0
2023-10-25 10:23:00+07:00,11.1,11.1,11.1,11.1,200.0
2023-10-25 10:25:00+07:00,11.0,11.1,11.0,11.1,3100.0
2023-10-25 10:26:00+07:00,11.1,11.1,11.1,11.1,1500.0
2023-10-25 10:28:00+07:00,11.0,11.0,11.0,11.0,200.0
2023-10-25 10:30:00+07:00,11.0,11.0,11.0,11.0,400.0
2023-10-25 10:31:00+07:00,11.1,11.1,11.1,11.1,100.0
2023-10-25 10:32:00+07:00,11.1,11.1,11.0,11.1,1500.0
2023-10-25 10:34:00+07:00,11.0,11.0,11.0,11.0,500.0
2023-10-25 10:38:00+07:00,11.1,11.1,11.1,11.1,1000.0
2023-10-25 10:39:00+07:00,11.1,11.1,11.1,11.1,2000.0
2023-10-25 10:41:00+07:00,11.0,11.1,11.0,11.1,30200.0
2023-10-25 10:42:00+07:00,11.1,11.1,11.1,11.1,4500.0
2023-10-25 10:44:00+07:00,11.1,11.1,11.1,11.1,2100.0
2023-10-25 10:45:00+07:00,11.1,11.1,11.0,11.0,454000.0
2023-10-25 10:46:00+07:00,11.0,11.1,11.0,11.0,47500.0
2023-10-25 10:50:00+07:00,11.1,11.1,11.1,11.1,500.0
2023-10-25 10:51:00+07:00,11.1,11.1,11.0,11.0,500.0
2023-10-25 10:52:00+07:00,11.1,11.1,11.1,11.1,182100.0
2023-10-25 10:53:00+07:00,11.2,11.2,11.1,11.1,1100.0
2023-10-25 10:55:00+07:00,11.1,11.1,11.1,11.1,102700.0
2023-10-25 11:04:00+07:00,11.1,11.1,11.1,11.1,600.0
2023-10-25 11:06:00+07:00,11.1,11.1,11.1,11.1,100.0
2023-10-25 11:08:00+07:00,11.1,11.1,11.1,11.1,1200.0
2023-10-25 11:12:00+07:00,11.1,11.1,11.1,11.1,400.0
2023-10-25 11:14:00+07:00,11.2,11.2,11.2,11.2,100.0
2023-10-25 11:15:00+07:00,11.2,11.2,11.2,11.2,4000.0
2023-10-25 11:18:00+07:00,11.1,11.1,11.1,11.1,100.0
2023-10-25 11:20:00+07:00,11.1,11.1,11.1,11.1,4400.0
2023-10-25 11:28:00+07:00,11.1,11.1,11.1,11.1,1000.0
2023-10-25 11:35:00+07:00,11.1,11.1,11.1,11.1,100.0
2023-10-25 11:41:00+07:00,11.1,11.1,11.1,11.1,100000.0
2023-10-25 11:52:00+07:00,11.2,11.2,11.2,11.2,330000.0
2023-10-25 11:53:00+07:00,11.2,11.2,11.2,11.2,1000.0
2023-10-25 11:55:00+07:00,11.2,11.2,11.2,11.2,5000.0
2023-10-25 11:56:00+07:00,11.2,11.2,11.2,11.2,90300.0
2023-10-25 11:57:00+07:00,11.2,11.2,11.2,11.2,100.0
2023-10-25 11:58:00+07:00,11.2,11.2,11.2,11.2,3000.0
2023-10-25 11:59:00+07:00,11.2,11.2,11.2,11.2,178200.0
2023-10-25 12:00:00+07:00,11.2,11.2,11.2,11.2,71100.0
2023-10-25 12:01:00+07:00,11.2,11.2,11.2,11.2,500.0
2023-10-25 12:03:00+07:00,11.2,11.2,11.1,11.2,152000.0
2023-10-25 12:04:00+07:00,11.2,11.2,11.1,11.1,21000.0
2023-10-25 12:18:00+07:00,11.2,11.2,11.2,11.2,100.0
2023-10-25 12:19:00+07:00,11.1,11.1,11.1,11.1,500.0
2023-10-25 12:21:00+07:00,11.2,11.2,11.2,11.2,100.0
2023-10-25 12:22:00+07:00,11.2,11.2,11.2,11.2,3000.0
2023-10-25 12:25:00+07:00,11.2,11.2,11.2,11.2,500.0
2023-10-25 12:29:00+07:00,11.2,11.2,11.2,11.2,1000.0
2023-10-25 14:29:00+07:00,11.1,11.2,11.1,11.2,72000.0
2023-10-25 14:30:00+07:00,11.1,11.1,11.1,11.1,2900.0
2023-10-25 14:33:00+07:00,11.1,11.1,11.1,11.1,500.0
2023-10-25 14:34:00+07:00,11.1,11.1,11.1,11.1,26600.0
2023-10-25 14:36:00+07:00,11.1,11.1,11.1,11.1,44700.0
2023-10-25 14:40:00+07:00,11.0,11.0,11.0,11.0,1300.0
2023-10-25 14:41:00+07:00,11.1,11.1,11.1,11.1,300.0
2023-10-25 14:42:00+07:00,11.1,11.1,11.1,11.1,39200.0
2023-10-25 14:45:00+07:00,11.0,11.0,11.0,11.0,2100.0
2023-10-25 14:49:00+07:00,11.1,11.1,11.1,11.1,100200.0
2023-10-25 14:51:00+07:00,11.1,11.1,11.1,11.1,1000.0
2023-10-25 14:53:00+07:00,11.1,11.1,11.1,11.1,7700.0
2023-10-25 14:55:00+07:00,11.1,11.1,11.1,11.1,100.0
2023-10-25 14:56:00+07:00,11.1,11.1,11.1,11.1,1000.0
2023-10-25 14:58:00+07:00,11.1,11.1,11.1,11.1,3000.0
2023-10-25 14:59:00+07:00,11.1,11.1,11.1,11.1,1000.0
2023-10-25 15:00:00+07:00,11.1,11.1,11.1,11.1,1000.0
2023-10-25 15:01:00+07:00,11.1,11.1,11.1,11.1,100.0
2023-10-25 15:06:00+07:00,11.0,11.1,11.0,11.1,7000.0
2023-10-25 15:08:00+07:00,11.1,11.1,11.1,11.1,200.0
2023-10-25 15:09:00+07:00,11.1,11.1,11.1,11.1,800.0
2023-10-25 15:10:00+07:00,11.1,11.1,11.0,11.0,2400.0
2023-10-25 15:15:00+07:00,11.1,11.1,11.1,11.1,4000.0
2023-10-25 15:18:00+07:00,11.0,11.0,11.0,11.0,2400.0
2023-10-25 15:21:00+07:00,11.0,11.0,11.0,11.0,2300.0
2023-10-25 15:23:00+07:00,11.0,11.0,11.0,11.0,1900.0
2023-10-25 15:31:00+07:00,11.0,11.0,11.0,11.0,5000.0
2023-10-25 15:32:00+07:00,11.0,11.0,11.0,11.0,3700.0
2023-10-25 15:33:00+07:00,11.0,11.0,11.0,11.0,200.0
2023-10-25 15:42:00+07:00,11.0,11.0,11.0,11.0,7000.0
2023-10-25 15:44:00+07:00,11.1,11.1,11.1,11.1,1000.0
2023-10-25 15:45:00+07:00,11.1,11.1,11.1,11.1,500.0
2023-10-25 15:46:00+07:00,11.1,11.1,11.1,11.1,500.0
2023-10-25 15:47:00+07:00,11.0,11.0,11.0,11.0,2000.0
2023-10-25 15:51:00+07:00,11.0,11.0,11.0,11.0,2000.0
2023-10-25 15:52:00+07:00,11.0,11.0,11.0,11.0,2000.0
2023-10-25 15:59:00+07:00,11.0,11.0,11.0,11.0,20000.0
2023-10-25 16:00:00+07:00,11.0,11.0,11.0,11.0,600.0
2023-10-25 16:02:00+07:00,11.0,11.0,11.0,11.0,2900.0
2023-10-25 16:04:00+07:00,11.1,11.1,11.1,11.1,1000.0
2023-10-25 16:05:00+07:00,11.0,11.1,11.0,11.1,1400.0
2023-10-25 16:06:00+07:00,11.0,11.0,11.0,11.0,2000.0
2023-10-25 16:18:00+07:00,11.0,11.0,11.0,11.0,2300.0
2023-10-25 16:22:00+07:00,11.0,11.0,11.0,11.0,2400.0
2023-10-25 16:23:00+07:00,11.1,11.1,11.0,11.0,3400.0
2023-10-25 16:24:00+07:00,11.0,11.0,11.0,11.0,3200.0
2023-10-25 16:25:00+07:00,11.0,11.0,11.0,11.0,6500.0
2023-10-25 16:26:00+07:00,11.0,11.0,11.0,11.0,4200.0
2023-10-25 16:27:00+07:00,11.0,11.0,11.0,11.0,3000.0
2023-10-25 16:28:00+07:00,11.0,11.0,11.0,11.0,100.0
2023-10-25 16:29:00+07:00,11.0,11.1,11.0,11.1,2600.0
2023-10-25 16:37:00+07:00,11.0,11.0,11.0,11.0,680200.0
2023-10-26 09:55:00+07:00,11.0,11.0,11.0,11.0,219500.0
2023-10-26 09:59:00+07:00,11.0,11.0,11.0,11.0,141600.0
2023-10-26 10:00:00+07:00,11.0,11.0,11.0,11.0,21000.0
2023-10-26 10:01:00+07:00,11.0,11.0,11.0,11.0,130900.0
2023-10-26 10:02:00+07:00,11.0,11.0,11.0,11.0,12900.0
2023-10-26 10:03:00+07:00,11.0,11.0,10.9,10.9,45400.0
2023-10-26 10:04:00+07:00,10.9,10.9,10.9,10.9,5000.0
2023-10-26 10:09:00+07:00,11.0,11.0,11.0,11.0,100.0
2023-10-26 10:10:00+07:00,11.0,11.0,11.0,11.0,600.0
2023-10-26 10:12:00+07:00,11.0,11.0,11.0,11.0,500.0
2023-10-26 10:13:00+07:00,11.0,11.0,11.0,11.0,500.0
2023-10-26 10:14:00+07:00,11.0,11.0,11.0,11.0,1000.0
2023-10-26 10:17:00+07:00,10.9,10.9,10.9,10.9,271400.0
2023-10-26 10:19:00+07:00,10.9,10.9,10.9,10.9,109100.0
2023-10-26 10:20:00+07:00,10.9,10.9,10.9,10.9,96800.0
2023-10-26 10:21:00+07:00,10.9,10.9,10.9,10.9,2100.0
2023-10-26 10:23:00+07:00,10.9,10.9,10.9,10.9,700.0
2023-10-26 10:24:00+07:00,10.9,10.9,10.9,10.9,300.0
2023-10-26 10:25:00+07:00,10.9,10.9,10.9,10.9,300.0
2023-10-26 10:26:00+07:00,10.9,10.9,10.9,10.9,100.0
2023-10-26 10:28:00+07:00,10.9,10.9,10.9,10.9,2000.0
2023-10-26 10:30:00+07:00,10.8,10.9,10.8,10.9,1600.0
2023-10-26 10:31:00+07:00,10.9,10.9,10.9,10.9,154400.0
2023-10-26 10:32:00+07:00,10.9,10.9,10.8,10.9,1400.0
2023-10-26 10:33:00+07:00,10.8,10.8,10.8,10.8,600.0
2023-10-26 10:34:00+07:00,10.9,10.9,10.9,10.9,500.0
2023-10-26 10:35:00+07:00,10.9,10.9,10.9,10.9,3200.0
2023-10-26 10:36:00+07:00,10.9,11.0,10.9,10.9,33300.0
2023-10-26 10:37:00+07:00,10.9,10.9,10.9,10.9,183000.0
2023-10-26 10:38:00+07:00,10.9,10.9,10.9,10.9,118500.0
2023-10-26 10:39:00+07:00,10.9,10.9,10.9,10.9,10200.0
2023-10-26 10:44:00+07:00,10.9,11.0,10.9,11.0,43000.0
2023-10-26 10:47:00+07:00,10.9,10.9,10.9,10.9,2000.0
2023-10-26 10:51:00+07:00,11.0,11.0,11.0,11.0,100.0
2023-10-26 10:52:00+07:00,11.0,11.0,11.0,11.0,1200.0
2023-10-26 10:55:00+07:00,10.9,11.0,10.9,11.0,1100.0
2023-10-26 10:57:00+07:00,11.0,11.0,11.0,11.0,300.0
2023-10-26 10:58:00+07:00,11.0,11.0,11.0,11.0,100.0
2023-10-26 11:11:00+07:00,11.0,11.0,11.0,11.0,1000.0
2023-10-26 11:13:00+07:00,10.9,10.9,10.9,10.9,1000.0
2023-10-26 11:18:00+07:00,11.0,11.0,11.0,11.0,200.0
2023-10-26 11:20:00+07:00,11.0,11.0,10.9,10.9,7100.0
2023-10-26 11:23:00+07:00,11.0,11.0,11.0,11.0,600.0
2023-10-26 11:25:00+07:00,10.9,10.9,10.9,10.9,1000.0
2023-10-26 11:26:00+07:00,10.9,10.9,10.9,10.9,1600.0
2023-10-26 11:28:00+07:00,10.9,10.9,10.9,10.9,3500.0
2023-10-26 11:33:00+07:00,10.9,10.9,10.9,10.9,10000.0
2023-10-26 11:34:00+07:00,10.9,10.9,10.9,10.9,100.0
2023-10-26 11:37:00+07:00,10.9,10.9,10.9,10.9,32600.0
2023-10-26 11:47:00+07:00,10.9,10.9,10.9,10.9,300.0
2023-10-26 11:49:00+07:00,10.9,10.9,10.9,10.9,100.0
2023-10-26 11:50:00+07:00,10.9,10.9,10.9,10.9,200.0
2023-10-26 11:56:00+07:00,11.0,11.0,11.0,11.0,100.0
2023-10-26 11:57:00+07:00,10.9,10.9,10.9,10.9,700.0
2023-10-26 11:58:00+07:00,10.9,10.9,10.9,10.9,100.0
2023-10-26 12:03:00+07:00,10.9,10.9,10.9,10.9,24000.0
2023-10-26 12:05:00+07:00,11.0,11.0,11.0,11.0,700.0
2023-10-26 12:08:00+07:00,10.9,10.9,10.9,10.9,800.0
2023-10-26 12:10:00+07:00,10.9,10.9,10.9,10.9,1200.0
2023-10-26 12:12:00+07:00,10.9,10.9,10.9,10.9,500.0
2023-10-26 12:14:00+07:00,10.9,11.0,10.9,11.0,3200.0
2023-10-26 12:17:00+07:00,10.9,10.9,10.9,10.9,400.0
2023-10-26 12:18:00+07:00,10.9,10.9,10.9,10.9,2100.0
2023-10-26 12:19:00+07:00,10.9,10.9,10.9,10.9,280700.0
2023-10-26 12:20:00+07:00,10.9,10.9,10.9,10.9,100.0
2023-10-26 12:24:00+07:00,10.9,10.9,10.9,10.9,1600.0
2023-10-26 12:27:00+07:00,10.9,10.9,10.8,10.9,155200.0
2023-10-26 12:28:00+07:00,10.8,10.9,10.8,10.9,1100.0
2023-10-26 12:29:00+07:00,10.9,10.9,10.8,10.9,8500.0
2023-10-26 14:28:00+07:00,10.8,10.8,10.8,10.8,420000.0
2023-10-26 14:29:00+07:00,10.8,10.8,10.8,10.8,43500.0
2023-10-26 14:30:00+07:00,10.8,10.8,10.8,10.8,100.0
2023-10-26 14:31:00+07:00,10.8,10.8,10.8,10.8,3300.0
2023-10-26 14:32:00+07:00,10.7,10.8,10.7,10.8,8100.0
2023-10-26 14:33:00+07:00,10.8,10.8,10.7,10.8,2000.0
2023-10-26 14:35:00+07:00,10.8,10.8,10.7,10.7,10500.0
2023-10-26 14:36:00+07:00,10.7,10.8,10.7,10.8,1100.0
2023-10-26 14:38:00+07:00,10.8,10.8,10.8,10.8,1000.0
2023-10-26 14:39:00+07:00,10.8,10.8,10.8,10.8,1200.0
2023-10-26 14:40:00+07:00,10.8,10.8,10.7,10.7,100800.0
2023-10-26 14:41:00+07:00,10.8,10.8,10.8,10.8,2100.0
2023-10-26 14:42:00+07:00,10.8,10.8,10.8,10.8,31000.0
2023-10-26 14:43:00+07:00,10.8,10.8,10.8,10.8,12100.0
2023-10-26 14:44:00+07:00,10.8,10.8,10.8,10.8,5200.0
2023-10-26 14:45:00+07:00,10.8,10.8,10.8,10.8,8100.0
2023-10-26 14:46:00+07:00,10.8,10.8,10.8,10.8,900.0
2023-10-26 14:47:00+07:00,10.8,10.8,10.8,10.8,500.0
2023-10-26 14:48:00+07:00,10.8,10.9,10.8,10.9,274600.0
2023-10-26 14:49:00+07:00,10.9,10.9,10.9,10.9,500.0
2023-10-26 14:52:00+07:00,10.9,10.9,10.9,10.9,10000.0
2023-10-26 14:53:00+07:00,10.9,10.9,10.9,10.9,100.0
2023-10-26 14:54:00+07:00,10.9,10.9,10.9,10.9,2100.0
2023-10-26 14:56:00+07:00,10.8,10.9,10.8,10.9,2600.0
2023-10-26 15:01:00+07:00,10.8,10.8,10.8,10.8,10000.0
2023-10-26 15:02:00+07:00,10.8,10.8,10.8,10.8,5500.0
2023-10-26 15:03:00+07:00,10.8,10.8,10.8,10.8,200.0
2023-10-26 15:07:00+07:00,10.9,10.9,10.9,10.9,100.0
2023-10-26 15:09:00+07:00,10.8,10.8,10.8,10.8,30000.0
2023-10-26 15:11:00+07:00,10.8,10.8,10.8,10.8,500.0
2023-10-26 15:13:00+07:00,10.9,10.9,10.9,10.9,8500.0
2023-10-26 15:14:00+07:00,10.9,10.9,10.9,10.9,300.0
2023-10-26 15:16:00+07:00,10.9,10.9,10.9,10.9,200.0
2023-10-26 15:18:00+07:00,10.9,10.9,10.9,10.9,400.0
2023-10-26 15:25:00+07:00,10.9,10.9,10.9,10.9,200.0
2023-10-26 15:27:00+07:00,10.8,10.8,10.8,10.8,62900.0
2023-10-26 15:28:00+07:00,10.8,10.8,10.8,10.8,212700.0
2023-10-26 15:29:00+07:00,10.8,10.8,10.8,10.8,10000.0
2023-10-26 15:30:00+07:00,10.8,10.8,10.8,10.8,100.0
2023-10-26 15:31:00+07:00,10.8,10.8,10.8,10.8,2000.0
2023-10-26 15:32:00+07:00,10.8,10.8,10.8,10.8,10700.0
2023-10-26 15:33:00+07:00,10.8,10.8,10.8,10.8,400.0
2023-10-26 15:34:00+07:00,10.7,10.8,10.7,10.8,5200.0
2023-10-26 15:35:00+07:00,10.7,10.8,10.7,10.8,4200.0
2023-10-26 15:36:00+07:00,10.8,10.8,10.8,10.8,2200.0
2023-10-26 15:37:00+07:00,10.8,10.8,10.8,10.8,5400.0
2023-10-26 15:38:00+07:00,10.8,10.8,10.8,10.8,800.0
2023-10-26 15:40:00+07:00,10.7,10.8,10.7,10.8,200.0
2023-10-26 15:41:00+07:00,10.8,10.8,10.8,10.8,100.0
2023-10-26 15:44:00+07:00,10.8,10.8,10.8,10.8,2500.0
2023-10-26 15:45:00+07:00,10.8,10.8,10.8,10.8,1000.0
2023-10-26 15:46:00+07:00,10.8,10.8,10.7,10.7,1100.0
2023-10-26 15:47:00+07:00,10.8,10.8,10.8,10.8,117000.0
2023-10-26 15:48:00+07:00,10.8,10.8,10.8,10.8,177800.0
2023-10-26 15:49:00+07:00,10.8,10.8,10.7,10.7,6000.0
2023-10-26 15:50:00+07:00,10.8,10.8,10.8,10.8,2300.0
2023-10-26 15:52:00+07:00,10.8,10.8,10.8,10.8,600.0
2023-10-26 15:53:00+07:00,10.8,10.8,10.8,10.8,1600.0
2023-10-26 15:54:00+07:00,10.8,10.8,10.8,10.8,100.0
2023-10-26 15:55:00+07:00,10.8,10.8,10.7,10.7,1400.0
2023-10-26 15:56:00+07:00,10.7,10.7,10.7,10.7,50000.0
2023-10-26 15:57:00+07:00,10.8,10.8,10.8,10.8,100.0
2023-10-26 15:58:00+07:00,10.8,10.8,10.8,10.8,10000.0
2023-10-26 15:59:00+07:00,10.8,10.8,10.8,10.8,100.0
2023-10-26 16:00:00+07:00,10.7,10.8,10.7,10.8,8000.0
2023-10-26 16:02:00+07:00,10.8,10.8,10.8,10.8,4100.0
2023-10-26 16:03:00+07:00,10.8,10.8,10.8,10.8,1800.0
2023-10-26 16:05:00+07:00,10.8,10.8,10.8,10.8,200.0
2023-10-26 16:07:00+07:00,10.8,10.8,10.8,10.8,800.0
2023-10-26 16:10:00+07:00,10.7,10.7,10.7,10.7,100.0
2023-10-26 16:11:00+07:00,10.8,10.8,10.8,10.8,290900.0
2023-10-26 16:14:00+07:00,10.8,10.8,10.8,10.8,1000.0
2023-10-26 16:16:00+07:00,10.9,10.9,10.9,10.9,100.0
2023-10-26 16:18:00+07:00,10.8,10.8,10.8,10.8,1300.0
2023-10-26 16:19:00+07:00,10.8,10.8,10.8,10.8,100.0
2023-10-26 16:20:00+07:00,10.8,10.8,10.8,10.8,7000.0
2023-10-26 16:22:00+07:00,10.9,10.9,10.8,10.8,1300.0
2023-10-26 16:23:00+07:00,10.8,10.8,10.8,10.8,1000.0
2023-10-26 16:26:00+07:00,10.8,10.8,10.8,10.8,1000.0
2023-10-26 16:27:00+07:00,10.9,10.9,10.8,10.8,1100.0
2023-10-26 16:28:00+07:00,10.8,10.8,10.8,10.8,8200.0
2023-10-26 16:29:00+07:00,10.9,10.9,10.8,10.9,4300.0
2023-10-26 16:35:00+07:00,10.8,10.8,10.8,10.8,903400.0
2023-10-27 09:59:00+07:00,11.0,11.0,11.0,11.0,180200.0
2023-10-27 10:03:00+07:00,10.9,10.9,10.9,10.9,100.0
2023-10-27 10:04:00+07:00,10.9,10.9,10.9,10.9,300.0
2023-10-27 10:06:00+07:00,11.0,11.0,10.8,10.8,108500.0
2023-10-27 10:07:00+07:00,10.8,10.8,10.8,10.8,3800.0
2023-10-27 10:08:00+07:00,10.8,10.8,10.8,10.8,2400.0
2023-10-27 10:09:00+07:00,10.8,10.8,10.8,10.8,397000.0
2023-10-27 10:10:00+07:00,10.8,10.8,10.7,10.7,4900.0
2023-10-27 10:11:00+07:00,10.7,10.7,10.7,10.7,3200.0
2023-10-27 10:12:00+07:00,10.7,10.8,10.7,10.7,4700.0
2023-10-27 10:13:00+07:00,10.7,10.7,10.7,10.7,16200.0
2023-10-27 10:15:00+07:00,10.7,10.7,10.7,10.7,1000.0
2023-10-27 10:18:00+07:00,10.8,10.8,10.8,10.8,100.0
2023-10-27 10:19:00+07:00,10.8,10.8,10.8,10.8,13000.0
2023-10-27 10:20:00+07:00,10.8,10.8,10.8,10.8,13000.0
2023-10-27 10:21:00+07:00,10.8,10.8,10.8,10.8,1100.0
2023-10-27 10:22:00+07:00,10.8,10.8,10.8,10.8,500.0
2023-10-27 10:24:00+07:00,10.8,10.8,10.8,10.8,100.0
2023-10-27 10:25:00+07:00,10.8,10.8,10.8,10.8,10000.0
2023-10-27 10:26:00+07:00,10.8,10.8,10.7,10.7,1200.0
2023-10-27 10:27:00+07:00,10.8,10.8,10.8,10.8,1000.0
2023-10-27 10:28:00+07:00,10.8,10.8,10.8,10.8,300.0
2023-10-27 10:30:00+07:00,10.7,10.8,10.7,10.8,11000.0
2023-10-27 10:33:00+07:00,10.8,10.8,10.7,10.7,5500.0
2023-10-27 10:34:00+07:00,10.8,10.8,10.8,10.8,200.0
2023-10-27 10:35:00+07:00,10.8,10.8,10.7,10.7,4700.0
2023-10-27 10:38:00+07:00,10.7,10.7,10.7,10.7,6100.0
2023-10-27 10:39:00+07:00,10.8,10.8,10.8,10.8,1100.0
2023-10-27 10:40:00+07:00,10.7,10.7,10.7,10.7,5000.0
2023-10-27 10:41:00+07:00,10.7,10.7,10.7,10.7,291200.0
2023-10-27 10:42:00+07:00,10.7,10.7,10.7,10.7,2300.0
2023-10-27 10:43:00+07:00,10.7,10.7,10.7,10.7,3700.0
2023-10-27 10:44:00+07:00,10.7,10.7,10.7,10.7,700.0
2023-10-27 10:45:00+07:00,10.7,10.7,10.7,10.7,30100.0
2023-10-27 10:46:00+07:00,10.7,10.8,10.7,10.8,281400.0
2023-10-27 10:48:00+07:00,10.8,10.8,10.8,10.8,4300.0
2023-10-27 10:49:00+07:00,10.8,10.8,10.8,10.8,2000.0
2023-10-27 10:50:00+07:00,10.8,10.8,10.8,10.8,100.0
2023-10-27 10:51:00+07:00,10.8,10.8,10.8,10.8,100.0
2023-10-27 10:52:00+07:00,10.7,10.7,10.7,10.7,1000.0
2023-10-27 10:54:00+07:00,10.7,10.8,10.7,10.8,5500.0
2023-10-27 10:58:00+07:00,10.8,10.8,10.7,10.7,142800.0
2023-10-27 10:59:00+07:00,10.8,10.8,10.7,10.7,50400.0
2023-10-27 11:00:00+07:00,10.7,10.7,10.7,10.7,8900.0
2023-10-27 11:01:00+07:00,10.8,10.8,10.8,10.8,1900.0
2023-10-27 11:04:00+07:00,10.7,10.7,10.7,10.7,500.0
2023-10-27 11:05:00+07:00,10.7,10.8,10.7,10.8,2800.0
2023-10-27 11:06:00+07:00,10.7,10.7,10.7,10.7,6100.0
2023-10-27 11:07:00+07:00,10.7,10.7,10.7,10.7,7600.0
2023-10-27 11:08:00+07:00,10.7,10.7,10.7,10.7,2000.0
2023-10-27 11:09:00+07:00,10.7,10.8,10.7,10.7,7800.0
2023-10-27 11:11:00+07:00,10.8,10.8,10.8,10.8,1500.0
2023-10-27 11:14:00+07:00,10.7,10.7,10.7,10.7,40200.0
2023-10-27 11:15:00+07:00,10.7,10.7,10.7,10.7,6200.0
2023-10-27 11:16:00+07:00,10.7,10.7,10.7,10.7,300.0
2023-10-27 11:17:00+07:00,10.7,10.8,10.7,10.7,2200.0
2023-10-27 11:18:00+07:00,10.7,10.7,10.7,10.7,200.0
2023-10-27 11:19:00+07:00,10.7,10.7,10.7,10.7,200.0
2023-10-27 11:20:00+07:00,10.8,10.8,10.7,10.7,300.0
2023-10-27 11:21:00+07:00,10.7,10.7,10.7,10.7,100.0
2023-10-27 11:22:00+07:00,10.7,10.7,10.7,10.7,200.0
2023-10-27 11:29:00+07:00,10.7,10.7,10.7,10.7,400.0
2023-10-27 11:31:00+07:00,10.8,10.8,10.8,10.8,1100.0
2023-10-27 11:33:00+07:00,10.7,10.7,10.7,10.7,5700.0
2023-10-27 11:34:00+07:00,10.7,10.8,10.7,10.8,1100.0
2023-10-27 11:35:00+07:00,10.8,10.8,10.8,10.8,300.0
2023-10-27 11:40:00+07:00,10.8,10.8,10.8,10.8,100.0
2023-10-27 11:41:00+07:00,10.8,10.8,10.8,10.8,100.0
2023-10-27 11:42:00+07:00,10.8,10.8,10.7,10.7,17800.0
2023-10-27 11:43:00+07:00,10.8,10.8,10.8,10.8,600.0
2023-10-27 11:44:00+07:00,10.7,10.7,10.7,10.7,157600.0
2023-10-27 11:45:00+07:00,10.7,10.7,10.7,10.7,1000.0
2023-10-27 11:46:00+07:00,10.6,10.6,10.6,10.6,718600.0
2023-10-27 11:47:00+07:00,10.6,10.6,10.5,10.6,50500.0
2023-10-27 11:48:00+07:00,10.5,10.5,10.5,10.5,906000.0
2023-10-27 11:49:00+07:00,10.5,10.5,10.4,10.5,192500.0
2023-10-27 11:50:00+07:00,10.5,10.5,10.4,10.5,215000.0
2023-10-27 11:51:00+07:00,10.5,10.5,10.5,10.5,55100.0
2023-10-27 11:52:00+07:00,10.5,10.5,10.5,10.5,23600.0
2023-10-27 11:53:00+07:00,10.4,10.5,10.4,10.5,28000.0
2023-10-27 11:54:00+07:00,10.5,10.6,10.5,10.6,886800.0
2023-10-27 11:55:00+07:00,10.6,10.6,10.6,10.6,1000.0
2023-10-27 11:56:00+07:00,10.6,10.6,10.6,10.6,1800.0
2023-10-27 11:57:00+07:00,10.6,10.6,10.6,10.6,6800.0
2023-10-27 11:58:00+07:00,10.6,10.6,10.6,10.6,1700.0
2023-10-27 11:59:00+07:00,10.6,10.6,10.6,10.6,1700.0
2023-10-27 12:00:00+07:00,10.6,10.6,10.6,10.6,1900.0
2023-10-27 12:01:00+07:00,10.6,10.6,10.6,10.6,1400.0
2023-10-27 12:02:00+07:00,10.6,10.6,10.6,10.6,1600.0
2023-10-27 12:04:00+07:00,10.5,10.5,10.5,10.5,100.0
2023-10-27 12:09:00+07:00,10.5,10.5,10.5,10.5,300.0
2023-10-27 12:10:00+07:00,10.6,10.6,10.6,10.6,100.0
2023-10-27 12:15:00+07:00,10.6,10.6,10.6,10.6,300.0
2023-10-27 12:18:00+07:00,10.6,10.6,10.6,10.6,1000.0
2023-10-27 12:23:00+07:00,10.6,10.6,10.6,10.6,1500.0
2023-10-27 12:24:00+07:00,10.6,10.6,10.6,10.6,2200.0
2023-10-27 12:25:00+07:00,10.5,10.5,10.5,10.5,4800.0
2023-10-27 12:26:00+07:00,10.6,10.6,10.6,10.6,100.0
2023-10-27 12:27:00+07:00,10.6,10.6,10.5,10.5,1600.0
2023-10-27 12:29:00+07:00,10.6,10.6,10.6,10.6,1100.0
2023-10-27 14:27:00+07:00,10.5,10.5,10.5,10.5,126500.0
2023-10-27 14:28:00+07:00,10.6,10.6,10.6,10.6,100.0
2023-10-27 14:29:00+07:00,10.6,10.6,10.6,10.6,2000.0
2023-10-27 14:30:00+07:00,10.6,10.6,10.6,10.6,1000.0
2023-10-27 14:31:00+07:00,10.5,10.6,10.5,10.6,1400.0
2023-10-27 14:32:00+07:00,10.6,10.6,10.6,10.6,8200.0
2023-10-27 14:34:00+07:00,10.6,10.6,10.6,10.6,100.0
2023-10-27 14:38:00+07:00,10.5,10.6,10.5,10.6,387500.0
2023-10-27 14:39:00+07:00,10.6,10.6,10.6,10.6,30000.0
2023-10-27 14:40:00+07:00,10.6,10.6,10.6,10.6,16300.0
2023-10-27 14:41:00+07:00,10.6,10.6,10.6,10.6,8200.0
2023-10-27 14:42:00+07:00,10.6,10.6,10.6,10.6,1800.0
2023-10-27 14:43:00+07:00,10.5,10.5,10.5,10.5,5700.0
2023-10-27 14:44:00+07:00,10.6,10.6,10.6,10.6,100.0
2023-10-27 14:45:00+07:00,10.6,10.6,10.6,10.6,500.0
2023-10-27 14:46:00+07:00,10.6,10.6,10.6,10.6,100.0
2023-10-27 14:47:00+07:00,10.6,10.6,10.6,10.6,1400.0
2023-10-27 14:48:00+07:00,10.6,10.6,10.6,10.6,2900.0
2023-10-27 14:49:00+07:00,10.6,10.6,10.6,10.6,4000.0
2023-10-27 14:50:00+07:00,10.6,10.6,10.6,10.6,28500.0
2023-10-27 14:51:00+07:00,10.6,10.6,10.6,10.6,6300.0
2023-10-27 14:52:00+07:00,10.6,10.6,10.6,10.6,100.0
2023-10-27 14:53:00+07:00,10.6,10.6,10.6,10.6,400.0
2023-10-27 14:54:00+07:00,10.5,10.6,10.5,10.6,51200.0
2023-10-27 14:55:00+07:00,10.6,10.6,10.6,10.6,23500.0
2023-10-27 14:56:00+07:00,10.6,10.6,10.6,10.6,23200.0
2023-10-27 14:57:00+07:00,10.6,10.7,10.6,10.7,748300.0
2023-10-27 14:58:00+07:00,10.7,10.7,10.6,10.6,400.0
2023-10-27 14:59:00+07:00,10.7,10.7,10.7,10.7,700.0
2023-10-27 15:01:00+07:00,10.7,10.7,10.7,10.7,600.0
2023-10-27 15:02:00+07:00,10.7,10.7,10.7,10.7,700.0
2023-10-27 15:03:00+07:00,10.7,10.7,10.7,10.7,10100.0
2023-10-27 15:04:00+07:00,10.7,10.7,10.7,10.7,100.0
2023-10-27 15:05:00+07:00,10.7,10.7,10.6,10.7,8500.0
2023-10-27 15:06:00+07:00,10.7,10.7,10.7,10.7,9300.0
2023-10-27 15:07:00+07:00,10.7,10.7,10.7,10.7,5400.0
2023-10-27 15:08:00+07:00,10.7,10.7,10.7,10.7,100.0
2023-10-27 15:09:00+07:00,10.7,10.8,10.7,10.8,248000.0
2023-10-27 15:10:00+07:00,10.8,10.8,10.7,10.7,1200.0
2023-10-27 15:11:00+07:00,10.8,10.8,10.8,10.8,20200.0
2023-10-27 15:12:00+07:00,10.8,10.8,10.8,10.8,200.0
2023-10-27 15:17:00+07:00,10.7,10.7,10.7,10.7,2000.0
2023-10-27 15:18:00+07:00,10.7,10.7,10.7,10.7,5100.0
2023-10-27 15:19:00+07:00,10.7,10.7,10.7,10.7,169500.0
2023-10-27 15:20:00+07:00,10.6,10.7,10.6,10.7,143300.0
2023-10-27 15:22:00+07:00,10.7,10.7,10.7,10.7,800.0
2023-10-27 15:23:00+07:00,10.7,10.7,10.7,10.7,3100.0
2023-10-27 15:24:00+07:00,10.8,10.8,10.8,10.8,200.0
2023-10-27 15:27:00+07:00,10.7,10.8,10.7,10.8,7600.0
2023-10-27 15:28:00+07:00,10.7,10.7,10.7,10.7,500.0
2023-10-27 15:29:00+07:00,10.7,10.8,10.7,10.8,1300.0
2023-10-27 15:30:00+07:00,10.7,10.8,10.7,10.8,5300.0
2023-10-27 15:33:00+07:00,10.8,10.8,10.8,10.8,2100.0
2023-10-27 15:34:00+07:00,10.8,10.8,10.8,10.8,200.0
2023-10-27 15:35:00+07:00,10.7,10.7,10.7,10.7,500.0
2023-10-27 15:36:00+07:00,10.7,10.8,10.7,10.8,3900.0
2023-10-27 15:39:00+07:00,10.8,10.8,10.8,10.8,500.0
2023-10-27 15:40:00+07:00,10.7,10.7,10.7,10.7,100.0
2023-10-27 15:44:00+07:00,10.7,10.7,10.7,10.7,5600.0
2023-10-27 15:45:00+07:00,10.7,10.8,10.7,10.8,200.0
2023-10-27 15:46:00+07:00,10.7,10.8,10.7,10.8,800.0
2023-10-27 15:50:00+07:00,10.8,10.8,10.8,10.8,500.0
2023-10-27 15:54:00+07:00,10.7,10.7,10.7,10.7,4000.0
2023-10-27 15:57:00+07:00,10.8,10.8,10.8,10.8,1000.0
2023-10-27 15:58:00+07:00,10.7,10.7,10.7,10.7,3500.0
2023-10-27 16:00:00+07:00,10.7,10.7,10.7,10.7,11200.0
2023-10-27 16:01:00+07:00,10.7,10.7,10.7,10.7,10200.0
2023-10-27 16:02:00+07:00,10.7,10.7,10.7,10.7,2000.0
2023-10-27 16:04:00+07:00,10.7,10.7,10.7,10.7,5000.0
2023-10-27 16:08:00+07:00,10.7,10.7,10.7,10.7,2000.0
2023-10-27 16:10:00+07:00,10.7,10.7,10.7,10.7,1200.0
2023-10-27 16:11:00+07:00,10.8,10.8,10.7,10.7,300.0
2023-10-27 16:13:00+07:00,10.7,10.7,10.7,10.7,1800.0
2023-10-27 16:14:00+07:00,10.8,10.8,10.8,10.8,300.0
2023-10-27 16:16:00+07:00,10.8,10.8,10.8,10.8,500.0
2023-10-27 16:17:00+07:00,10.7,10.8,10.7,10.8,12700.0
2023-10-27 16:19:00+07:00,10.7,10.8,10.7,10.8,95200.0
2023-10-27 16:23:00+07:00,10.7,10.7,10.7,10.7,100000.0
2023-10-27 16:26:00+07:00,10.7,10.8,10.7,10.8,700.0
2023-10-27 16:27:00+07:00,10.7,10.8,10.7,10.7,7500.0
2023-10-27 16:29:00+07:00,10.7,10.8,10.7,10.8,8500.0
2023-10-27 16:38:00+07:00,10.7,10.7,10.7,10.7,830700.0
2023-10-30 09:58:00+07:00,10.6,10.7,10.6,10.7,187200.0
2023-10-30 10:01:00+07:00,10.7,10.8,10.7,10.8,45000.0
2023-10-30 10:02:00+07:00,10.7,10.7,10.7,10.7,300.0
2023-10-30 10:07:00+07:00,10.7,10.7,10.7,10.7,2300.0
2023-10-30 10:08:00+07:00,10.7,10.7,10.7,10.7,400.0
2023-10-30 10:11:00+07:00,10.7,10.7,10.7,10.7,100.0
2023-10-30 10:21:00+07:00,10.7,10.7,10.7,10.7,30000.0
2023-10-30 10:22:00+07:00,10.8,10.8,10.8,10.8,300.0
2023-10-30 10:23:00+07:00,10.8,10.8,10.8,10.8,500.0
2023-10-30 10:25:00+07:00,10.8,10.8,10.8,10.8,100.0
2023-10-30 10:26:00+07:00,10.8,10.8,10.8,10.8,100.0
2023-10-30 10:28:00+07:00,10.8,10.8,10.8,10.8,200.0
2023-10-30 10:29:00+07:00,10.8,10.8,10.8,10.8,200.0
2023-10-30 10:30:00+07:00,10.7,10.8,10.7,10.8,500.0
2023-10-30 10:32:00+07:00,10.8,10.8,10.8,10.8,1000.0
2023-10-30 10:34:00+07:00,10.8,10.8,10.8,10.8,1100.0
2023-10-30 10:35:00+07:00,10.8,10.8,10.8,10.8,200.0
2023-10-30 10:36:00+07:00,10.8,10.8,10.8,10.8,300.0
2023-10-30 10:37:00+07:00,10.8,10.8,10.8,10.8,200.0
2023-10-30 10:39:00+07:00,10.8,10.8,10.8,10.8,600.0
2023-10-30 10:40:00+07:00,10.8,10.8,10.8,10.8,100.0
2023-10-30 10:42:00+07:00,10.8,10.8,10.8,10.8,500.0
2023-10-30 10:43:00+07:00,10.8,10.8,10.8,10.8,100.0
2023-10-30 10:44:00+07:00,10.8,10.8,10.8,10.8,500.0
2023-10-30 10:45:00+07:00,10.8,10.8,10.8,10.8,1000.0
2023-10-30 10:49:00+07:00,10.7,10.7,10.7,10.7,100.0
2023-10-30 10:54:00+07:00,10.8,10.8,10.8,10.8,2000.0
2023-10-30 10:55:00+07:00,10.8,10.8,10.8,10.8,1000.0
2023-10-30 10:56:00+07:00,10.8,10.8,10.8,10.8,100.0
2023-10-30 11:03:00+07:00,10.8,10.8,10.7,10.7,87200.0
2023-10-30 11:04:00+07:00,10.7,10.7,10.6,10.6,220900.0
2023-10-30 11:05:00+07:00,10.7,10.7,10.7,10.7,1100.0
2023-10-30 11:07:00+07:00,10.6,10.6,10.6,10.6,2000.0
2023-10-30 11:08:00+07:00,10.7,10.7,10.7,10.7,1100.0
2023-10-30 11:09:00+07:00,10.7,10.7,10.7,10.7,2500.0
2023-10-30 11:11:00+07:00,10.7,10.7,10.6,10.6,1600.0
2023-10-30 11:13:00+07:00,10.7,10.8,10.7,10.7,97300.0
2023-10-30 11:14:00+07:00,10.8,10.8,10.8,10.8,100.0
2023-10-30 11:15:00+07:00,10.8,10.8,10.8,10.8,100.0
2023-10-30 11:16:00+07:00,10.8,10.8,10.8,10.8,100.0
2023-10-30 11:17:00+07:00,10.8,10.8,10.8,10.8,200.0
2023-10-30 11:18:00+07:00,10.8,10.8,10.8,10.8,100.0
2023-10-30 11:19:00+07:00,10.8,10.8,10.8,10.8,200.0
2023-10-30 11:20:00+07:00,10.8,10.8,10.8,10.8,300.0
2023-10-30 11:21:00+07:00,10.8,10.8,10.8,10.8,100.0
2023-10-30 11:22:00+07:00,10.7,10.8,10.7,10.8,2900.0
2023-10-30 11:24:00+07:00,10.8,10.8,10.7,10.7,1200.0
2023-10-30 11:26:00+07:00,10.7,10.7,10.7,10.7,300.0
2023-10-30 11:38:00+07:00,10.7,10.7,10.7,10.7,5800.0
2023-10-30 11:39:00+07:00,10.7,10.7,10.7,10.7,43100.0
2023-10-30 11:40:00+07:00,10.7,10.7,10.7,10.7,100.0
2023-10-30 11:41:00+07:00,10.7,10.7,10.7,10.7,200.0
2023-10-30 11:42:00+07:00,10.7,10.7,10.7,10.7,400.0
2023-10-30 11:45:00+07:00,10.8,10.8,10.8,10.8,500.0
2023-10-30 11:50:00+07:00,10.7,10.7,10.7,10.7,100.0
2023-10-30 11:51:00+07:00,10.7,10.7,10.7,10.7,30000.0
2023-10-30 12:01:00+07:00,10.7,10.7,10.7,10.7,1000.0
2023-10-30 12:09:00+07:00,10.7,10.7,10.7,10.7,100.0
2023-10-30 12:12:00+07:00,10.7,10.8,10.7,10.7,3000.0
2023-10-30 12:15:00+07:00,10.7,10.7,10.7,10.7,500.0
2023-10-30 12:18:00+07:00,10.7,10.7,10.7,10.7,100.0
2023-10-30 12:25:00+07:00,10.7,10.7,10.7,10.7,100.0
2023-10-30 12:26:00+07:00,10.7,10.7,10.7,10.7,1300.0
2023-10-30 12:29:00+07:00,10.8,10.8,10.8,10.8,1000.0
2023-10-30 14:25:00+07:00,10.8,10.8,10.8,10.8,75900.0
2023-10-30 14:30:00+07:00,10.7,10.7,10.7,10.7,500.0
2023-10-30 14:36:00+07:00,10.8,10.8,10.8,10.8,235600.0
2023-10-30 14:39:00+07:00,10.9,10.9,10.9,10.9,20000.0
2023-10-30 14:40:00+07:00,10.9,10.9,10.9,10.9,2000.0
2023-10-30 14:43:00+07:00,10.8,10.8,10.8,10.8,373400.0
2023-10-30 14:44:00+07:00,10.8,10.8,10.8,10.8,91600.0
2023-10-30 14:45:00+07:00,10.8,10.8,10.8,10.8,100.0
2023-10-30 14:46:00+07:00,10.8,10.8,10.8,10.8,4000.0
2023-10-30 14:49:00+07:00,10.9,10.9,10.8,10.8,1700.0
2023-10-30 14:50:00+07:00,10.8,10.8,10.8,10.8,2500.0
2023-10-30 14:52:00+07:00,10.8,10.8,10.8,10.8,1000.0
2023-10-30 14:54:00+07:00,10.8,10.9,10.8,10.8,2400.0
2023-10-30 15:00:00+07:00,10.8,10.8,10.8,10.8,2600.0
2023-10-30 15:02:00+07:00,10.9,10.9,10.8,10.8,1200.0
2023-10-30 15:07:00+07:00,10.8,10.8,10.8,10.8,1000.0
2023-10-30 15:10:00+07:00,10.8,10.8,10.8,10.8,100.0
2023-10-30 15:13:00+07:00,10.8,10.8,10.8,10.8,1400.0
2023-10-30 15:17:00+07:00,10.8,10.8,10.8,10.8,600.0
2023-10-30 15:18:00+07:00,10.9,10.9,10.9,10.9,150000.0
2023-10-30 15:25:00+07:00,10.8,10.8,10.8,10.8,1000.0
2023-10-30 15:34:00+07:00,10.9,10.9,10.9,10.9,5000.0
2023-10-30 15:36:00+07:00,10.9,10.9,10.8,10.8,2200.0
2023-10-30 15:39:00+07:00,10.9,10.9,10.9,10.9,200.0
2023-10-30 15:44:00+07:00,10.8,10.9,10.8,10.9,1500.0
2023-10-30 15:58:00+07:00,10.9,10.9,10.9,10.9,400.0
2023-10-30 16:08:00+07:00,10.9,10.9,10.9,10.9,1000.0
2023-10-30 16:09:00+07:00,10.8,10.8,10.8,10.8,1800.0
2023-10-30 16:10:00+07:00,10.8,10.8,10.8,10.8,100.0
2023-10-30 16:14:00+07:00,10.8,10.8,10.8,10.8,4000.0
2023-10-30 16:15:00+07:00,10.9,10.9,10.9,10.9,500.0
2023-10-30 16:16:00+07:00,10.8,10.9,10.8,10.8,4500.0
2023-10-30 16:18:00+07:00,10.8,10.8,10.8,10.8,500.0
2023-10-30 16:19:00+07:00,10.9,10.9,10.9,10.9,344200.0
2023-10-30 16:20:00+07:00,10.9,10.9,10.9,10.9,201800.0
2023-10-30 16:21:00+07:00,10.9,10.9,10.9,10.9,1000.0
2023-10-30 16:22:00+07:00,10.9,10.9,10.9,10.9,8000.0
2023-10-30 16:25:00+07:00,10.9,10.9,10.9,10.9,20100.0
2023-10-30 16:26:00+07:00,10.9,11.0,10.9,11.0,197700.0
2023-10-30 16:27:00+07:00,10.9,10.9,10.9,10.9,45100.0
2023-10-30 16:28:00+07:00,11.0,11.0,10.9,10.9,22300.0
2023-10-30 16:29:00+07:00,10.9,11.0,10.9,11.0,1200.0
2023-10-30 16:30:00+07:00,11.0,11.0,11.0,11.0,300.0
2023-10-30 16:37:00+07:00,11.0,11.0,11.0,11.0,772900.0
2023-10-31 09:55:00+07:00,11.1,11.1,11.1,11.1,314600.0
2023-10-31 09:56:00+07:00,11.1,11.1,11.1,11.1,82500.0
2023-10-31 09:59:00+07:00,11.1,11.1,11.1,11.1,332000.0
2023-10-31 10:00:00+07:00,11.1,11.1,11.1,11.1,25800.0
2023-10-31 10:01:00+07:00,11.1,11.1,11.1,11.1,12100.0
2023-10-31 10:02:00+07:00,11.1,11.2,11.1,11.1,5000.0
2023-10-31 10:03:00+07:00,11.2,11.2,11.1,11.1,5600.0
2023-10-31 10:04:00+07:00,11.1,11.1,11.1,11.1,1200.0
2023-10-31 10:05:00+07:00,11.1,11.1,11.0,11.1,176900.0
2023-10-31 10:06:00+07:00,11.0,11.1,11.0,11.0,2400.0
2023-10-31 10:07:00+07:00,11.0,11.1,11.0,11.1,19900.0
2023-10-31 10:08:00+07:00,11.0,11.0,11.0,11.0,2200.0
2023-10-31 10:09:00+07:00,11.0,11.1,11.0,11.0,2600.0
2023-10-31 10:10:00+07:00,11.0,11.1,11.0,11.1,3000.0
2023-10-31 10:11:00+07:00,11.0,11.0,11.0,11.0,2900.0
2023-10-31 10:12:00+07:00,11.0,11.1,11.0,11.0,2700.0
2023-10-31 10:14:00+07:00,11.1,11.1,11.1,11.1,700.0
2023-10-31 10:16:00+07:00,11.0,11.0,11.0,11.0,100.0
2023-10-31 10:19:00+07:00,11.1,11.1,11.1,11.1,100.0
2023-10-31 10:23:00+07:00,11.1,11.1,11.1,11.1,1300.0
2023-10-31 10:24:00+07:00,11.0,11.0,11.0,11.0,200.0
2023-10-31 10:25:00+07:00,11.0,11.0,11.0,11.0,100.0
2023-10-31 10:29:00+07:00,11.0,11.0,11.0,11.0,473200.0
2023-10-31 10:30:00+07:00,10.9,11.0,10.9,10.9,35700.0
2023-10-31 10:31:00+07:00,10.9,10.9,10.9,10.9,1200.0
2023-10-31 10:32:00+07:00,11.0,11.0,10.9,10.9,5300.0
2023-10-31 10:33:00+07:00,10.9,10.9,10.9,10.9,698800.0
2023-10-31 10:34:00+07:00,10.9,10.9,10.9,10.9,21300.0
2023-10-31 10:35:00+07:00,10.9,10.9,10.9,10.9,1200.0
2023-10-31 10:37:00+07:00,10.9,10.9,10.9,10.9,160800.0
2023-10-31 10:39:00+07:00,10.9,10.9,10.9,10.9,500.0
2023-10-31 10:40:00+07:00,10.9,10.9,10.9,10.9,2000.0
2023-10-31 10:41:00+07:00,10.9,10.9,10.9,10.9,3500.0
2023-10-31 10:47:00+07:00,10.9,10.9,10.9,10.9,363000.0
2023-10-31 10:48:00+07:00,10.8,10.8,10.8,10.8,1000.0
2023-10-31 10:49:00+07:00,10.8,10.8,10.8,10.8,400.0
2023-10-31 10:50:00+07:00,10.8,10.9,10.8,10.8,1700.0
2023-10-31 10:51:00+07:00,10.8,10.9,10.8,10.9,20600.0
2023-10-31 10:52:00+07:00,10.8,10.8,10.8,10.8,200.0
2023-10-31 10:53:00+07:00,10.9,10.9,10.9,10.9,10000.0
2023-10-31 10:54:00+07:00,10.9,10.9,10.9,10.9,100.0
2023-10-31 10:56:00+07:00,10.9,10.9,10.9,10.9,22400.0
2023-10-31 10:57:00+07:00,10.9,10.9,10.9,10.9,281600.0
2023-10-31 10:58:00+07:00,10.9,11.0,10.9,11.0,1400.0
2023-10-31 11:01:00+07:00,11.0,11.0,10.9,10.9,400.0
2023-10-31 11:03:00+07:00,10.9,10.9,10.9,10.9,1600.0
2023-10-31 11:05:00+07:00,10.9,10.9,10.8,10.8,296600.0
2023-10-31 11:06:00+07:00,10.8,10.8,10.8,10.8,2700.0
2023-10-31 11:07:00+07:00,10.8,10.8,10.8,10.8,900.0
2023-10-31 11:08:00+07:00,10.8,10.8,10.8,10.8,700.0
2023-10-31 11:09:00+07:00,10.8,10.9,10.8,10.9,128800.0
2023-10-31 11:10:00+07:00,10.9,10.9,10.9,10.9,22700.0
2023-10-31 11:11:00+07:00,10.9,10.9,10.9,10.9,21800.0
2023-10-31 11:12:00+07:00,10.9,10.9,10.9,10.9,8300.0
2023-10-31 11:13:00+07:00,10.9,10.9,10.9,10.9,300700.0
2023-10-31 11:14:00+07:00,10.9,10.9,10.8,10.9,240500.0
2023-10-31 11:15:00+07:00,10.9,10.9,10.9,10.9,100.0
2023-10-31 11:16:00+07:00,10.8,10.8,10.8,10.8,200.0
2023-10-31 11:17:00+07:00,10.8,10.8,10.8,10.8,200.0
2023-10-31 11:18:00+07:00,10.9,10.9,10.8,10.8,200.0
2023-10-31 11:19:00+07:00,10.8,10.8,10.8,10.8,200.0
2023-10-31 11:20:00+07:00,10.8,10.8,10.8,10.8,100.0
2023-10-31 11:21:00+07:00,10.8,10.8,10.8,10.8,200.0
2023-10-31 11:22:00+07:00,10.9,10.9,10.8,10.8,30100.0
2023-10-31 11:24:00+07:00,10.9,10.9,10.9,10.9,300.0
2023-10-31 11:27:00+07:00,10.9,10.9,10.9,10.9,400.0
2023-10-31 11:29:00+07:00,10.8,10.9,10.8,10.9,9600.0
2023-10-31 11:30:00+07:00,10.9,10.9,10.9,10.9,28600.0
2023-10-31 11:32:00+07:00,10.9,10.9,10.9,10.9,5000.0
2023-10-31 11:36:00+07:00,10.9,10.9,10.9,10.9,1000.0
2023-10-31 11:41:00+07:00,10.9,10.9,10.9,10.9,100.0
2023-10-31 11:42:00+07:00,10.9,10.9,10.9,10.9,100.0
2023-10-31 11:43:00+07:00,10.9,10.9,10.9,10.9,1000.0
2023-10-31 11:44:00+07:00,10.9,10.9,10.9,10.9,3000.0
2023-10-31 11:46:00+07:00,10.8,10.8,10.8,10.8,20000.0
2023-10-31 11:51:00+07:00,10.9,10.9,10.9,10.9,493600.0
2023-10-31 11:57:00+07:00,10.9,10.9,10.9,10.9,200.0
2023-10-31 11:59:00+07:00,10.9,10.9,10.9,10.9,900.0
2023-10-31 12:00:00+07:00,10.8,10.8,10.8,10.8,2000.0
2023-10-31 12:01:00+07:00,10.9,10.9,10.9,10.9,5000.0
2023-10-31 12:02:00+07:00,10.9,10.9,10.9,10.9,1000.0
2023-10-31 12:04:00+07:00,10.9,10.9,10.9,10.9,11700.0
2023-10-31 12:05:00+07:00,10.9,10.9,10.9,10.9,30000.0
2023-10-31 12:06:00+07:00,10.9,10.9,10.9,10.9,6500.0
2023-10-31 12:09:00+07:00,10.9,10.9,10.9,10.9,271000.0
2023-10-31 12:13:00+07:00,10.9,10.9,10.9,10.9,500.0
2023-10-31 12:14:00+07:00,10.9,10.9,10.9,10.9,1400.0
2023-10-31 12:18:00+07:00,10.9,10.9,10.9,10.9,1000.0
2023-10-31 12:19:00+07:00,10.9,10.9,10.9,10.9,50000.0
2023-10-31 12:21:00+07:00,10.9,10.9,10.9,10.9,100.0
2023-10-31 12:23:00+07:00,10.9,10.9,10.9,10.9,50000.0
2023-10-31 12:26:00+07:00,10.9,10.9,10.9,10.9,70900.0
2023-10-31 12:27:00+07:00,10.9,10.9,10.9,10.9,162700.0
2023-10-31 12:28:00+07:00,10.9,11.0,10.9,11.0,152800.0
2023-10-31 12:29:00+07:00,10.9,11.0,10.9,11.0,22600.0
2023-10-31 14:26:00+07:00,10.9,10.9,10.9,10.9,132600.0
2023-10-31 14:27:00+07:00,10.9,10.9,10.9,10.9,1200.0
2023-10-31 14:31:00+07:00,10.9,10.9,10.9,10.9,26100.0
2023-10-31 14:32:00+07:00,10.9,10.9,10.9,10.9,13800.0
2023-10-31 14:33:00+07:00,10.9,10.9,10.9,10.9,11800.0
2023-10-31 14:34:00+07:00,10.9,10.9,10.9,10.9,21400.0
2023-10-31 14:35:00+07:00,10.9,10.9,10.9,10.9,15600.0
2023-10-31 14:37:00+07:00,10.9,10.9,10.9,10.9,1600.0
2023-10-31 14:38:00+07:00,10.9,10.9,10.9,10.9,6800.0
2023-10-31 14:39:00+07:00,10.9,10.9,10.9,10.9,265500.0
2023-10-31 14:41:00+07:00,10.9,10.9,10.9,10.9,30000.0
2023-10-31 14:42:00+07:00,10.9,10.9,10.9,10.9,9700.0
2023-10-31 14:43:00+07:00,10.9,10.9,10.9,10.9,21800.0
2023-10-31 14:44:00+07:00,10.9,10.9,10.9,10.9,31400.0
2023-10-31 14:45:00+07:00,11.0,11.0,10.9,10.9,21800.0
2023-10-31 14:46:00+07:00,10.9,10.9,10.9,10.9,22100.0
2023-10-31 14:47:00+07:00,10.9,10.9,10.9,10.9,21800.0
2023-10-31 14:48:00+07:00,10.9,10.9,10.9,10.9,5800.0
2023-10-31 14:49:00+07:00,10.9,10.9,10.9,10.9,8600.0
2023-10-31 14:50:00+07:00,10.9,10.9,10.9,10.9,9800.0
2023-10-31 14:51:00+07:00,10.9,10.9,10.9,10.9,2500.0
2023-10-31 14:52:00+07:00,10.9,10.9,10.9,10.9,1300.0
2023-10-31 14:53:00+07:00,10.9,10.9,10.9,10.9,400.0
2023-10-31 14:54:00+07:00,10.9,10.9,10.9,10.9,2300.0
2023-10-31 14:56:00+07:00,10.9,10.9,10.9,10.9,600.0
2023-10-31 14:58:00+07:00,10.9,10.9,10.9,10.9,100.0
2023-10-31 14:59:00+07:00,10.9,10.9,10.9,10.9,100.0
2023-10-31 15:00:00+07:00,10.9,10.9,10.9,10.9,200.0
2023-10-31 15:09:00+07:00,11.0,11.0,11.0,11.0,8800.0
2023-10-31 15:13:00+07:00,10.9,10.9,10.9,10.9,100.0
2023-10-31 15:16:00+07:00,11.0,11.0,11.0,11.0,1900.0
2023-10-31 15:17:00+07:00,11.0,11.0,11.0,11.0,2800.0
2023-10-31 15:20:00+07:00,11.0,11.0,11.0,11.0,2600.0
2023-10-31 15:21:00+07:00,11.0,11.0,11.0,11.0,2700.0
2023-10-31 15:22:00+07:00,11.0,11.0,11.0,11.0,6800.0
2023-10-31 15:29:00+07:00,11.0,11.0,11.0,11.0,726500.0
2023-10-31 15:30:00+07:00,11.1,11.1,11.1,11.1,1900.0
2023-10-31 15:32:00+07:00,11.1,11.1,11.1,11.1,1800.0
2023-10-31 15:33:00+07:00,11.0,11.0,11.0,11.0,100.0
2023-10-31 15:34:00+07:00,11.0,11.1,11.0,11.0,2000.0
2023-10-31 15:35:00+07:00,11.0,11.0,11.0,11.0,100.0
2023-10-31 15:36:00+07:00,11.1,11.1,11.0,11.0,2600.0
2023-10-31 15:37:00+07:00,11.0,11.1,11.0,11.0,1300.0
2023-10-31 15:38:00+07:00,11.1,11.1,11.0,11.0,2100.0
2023-10-31 15:39:00+07:00,11.0,11.1,11.0,11.0,6900.0
2023-10-31 15:40:00+07:00,11.0,11.0,11.0,11.0,500.0
2023-10-31 15:42:00+07:00,11.0,11.0,11.0,11.0,3200.0
2023-10-31 15:43:00+07:00,11.0,11.0,11.0,11.0,400.0
2023-10-31 15:44:00+07:00,11.0,11.0,11.0,11.0,600.0
2023-10-31 15:46:00+07:00,11.0,11.1,11.0,11.1,109600.0
2023-10-31 15:47:00+07:00,11.0,11.1,11.0,11.0,2600.0
2023-10-31 15:48:00+07:00,11.1,11.1,11.1,11.1,2400.0
2023-10-31 15:49:00+07:00,11.1,11.1,11.0,11.0,12400.0
2023-10-31 15:50:00+07:00,11.1,11.1,11.0,11.1,3800.0
2023-10-31 15:51:00+07:00,11.0,11.1,11.0,11.0,8400.0
2023-10-31 15:52:00+07:00,11.0,11.1,11.0,11.0,5200.0
2023-10-31 15:53:00+07:00,11.1,11.1,11.0,11.1,3600.0
2023-10-31 15:54:00+07:00,11.0,11.1,11.0,11.1,7600.0
2023-10-31 15:55:00+07:00,11.0,11.1,11.0,11.1,2900.0
2023-10-31 15:56:00+07:00,11.1,11.1,11.1,11.1,5500.0
2023-10-31 15:57:00+07:00,11.1,11.1,11.0,11.0,7500.0
2023-10-31 15:58:00+07:00,11.1,11.1,11.0,11.1,3500.0
2023-10-31 15:59:00+07:00,11.0,11.1,11.0,11.1,4300.0
2023-10-31 16:00:00+07:00,11.0,11.1,11.0,11.1,2500.0
2023-10-31 16:01:00+07:00,11.0,11.1,11.0,11.1,2000.0
2023-10-31 16:02:00+07:00,11.0,11.1,11.0,11.0,13800.0
2023-10-31 16:04:00+07:00,11.1,11.1,11.1,11.1,200.0
2023-10-31 16:06:00+07:00,11.1,11.1,11.1,11.1,952300.0
2023-10-31 16:07:00+07:00,11.0,11.0,11.0,11.0,5000.0
2023-10-31 16:09:00+07:00,11.0,11.0,11.0,11.0,100.0
2023-10-31 16:14:00+07:00,11.1,11.1,11.1,11.1,100.0
2023-10-31 16:16:00+07:00,11.1,11.1,11.1,11.1,300.0
2023-10-31 16:17:00+07:00,11.0,11.0,11.0,11.0,1000.0
2023-10-31 16:18:00+07:00,11.0,11.0,11.0,11.0,2500.0
2023-10-31 16:21:00+07:00,11.0,11.0,11.0,11.0,500.0
2023-10-31 16:22:00+07:00,11.0,11.0,11.0,11.0,17100.0
2023-10-31 16:24:00+07:00,11.0,11.0,11.0,11.0,10500.0
2023-10-31 16:26:00+07:00,11.1,11.1,11.1,11.1,500.0
2023-10-31 16:27:00+07:00,11.1,11.1,11.1,11.1,195600.0
2023-10-31 16:28:00+07:00,11.0,11.1,11.0,11.0,55100.0
2023-10-31 16:29:00+07:00,11.0,11.1,11.0,11.1,25800.0
2023-10-31 16:35:00+07:00,11.1,11.1,11.1,11.1,1520000.0
2023-11-01 09:56:00+07:00,11.0,11.1,11.0,11.1,128500.0
2023-11-01 09:57:00+07:00,11.1,11.1,11.1,11.1,200.0
2023-11-01 10:00:00+07:00,11.0,11.0,11.0,11.0,118900.0
2023-11-01 10:01:00+07:00,11.0,11.0,10.9,10.9,6000.0
2023-11-01 10:02:00+07:00,10.9,10.9,10.9,10.9,100.0
2023-11-01 10:04:00+07:00,10.9,10.9,10.9,10.9,400.0
2023-11-01 10:06:00+07:00,10.9,10.9,10.9,10.9,10000.0
2023-11-01 10:08:00+07:00,11.0,11.0,11.0,11.0,4700.0
2023-11-01 10:09:00+07:00,11.0,11.0,11.0,11.0,8100.0
2023-11-01 10:13:00+07:00,11.0,11.0,11.0,11.0,1000.0
2023-11-01 10:14:00+07:00,11.0,11.0,11.0,11.0,1000.0
2023-11-01 10:16:00+07:00,11.0,11.0,10.9,10.9,200.0
2023-11-01 10:17:00+07:00,10.9,10.9,10.9,10.9,2000.0
2023-11-01 10:19:00+07:00,10.9,10.9,10.9,10.9,3600.0
2023-11-01 10:20:00+07:00,10.9,10.9,10.9,10.9,2000.0
2023-11-01 10:21:00+07:00,11.0,11.0,11.0,11.0,200.0
2023-11-01 10:25:00+07:00,11.0,11.0,11.0,11.0,10000.0
2023-11-01 10:26:00+07:00,11.0,11.0,11.0,11.0,300.0
2023-11-01 10:27:00+07:00,11.0,11.0,11.0,11.0,15200.0
2023-11-01 10:28:00+07:00,11.0,11.0,11.0,11.0,500.0
2023-11-01 10:29:00+07:00,11.0,11.0,11.0,11.0,500.0
2023-11-01 10:30:00+07:00,11.0,11.0,10.9,10.9,800.0
2023-11-01 10:32:00+07:00,11.0,11.0,11.0,11.0,100.0
2023-11-01 10:33:00+07:00,11.0,11.0,11.0,11.0,500.0
2023-11-01 10:35:00+07:00,10.9,10.9,10.9,10.9,4000.0
2023-11-01 10:36:00+07:00,11.0,11.0,11.0,11.0,10100.0
2023-11-01 10:37:00+07:00,11.0,11.0,11.0,11.0,1000.0
2023-11-01 10:38:00+07:00,11.0,11.0,11.0,11.0,1400.0
2023-11-01 10:39:00+07:00,11.0,11.0,11.0,11.0,4500.0
2023-11-01 10:41:00+07:00,11.0,11.0,11.0,11.0,1000.0
2023-11-01 10:43:00+07:00,11.0,11.0,11.0,11.0,300.0
2023-11-01 10:46:00+07:00,11.0,11.0,11.0,11.0,1200.0
2023-11-01 10:48:00+07:00,11.0,11.0,11.0,11.0,2300.0
2023-11-01 10:50:00+07:00,11.0,11.0,11.0,11.0,3200.0
2023-11-01 10:52:00+07:00,10.9,11.0,10.9,11.0,400.0
2023-11-01 10:53:00+07:00,10.9,10.9,10.9,10.9,400.0
2023-11-01 10:54:00+07:00,10.9,10.9,10.9,10.9,5000.0
2023-11-01 10:56:00+07:00,10.9,10.9,10.9,10.9,200.0
2023-11-01 11:00:00+07:00,10.9,10.9,10.9,10.9,241300.0
2023-11-01 11:02:00+07:00,10.8,10.8,10.8,10.8,300.0
2023-11-01 11:03:00+07:00,10.9,10.9,10.8,10.8,1200.0
2023-11-01 11:04:00+07:00,10.9,10.9,10.9,10.9,25100.0
2023-11-01 11:08:00+07:00,10.9,10.9,10.9,10.9,365100.0
2023-11-01 11:09:00+07:00,10.9,10.9,10.9,10.9,44400.0
2023-11-01 11:10:00+07:00,11.0,11.0,10.9,10.9,22800.0
2023-11-01 11:11:00+07:00,10.9,10.9,10.9,10.9,24500.0
2023-11-01 11:13:00+07:00,10.9,10.9,10.8,10.9,190000.0
2023-11-01 11:14:00+07:00,10.8,10.8,10.8,10.8,400.0
2023-11-01 11:15:00+07:00,10.8,10.8,10.8,10.8,800.0
2023-11-01 11:16:00+07:00,10.8,10.8,10.8,10.8,300.0
2023-11-01 11:17:00+07:00,10.8,10.8,10.8,10.8,800.0
2023-11-01 11:18:00+07:00,10.8,10.8,10.8,10.8,400.0
2023-11-01 11:19:00+07:00,10.8,10.8,10.8,10.8,400.0
2023-11-01 11:20:00+07:00,10.8,10.8,10.8,10.8,3700.0
2023-11-01 11:21:00+07:00,10.8,10.8,10.8,10.8,100600.0
2023-11-01 11:22:00+07:00,10.8,10.9,10.8,10.9,2800.0
2023-11-01 11:26:00+07:00,10.9,10.9,10.8,10.8,3000.0
2023-11-01 11:28:00+07:00,10.9,10.9,10.9,10.9,1000.0
2023-11-01 11:29:00+07:00,10.9,10.9,10.8,10.8,200.0
2023-11-01 11:31:00+07:00,10.9,10.9,10.9,10.9,6000.0
2023-11-01 11:32:00+07:00,10.8,10.8,10.8,10.8,3800.0
2023-11-01 11:34:00+07:00,10.9,10.9,10.9,10.9,100.0
2023-11-01 11:37:00+07:00,10.9,10.9,10.9,10.9,2000.0
2023-11-01 11:43:00+07:00,10.9,10.9,10.9,10.9,1400.0
2023-11-01 11:47:00+07:00,10.9,10.9,10.9,10.9,6000.0
2023-11-01 11:48:00+07:00,10.9,10.9,10.9,10.9,500.0
2023-11-01 11:51:00+07:00,10.9,10.9,10.9,10.9,5000.0
2023-11-01 11:52:00+07:00,10.9,10.9,10.9,10.9,31500.0
2023-11-01 11:53:00+07:00,10.9,10.9,10.9,10.9,1000.0
2023-11-01 11:54:00+07:00,10.9,10.9,10.9,10.9,10200.0
2023-11-01 11:57:00+07:00,10.9,10.9,10.9,10.9,1400.0
2023-11-01 12:00:00+07:00,10.9,10.9,10.9,10.9,14000.0
2023-11-01 12:01:00+07:00,10.9,10.9,10.9,10.9,471800.0
2023-11-01 12:02:00+07:00,10.9,10.9,10.9,10.9,27900.0
2023-11-01 12:03:00+07:00,10.9,10.9,10.9,10.9,18100.0
2023-11-01 12:05:00+07:00,10.9,10.9,10.9,10.9,2800.0
2023-11-01 12:07:00+07:00,11.0,11.0,11.0,11.0,1600.0
2023-11-01 12:08:00+07:00,11.0,11.0,11.0,11.0,3600.0
2023-11-01 12:09:00+07:00,11.0,11.0,11.0,11.0,3600.0
2023-11-01 12:10:00+07:00,11.0,11.0,11.0,11.0,3200.0
2023-11-01 12:11:00+07:00,11.0,11.0,11.0,11.0,73200.0
2023-11-01 12:12:00+07:00,11.0,11.0,11.0,11.0,3200.0
2023-11-01 12:13:00+07:00,11.0,11.0,11.0,11.0,1600.0
2023-11-01 12:15:00+07:00,10.9,10.9,10.9,10.9,100.0
2023-11-01 12:19:00+07:00,11.0,11.0,11.0,11.0,10000.0
2023-11-01 12:20:00+07:00,11.0,11.0,11.0,11.0,100.0
2023-11-01 12:21:00+07:00,11.0,11.0,11.0,11.0,3200.0
2023-11-01 12:22:00+07:00,11.0,11.0,10.9,10.9,600.0
2023-11-01 12:23:00+07:00,10.9,10.9,10.9,10.9,5400.0
2023-11-01 12:25:00+07:00,10.9,10.9,10.9,10.9,35500.0
2023-11-01 12:26:00+07:00,10.9,10.9,10.9,10.9,6400.0
2023-11-01 12:27:00+07:00,10.9,10.9,10.9,10.9,5700.0
2023-11-01 12:28:00+07:00,10.9,10.9,10.9,10.9,5900.0
2023-11-01 12:29:00+07:00,10.9,11.0,10.9,10.9,17400.0
2023-11-01 14:29:00+07:00,10.9,10.9,10.9,10.9,31200.0
2023-11-01 14:30:00+07:00,10.8,10.9,10.8,10.9,3600.0
2023-11-01 14:31:00+07:00,10.8,10.8,10.8,10.8,5600.0
2023-11-01 14:32:00+07:00,10.8,10.8,10.8,10.8,6300.0
2023-11-01 14:33:00+07:00,10.8,10.8,10.8,10.8,6300.0
2023-11-01 14:34:00+07:00,10.8,10.9,10.8,10.9,5800.0
2023-11-01 14:35:00+07:00,10.8,10.9,10.8,10.9,8200.0
2023-11-01 14:36:00+07:00,10.8,10.9,10.8,10.9,7100.0
2023-11-01 14:37:00+07:00,10.8,10.9,10.8,10.9,9700.0
2023-11-01 14:38:00+07:00,10.8,10.9,10.8,10.9,9200.0
2023-11-01 14:39:00+07:00,10.8,10.9,10.8,10.9,9400.0
2023-11-01 14:40:00+07:00,10.8,10.9,10.8,10.9,9000.0
2023-11-01 14:41:00+07:00,10.8,10.9,10.8,10.9,8800.0
2023-11-01 14:42:00+07:00,10.8,10.9,10.8,10.9,7300.0
2023-11-01 14:43:00+07:00,10.8,10.9,10.8,10.9,7000.0
2023-11-01 14:44:00+07:00,10.8,10.8,10.8,10.8,6600.0
2023-11-01 14:45:00+07:00,10.9,10.9,10.8,10.8,5900.0
2023-11-01 14:46:00+07:00,10.8,10.8,10.8,10.8,5900.0
2023-11-01 14:47:00+07:00,10.8,10.9,10.8,10.9,6000.0
2023-11-01 14:48:00+07:00,10.8,10.8,10.8,10.8,6400.0
2023-11-01 14:49:00+07:00,10.8,10.8,10.8,10.8,5800.0
2023-11-01 14:50:00+07:00,10.8,10.8,10.8,10.8,6800.0
2023-11-01 14:51:00+07:00,10.8,10.8,10.8,10.8,15600.0
2023-11-01 14:52:00+07:00,10.8,10.8,10.8,10.8,5900.0
2023-11-01 14:53:00+07:00,10.8,10.8,10.8,10.8,15700.0
2023-11-01 14:54:00+07:00,10.8,10.9,10.8,10.9,6200.0
2023-11-01 14:55:00+07:00,10.8,10.8,10.8,10.8,6600.0
2023-11-01 14:56:00+07:00,10.8,10.8,10.8,10.8,6600.0
2023-11-01 14:57:00+07:00,10.8,10.8,10.8,10.8,6700.0
2023-11-01 14:58:00+07:00,10.8,10.8,10.8,10.8,6400.0
2023-11-01 14:59:00+07:00,10.8,10.9,10.8,10.9,7000.0
2023-11-01 15:00:00+07:00,10.8,10.8,10.8,10.8,6400.0
2023-11-01 15:01:00+07:00,10.8,10.8,10.8,10.8,6800.0
2023-11-01 15:02:00+07:00,10.8,10.8,10.8,10.8,6000.0
2023-11-01 15:03:00+07:00,10.8,10.8,10.8,10.8,16400.0
2023-11-01 15:04:00+07:00,10.8,10.8,10.8,10.8,5700.0
2023-11-01 15:05:00+07:00,10.8,10.8,10.8,10.8,5900.0
2023-11-01 15:06:00+07:00,10.8,10.8,10.8,10.8,6100.0
2023-11-01 15:07:00+07:00,10.8,10.8,10.8,10.8,6700.0
2023-11-01 15:08:00+07:00,10.8,10.8,10.8,10.8,6800.0
2023-11-01 15:09:00+07:00,10.8,10.8,10.8,10.8,6700.0
2023-11-01 15:10:00+07:00,10.8,10.8,10.8,10.8,6500.0
2023-11-01 15:11:00+07:00,10.8,10.8,10.8,10.8,6600.0
2023-11-01 15:12:00+07:00,10.8,10.8,10.8,10.8,6600.0
2023-11-01 15:13:00+07:00,10.8,10.9,10.8,10.9,6000.0
2023-11-01 15:14:00+07:00,10.8,10.8,10.8,10.8,6100.0
2023-11-01 15:15:00+07:00,10.8,10.8,10.8,10.8,5900.0
2023-11-01 15:16:00+07:00,10.8,10.8,10.8,10.8,5800.0
2023-11-01 15:17:00+07:00,10.8,10.8,10.8,10.8,5900.0
2023-11-01 15:18:00+07:00,10.8,10.8,10.8,10.8,6700.0
2023-11-01 15:19:00+07:00,10.8,10.8,10.8,10.8,6000.0
2023-11-01 15:20:00+07:00,10.8,10.8,10.8,10.8,6400.0
2023-11-01 15:21:00+07:00,10.8,10.8,10.8,10.8,6900.0
2023-11-01 15:22:00+07:00,10.8,10.8,10.8,10.8,5600.0
2023-11-01 15:23:00+07:00,10.8,10.8,10.8,10.8,8700.0
2023-11-01 15:24:00+07:00,10.8,10.8,10.8,10.8,5800.0
2023-11-01 15:25:00+07:00,10.8,10.9,10.8,10.9,7600.0
2023-11-01 15:26:00+07:00,10.8,10.8,10.8,10.8,6200.0
2023-11-01 15:27:00+07:00,10.8,10.8,10.8,10.8,10800.0
2023-11-01 15:28:00+07:00,10.8,10.8,10.8,10.8,6600.0
2023-11-01 15:29:00+07:00,10.8,10.9,10.8,10.9,6500.0
2023-11-01 15:30:00+07:00,10.8,10.9,10.8,10.9,5800.0
2023-11-01 15:31:00+07:00,10.8,10.8,10.8,10.8,6400.0
2023-11-01 15:32:00+07:00,10.8,10.9,10.8,10.9,6600.0
2023-11-01 15:33:00+07:00,10.8,10.8,10.8,10.8,6600.0
2023-11-01 15:34:00+07:00,10.8,10.8,10.8,10.8,6900.0
2023-11-01 15:35:00+07:00,10.8,10.8,10.8,10.8,6000.0
2023-11-01 15:36:00+07:00,10.8,10.9,10.8,10.9,7100.0
2023-11-01 15:37:00+07:00,10.8,10.8,10.8,10.8,6500.0
2023-11-01 15:38:00+07:00,10.8,10.8,10.8,10.8,6300.0
2023-11-01 15:39:00+07:00,10.8,10.8,10.8,10.8,7000.0
2023-11-01 15:40:00+07:00,10.8,10.8,10.8,10.8,56600.0
2023-11-01 15:41:00+07:00,10.8,10.8,10.8,10.8,7200.0
2023-11-01 15:42:00+07:00,10.8,10.8,10.7,10.7,273800.0
2023-11-01 15:43:00+07:00,10.7,10.7,10.7,10.7,5700.0
2023-11-01 15:44:00+07:00,10.7,10.7,10.7,10.7,5800.0
2023-11-01 15:45:00+07:00,10.7,10.7,10.7,10.7,6200.0
2023-11-01 15:46:00+07:00,10.7,10.8,10.7,10.8,6300.0
2023-11-01 15:47:00+07:00,10.7,10.7,10.7,10.7,6300.0
2023-11-01 15:48:00+07:00,10.7,10.7,10.7,10.7,6400.0
2023-11-01 15:49:00+07:00,10.7,10.8,10.7,10.8,7500.0
2023-11-01 15:50:00+07:00,10.7,10.7,10.7,10.7,6500.0
2023-11-01 15:51:00+07:00,10.7,10.7,10.7,10.7,5800.0
2023-11-01 15:52:00+07:00,10.7,10.7,10.7,10.7,16600.0
2023-11-01 15:53:00+07:00,10.7,10.7,10.7,10.7,6600.0
2023-11-01 15:54:00+07:00,10.7,10.8,10.7,10.8,6600.0
2023-11-01 15:55:00+07:00,10.7,10.7,10.7,10.7,38900.0
2023-11-01 15:56:00+07:00,10.7,10.7,10.7,10.7,5500.0
2023-11-01 15:57:00+07:00,10.7,10.7,10.7,10.7,5800.0
2023-11-01 15:58:00+07:00,10.7,10.7,10.7,10.7,13400.0
2023-11-01 15:59:00+07:00,10.7,10.7,10.7,10.7,12100.0
2023-11-01 16:00:00+07:00,10.8,10.8,10.8,10.8,100.0
2023-11-01 16:01:00+07:00,10.8,10.8,10.8,10.8,100.0
2023-11-01 16:04:00+07:00,10.7,10.7,10.7,10.7,600.0
2023-11-01 16:05:00+07:00,10.8,10.8,10.7,10.7,10600.0
2023-11-01 16:06:00+07:00,10.8,10.8,10.8,10.8,9000.0
2023-11-01 16:07:00+07:00,10.8,10.8,10.8,10.8,10000.0
2023-11-01 16:08:00+07:00,10.8,10.8,10.8,10.8,7700.0
2023-11-01 16:10:00+07:00,10.8,10.8,10.8,10.8,200.0
2023-11-01 16:14:00+07:00,10.8,10.8,10.8,10.8,2200.0
2023-11-01 16:15:00+07:00,10.7,10.8,10.7,10.8,131100.0
2023-11-01 16:16:00+07:00,10.8,10.8,10.8,10.8,200.0
2023-11-01 16:17:00+07:00,10.8,10.8,10.8,10.8,1000.0
2023-11-01 16:18:00+07:00,10.8,10.8,10.8,10.8,100.0
2023-11-01 16:20:00+07:00,10.7,10.8,10.7,10.8,4000.0
2023-11-01 16:21:00+07:00,10.7,10.8,10.7,10.7,102600.0
2023-11-01 16:23:00+07:00,10.7,10.7,10.7,10.7,100800.0
2023-11-01 16:24:00+07:00,10.7,10.7,10.7,10.7,256200.0
2023-11-01 16:25:00+07:00,10.7,10.7,10.7,10.7,44000.0
2023-11-01 16:26:00+07:00,10.8,10.8,10.8,10.8,300.0
2023-11-01 16:27:00+07:00,10.7,10.7,10.7,10.7,200.0
2023-11-01 16:28:00+07:00,10.7,10.7,10.7,10.7,2500.0
2023-11-01 16:29:00+07:00,10.7,10.8,10.7,10.8,1700.0
2023-11-01 16:39:00+07:00,10.8,10.8,10.8,10.8,1670500.0
2023-11-02 09:55:00+07:00,10.8,10.8,10.8,10.8,238500.0
2023-11-02 09:56:00+07:00,10.8,10.8,10.8,10.8,101400.0
2023-11-02 09:57:00+07:00,10.8,10.8,10.8,10.8,1000.0
2023-11-02 09:58:00+07:00,10.8,10.8,10.8,10.8,181300.0
2023-11-02 09:59:00+07:00,10.7,10.7,10.7,10.7,3000.0
2023-11-02 10:00:00+07:00,10.7,10.7,10.7,10.7,115000.0
2023-11-02 10:01:00+07:00,10.8,10.8,10.7,10.7,18600.0
2023-11-02 10:02:00+07:00,10.8,10.8,10.8,10.8,800.0
2023-11-02 10:03:00+07:00,10.8,10.8,10.8,10.8,500.0
2023-11-02 10:04:00+07:00,10.8,10.8,10.7,10.7,1300.0
2023-11-02 10:05:00+07:00,10.8,10.8,10.8,10.8,254000.0
2023-11-02 10:06:00+07:00,10.8,10.8,10.8,10.8,131700.0
2023-11-02 10:07:00+07:00,10.8,10.9,10.8,10.9,14800.0
2023-11-02 10:08:00+07:00,10.8,10.8,10.8,10.8,197500.0
2023-11-02 10:09:00+07:00,10.8,10.8,10.8,10.8,10000.0
2023-11-02 10:10:00+07:00,10.8,10.8,10.8,10.8,500.0
2023-11-02 10:11:00+07:00,10.7,10.8,10.7,10.8,30100.0
2023-11-02 10:12:00+07:00,10.8,10.8,10.7,10.7,6000.0
2023-11-02 10:13:00+07:00,10.8,10.8,10.8,10.8,100.0
2023-11-02 10:14:00+07:00,10.8,10.8,10.7,10.7,342800.0
2023-11-02 10:15:00+07:00,10.7,10.7,10.6,10.6,58500.0
2023-11-02 10:16:00+07:00,10.6,10.7,10.6,10.7,124400.0
2023-11-02 10:17:00+07:00,10.7,10.7,10.6,10.6,104700.0
2023-11-02 10:18:00+07:00,10.7,10.7,10.6,10.6,5500.0
2023-11-02 10:19:00+07:00,10.7,10.7,10.6,10.7,2300.0
2023-11-02 10:20:00+07:00,10.7,10.7,10.7,10.7,1500.0
2023-11-02 10:21:00+07:00,10.7,10.7,10.7,10.7,1500.0
2023-11-02 10:22:00+07:00,10.7,10.7,10.7,10.7,200.0
2023-11-02 10:23:00+07:00,10.7,10.7,10.7,10.7,3100.0
2023-11-02 10:24:00+07:00,10.7,10.7,10.7,10.7,35300.0
2023-11-02 10:25:00+07:00,10.7,10.7,10.7,10.7,60200.0
2023-11-02 10:26:00+07:00,10.7,10.7,10.6,10.7,6400.0
2023-11-02 10:27:00+07:00,10.6,10.6,10.6,10.6,627600.0
2023-11-02 10:28:00+07:00,10.6,10.7,10.6,10.7,128300.0
2023-11-02 10:29:00+07:00,10.7,10.7,10.7,10.7,1100.0
2023-11-02 10:30:00+07:00,10.7,10.7,10.7,10.7,200.0
2023-11-02 10:31:00+07:00,10.7,10.7,10.6,10.6,44300.0
2023-11-02 10:32:00+07:00,10.7,10.7,10.6,10.6,53000.0
2023-11-02 10:34:00+07:00,10.7,10.7,10.7,10.7,300.0
2023-11-02 10:35:00+07:00,10.7,10.7,10.6,10.6,6100.0
2023-11-02 10:36:00+07:00,10.7,10.7,10.7,10.7,8100.0
2023-11-02 10:37:00+07:00,10.7,10.7,10.7,10.7,2000.0
2023-11-02 10:38:00+07:00,10.7,10.7,10.7,10.7,100.0
2023-11-02 10:39:00+07:00,10.7,10.7,10.7,10.7,100.0
2023-11-02 10:40:00+07:00,10.7,10.7,10.7,10.7,20900.0
2023-11-02 10:41:00+07:00,10.7,10.7,10.7,10.7,20500.0
2023-11-02 10:42:00+07:00,10.7,10.7,10.7,10.7,4000.0
2023-11-02 10:43:00+07:00,10.7,10.7,10.7,10.7,35100.0
2023-11-02 10:44:00+07:00,10.7,10.7,10.7,10.7,539000.0
2023-11-02 10:45:00+07:00,10.7,10.7,10.7,10.7,8300.0
2023-11-02 10:46:00+07:00,10.7,10.7,10.7,10.7,22000.0
2023-11-02 10:47:00+07:00,10.7,10.7,10.6,10.6,64600.0
2023-11-02 10:48:00+07:00,10.7,10.7,10.6,10.7,248700.0
2023-11-02 10:49:00+07:00,10.7,10.7,10.7,10.7,229600.0
2023-11-02 10:50:00+07:00,10.8,10.8,10.8,10.8,100.0
2023-11-02 10:51:00+07:00,10.7,10.7,10.6,10.7,129500.0
2023-11-02 10:52:00+07:00,10.7,10.7,10.7,10.7,8500.0
2023-11-02 10:53:00+07:00,10.7,10.7,10.7,10.7,4100.0
2023-11-02 10:54:00+07:00,10.7,10.7,10.7,10.7,5200.0
2023-11-02 10:55:00+07:00,10.7,10.7,10.7,10.7,300.0
2023-11-02 10:56:00+07:00,10.6,10.7,10.6,10.7,1500.0
2023-11-02 10:57:00+07:00,10.7,10.7,10.7,10.7,300.0
2023-11-02 10:58:00+07:00,10.7,10.7,10.6,10.7,6100.0
2023-11-02 10:59:00+07:00,10.7,10.7,10.7,10.7,400.0
2023-11-02 11:00:00+07:00,10.7,10.7,10.6,10.7,36300.0
2023-11-02 11:01:00+07:00,10.7,10.7,10.7,10.7,1600.0
2023-11-02 11:02:00+07:00,10.7,10.7,10.6,10.6,400.0
2023-11-02 11:03:00+07:00,10.6,10.6,10.6,10.6,700.0
2023-11-02 11:04:00+07:00,10.6,10.6,10.6,10.6,870700.0
2023-11-02 11:05:00+07:00,10.6,10.6,10.6,10.6,32700.0
2023-11-02 11:06:00+07:00,10.6,10.6,10.6,10.6,11300.0
2023-11-02 11:07:00+07:00,10.6,10.6,10.6,10.6,9500.0
2023-11-02 11:08:00+07:00,10.6,10.6,10.5,10.6,10400.0
2023-11-02 11:09:00+07:00,10.6,10.6,10.6,10.6,71100.0
2023-11-02 11:10:00+07:00,10.6,10.6,10.6,10.6,1100.0
2023-11-02 11:11:00+07:00,10.5,10.5,10.5,10.5,1000.0
2023-11-02 11:13:00+07:00,10.5,10.6,10.5,10.6,3200.0
2023-11-02 11:14:00+07:00,10.6,10.6,10.6,10.6,30200.0
2023-11-02 11:15:00+07:00,10.6,10.6,10.5,10.6,18100.0
2023-11-02 11:16:00+07:00,10.6,10.6,10.5,10.5,47300.0
2023-11-02 11:17:00+07:00,10.6,10.6,10.6,10.6,900.0
2023-11-02 11:18:00+07:00,10.5,10.6,10.5,10.6,1000.0
2023-11-02 11:19:00+07:00,10.6,10.6,10.6,10.6,5800.0
2023-11-02 11:20:00+07:00,10.6,10.6,10.6,10.6,57100.0
2023-11-02 11:21:00+07:00,10.6,10.6,10.6,10.6,974900.0
2023-11-02 11:22:00+07:00,10.6,10.6,10.6,10.6,14600.0
2023-11-02 11:23:00+07:00,10.6,10.6,10.6,10.6,133100.0
2023-11-02 11:24:00+07:00,10.6,10.6,10.6,10.6,1100.0
2023-11-02 11:25:00+07:00,10.6,10.6,10.5,10.6,84200.0
2023-11-02 11:26:00+07:00,10.6,10.6,10.6,10.6,1700.0
2023-11-02 11:27:00+07:00,10.6,10.6,10.4,10.5,994700.0
2023-11-02 11:28:00+07:00,10.5,10.5,10.4,10.5,81900.0
2023-11-02 11:29:00+07:00,10.5,10.5,10.4,10.5,57700.0
2023-11-02 11:30:00+07:00,10.5,10.5,10.4,10.5,58800.0
2023-11-02 11:31:00+07:00,10.5,10.5,10.5,10.5,3500.0
2023-11-02 11:32:00+07:00,10.4,10.5,10.4,10.5,1300.0
2023-11-02 11:33:00+07:00,10.5,10.5,10.5,10.5,9400.0
2023-11-02 11:34:00+07:00,10.5,10.5,10.5,10.5,11900.0
2023-11-02 11:35:00+07:00,10.5,10.5,10.5,10.5,9400.0
2023-11-02 11:36:00+07:00,10.4,10.5,10.4,10.5,22300.0
2023-11-02 11:37:00+07:00,10.5,10.6,10.5,10.6,681800.0
2023-11-02 11:38:00+07:00,10.5,10.6,10.5,10.6,2900.0
2023-11-02 11:39:00+07:00,10.6,10.6,10.6,10.6,1400.0
2023-11-02 11:40:00+07:00,10.6,10.6,10.6,10.6,200.0
2023-11-02 11:41:00+07:00,10.6,10.6,10.6,10.6,12700.0
2023-11-02 11:42:00+07:00,10.6,10.6,10.6,10.6,200.0
2023-11-02 11:43:00+07:00,10.5,10.5,10.5,10.5,400.0
2023-11-02 11:44:00+07:00,10.5,10.5,10.5,10.5,2200.0
2023-11-02 11:45:00+07:00,10.5,10.6,10.5,10.5,35200.0
2023-11-02 11:46:00+07:00,10.5,10.5,10.5,10.5,1900.0
2023-11-02 11:48:00+07:00,10.5,10.5,10.5,10.5,100.0
2023-11-02 11:49:00+07:00,10.5,10.6,10.5,10.6,1000.0
2023-11-02 11:50:00+07:00,10.6,10.6,10.5,10.5,6400.0
2023-11-02 11:51:00+07:00,10.5,10.5,10.5,10.5,200.0
2023-11-02 11:52:00+07:00,10.5,10.5,10.5,10.5,200.0
2023-11-02 11:53:00+07:00,10.6,10.6,10.5,10.5,1600.0
2023-11-02 11:54:00+07:00,10.5,10.6,10.5,10.6,1200.0
2023-11-02 11:57:00+07:00,10.5,10.5,10.5,10.5,5000.0
2023-11-02 11:58:00+07:00,10.5,10.5,10.5,10.5,1000.0
2023-11-02 12:00:00+07:00,10.5,10.5,10.5,10.5,34400.0
2023-11-02 12:01:00+07:00,10.5,10.5,10.5,10.5,701100.0
2023-11-02 12:02:00+07:00,10.4,10.5,10.4,10.5,30800.0
2023-11-02 12:03:00+07:00,10.5,10.5,10.5,10.5,14100.0
2023-11-02 12:04:00+07:00,10.5,10.5,10.5,10.5,8500.0
2023-11-02 12:05:00+07:00,10.5,10.5,10.5,10.5,10000.0
2023-11-02 12:06:00+07:00,10.5,10.5,10.4,10.5,11000.0
2023-11-02 12:07:00+07:00,10.5,10.5,10.4,10.4,6500.0
2023-11-02 12:08:00+07:00,10.5,10.5,10.5,10.5,11200.0
2023-11-02 12:09:00+07:00,10.5,10.5,10.5,10.5,11900.0
2023-11-02 12:10:00+07:00,10.4,10.5,10.4,10.5,9600.0
2023-11-02 12:11:00+07:00,10.5,10.5,10.5,10.5,3400.0
2023-11-02 12:12:00+07:00,10.5,10.5,10.4,10.5,13700.0
2023-11-02 12:13:00+07:00,10.5,10.5,10.5,10.5,5100.0
2023-11-02 12:14:00+07:00,10.5,10.5,10.5,10.5,21300.0
2023-11-02 12:15:00+07:00,10.5,10.5,10.4,10.5,38100.0
2023-11-02 12:16:00+07:00,10.5,10.5,10.4,10.4,201300.0
2023-11-02 12:17:00+07:00,10.4,10.4,10.4,10.4,3000.0
2023-11-02 12:18:00+07:00,10.4,10.5,10.4,10.5,5200.0
2023-11-02 12:19:00+07:00,10.5,10.5,10.5,10.5,300.0
2023-11-02 12:20:00+07:00,10.4,10.5,10.4,10.5,900.0
2023-11-02 12:21:00+07:00,10.5,10.5,10.5,10.5,1800.0
2023-11-02 12:22:00+07:00,10.5,10.5,10.5,10.5,2400.0
2023-11-02 12:23:00+07:00,10.5,10.5,10.5,10.5,2100.0
2023-11-02 12:24:00+07:00,10.5,10.5,10.5,10.5,10100.0
2023-11-02 12:25:00+07:00,10.4,10.5,10.4,10.5,2700.0
2023-11-02 12:26:00+07:00,10.5,10.5,10.5,10.5,5100.0
2023-11-02 12:27:00+07:00,10.5,10.5,10.5,10.5,2400.0
2023-11-02 12:28:00+07:00,10.5,10.5,10.5,10.5,4500.0
2023-11-02 12:29:00+07:00,10.5,10.5,10.5,10.5,2600.0
2023-11-02 14:27:00+07:00,10.4,10.4,10.4,10.4,118100.0
2023-11-02 14:28:00+07:00,10.5,10.5,10.5,10.5,200.0
2023-11-02 14:29:00+07:00,10.5,10.5,10.4,10.4,900.0
2023-11-02 14:30:00+07:00,10.4,10.4,10.4,10.4,1193200.0
2023-11-02 14:31:00+07:00,10.3,10.4,10.3,10.4,147500.0
2023-11-02 14:32:00+07:00,10.4,10.4,10.4,10.4,1800.0
2023-11-02 14:33:00+07:00,10.4,10.4,10.4,10.4,843400.0
2023-11-02 14:34:00+07:00,10.4,10.4,10.4,10.4,41700.0
2023-11-02 14:35:00+07:00,10.4,10.4,10.4,10.4,37800.0
2023-11-02 14:36:00+07:00,10.4,10.4,10.4,10.4,8500.0
2023-11-02 14:37:00+07:00,10.4,10.4,10.4,10.4,102800.0
2023-11-02 14:38:00+07:00,10.4,10.4,10.3,10.4,219300.0
2023-11-02 14:39:00+07:00,10.4,10.4,10.4,10.4,17900.0
2023-11-02 14:40:00+07:00,10.4,10.4,10.4,10.4,17400.0
2023-11-02 14:41:00+07:00,10.4,10.4,10.3,10.4,8500.0
2023-11-02 14:42:00+07:00,10.4,10.4,10.4,10.4,57200.0
2023-11-02 14:43:00+07:00,10.4,10.4,10.3,10.4,45700.0
2023-11-02 14:44:00+07:00,10.4,10.4,10.3,10.4,14900.0
2023-11-02 14:45:00+07:00,10.4,10.4,10.3,10.4,41700.0
2023-11-02 14:46:00+07:00,10.4,10.4,10.4,10.4,2000.0
2023-11-02 14:47:00+07:00,10.4,10.4,10.3,10.4,30400.0
2023-11-02 14:48:00+07:00,10.4,10.4,10.3,10.4,497600.0
2023-11-02 14:49:00+07:00,10.4,10.4,10.3,10.4,9400.0
2023-11-02 14:50:00+07:00,10.4,10.4,10.3,10.3,3300.0
2023-11-02 14:51:00+07:00,10.3,10.4,10.3,10.4,87000.0
2023-11-02 14:52:00+07:00,10.4,10.4,10.3,10.4,27200.0
2023-11-02 14:53:00+07:00,10.3,10.4,10.3,10.4,3200.0
2023-11-02 14:54:00+07:00,10.4,10.4,10.4,10.4,28600.0
2023-11-02 14:55:00+07:00,10.4,10.4,10.4,10.4,32300.0
2023-11-02 14:56:00+07:00,10.4,10.4,10.4,10.4,6000.0
2023-11-02 14:57:00+07:00,10.4,10.4,10.3,10.4,15700.0
2023-11-02 14:58:00+07:00,10.4,10.4,10.4,10.4,4900.0
2023-11-02 14:59:00+07:00,10.4,10.4,10.4,10.4,20000.0
2023-11-02 15:00:00+07:00,10.4,10.4,10.3,10.4,47300.0
2023-11-02 15:01:00+07:00,10.4,10.4,10.4,10.4,11900.0
2023-11-02 15:02:00+07:00,10.4,10.4,10.4,10.4,55300.0
2023-11-02 15:03:00+07:00,10.4,10.4,10.4,10.4,118700.0
2023-11-02 15:04:00+07:00,10.4,10.4,10.4,10.4,22400.0
2023-11-02 15:05:00+07:00,10.4,10.5,10.4,10.5,277500.0
2023-11-02 15:06:00+07:00,10.5,10.5,10.5,10.5,200.0
2023-11-02 15:07:00+07:00,10.5,10.5,10.5,10.5,700.0
2023-11-02 15:08:00+07:00,10.5,10.5,10.5,10.5,800.0
2023-11-02 15:09:00+07:00,10.5,10.5,10.5,10.5,100.0
2023-11-02 15:10:00+07:00,10.5,10.5,10.5,10.5,300.0
2023-11-02 15:11:00+07:00,10.5,10.5,10.4,10.5,15000.0
2023-11-02 15:12:00+07:00,10.4,10.5,10.4,10.5,3400.0
2023-11-02 15:14:00+07:00,10.5,10.5,10.5,10.5,100.0
2023-11-02 15:15:00+07:00,10.5,10.5,10.4,10.4,40200.0
2023-11-02 15:16:00+07:00,10.5,10.5,10.4,10.5,212300.0
2023-11-02 15:17:00+07:00,10.5,10.5,10.5,10.5,200.0
2023-11-02 15:19:00+07:00,10.4,10.4,10.4,10.4,1000.0
2023-11-02 15:20:00+07:00,10.5,10.5,10.5,10.5,1400.0
2023-11-02 15:21:00+07:00,10.4,10.4,10.4,10.4,700.0
2023-11-02 15:24:00+07:00,10.5,10.5,10.5,10.5,400.0
2023-11-02 15:25:00+07:00,10.5,10.5,10.5,10.5,800.0
2023-11-02 15:26:00+07:00,10.5,10.5,10.4,10.4,1600.0
2023-11-02 15:27:00+07:00,10.5,10.5,10.5,10.5,1700.0
2023-11-02 15:28:00+07:00,10.5,10.5,10.4,10.5,26300.0
2023-11-02 15:29:00+07:00,10.5,10.5,10.5,10.5,300.0
2023-11-02 15:30:00+07:00,10.5,10.5,10.4,10.5,36700.0
2023-11-02 15:31:00+07:00,10.5,10.5,10.4,10.4,636000.0
2023-11-02 15:32:00+07:00,10.4,10.4,10.4,10.4,225600.0
2023-11-02 15:33:00+07:00,10.4,10.5,10.4,10.4,8400.0
2023-11-02 15:35:00+07:00,10.5,10.5,10.5,10.5,100.0
2023-11-02 15:36:00+07:00,10.4,10.5,10.4,10.5,7500.0
2023-11-02 15:37:00+07:00,10.4,10.5,10.4,10.4,8200.0
2023-11-02 15:38:00+07:00,10.4,10.4,10.4,10.4,4500.0
2023-11-02 15:39:00+07:00,10.4,10.5,10.4,10.5,8500.0
2023-11-02 15:40:00+07:00,10.5,10.5,10.4,10.4,28500.0
2023-11-02 15:41:00+07:00,10.4,10.5,10.4,10.5,3900.0
2023-11-02 15:42:00+07:00,10.4,10.4,10.4,10.4,8100.0
2023-11-02 15:43:00+07:00,10.4,10.4,10.4,10.4,4700.0
2023-11-02 15:44:00+07:00,10.5,10.5,10.5,10.5,600.0
2023-11-02 15:45:00+07:00,10.4,10.4,10.4,10.4,38500.0
2023-11-02 15:46:00+07:00,10.4,10.4,10.4,10.4,600.0
2023-11-02 15:47:00+07:00,10.4,10.4,10.4,10.4,448900.0
2023-11-02 15:48:00+07:00,10.4,10.4,10.4,10.4,67100.0
2023-11-02 15:49:00+07:00,10.4,10.4,10.4,10.4,4000.0
2023-11-02 15:50:00+07:00,10.4,10.5,10.4,10.4,211400.0
2023-11-02 15:51:00+07:00,10.4,10.4,10.4,10.4,214100.0
2023-11-02 15:52:00+07:00,10.4,10.4,10.4,10.4,114900.0
2023-11-02 15:53:00+07:00,10.4,10.4,10.4,10.4,9000.0
2023-11-02 15:54:00+07:00,10.4,10.4,10.4,10.4,3900.0
2023-11-02 15:55:00+07:00,10.4,10.5,10.4,10.4,12600.0
2023-11-02 15:56:00+07:00,10.4,10.4,10.4,10.4,3600.0
2023-11-02 15:57:00+07:00,10.4,10.4,10.4,10.4,7800.0
2023-11-02 15:58:00+07:00,10.4,10.4,10.4,10.4,9300.0
2023-11-02 15:59:00+07:00,10.4,10.4,10.4,10.4,42200.0
2023-11-02 16:00:00+07:00,10.4,10.4,10.4,10.4,24200.0
2023-11-02 16:01:00+07:00,10.4,10.4,10.4,10.4,3600.0
2023-11-02 16:02:00+07:00,10.4,10.5,10.4,10.4,9000.0
2023-11-02 16:03:00+07:00,10.5,10.5,10.4,10.4,4600.0
2023-11-02 16:05:00+07:00,10.5,10.5,10.4,10.4,2800.0
2023-11-02 16:06:00+07:00,10.5,10.5,10.4,10.5,34700.0
2023-11-02 16:07:00+07:00,10.5,10.5,10.5,10.5,5000.0
2023-11-02 16:08:00+07:00,10.5,10.5,10.5,10.5,9400.0
2023-11-02 16:09:00+07:00,10.5,10.5,10.5,10.5,3200.0
2023-11-02 16:10:00+07:00,10.5,10.5,10.5,10.5,34600.0
2023-11-02 16:11:00+07:00,10.5,10.5,10.4,10.5,55900.0
2023-11-02 16:12:00+07:00,10.5,10.5,10.5,10.5,21400.0
2023-11-02 16:13:00+07:00,10.5,10.5,10.5,10.5,41800.0
2023-11-02 16:14:00+07:00,10.5,10.5,10.4,10.4,6800.0
2023-11-02 16:15:00+07:00,10.5,10.5,10.5,10.5,12600.0
2023-11-02 16:16:00+07:00,10.5,10.5,10.5,10.5,700.0
2023-11-02 16:17:00+07:00,10.5,10.5,10.4,10.5,1700.0
2023-11-02 16:18:00+07:00,10.5,10.5,10.5,10.5,80200.0
2023-11-02 16:19:00+07:00,10.5,10.5,10.5,10.5,300.0
2023-11-02 16:20:00+07:00,10.5,10.5,10.5,10.5,1300.0
2023-11-02 16:21:00+07:00,10.5,10.5,10.5,10.5,6300.0
2023-11-02 16:22:00+07:00,10.5,10.5,10.4,10.5,3400.0
2023-11-02 16:23:00+07:00,10.4,10.5,10.4,10.5,1200.0
2023-11-02 16:24:00+07:00,10.4,10.4,10.4,10.4,700.0
2023-11-02 16:25:00+07:00,10.5,10.5,10.5,10.5,5700.0
2023-11-02 16:26:00+07:00,10.5,10.5,10.5,10.5,1900.0
2023-11-02 16:27:00+07:00,10.5,10.5,10.4,10.4,14200.0
2023-11-02 16:28:00+07:00,10.5,10.5,10.5,10.5,100.0
2023-11-02 16:29:00+07:00,10.4,10.5,10.4,10.5,118100.0
2023-11-02 16:36:00+07:00,10.4,10.4,10.4,10.4,2366500.0
2023-11-03 09:57:00+07:00,10.5,10.5,10.5,10.5,495300.0
2023-11-03 09:58:00+07:00,10.5,10.5,10.5,10.5,132600.0
2023-11-03 09:59:00+07:00,10.5,10.5,10.4,10.5,18100.0
2023-11-03 10:00:00+07:00,10.5,10.5,10.5,10.5,20200.0
2023-11-03 10:01:00+07:00,10.5,10.5,10.5,10.5,100600.0
2023-11-03 10:02:00+07:00,10.5,10.5,10.5,10.5,35800.0
2023-11-03 10:03:00+07:00,10.5,10.5,10.5,10.5,64900.0
2023-11-03 10:04:00+07:00,10.5,10.5,10.5,10.5,10700.0
2023-11-03 10:05:00+07:00,10.5,10.5,10.5,10.5,11500.0
2023-11-03 10:06:00+07:00,10.5,10.5,10.4,10.4,2800.0
2023-11-03 10:07:00+07:00,10.5,10.5,10.4,10.4,2600.0
2023-11-03 10:08:00+07:00,10.5,10.5,10.5,10.5,900.0
2023-11-03 10:09:00+07:00,10.5,10.5,10.5,10.5,23600.0
2023-11-03 10:10:00+07:00,10.5,10.5,10.4,10.5,40600.0
2023-11-03 10:11:00+07:00,10.5,10.5,10.5,10.5,10200.0
2023-11-03 10:12:00+07:00,10.5,10.5,10.5,10.5,16800.0
2023-11-03 10:13:00+07:00,10.5,10.5,10.4,10.4,2300.0
2023-11-03 10:14:00+07:00,10.5,10.5,10.5,10.5,1500.0
2023-11-03 10:15:00+07:00,10.5,10.5,10.5,10.5,20800.0
2023-11-03 10:16:00+07:00,10.5,10.5,10.5,10.5,94200.0
2023-11-03 10:17:00+07:00,10.5,10.5,10.5,10.5,276300.0
2023-11-03 10:18:00+07:00,10.5,10.5,10.5,10.5,93200.0
2023-11-03 10:19:00+07:00,10.5,10.5,10.5,10.5,1300.0
2023-11-03 10:20:00+07:00,10.6,10.6,10.6,10.6,400.0
2023-11-03 10:21:00+07:00,10.6,10.6,10.5,10.5,200400.0
2023-11-03 10:22:00+07:00,10.5,10.6,10.5,10.6,104200.0
2023-11-03 10:24:00+07:00,10.6,10.6,10.6,10.6,100.0
2023-11-03 10:26:00+07:00,10.6,10.6,10.6,10.6,300.0
2023-11-03 10:27:00+07:00,10.5,10.6,10.5,10.6,2500.0
2023-11-03 10:28:00+07:00,10.5,10.6,10.5,10.6,600.0
2023-11-03 10:29:00+07:00,10.6,10.6,10.5,10.6,12200.0
2023-11-03 10:31:00+07:00,10.5,10.5,10.5,10.5,14600.0
2023-11-03 10:32:00+07:00,10.5,10.6,10.5,10.6,200.0
2023-11-03 10:33:00+07:00,10.6,10.6,10.6,10.6,1000.0
2023-11-03 10:34:00+07:00,10.6,10.6,10.5,10.5,10100.0
2023-11-03 10:35:00+07:00,10.5,10.6,10.5,10.6,5300.0
2023-11-03 10:36:00+07:00,10.6,10.6,10.6,10.6,200.0
2023-11-03 10:37:00+07:00,10.6,10.6,10.5,10.6,17500.0
2023-11-03 10:38:00+07:00,10.5,10.5,10.5,10.5,700.0
2023-11-03 10:39:00+07:00,10.6,10.6,10.5,10.5,321800.0
2023-11-03 10:40:00+07:00,10.5,10.5,10.5,10.5,16100.0
2023-11-03 10:41:00+07:00,10.5,10.5,10.5,10.5,10400.0
2023-11-03 10:42:00+07:00,10.5,10.5,10.5,10.5,3300.0
2023-11-03 10:43:00+07:00,10.4,10.4,10.4,10.4,100.0
2023-11-03 10:44:00+07:00,10.4,10.4,10.4,10.4,14500.0
2023-11-03 10:46:00+07:00,10.5,10.5,10.5,10.5,1000.0
2023-11-03 10:47:00+07:00,10.5,10.5,10.5,10.5,3800.0
2023-11-03 10:48:00+07:00,10.5,10.5,10.5,10.5,600.0
2023-11-03 10:49:00+07:00,10.5,10.5,10.4,10.4,24900.0
2023-11-03 10:50:00+07:00,10.4,10.4,10.4,10.4,14700.0
2023-11-03 10:51:00+07:00,10.4,10.4,10.4,10.4,14800.0
2023-11-03 10:52:00+07:00,10.5,10.5,10.4,10.4,24800.0
2023-11-03 10:54:00+07:00,10.4,10.4,10.4,10.4,17100.0
2023-11-03 10:55:00+07:00,10.4,10.4,10.4,10.4,10500.0
2023-11-03 10:56:00+07:00,10.5,10.5,10.5,10.5,10000.0
2023-11-03 10:57:00+07:00,10.4,10.4,10.4,10.4,26300.0
2023-11-03 10:58:00+07:00,10.5,10.5,10.4,10.4,36200.0
2023-11-03 10:59:00+07:00,10.4,10.4,10.4,10.4,815900.0
2023-11-03 11:00:00+07:00,10.4,10.4,10.3,10.4,34700.0
2023-11-03 11:01:00+07:00,10.4,10.5,10.4,10.5,436000.0
2023-11-03 11:03:00+07:00,10.5,10.5,10.5,10.5,100.0
2023-11-03 11:04:00+07:00,10.4,10.4,10.4,10.4,495900.0
2023-11-03 11:07:00+07:00,10.5,10.5,10.5,10.5,1400.0
2023-11-03 11:08:00+07:00,10.5,10.5,10.4,10.4,8000.0
2023-11-03 11:10:00+07:00,10.4,10.4,10.4,10.4,5000.0
2023-11-03 11:11:00+07:00,10.5,10.5,10.4,10.4,400.0
2023-11-03 11:12:00+07:00,10.5,10.5,10.5,10.5,100.0
2023-11-03 11:14:00+07:00,10.4,10.5,10.4,10.4,16000.0
2023-11-03 11:16:00+07:00,10.4,10.5,10.4,10.5,7100.0
2023-11-03 11:18:00+07:00,10.5,10.5,10.5,10.5,1000.0
2023-11-03 11:19:00+07:00,10.5,10.5,10.5,10.5,5000.0
2023-11-03 11:20:00+07:00,10.5,10.5,10.5,10.5,1900.0
2023-11-03 11:21:00+07:00,10.4,10.4,10.4,10.4,14800.0
2023-11-03 11:26:00+07:00,10.4,10.4,10.4,10.4,30000.0
2023-11-03 11:27:00+07:00,10.5,10.5,10.5,10.5,100.0
2023-11-03 11:28:00+07:00,10.4,10.4,10.4,10.4,15800.0
2023-11-03 11:29:00+07:00,10.4,10.4,10.4,10.4,1900.0
2023-11-03 11:31:00+07:00,10.4,10.4,10.4,10.4,2200.0
2023-11-03 11:32:00+07:00,10.5,10.5,10.5,10.5,2400.0
2023-11-03 11:33:00+07:00,10.4,10.4,10.4,10.4,2100.0
2023-11-03 11:34:00+07:00,10.5,10.5,10.4,10.5,18800.0
2023-11-03 11:35:00+07:00,10.4,10.4,10.4,10.4,2000.0
2023-11-03 11:36:00+07:00,10.4,10.4,10.4,10.4,2000.0
2023-11-03 11:37:00+07:00,10.5,10.5,10.5,10.5,100.0
2023-11-03 11:38:00+07:00,10.4,10.5,10.4,10.5,3000.0
2023-11-03 11:40:00+07:00,10.4,10.5,10.4,10.5,2200.0
2023-11-03 11:41:00+07:00,10.4,10.4,10.4,10.4,16000.0
2023-11-03 11:42:00+07:00,10.5,10.5,10.5,10.5,1000.0
2023-11-03 11:43:00+07:00,10.4,10.4,10.4,10.4,2000.0
2023-11-03 11:44:00+07:00,10.5,10.5,10.4,10.4,2700.0
2023-11-03 11:45:00+07:00,10.5,10.5,10.5,10.5,100.0
2023-11-03 11:46:00+07:00,10.4,10.4,10.4,10.4,7700.0
2023-11-03 11:47:00+07:00,10.4,10.4,10.4,10.4,20000.0
2023-11-03 11:48:00+07:00,10.4,10.4,10.4,10.4,20800.0
2023-11-03 11:49:00+07:00,10.4,10.4,10.4,10.4,2200.0
2023-11-03 11:50:00+07:00,10.4,10.4,10.4,10.4,7400.0
2023-11-03 11:51:00+07:00,10.4,10.4,10.4,10.4,1900.0
2023-11-03 11:52:00+07:00,10.4,10.4,10.4,10.4,17600.0
2023-11-03 11:53:00+07:00,10.4,10.4,10.4,10.4,2000.0
2023-11-03 11:54:00+07:00,10.4,10.4,10.4,10.4,28200.0
2023-11-03 11:55:00+07:00,10.4,10.4,10.4,10.4,6700.0
2023-11-03 11:56:00+07:00,10.5,10.5,10.5,10.5,13100.0
2023-11-03 11:57:00+07:00,10.4,10.5,10.4,10.4,11100.0
2023-11-03 11:58:00+07:00,10.4,10.5,10.4,10.5,21100.0
2023-11-03 11:59:00+07:00,10.5,10.5,10.4,10.4,9800.0
2023-11-03 12:00:00+07:00,10.5,10.5,10.4,10.4,9200.0
2023-11-03 12:01:00+07:00,10.5,10.5,10.4,10.4,17500.0
2023-11-03 12:02:00+07:00,10.5,10.5,10.4,10.4,16600.0
2023-11-03 12:03:00+07:00,10.5,10.5,10.5,10.5,400.0
2023-11-03 12:04:00+07:00,10.4,10.4,10.4,10.4,15200.0
2023-11-03 12:05:00+07:00,10.4,10.4,10.4,10.4,1000.0
2023-11-03 12:06:00+07:00,10.4,10.5,10.4,10.5,4500.0
2023-11-03 12:08:00+07:00,10.4,10.4,10.4,10.4,31100.0
2023-11-03 12:09:00+07:00,10.4,10.4,10.4,10.4,4000.0
2023-11-03 12:10:00+07:00,10.4,10.4,10.4,10.4,39600.0
2023-11-03 12:11:00+07:00,10.4,10.4,10.4,10.4,24200.0
2023-11-03 12:12:00+07:00,10.4,10.4,10.4,10.4,4100.0
2023-11-03 12:14:00+07:00,10.4,10.4,10.4,10.4,24700.0
2023-11-03 12:15:00+07:00,10.4,10.4,10.4,10.4,26600.0
2023-11-03 12:16:00+07:00,10.4,10.4,10.4,10.4,500.0
2023-11-03 12:17:00+07:00,10.4,10.4,10.4,10.4,13300.0
2023-11-03 12:18:00+07:00,10.4,10.4,10.4,10.4,500.0
2023-11-03 12:19:00+07:00,10.4,10.5,10.4,10.4,4000.0
2023-11-03 12:20:00+07:00,10.4,10.4,10.4,10.4,12200.0
2023-11-03 12:21:00+07:00,10.4,10.5,10.4,10.4,19100.0
2023-11-03 12:22:00+07:00,10.5,10.5,10.4,10.4,4900.0
2023-11-03 12:23:00+07:00,10.4,10.4,10.4,10.4,1600.0
2023-11-03 12:24:00+07:00,10.4,10.4,10.4,10.4,21000.0
2023-11-03 12:25:00+07:00,10.4,10.5,10.4,10.4,9100.0
2023-11-03 12:26:00+07:00,10.4,10.5,10.4,10.5,4800.0
2023-11-03 12:27:00+07:00,10.4,10.4,10.4,10.4,9500.0
2023-11-03 12:28:00+07:00,10.4,10.4,10.4,10.4,26600.0
2023-11-03 12:29:00+07:00,10.4,10.4,10.4,10.4,5500.0
2023-11-03 14:27:00+07:00,10.4,10.5,10.4,10.4,418000.0
2023-11-03 14:28:00+07:00,10.4,10.4,10.4,10.4,1868900.0
2023-11-03 14:30:00+07:00,10.4,10.4,10.4,10.4,100.0
2023-11-03 14:32:00+07:00,10.5,10.5,10.5,10.5,20000.0
2023-11-03 14:34:00+07:00,10.4,10.5,10.4,10.5,94400.0
2023-11-03 14:35:00+07:00,10.5,10.5,10.5,10.5,135000.0
2023-11-03 14:36:00+07:00,10.5,10.5,10.5,10.5,12700.0
2023-11-03 14:37:00+07:00,10.5,10.5,10.5,10.5,100.0
2023-11-03 14:38:00+07:00,10.5,10.5,10.4,10.4,7000.0
2023-11-03 14:39:00+07:00,10.5,10.5,10.5,10.5,100.0
2023-11-03 14:40:00+07:00,10.5,10.5,10.5,10.5,51000.0
2023-11-03 14:41:00+07:00,10.5,10.5,10.4,10.4,32100.0
2023-11-03 14:42:00+07:00,10.4,10.4,10.4,10.4,2100.0
2023-11-03 14:44:00+07:00,10.5,10.5,10.4,10.5,108900.0
2023-11-03 14:45:00+07:00,10.5,10.5,10.5,10.5,28500.0
2023-11-03 14:46:00+07:00,10.4,10.5,10.4,10.4,17400.0
2023-11-03 14:47:00+07:00,10.5,10.5,10.5,10.5,60400.0
2023-11-03 14:48:00+07:00,10.5,10.5,10.5,10.5,1400.0
2023-11-03 14:49:00+07:00,10.5,10.6,10.5,10.6,681000.0
2023-11-03 14:51:00+07:00,10.5,10.5,10.5,10.5,2000.0
2023-11-03 14:52:00+07:00,10.6,10.6,10.5,10.5,3000.0
2023-11-03 14:53:00+07:00,10.6,10.6,10.6,10.6,20000.0
2023-11-03 14:54:00+07:00,10.6,10.6,10.6,10.6,300.0
2023-11-03 14:56:00+07:00,10.5,10.5,10.5,10.5,2100.0
2023-11-03 14:57:00+07:00,10.5,10.6,10.5,10.6,12100.0
2023-11-03 14:58:00+07:00,10.6,10.6,10.5,10.5,2500.0
2023-11-03 14:59:00+07:00,10.6,10.6,10.5,10.6,1000.0
2023-11-03 15:00:00+07:00,10.5,10.5,10.5,10.5,10000.0
2023-11-03 15:01:00+07:00,10.5,10.5,10.5,10.5,30000.0
2023-11-03 15:02:00+07:00,10.5,10.5,10.5,10.5,21300.0
2023-11-03 15:03:00+07:00,10.5,10.5,10.5,10.5,1800.0
2023-11-03 15:04:00+07:00,10.5,10.5,10.5,10.5,3100.0
2023-11-03 15:05:00+07:00,10.5,10.5,10.5,10.5,3400.0
2023-11-03 15:06:00+07:00,10.6,10.6,10.5,10.5,7900.0
2023-11-03 15:07:00+07:00,10.5,10.5,10.5,10.5,2800.0
2023-11-03 15:08:00+07:00,10.5,10.5,10.5,10.5,1500.0
2023-11-03 15:09:00+07:00,10.6,10.6,10.5,10.5,21700.0
2023-11-03 15:10:00+07:00,10.5,10.5,10.5,10.5,1611200.0
2023-11-03 15:11:00+07:00,10.5,10.5,10.5,10.5,15500.0
2023-11-03 15:12:00+07:00,10.5,10.5,10.5,10.5,106400.0
2023-11-03 15:13:00+07:00,10.5,10.5,10.5,10.5,3000.0
2023-11-03 15:14:00+07:00,10.5,10.5,10.5,10.5,124100.0
2023-11-03 15:15:00+07:00,10.5,10.5,10.5,10.5,35400.0
2023-11-03 15:16:00+07:00,10.5,10.5,10.5,10.5,51400.0
2023-11-03 15:17:00+07:00,10.5,10.5,10.5,10.5,5900.0
2023-11-03 15:18:00+07:00,10.5,10.5,10.5,10.5,3000.0
2023-11-03 15:19:00+07:00,10.5,10.6,10.5,10.5,6400.0
2023-11-03 15:20:00+07:00,10.5,10.5,10.5,10.5,2900.0
2023-11-03 15:21:00+07:00,10.5,10.5,10.5,10.5,26200.0
2023-11-03 15:22:00+07:00,10.5,10.6,10.5,10.6,14400.0
2023-11-03 15:23:00+07:00,10.5,10.5,10.5,10.5,19000.0
2023-11-03 15:24:00+07:00,10.5,10.5,10.5,10.5,16500.0
2023-11-03 15:25:00+07:00,10.5,10.5,10.5,10.5,136200.0
2023-11-03 15:26:00+07:00,10.5,10.5,10.5,10.5,22400.0
2023-11-03 15:27:00+07:00,10.5,10.5,10.5,10.5,34600.0
2023-11-03 15:28:00+07:00,10.5,10.5,10.5,10.5,12100.0
2023-11-03 15:29:00+07:00,10.5,10.5,10.5,10.5,5600.0
2023-11-03 15:30:00+07:00,10.5,10.5,10.5,10.5,20000.0
2023-11-03 15:31:00+07:00,10.5,10.5,10.5,10.5,53500.0
2023-11-03 15:32:00+07:00,10.5,10.5,10.5,10.5,270400.0
2023-11-03 15:33:00+07:00,10.4,10.4,10.4,10.4,100.0
2023-11-03 15:34:00+07:00,10.5,10.6,10.5,10.5,317500.0
2023-11-03 15:35:00+07:00,10.6,10.6,10.6,10.6,200.0
2023-11-03 15:36:00+07:00,10.6,10.6,10.6,10.6,300.0
2023-11-03 15:37:00+07:00,10.6,10.6,10.5,10.5,15300.0
2023-11-03 15:38:00+07:00,10.6,10.6,10.5,10.6,1500.0
2023-11-03 15:39:00+07:00,10.6,10.6,10.6,10.6,400.0
2023-11-03 15:40:00+07:00,10.6,10.6,10.5,10.6,1400.0
2023-11-03 15:41:00+07:00,10.6,10.6,10.5,10.6,2400.0
2023-11-03 15:42:00+07:00,10.6,10.6,10.6,10.6,400.0
2023-11-03 15:43:00+07:00,10.6,10.6,10.5,10.5,3700.0
2023-11-03 15:44:00+07:00,10.5,10.6,10.5,10.6,13800.0
2023-11-03 15:45:00+07:00,10.5,10.5,10.5,10.5,5800.0
2023-11-03 15:46:00+07:00,10.6,10.6,10.6,10.6,100.0
2023-11-03 15:47:00+07:00,10.5,10.6,10.5,10.6,5500.0
2023-11-03 15:48:00+07:00,10.6,10.6,10.6,10.6,100.0
2023-11-03 15:49:00+07:00,10.5,10.6,10.5,10.6,105700.0
2023-11-03 15:50:00+07:00,10.6,10.6,10.5,10.6,1200.0
2023-11-03 15:51:00+07:00,10.5,10.6,10.5,10.6,80100.0
2023-11-03 15:52:00+07:00,10.5,10.6,10.5,10.6,8800.0
2023-11-03 15:53:00+07:00,10.6,10.6,10.6,10.6,300.0
2023-11-03 15:54:00+07:00,10.5,10.5,10.5,10.5,25700.0
2023-11-03 15:56:00+07:00,10.5,10.5,10.5,10.5,105700.0
2023-11-03 15:57:00+07:00,10.5,10.5,10.5,10.5,5000.0
2023-11-03 15:58:00+07:00,10.5,10.5,10.5,10.5,20600.0
2023-11-03 15:59:00+07:00,10.5,10.5,10.5,10.5,33300.0
2023-11-03 16:00:00+07:00,10.5,10.5,10.5,10.5,5200.0
2023-11-03 16:01:00+07:00,10.5,10.5,10.5,10.5,500.0
2023-11-03 16:02:00+07:00,10.5,10.5,10.5,10.5,1900.0
2023-11-03 16:04:00+07:00,10.5,10.6,10.5,10.6,1800.0
2023-11-03 16:05:00+07:00,10.5,10.6,10.5,10.6,3900.0
2023-11-03 16:06:00+07:00,10.5,10.6,10.5,10.6,9600.0
2023-11-03 16:07:00+07:00,10.6,10.6,10.5,10.6,15000.0
2023-11-03 16:08:00+07:00,10.6,10.6,10.5,10.5,3900.0
2023-11-03 16:09:00+07:00,10.6,10.6,10.5,10.5,117200.0
2023-11-03 16:10:00+07:00,10.5,10.6,10.5,10.5,15600.0
2023-11-03 16:11:00+07:00,10.6,10.6,10.6,10.6,300.0
2023-11-03 16:12:00+07:00,10.5,10.6,10.5,10.5,21800.0
2023-11-03 16:13:00+07:00,10.5,10.5,10.5,10.5,20300.0
2023-11-03 16:14:00+07:00,10.5,10.5,10.5,10.5,3300.0
2023-11-03 16:15:00+07:00,10.5,10.5,10.5,10.5,12600.0
2023-11-03 16:16:00+07:00,10.5,10.5,10.5,10.5,77300.0
2023-11-03 16:17:00+07:00,10.5,10.5,10.5,10.5,74500.0
2023-11-03 16:18:00+07:00,10.5,10.5,10.5,10.5,2200.0
2023-11-03 16:19:00+07:00,10.5,10.6,10.5,10.6,78200.0
2023-11-03 16:20:00+07:00,10.5,10.5,10.5,10.5,27000.0
2023-11-03 16:21:00+07:00,10.5,10.5,10.5,10.5,17000.0
2023-11-03 16:22:00+07:00,10.5,10.5,10.5,10.5,2600.0
2023-11-03 16:23:00+07:00,10.5,10.6,10.5,10.6,68300.0
2023-11-03 16:24:00+07:00,10.5,10.5,10.5,10.5,4100.0
2023-11-03 16:25:00+07:00,10.5,10.5,10.5,10.5,177600.0
2023-11-03 16:26:00+07:00,10.5,10.5,10.5,10.5,7400.0
2023-11-03 16:27:00+07:00,10.5,10.6,10.5,10.5,45600.0
2023-11-03 16:28:00+07:00,10.6,10.6,10.5,10.6,21700.0
2023-11-03 16:29:00+07:00,10.5,10.6,10.5,10.6,50800.0
2023-11-03 16:39:00+07:00,10.5,10.5,10.5,10.5,1754900.0
2023-11-06 09:57:00+07:00,10.6,10.7,10.6,10.7,409100.0
2023-11-06 09:59:00+07:00,10.7,10.7,10.6,10.6,2100.0
2023-11-06 10:00:00+07:00,10.6,10.6,10.6,10.6,12600.0
2023-11-06 10:01:00+07:00,10.6,10.6,10.6,10.6,6000.0
2023-11-06 10:02:00+07:00,10.6,10.6,10.6,10.6,10400.0
2023-11-06 10:03:00+07:00,10.6,10.6,10.6,10.6,311000.0
2023-11-06 10:04:00+07:00,10.6,10.6,10.6,10.6,7600.0
2023-11-06 10:05:00+07:00,10.6,10.6,10.6,10.6,55300.0
2023-11-06 10:06:00+07:00,10.6,10.6,10.6,10.6,58300.0
2023-11-06 10:07:00+07:00,10.6,10.6,10.6,10.6,139500.0
2023-11-06 10:08:00+07:00,10.6,10.7,10.6,10.7,132300.0
2023-11-06 10:09:00+07:00,10.6,10.7,10.6,10.6,46500.0
2023-11-06 10:10:00+07:00,10.6,10.6,10.6,10.6,200.0
2023-11-06 10:11:00+07:00,10.7,10.7,10.6,10.6,1300.0
2023-11-06 10:12:00+07:00,10.6,10.6,10.6,10.6,261100.0
2023-11-06 10:13:00+07:00,10.6,10.6,10.6,10.6,2000.0
2023-11-06 10:14:00+07:00,10.7,10.7,10.7,10.7,300.0
2023-11-06 10:15:00+07:00,10.6,10.6,10.6,10.6,20200.0
2023-11-06 10:16:00+07:00,10.6,10.6,10.6,10.6,5000.0
2023-11-06 10:17:00+07:00,10.6,10.6,10.6,10.6,53000.0
2023-11-06 10:18:00+07:00,10.6,10.6,10.6,10.6,1100.0
2023-11-06 10:19:00+07:00,10.6,10.6,10.6,10.6,500.0
2023-11-06 10:20:00+07:00,10.6,10.6,10.6,10.6,20300.0
2023-11-06 10:21:00+07:00,10.6,10.6,10.6,10.6,89500.0
2023-11-06 10:22:00+07:00,10.6,10.6,10.6,10.6,180100.0
2023-11-06 10:23:00+07:00,10.6,10.6,10.6,10.6,10000.0
2023-11-06 10:24:00+07:00,10.6,10.6,10.6,10.6,21500.0
2023-11-06 10:25:00+07:00,10.6,10.6,10.6,10.6,2300.0
2023-11-06 10:26:00+07:00,10.6,10.6,10.6,10.6,1400.0
2023-11-06 10:27:00+07:00,10.6,10.6,10.6,10.6,11100.0
2023-11-06 10:28:00+07:00,10.6,10.6,10.6,10.6,40300.0
2023-11-06 10:29:00+07:00,10.6,10.6,10.6,10.6,30400.0
2023-11-06 10:30:00+07:00,10.6,10.6,10.5,10.6,7600.0
2023-11-06 10:31:00+07:00,10.6,10.6,10.6,10.6,200.0
2023-11-06 10:32:00+07:00,10.6,10.6,10.6,10.6,800.0
2023-11-06 10:33:00+07:00,10.6,10.6,10.6,10.6,600.0
2023-11-06 10:35:00+07:00,10.6,10.6,10.6,10.6,11000.0
2023-11-06 10:36:00+07:00,10.6,10.6,10.6,10.6,1000.0
2023-11-06 10:37:00+07:00,10.6,10.6,10.6,10.6,1900.0
2023-11-06 10:38:00+07:00,10.6,10.6,10.6,10.6,200.0
2023-11-06 10:39:00+07:00,10.6,10.6,10.6,10.6,56000.0
2023-11-06 10:40:00+07:00,10.6,10.6,10.6,10.6,1900.0
2023-11-06 10:41:00+07:00,10.6,10.6,10.5,10.6,3200.0
2023-11-06 10:42:00+07:00,10.6,10.6,10.6,10.6,22100.0
2023-11-06 10:43:00+07:00,10.6,10.6,10.6,10.6,51500.0
2023-11-06 10:44:00+07:00,10.6,10.6,10.6,10.6,2400.0
2023-11-06 10:45:00+07:00,10.6,10.7,10.6,10.7,290600.0
2023-11-06 10:46:00+07:00,10.6,10.7,10.6,10.7,3900.0
2023-11-06 10:47:00+07:00,10.6,10.7,10.6,10.7,3100.0
2023-11-06 10:48:00+07:00,10.6,10.6,10.6,10.6,270000.0
2023-11-06 10:49:00+07:00,10.6,10.6,10.6,10.6,200.0
2023-11-06 10:50:00+07:00,10.6,10.6,10.6,10.6,300.0
2023-11-06 10:51:00+07:00,10.6,10.6,10.6,10.6,300.0
2023-11-06 10:52:00+07:00,10.6,10.6,10.6,10.6,400.0
2023-11-06 10:55:00+07:00,10.6,10.6,10.6,10.6,5100.0
2023-11-06 10:57:00+07:00,10.6,10.6,10.6,10.6,500.0
2023-11-06 10:58:00+07:00,10.6,10.6,10.6,10.6,3700.0
2023-11-06 11:00:00+07:00,10.6,10.6,10.6,10.6,1000.0
2023-11-06 11:01:00+07:00,10.5,10.5,10.5,10.5,300.0
2023-11-06 11:02:00+07:00,10.6,10.6,10.6,10.6,600.0
2023-11-06 11:04:00+07:00,10.5,10.6,10.5,10.6,1200.0
2023-11-06 11:09:00+07:00,10.6,10.6,10.6,10.6,800.0
2023-11-06 11:10:00+07:00,10.6,10.6,10.6,10.6,700.0
2023-11-06 11:11:00+07:00,10.5,10.6,10.5,10.6,2300.0
2023-11-06 11:12:00+07:00,10.6,10.6,10.6,10.6,700.0
2023-11-06 11:13:00+07:00,10.6,10.6,10.6,10.6,100.0
2023-11-06 11:14:00+07:00,10.5,10.5,10.5,10.5,7400.0
2023-11-06 11:15:00+07:00,10.5,10.5,10.5,10.5,500.0
2023-11-06 11:16:00+07:00,10.5,10.5,10.5,10.5,13900.0
2023-11-06 11:17:00+07:00,10.5,10.5,10.5,10.5,5000.0
2023-11-06 11:18:00+07:00,10.6,10.6,10.5,10.5,5400.0
2023-11-06 11:19:00+07:00,10.5,10.5,10.5,10.5,3500.0
2023-11-06 11:20:00+07:00,10.5,10.5,10.5,10.5,5000.0
2023-11-06 11:21:00+07:00,10.6,10.6,10.5,10.5,4700.0
2023-11-06 11:24:00+07:00,10.5,10.6,10.5,10.6,3600.0
2023-11-06 11:25:00+07:00,10.6,10.6,10.6,10.6,200300.0
2023-11-06 11:26:00+07:00,10.6,10.6,10.6,10.6,15200.0
2023-11-06 11:27:00+07:00,10.6,10.6,10.6,10.6,1700.0
2023-11-06 11:28:00+07:00,10.6,10.6,10.5,10.5,1200.0
2023-11-06 11:29:00+07:00,10.6,10.6,10.6,10.6,200.0
2023-11-06 11:30:00+07:00,10.5,10.6,10.5,10.6,300.0
2023-11-06 11:31:00+07:00,10.6,10.6,10.6,10.6,1100.0
2023-11-06 11:32:00+07:00,10.6,10.6,10.5,10.6,1200.0
2023-11-06 11:34:00+07:00,10.5,10.6,10.5,10.6,1100.0
2023-11-06 11:36:00+07:00,10.5,10.5,10.5,10.5,1000.0
2023-11-06 11:37:00+07:00,10.6,10.6,10.6,10.6,300.0
2023-11-06 11:38:00+07:00,10.6,10.6,10.6,10.6,1200.0
2023-11-06 11:39:00+07:00,10.5,10.6,10.5,10.6,1300.0
2023-11-06 11:41:00+07:00,10.5,10.6,10.5,10.6,11200.0
2023-11-06 11:42:00+07:00,10.6,10.6,10.6,10.6,300.0
2023-11-06 11:43:00+07:00,10.5,10.5,10.5,10.5,1000.0
2023-11-06 11:45:00+07:00,10.5,10.6,10.5,10.6,57500.0
2023-11-06 11:46:00+07:00,10.5,10.5,10.5,10.5,1100.0
2023-11-06 11:48:00+07:00,10.5,10.5,10.5,10.5,3700.0
2023-11-06 11:49:00+07:00,10.5,10.5,10.5,10.5,1000.0
2023-11-06 11:51:00+07:00,10.6,10.6,10.5,10.5,1900.0
2023-11-06 11:52:00+07:00,10.5,10.5,10.5,10.5,1000.0
2023-11-06 11:55:00+07:00,10.6,10.6,10.6,10.6,200.0
2023-11-06 11:56:00+07:00,10.5,10.5,10.5,10.5,1000.0
2023-11-06 11:58:00+07:00,10.5,10.5,10.5,10.5,4000.0
2023-11-06 11:59:00+07:00,10.6,10.6,10.6,10.6,500.0
2023-11-06 12:00:00+07:00,10.5,10.6,10.5,10.6,56300.0
2023-11-06 12:01:00+07:00,10.5,10.5,10.5,10.5,1100.0
2023-11-06 12:02:00+07:00,10.6,10.6,10.6,10.6,9400.0
2023-11-06 12:04:00+07:00,10.5,10.5,10.5,10.5,1400.0
2023-11-06 12:06:00+07:00,10.5,10.5,10.5,10.5,214400.0
2023-11-06 12:08:00+07:00,10.6,10.6,10.5,10.5,5000.0
2023-11-06 12:10:00+07:00,10.5,10.5,10.5,10.5,26000.0
2023-11-06 12:11:00+07:00,10.5,10.5,10.5,10.5,1000.0
2023-11-06 12:13:00+07:00,10.5,10.6,10.5,10.6,1200.0
2023-11-06 12:15:00+07:00,10.5,10.5,10.5,10.5,61000.0
2023-11-06 12:16:00+07:00,10.5,10.5,10.5,10.5,23500.0
2023-11-06 12:17:00+07:00,10.5,10.5,10.5,10.5,2100.0
2023-11-06 12:18:00+07:00,10.5,10.5,10.5,10.5,2300.0
2023-11-06 12:19:00+07:00,10.5,10.5,10.5,10.5,6900.0
2023-11-06 12:20:00+07:00,10.5,10.5,10.5,10.5,4700.0
2023-11-06 12:21:00+07:00,10.5,10.5,10.4,10.4,328100.0
2023-11-06 12:23:00+07:00,10.4,10.4,10.4,10.4,1100.0
2023-11-06 12:26:00+07:00,10.4,10.5,10.4,10.5,1100.0
2023-11-06 12:27:00+07:00,10.5,10.5,10.5,10.5,120200.0
2023-11-06 12:28:00+07:00,10.5,10.5,10.4,10.4,58500.0
2023-11-06 12:29:00+07:00,10.5,10.5,10.5,10.5,800.0
2023-11-06 14:27:00+07:00,10.4,10.5,10.4,10.4,75100.0
2023-11-06 14:28:00+07:00,10.5,10.5,10.5,10.5,100.0
2023-11-06 14:30:00+07:00,10.5,10.5,10.5,10.5,5000.0
2023-11-06 14:31:00+07:00,10.5,10.5,10.5,10.5,1500.0
2023-11-06 14:33:00+07:00,10.5,10.5,10.5,10.5,600.0
2023-11-06 14:34:00+07:00,10.5,10.5,10.5,10.5,30000.0
2023-11-06 14:35:00+07:00,10.5,10.5,10.5,10.5,400.0
2023-11-06 14:36:00+07:00,10.5,10.5,10.5,10.5,300.0
2023-11-06 14:38:00+07:00,10.4,10.4,10.4,10.4,1000.0
2023-11-06 14:40:00+07:00,10.4,10.5,10.4,10.5,10500.0
2023-11-06 14:41:00+07:00,10.5,10.5,10.5,10.5,1100.0
2023-11-06 14:42:00+07:00,10.5,10.5,10.4,10.4,1400.0
2023-11-06 14:43:00+07:00,10.5,10.5,10.5,10.5,100.0
2023-11-06 14:45:00+07:00,10.4,10.4,10.4,10.4,1000.0
2023-11-06 14:47:00+07:00,10.4,10.4,10.4,10.4,100.0
2023-11-06 14:48:00+07:00,10.4,10.4,10.4,10.4,1000.0
2023-11-06 14:49:00+07:00,10.5,10.5,10.5,10.5,1800.0
2023-11-06 14:50:00+07:00,10.4,10.5,10.4,10.4,57300.0
2023-11-06 14:51:00+07:00,10.5,10.5,10.5,10.5,1000.0
2023-11-06 14:52:00+07:00,10.4,10.4,10.4,10.4,1000.0
2023-11-06 14:53:00+07:00,10.5,10.5,10.5,10.5,300.0
2023-11-06 14:54:00+07:00,10.5,10.5,10.5,10.5,200.0
2023-11-06 14:55:00+07:00,10.5,10.5,10.5,10.5,2000.0
2023-11-06 14:56:00+07:00,10.5,10.5,10.5,10.5,657100.0
2023-11-06 14:57:00+07:00,10.5,10.5,10.5,10.5,1000.0
2023-11-06 14:58:00+07:00,10.5,10.6,10.5,10.6,112800.0
2023-11-06 15:01:00+07:00,10.5,10.5,10.5,10.5,266600.0
2023-11-06 15:02:00+07:00,10.5,10.5,10.5,10.5,226800.0
2023-11-06 15:05:00+07:00,10.5,10.5,10.5,10.5,5000.0
2023-11-06 15:06:00+07:00,10.5,10.5,10.5,10.5,1500.0
2023-11-06 15:08:00+07:00,10.5,10.5,10.5,10.5,2100.0
2023-11-06 15:09:00+07:00,10.5,10.5,10.5,10.5,1000.0
2023-11-06 15:10:00+07:00,10.5,10.5,10.5,10.5,10000.0
2023-11-06 15:11:00+07:00,10.5,10.5,10.5,10.5,1100.0
2023-11-06 15:15:00+07:00,10.6,10.6,10.5,10.5,57400.0
2023-11-06 15:18:00+07:00,10.6,10.6,10.6,10.6,100.0
2023-11-06 15:19:00+07:00,10.5,10.5,10.5,10.5,1000.0
2023-11-06 15:22:00+07:00,10.5,10.5,10.5,10.5,1000.0
2023-11-06 15:24:00+07:00,10.5,10.5,10.5,10.5,100.0
2023-11-06 15:25:00+07:00,10.5,10.5,10.5,10.5,1100.0
2023-11-06 15:26:00+07:00,10.6,10.6,10.6,10.6,100.0
2023-11-06 15:27:00+07:00,10.5,10.5,10.5,10.5,1000.0
2023-11-06 15:29:00+07:00,10.5,10.5,10.5,10.5,1000.0
2023-11-06 15:30:00+07:00,10.5,10.5,10.5,10.5,56200.0
2023-11-06 15:31:00+07:00,10.5,10.5,10.5,10.5,1000.0
2023-11-06 15:33:00+07:00,10.5,10.5,10.5,10.5,100.0
2023-11-06 15:34:00+07:00,10.5,10.5,10.5,10.5,1500.0
2023-11-06 15:35:00+07:00,10.5,10.5,10.5,10.5,1400.0
2023-11-06 15:38:00+07:00,10.5,10.5,10.5,10.5,479100.0
2023-11-06 15:39:00+07:00,10.5,10.5,10.5,10.5,1000.0
2023-11-06 15:40:00+07:00,10.4,10.4,10.4,10.4,4500.0
2023-11-06 15:41:00+07:00,10.5,10.5,10.5,10.5,52100.0
2023-11-06 15:42:00+07:00,10.5,10.5,10.5,10.5,277300.0
2023-11-06 15:44:00+07:00,10.5,10.5,10.5,10.5,600.0
2023-11-06 15:45:00+07:00,10.5,10.5,10.5,10.5,56200.0
2023-11-06 15:46:00+07:00,10.5,10.5,10.5,10.5,88600.0
2023-11-06 15:47:00+07:00,10.5,10.5,10.5,10.5,275500.0
2023-11-06 15:48:00+07:00,10.5,10.5,10.5,10.5,5300.0
2023-11-06 15:49:00+07:00,10.5,10.5,10.5,10.5,24100.0
2023-11-06 15:50:00+07:00,10.5,10.6,10.5,10.5,244000.0
2023-11-06 15:53:00+07:00,10.6,10.6,10.6,10.6,100.0
2023-11-06 15:55:00+07:00,10.5,10.5,10.5,10.5,427000.0
2023-11-06 15:56:00+07:00,10.5,10.5,10.5,10.5,1000.0
2023-11-06 15:57:00+07:00,10.5,10.5,10.5,10.5,1000.0
2023-11-06 15:59:00+07:00,10.5,10.5,10.5,10.5,57100.0
2023-11-06 16:01:00+07:00,10.5,10.5,10.5,10.5,1900.0
2023-11-06 16:02:00+07:00,10.5,10.5,10.5,10.5,14000.0
2023-11-06 16:03:00+07:00,10.5,10.5,10.5,10.5,50000.0
2023-11-06 16:05:00+07:00,10.5,10.5,10.5,10.5,1200.0
2023-11-06 16:06:00+07:00,10.5,10.6,10.5,10.5,51200.0
2023-11-06 16:07:00+07:00,10.5,10.5,10.5,10.5,400.0
2023-11-06 16:08:00+07:00,10.5,10.5,10.5,10.5,500.0
2023-11-06 16:09:00+07:00,10.5,10.5,10.5,10.5,1000.0
2023-11-06 16:10:00+07:00,10.5,10.5,10.5,10.5,500.0
2023-11-06 16:11:00+07:00,10.6,10.6,10.5,10.5,1400.0
2023-11-06 16:12:00+07:00,10.5,10.5,10.5,10.5,500.0
2023-11-06 16:13:00+07:00,10.5,10.5,10.5,10.5,3900.0
2023-11-06 16:14:00+07:00,10.5,10.5,10.5,10.5,244600.0
2023-11-06 16:15:00+07:00,10.4,10.4,10.4,10.4,4700.0
2023-11-06 16:16:00+07:00,10.5,10.5,10.4,10.4,4700.0
2023-11-06 16:17:00+07:00,10.5,10.5,10.4,10.4,200500.0
2023-11-06 16:18:00+07:00,10.4,10.5,10.4,10.5,1200.0
2023-11-06 16:19:00+07:00,10.5,10.5,10.5,10.5,5000.0
2023-11-06 16:20:00+07:00,10.4,10.4,10.4,10.4,900.0
2023-11-06 16:22:00+07:00,10.4,10.4,10.4,10.4,1400.0
2023-11-06 16:23:00+07:00,10.4,10.5,10.4,10.5,4000.0
2023-11-06 16:25:00+07:00,10.5,10.5,10.4,10.4,1122900.0
2023-11-06 16:26:00+07:00,10.4,10.4,10.3,10.4,137400.0
2023-11-06 16:27:00+07:00,10.4,10.4,10.4,10.4,715800.0
2023-11-06 16:29:00+07:00,10.5,10.5,10.5,10.5,1200.0
2023-11-06 16:39:00+07:00,10.5,10.5,10.5,10.5,1879500.0
2023-11-07 09:58:00+07:00,10.5,10.5,10.5,10.5,133400.0
2023-11-07 09:59:00+07:00,10.5,10.5,10.5,10.5,400.0
2023-11-07 10:01:00+07:00,10.4,10.4,10.4,10.4,2500.0
2023-11-07 10:02:00+07:00,10.4,10.4,10.4,10.4,2600.0
2023-11-07 10:03:00+07:00,10.4,10.5,10.4,10.5,705000.0
2023-11-07 10:04:00+07:00,10.5,10.5,10.5,10.5,6200.0
2023-11-07 10:05:00+07:00,10.4,10.5,10.4,10.5,307900.0
2023-11-07 10:06:00+07:00,10.5,10.5,10.5,10.5,1000.0
2023-11-07 10:07:00+07:00,10.5,10.5,10.5,10.5,2300.0
2023-11-07 10:08:00+07:00,10.5,10.5,10.5,10.5,2900.0
2023-11-07 10:09:00+07:00,10.5,10.6,10.5,10.6,17800.0
2023-11-07 10:10:00+07:00,10.5,10.5,10.5,10.5,64600.0
2023-11-07 10:11:00+07:00,10.5,10.5,10.5,10.5,73100.0
2023-11-07 10:12:00+07:00,10.5,10.5,10.5,10.5,13100.0
2023-11-07 10:13:00+07:00,10.5,10.5,10.5,10.5,401100.0
2023-11-07 10:14:00+07:00,10.4,10.5,10.4,10.5,236200.0
2023-11-07 10:15:00+07:00,10.5,10.5,10.5,10.5,10200.0
2023-11-07 10:16:00+07:00,10.5,10.5,10.5,10.5,2400.0
2023-11-07 10:17:00+07:00,10.5,10.5,10.5,10.5,2600.0
2023-11-07 10:18:00+07:00,10.5,10.5,10.5,10.5,202300.0
2023-11-07 10:19:00+07:00,10.5,10.5,10.5,10.5,7600.0
2023-11-07 10:20:00+07:00,10.5,10.5,10.5,10.5,3100.0
2023-11-07 10:21:00+07:00,10.5,10.5,10.5,10.5,548900.0
2023-11-07 10:22:00+07:00,10.5,10.5,10.5,10.5,3400.0
2023-11-07 10:23:00+07:00,10.5,10.6,10.5,10.6,2600.0
2023-11-07 10:24:00+07:00,10.5,10.5,10.5,10.5,2100.0
2023-11-07 10:25:00+07:00,10.5,10.5,10.5,10.5,2200.0
2023-11-07 10:26:00+07:00,10.5,10.5,10.5,10.5,3000.0
2023-11-07 10:27:00+07:00,10.5,10.5,10.5,10.5,5600.0
2023-11-07 10:28:00+07:00,10.5,10.5,10.5,10.5,2500.0
2023-11-07 10:29:00+07:00,10.5,10.5,10.5,10.5,2400.0
2023-11-07 10:30:00+07:00,10.5,10.6,10.5,10.6,2600.0
2023-11-07 10:31:00+07:00,10.5,10.5,10.5,10.5,2400.0
2023-11-07 10:32:00+07:00,10.5,10.5,10.5,10.5,2500.0
2023-11-07 10:33:00+07:00,10.5,10.5,10.5,10.5,6600.0
2023-11-07 10:34:00+07:00,10.5,10.5,10.5,10.5,7100.0
2023-11-07 10:35:00+07:00,10.5,10.5,10.5,10.5,2500.0
2023-11-07 10:36:00+07:00,10.5,10.6,10.5,10.6,2900.0
2023-11-07 10:37:00+07:00,10.5,10.5,10.5,10.5,2400.0
2023-11-07 10:38:00+07:00,10.5,10.5,10.5,10.5,2200.0
2023-11-07 10:39:00+07:00,10.5,10.5,10.5,10.5,2500.0
2023-11-07 10:40:00+07:00,10.5,10.5,10.5,10.5,3400.0
2023-11-07 10:41:00+07:00,10.5,10.5,10.5,10.5,12100.0
2023-11-07 10:42:00+07:00,10.5,10.5,10.5,10.5,2300.0
2023-11-07 10:43:00+07:00,10.5,10.5,10.5,10.5,2300.0
2023-11-07 10:44:00+07:00,10.5,10.5,10.5,10.5,10000.0
2023-11-07 10:45:00+07:00,10.5,10.6,10.5,10.6,2400.0
2023-11-07 10:46:00+07:00,10.5,10.5,10.5,10.5,2400.0
2023-11-07 10:47:00+07:00,10.5,10.5,10.5,10.5,2200.0
2023-11-07 10:48:00+07:00,10.5,10.5,10.5,10.5,2100.0
2023-11-07 10:49:00+07:00,10.5,10.5,10.5,10.5,2600.0
2023-11-07 10:50:00+07:00,10.5,10.5,10.5,10.5,2500.0
2023-11-07 10:51:00+07:00,10.5,10.5,10.5,10.5,12500.0
2023-11-07 10:52:00+07:00,10.5,10.5,10.5,10.5,3200.0
2023-11-07 10:53:00+07:00,10.5,10.5,10.5,10.5,2700.0
2023-11-07 10:54:00+07:00,10.5,10.5,10.5,10.5,5800.0
2023-11-07 10:55:00+07:00,10.5,10.5,10.5,10.5,2500.0
2023-11-07 10:56:00+07:00,10.5,10.5,10.5,10.5,7500.0
2023-11-07 10:57:00+07:00,10.5,10.6,10.5,10.6,22200.0
2023-11-07 10:58:00+07:00,10.5,10.5,10.5,10.5,2500.0
2023-11-07 10:59:00+07:00,10.5,10.5,10.5,10.5,2100.0
2023-11-07 11:00:00+07:00,10.5,10.5,10.5,10.5,5700.0
2023-11-07 11:01:00+07:00,10.5,10.5,10.5,10.5,2100.0
2023-11-07 11:02:00+07:00,10.5,10.5,10.5,10.5,5800.0
2023-11-07 11:03:00+07:00,10.5,10.5,10.5,10.5,2600.0
2023-11-07 11:04:00+07:00,10.5,10.5,10.5,10.5,2100.0
2023-11-07 11:05:00+07:00,10.5,10.5,10.5,10.5,2500.0
2023-11-07 11:06:00+07:00,10.5,10.5,10.5,10.5,2500.0
2023-11-07 11:07:00+07:00,10.5,10.5,10.5,10.5,2700.0
2023-11-07 11:08:00+07:00,10.5,10.5,10.5,10.5,5800.0
2023-11-07 11:09:00+07:00,10.5,10.5,10.5,10.5,2600.0
2023-11-07 11:10:00+07:00,10.5,10.5,10.5,10.5,4100.0
2023-11-07 11:11:00+07:00,10.5,10.5,10.5,10.5,2400.0
2023-11-07 11:12:00+07:00,10.5,10.5,10.5,10.5,21700.0
2023-11-07 11:13:00+07:00,10.5,10.5,10.5,10.5,5500.0
2023-11-07 11:14:00+07:00,10.5,10.5,10.5,10.5,2300.0
2023-11-07 11:15:00+07:00,10.5,10.5,10.5,10.5,6300.0
2023-11-07 11:16:00+07:00,10.5,10.5,10.5,10.5,3600.0
2023-11-07 11:17:00+07:00,10.5,10.5,10.5,10.5,2200.0
2023-11-07 11:18:00+07:00,10.5,10.6,10.5,10.6,3600.0
2023-11-07 11:19:00+07:00,10.5,10.5,10.5,10.5,2300.0
2023-11-07 11:20:00+07:00,10.5,10.5,10.5,10.5,2100.0
2023-11-07 11:21:00+07:00,10.5,10.5,10.5,10.5,2500.0
2023-11-07 11:22:00+07:00,10.5,10.5,10.5,10.5,2100.0
2023-11-07 11:23:00+07:00,10.5,10.6,10.5,10.6,12300.0
2023-11-07 11:24:00+07:00,10.5,10.6,10.5,10.6,662200.0
2023-11-07 11:25:00+07:00,10.6,10.6,10.6,10.6,1000.0
2023-11-07 11:26:00+07:00,10.6,10.6,10.6,10.6,6500.0
2023-11-07 11:27:00+07:00,10.6,10.6,10.6,10.6,104100.0
2023-11-07 11:28:00+07:00,10.6,10.6,10.6,10.6,4300.0
2023-11-07 11:29:00+07:00,10.6,10.6,10.6,10.6,3900.0
2023-11-07 11:30:00+07:00,10.6,10.6,10.6,10.6,2500.0
2023-11-07 11:31:00+07:00,10.6,10.6,10.6,10.6,7600.0
2023-11-07 11:32:00+07:00,10.6,10.7,10.6,10.6,5000.0
2023-11-07 11:33:00+07:00,10.6,10.6,10.6,10.6,5200.0
2023-11-07 11:34:00+07:00,10.6,10.6,10.6,10.6,8900.0
2023-11-07 11:35:00+07:00,10.6,10.6,10.6,10.6,3400.0
2023-11-07 11:36:00+07:00,10.6,10.6,10.6,10.6,20900.0
2023-11-07 11:37:00+07:00,10.6,10.6,10.6,10.6,5900.0
2023-11-07 11:38:00+07:00,10.6,10.6,10.6,10.6,8300.0
2023-11-07 11:39:00+07:00,10.6,10.6,10.6,10.6,2700.0
2023-11-07 11:40:00+07:00,10.6,10.6,10.6,10.6,11300.0
2023-11-07 11:41:00+07:00,10.6,10.6,10.6,10.6,2400.0
2023-11-07 11:42:00+07:00,10.6,10.6,10.6,10.6,5500.0
2023-11-07 11:43:00+07:00,10.6,10.6,10.6,10.6,4800.0
2023-11-07 11:44:00+07:00,10.6,10.6,10.6,10.6,7900.0
2023-11-07 11:45:00+07:00,10.6,10.6,10.6,10.6,13600.0
2023-11-07 11:46:00+07:00,10.6,10.6,10.6,10.6,147900.0
2023-11-07 11:47:00+07:00,10.6,10.6,10.5,10.5,351900.0
2023-11-07 11:48:00+07:00,10.5,10.5,10.5,10.5,2600.0
2023-11-07 11:49:00+07:00,10.5,10.5,10.5,10.5,2100.0
2023-11-07 11:50:00+07:00,10.5,10.6,10.5,10.6,2500.0
2023-11-07 11:51:00+07:00,10.5,10.5,10.5,10.5,2100.0
2023-11-07 11:52:00+07:00,10.5,10.5,10.5,10.5,3000.0
2023-11-07 11:53:00+07:00,10.5,10.5,10.5,10.5,2600.0
2023-11-07 11:54:00+07:00,10.5,10.5,10.5,10.5,3800.0
2023-11-07 11:55:00+07:00,10.5,10.5,10.5,10.5,2600.0
2023-11-07 11:56:00+07:00,10.5,10.5,10.5,10.5,2500.0
2023-11-07 11:57:00+07:00,10.5,10.5,10.5,10.5,3000.0
2023-11-07 11:58:00+07:00,10.5,10.5,10.5,10.5,2300.0
2023-11-07 11:59:00+07:00,10.5,10.5,10.5,10.5,2400.0
2023-11-07 12:00:00+07:00,10.5,10.5,10.5,10.5,2300.0
2023-11-07 12:01:00+07:00,10.5,10.5,10.5,10.5,2100.0
2023-11-07 12:02:00+07:00,10.5,10.5,10.5,10.5,2300.0
2023-11-07 12:03:00+07:00,10.5,10.5,10.5,10.5,3300.0
2023-11-07 12:04:00+07:00,10.5,10.5,10.5,10.5,2100.0
2023-11-07 12:05:00+07:00,10.5,10.5,10.5,10.5,2500.0
2023-11-07 12:06:00+07:00,10.5,10.5,10.5,10.5,2900.0
2023-11-07 12:07:00+07:00,10.5,10.5,10.5,10.5,2100.0
2023-11-07 12:08:00+07:00,10.5,10.5,10.5,10.5,2400.0
2023-11-07 12:09:00+07:00,10.5,10.6,10.5,10.6,22500.0
2023-11-07 12:10:00+07:00,10.5,10.5,10.5,10.5,3000.0
2023-11-07 12:11:00+07:00,10.5,10.5,10.5,10.5,6700.0
2023-11-07 12:12:00+07:00,10.5,10.5,10.5,10.5,5900.0
2023-11-07 12:13:00+07:00,10.5,10.5,10.5,10.5,2800.0
2023-11-07 12:14:00+07:00,10.5,10.5,10.5,10.5,3300.0
2023-11-07 12:15:00+07:00,10.5,10.5,10.5,10.5,2300.0
2023-11-07 12:16:00+07:00,10.5,10.5,10.5,10.5,7200.0
2023-11-07 12:17:00+07:00,10.5,10.5,10.5,10.5,2200.0
2023-11-07 12:18:00+07:00,10.5,10.5,10.5,10.5,2100.0
2023-11-07 12:19:00+07:00,10.5,10.5,10.5,10.5,3100.0
2023-11-07 12:20:00+07:00,10.5,10.5,10.5,10.5,5000.0
2023-11-07 12:21:00+07:00,10.5,10.5,10.5,10.5,5900.0
2023-11-07 12:22:00+07:00,10.5,10.5,10.5,10.5,5800.0
2023-11-07 12:23:00+07:00,10.5,10.5,10.5,10.5,3300.0
2023-11-07 12:24:00+07:00,10.5,10.6,10.5,10.6,4200.0
2023-11-07 12:25:00+07:00,10.5,10.5,10.5,10.5,2600.0
2023-11-07 12:26:00+07:00,10.5,10.5,10.5,10.5,5000.0
2023-11-07 12:27:00+07:00,10.5,10.5,10.5,10.5,6100.0
2023-11-07 12:28:00+07:00,10.5,10.5,10.5,10.5,2100.0
2023-11-07 12:29:00+07:00,10.5,10.5,10.5,10.5,2700.0
2023-11-07 14:27:00+07:00,10.6,10.6,10.6,10.6,26600.0
2023-11-07 14:28:00+07:00,10.6,10.6,10.5,10.5,16800.0
2023-11-07 14:30:00+07:00,10.5,10.5,10.5,10.5,2100.0
2023-11-07 14:31:00+07:00,10.5,10.6,10.5,10.6,2400.0
2023-11-07 14:32:00+07:00,10.5,10.5,10.5,10.5,2100.0
2023-11-07 14:33:00+07:00,10.5,10.5,10.5,10.5,2500.0
2023-11-07 14:34:00+07:00,10.5,10.6,10.5,10.6,2700.0
2023-11-07 14:35:00+07:00,10.5,10.6,10.5,10.6,2900.0
2023-11-07 14:36:00+07:00,10.5,10.6,10.5,10.6,547400.0
2023-11-07 14:37:00+07:00,10.6,10.6,10.6,10.6,11000.0
2023-11-07 14:38:00+07:00,10.6,10.6,10.6,10.6,3000.0
2023-11-07 14:39:00+07:00,10.6,10.7,10.6,10.7,7100.0
2023-11-07 14:40:00+07:00,10.6,10.6,10.6,10.6,3200.0
2023-11-07 14:41:00+07:00,10.6,10.6,10.6,10.6,2300.0
2023-11-07 14:42:00+07:00,10.6,10.6,10.6,10.6,3100.0
2023-11-07 14:43:00+07:00,10.6,10.6,10.6,10.6,2500.0
2023-11-07 14:44:00+07:00,10.6,10.6,10.6,10.6,2200.0
2023-11-07 14:45:00+07:00,10.6,10.6,10.6,10.6,3100.0
2023-11-07 14:46:00+07:00,10.6,10.7,10.6,10.7,2700.0
2023-11-07 14:47:00+07:00,10.6,10.6,10.6,10.6,20800.0
2023-11-07 14:48:00+07:00,10.6,10.6,10.6,10.6,22100.0
2023-11-07 14:49:00+07:00,10.6,10.6,10.6,10.6,4800.0
2023-11-07 14:50:00+07:00,10.6,10.6,10.6,10.6,156700.0
2023-11-07 14:51:00+07:00,10.6,10.6,10.6,10.6,3400.0
2023-11-07 14:52:00+07:00,10.6,10.6,10.6,10.6,66000.0
2023-11-07 14:53:00+07:00,10.6,10.6,10.6,10.6,2300.0
2023-11-07 14:54:00+07:00,10.6,10.6,10.6,10.6,30000.0
2023-11-07 14:55:00+07:00,10.6,10.6,10.6,10.6,6000.0
2023-11-07 14:56:00+07:00,10.6,10.6,10.6,10.6,24400.0
2023-11-07 14:57:00+07:00,10.6,10.6,10.6,10.6,5600.0
2023-11-07 14:58:00+07:00,10.6,10.6,10.6,10.6,45300.0
2023-11-07 14:59:00+07:00,10.6,10.6,10.6,10.6,2200.0
2023-11-07 15:00:00+07:00,10.6,10.6,10.6,10.6,21200.0
2023-11-07 15:01:00+07:00,10.6,10.6,10.6,10.6,34200.0
2023-11-07 15:02:00+07:00,10.6,10.6,10.6,10.6,21900.0
2023-11-07 15:03:00+07:00,10.6,10.7,10.6,10.7,3600.0
2023-11-07 15:04:00+07:00,10.6,10.7,10.6,10.6,22700.0
2023-11-07 15:05:00+07:00,10.6,10.6,10.6,10.6,2500.0
2023-11-07 15:06:00+07:00,10.6,10.6,10.6,10.6,20800.0
2023-11-07 15:07:00+07:00,10.6,10.6,10.6,10.6,12500.0
2023-11-07 15:08:00+07:00,10.6,10.6,10.6,10.6,29600.0
2023-11-07 15:09:00+07:00,10.6,10.6,10.6,10.6,2700.0
2023-11-07 15:10:00+07:00,10.6,10.6,10.6,10.6,24300.0
2023-11-07 15:11:00+07:00,10.6,10.6,10.6,10.6,3500.0
2023-11-07 15:12:00+07:00,10.6,10.6,10.6,10.6,50500.0
2023-11-07 15:13:00+07:00,10.6,10.6,10.6,10.6,22700.0
2023-11-07 15:14:00+07:00,10.6,10.6,10.6,10.6,24200.0
2023-11-07 15:15:00+07:00,10.6,10.6,10.6,10.6,2800.0
2023-11-07 15:16:00+07:00,10.6,10.7,10.6,10.7,3500.0
2023-11-07 15:17:00+07:00,10.6,10.6,10.6,10.6,21500.0
2023-11-07 15:18:00+07:00,10.6,10.7,10.6,10.7,74100.0
2023-11-07 15:19:00+07:00,10.6,10.7,10.6,10.7,2400.0
2023-11-07 15:20:00+07:00,10.6,10.6,10.6,10.6,20900.0
2023-11-07 15:21:00+07:00,10.6,10.6,10.6,10.6,4000.0
2023-11-07 15:22:00+07:00,10.6,10.6,10.6,10.6,21500.0
2023-11-07 15:23:00+07:00,10.6,10.6,10.6,10.6,4400.0
2023-11-07 15:24:00+07:00,10.6,10.6,10.6,10.6,20800.0
2023-11-07 15:25:00+07:00,10.6,10.6,10.6,10.6,3100.0
2023-11-07 15:26:00+07:00,10.6,10.7,10.6,10.7,24900.0
2023-11-07 15:27:00+07:00,10.6,10.6,10.6,10.6,2400.0
2023-11-07 15:28:00+07:00,10.6,10.6,10.6,10.6,23900.0
2023-11-07 15:29:00+07:00,10.6,10.6,10.6,10.6,2300.0
2023-11-07 15:30:00+07:00,10.6,10.6,10.6,10.6,26500.0
2023-11-07 15:31:00+07:00,10.6,10.6,10.6,10.6,3200.0
2023-11-07 15:32:00+07:00,10.6,10.6,10.6,10.6,25500.0
2023-11-07 15:33:00+07:00,10.6,10.6,10.6,10.6,2400.0
2023-11-07 15:34:00+07:00,10.6,10.7,10.6,10.7,31100.0
2023-11-07 15:35:00+07:00,10.6,10.6,10.6,10.6,6400.0
2023-11-07 15:36:00+07:00,10.6,10.6,10.6,10.6,21000.0
2023-11-07 15:37:00+07:00,10.6,10.6,10.6,10.6,7200.0
2023-11-07 15:38:00+07:00,10.6,10.6,10.6,10.6,21800.0
2023-11-07 15:39:00+07:00,10.6,10.6,10.6,10.6,25200.0
2023-11-07 15:40:00+07:00,10.6,10.6,10.6,10.6,1458500.0
2023-11-07 15:41:00+07:00,10.5,10.6,10.5,10.6,426600.0
2023-11-07 15:42:00+07:00,10.6,10.6,10.6,10.6,28600.0
2023-11-07 15:43:00+07:00,10.6,10.6,10.6,10.6,22800.0
2023-11-07 15:44:00+07:00,10.6,10.6,10.6,10.6,48800.0
2023-11-07 15:45:00+07:00,10.6,10.6,10.6,10.6,2300.0
2023-11-07 15:46:00+07:00,10.6,10.6,10.6,10.6,29200.0
2023-11-07 15:47:00+07:00,10.6,10.6,10.6,10.6,4600.0
2023-11-07 15:48:00+07:00,10.6,10.6,10.6,10.6,21000.0
2023-11-07 15:49:00+07:00,10.6,10.6,10.6,10.6,3200.0
2023-11-07 15:50:00+07:00,10.6,10.6,10.6,10.6,21100.0
2023-11-07 15:51:00+07:00,10.6,10.6,10.6,10.6,17700.0
2023-11-07 15:52:00+07:00,10.6,10.6,10.6,10.6,21500.0
2023-11-07 15:53:00+07:00,10.6,10.6,10.6,10.6,2600.0
2023-11-07 15:54:00+07:00,10.6,10.6,10.6,10.6,22400.0
2023-11-07 15:55:00+07:00,10.6,10.6,10.6,10.6,4200.0
2023-11-07 15:56:00+07:00,10.6,10.7,10.6,10.7,2500.0
2023-11-07 15:57:00+07:00,10.6,10.6,10.6,10.6,21600.0
2023-11-07 15:58:00+07:00,10.6,10.6,10.6,10.6,24300.0
2023-11-07 15:59:00+07:00,10.6,10.6,10.6,10.6,14700.0
2023-11-07 16:00:00+07:00,10.6,10.6,10.6,10.6,18700.0
2023-11-07 16:01:00+07:00,10.6,10.6,10.6,10.6,2800.0
2023-11-07 16:02:00+07:00,10.6,10.6,10.6,10.6,18500.0
2023-11-07 16:03:00+07:00,10.6,10.6,10.6,10.6,5000.0
2023-11-07 16:04:00+07:00,10.6,10.6,10.6,10.6,18400.0
2023-11-07 16:06:00+07:00,10.6,10.6,10.6,10.6,24000.0
2023-11-07 16:07:00+07:00,10.6,10.6,10.6,10.6,2000.0
2023-11-07 16:08:00+07:00,10.6,10.6,10.6,10.6,18400.0
2023-11-07 16:09:00+07:00,10.6,10.6,10.6,10.6,22700.0
2023-11-07 16:10:00+07:00,10.6,10.6,10.6,10.6,25300.0
2023-11-07 16:11:00+07:00,10.6,10.6,10.6,10.6,188800.0
2023-11-07 16:12:00+07:00,10.6,10.7,10.6,10.7,43300.0
2023-11-07 16:13:00+07:00,10.6,10.6,10.6,10.6,2300.0
2023-11-07 16:14:00+07:00,10.6,10.6,10.6,10.6,20600.0
2023-11-07 16:15:00+07:00,10.6,10.6,10.6,10.6,150500.0
2023-11-07 16:16:00+07:00,10.6,10.6,10.6,10.6,60200.0
2023-11-07 16:17:00+07:00,10.6,10.6,10.6,10.6,38100.0
2023-11-07 16:18:00+07:00,10.6,10.6,10.6,10.6,100200.0
2023-11-07 16:19:00+07:00,10.6,10.6,10.6,10.6,50200.0
2023-11-07 16:20:00+07:00,10.6,10.6,10.6,10.6,3800.0
2023-11-07 16:21:00+07:00,10.6,10.7,10.6,10.7,9000.0
2023-11-07 16:22:00+07:00,10.6,10.6,10.6,10.6,9100.0
2023-11-07 16:23:00+07:00,10.6,10.6,10.6,10.6,44400.0
2023-11-07 16:24:00+07:00,10.6,10.6,10.6,10.6,19700.0
2023-11-07 16:25:00+07:00,10.7,10.7,10.6,10.6,2600.0
2023-11-07 16:26:00+07:00,10.6,10.6,10.6,10.6,5900.0
2023-11-07 16:27:00+07:00,10.6,10.6,10.6,10.6,40300.0
2023-11-07 16:28:00+07:00,10.6,10.6,10.6,10.6,2000.0
2023-11-07 16:29:00+07:00,10.6,10.7,10.6,10.7,50900.0
2023-11-07 16:36:00+07:00,10.6,10.6,10.6,10.6,1432700.0
2023-11-08 09:59:00+07:00,10.6,10.7,10.6,10.7,92600.0
2023-11-08 10:00:00+07:00,10.6,10.6,10.6,10.6,145800.0
2023-11-08 10:02:00+07:00,10.6,10.6,10.6,10.6,5000.0
2023-11-08 10:03:00+07:00,10.6,10.6,10.6,10.6,100.0
2023-11-08 10:04:00+07:00,10.6,10.6,10.6,10.6,100.0
2023-11-08 10:08:00+07:00,10.6,10.6,10.6,10.6,87300.0
2023-11-08 10:09:00+07:00,10.6,10.6,10.6,10.6,16700.0
2023-11-08 10:10:00+07:00,10.5,10.5,10.5,10.5,5100.0
2023-11-08 10:11:00+07:00,10.5,10.5,10.5,10.5,100.0
2023-11-08 10:15:00+07:00,10.6,10.6,10.6,10.6,100.0
2023-11-08 10:16:00+07:00,10.5,10.5,10.5,10.5,1000.0
2023-11-08 10:17:00+07:00,10.5,10.5,10.5,10.5,5200.0
2023-11-08 10:19:00+07:00,10.6,10.6,10.6,10.6,1200.0
2023-11-08 10:21:00+07:00,10.6,10.6,10.6,10.6,400.0
2023-11-08 10:22:00+07:00,10.6,10.6,10.6,10.6,1000.0
2023-11-08 10:23:00+07:00,10.6,10.6,10.6,10.6,1000.0
2023-11-08 10:26:00+07:00,10.6,10.6,10.6,10.6,318500.0
2023-11-08 10:28:00+07:00,10.6,10.6,10.6,10.6,33100.0
2023-11-08 10:31:00+07:00,10.6,10.6,10.6,10.6,143100.0
2023-11-08 10:32:00+07:00,10.6,10.6,10.6,10.6,24600.0
2023-11-08 10:33:00+07:00,10.6,10.6,10.5,10.5,7800.0
2023-11-08 10:34:00+07:00,10.5,10.6,10.5,10.6,700.0
2023-11-08 10:35:00+07:00,10.6,10.6,10.6,10.6,1700.0
2023-11-08 10:36:00+07:00,10.6,10.6,10.6,10.6,200.0
2023-11-08 10:37:00+07:00,10.6,10.6,10.6,10.6,1500.0
2023-11-08 10:38:00+07:00,10.6,10.6,10.6,10.6,43500.0
2023-11-08 10:39:00+07:00,10.5,10.5,10.5,10.5,200.0
2023-11-08 10:40:00+07:00,10.6,10.6,10.6,10.6,82500.0
2023-11-08 10:42:00+07:00,10.6,10.6,10.6,10.6,10200.0
2023-11-08 10:43:00+07:00,10.6,10.6,10.6,10.6,300.0
2023-11-08 10:45:00+07:00,10.6,10.7,10.6,10.7,217500.0
2023-11-08 10:46:00+07:00,10.7,10.7,10.7,10.7,200.0
2023-11-08 10:47:00+07:00,10.7,10.7,10.6,10.7,700.0
2023-11-08 10:48:00+07:00,10.6,10.7,10.6,10.7,6500.0
2023-11-08 10:49:00+07:00,10.7,10.7,10.7,10.7,200.0
2023-11-08 10:50:00+07:00,10.7,10.7,10.6,10.7,41000.0
2023-11-08 10:51:00+07:00,10.7,10.7,10.6,10.7,1600.0
2023-11-08 10:52:00+07:00,10.7,10.7,10.7,10.7,200.0
2023-11-08 10:53:00+07:00,10.6,10.6,10.6,10.6,50000.0
2023-11-08 10:54:00+07:00,10.6,10.6,10.6,10.6,300.0
2023-11-08 10:55:00+07:00,10.6,10.6,10.6,10.6,200.0
2023-11-08 10:56:00+07:00,10.6,10.6,10.6,10.6,100.0
2023-11-08 10:58:00+07:00,10.6,10.6,10.6,10.6,1000.0
2023-11-08 10:59:00+07:00,10.6,10.6,10.6,10.6,1000.0
2023-11-08 11:01:00+07:00,10.6,10.6,10.6,10.6,40800.0
2023-11-08 11:03:00+07:00,10.6,10.6,10.5,10.5,393200.0
2023-11-08 11:06:00+07:00,10.6,10.6,10.6,10.6,100.0
2023-11-08 11:07:00+07:00,10.6,10.6,10.6,10.6,20000.0
2023-11-08 11:09:00+07:00,10.6,10.6,10.6,10.6,500.0
2023-11-08 11:10:00+07:00,10.6,10.6,10.6,10.6,400.0
2023-11-08 11:15:00+07:00,10.5,10.5,10.5,10.5,40800.0
2023-11-08 11:16:00+07:00,10.5,10.5,10.5,10.5,1600.0
2023-11-08 11:17:00+07:00,10.6,10.6,10.6,10.6,100.0
2023-11-08 11:19:00+07:00,10.5,10.5,10.5,10.5,6300.0
2023-11-08 11:22:00+07:00,10.6,10.6,10.6,10.6,1100.0
2023-11-08 11:23:00+07:00,10.6,10.6,10.6,10.6,1000.0
2023-11-08 11:26:00+07:00,10.6,10.6,10.6,10.6,100.0
2023-11-08 11:27:00+07:00,10.6,10.6,10.6,10.6,600.0
2023-11-08 11:29:00+07:00,10.6,10.6,10.6,10.6,500.0
2023-11-08 11:30:00+07:00,10.5,10.5,10.5,10.5,45200.0
2023-11-08 11:32:00+07:00,10.5,10.5,10.5,10.5,3900.0
2023-11-08 11:33:00+07:00,10.5,10.5,10.5,10.5,900.0
2023-11-08 11:34:00+07:00,10.6,10.6,10.6,10.6,1000.0
2023-11-08 11:45:00+07:00,10.5,10.5,10.5,10.5,47100.0
2023-11-08 11:46:00+07:00,10.5,10.6,10.5,10.6,1400.0
2023-11-08 11:47:00+07:00,10.6,10.6,10.6,10.6,400.0
2023-11-08 11:48:00+07:00,10.6,10.6,10.6,10.6,443500.0
2023-11-08 11:50:00+07:00,10.6,10.6,10.6,10.6,3400.0
2023-11-08 11:51:00+07:00,10.7,10.7,10.7,10.7,900.0
2023-11-08 11:52:00+07:00,10.6,10.6,10.6,10.6,2000.0
2023-11-08 11:55:00+07:00,10.6,10.6,10.6,10.6,900.0
2023-11-08 12:00:00+07:00,10.6,10.6,10.6,10.6,40800.0
2023-11-08 12:02:00+07:00,10.6,10.6,10.6,10.6,1900.0
2023-11-08 12:06:00+07:00,10.6,10.6,10.6,10.6,900.0
2023-11-08 12:07:00+07:00,10.6,10.6,10.6,10.6,2000.0
2023-11-08 12:08:00+07:00,10.6,10.6,10.6,10.6,500.0
2023-11-08 12:09:00+07:00,10.6,10.6,10.6,10.6,1300.0
2023-11-08 12:11:00+07:00,10.6,10.6,10.6,10.6,60100.0
2023-11-08 12:12:00+07:00,10.6,10.6,10.6,10.6,1400.0
2023-11-08 12:14:00+07:00,10.6,10.6,10.6,10.6,1000.0
2023-11-08 12:15:00+07:00,10.6,10.6,10.6,10.6,41700.0
2023-11-08 12:18:00+07:00,10.6,10.6,10.6,10.6,1200.0
2023-11-08 12:19:00+07:00,10.6,10.6,10.6,10.6,3500.0
2023-11-08 12:20:00+07:00,10.6,10.6,10.6,10.6,1000.0
2023-11-08 12:22:00+07:00,10.6,10.6,10.6,10.6,1000.0
2023-11-08 12:23:00+07:00,10.6,10.6,10.6,10.6,3700.0
2023-11-08 12:24:00+07:00,10.6,10.6,10.6,10.6,2100.0
2023-11-08 12:27:00+07:00,10.6,10.6,10.6,10.6,900.0
2023-11-08 12:29:00+07:00,10.6,10.7,10.6,10.6,4000.0
2023-11-08 14:27:00+07:00,10.6,10.6,10.6,10.6,58700.0
2023-11-08 14:28:00+07:00,10.7,10.7,10.7,10.7,400.0
2023-11-08 14:29:00+07:00,10.6,10.6,10.6,10.6,43700.0
2023-11-08 14:34:00+07:00,10.7,10.7,10.7,10.7,5000.0
2023-11-08 14:36:00+07:00,10.6,10.6,10.6,10.6,14900.0
2023-11-08 14:38:00+07:00,10.6,10.6,10.6,10.6,384400.0
2023-11-08 14:39:00+07:00,10.6,10.6,10.6,10.6,30000.0
2023-11-08 14:40:00+07:00,10.6,10.6,10.6,10.6,10000.0
2023-11-08 14:41:00+07:00,10.6,10.6,10.6,10.6,13400.0
2023-11-08 14:43:00+07:00,10.6,10.6,10.6,10.6,3700.0
2023-11-08 14:44:00+07:00,10.6,10.6,10.6,10.6,200.0
2023-11-08 14:45:00+07:00,10.7,10.7,10.5,10.5,92000.0
2023-11-08 14:46:00+07:00,10.5,10.5,10.5,10.5,300.0
2023-11-08 14:47:00+07:00,10.6,10.6,10.5,10.5,400.0
2023-11-08 14:48:00+07:00,10.5,10.5,10.5,10.5,1200.0
2023-11-08 14:49:00+07:00,10.5,10.5,10.5,10.5,300.0
2023-11-08 14:50:00+07:00,10.5,10.5,10.5,10.5,300.0
2023-11-08 14:51:00+07:00,10.5,10.6,10.5,10.5,1400.0
2023-11-08 14:52:00+07:00,10.5,10.5,10.5,10.5,300.0
2023-11-08 14:54:00+07:00,10.5,10.5,10.5,10.5,900.0
2023-11-08 14:56:00+07:00,10.5,10.5,10.5,10.5,100.0
2023-11-08 14:58:00+07:00,10.5,10.5,10.5,10.5,900.0
2023-11-08 15:00:00+07:00,10.5,10.5,10.5,10.5,40800.0
2023-11-08 15:01:00+07:00,10.5,10.5,10.5,10.5,900.0
2023-11-08 15:03:00+07:00,10.5,10.6,10.5,10.6,1400.0
2023-11-08 15:05:00+07:00,10.6,10.6,10.6,10.6,100.0
2023-11-08 15:09:00+07:00,10.6,10.6,10.6,10.6,100.0
2023-11-08 15:12:00+07:00,10.6,10.6,10.6,10.6,1100.0
2023-11-08 15:13:00+07:00,10.6,10.6,10.6,10.6,1000.0
2023-11-08 15:15:00+07:00,10.6,10.6,10.6,10.6,500.0
2023-11-08 15:17:00+07:00,10.5,10.6,10.5,10.6,44500.0
2023-11-08 15:19:00+07:00,10.6,10.6,10.6,10.6,800.0
2023-11-08 15:20:00+07:00,10.6,10.6,10.6,10.6,200.0
2023-11-08 15:23:00+07:00,10.5,10.5,10.5,10.5,4300.0
2023-11-08 15:26:00+07:00,10.5,10.6,10.5,10.6,1400.0
2023-11-08 15:29:00+07:00,10.6,10.6,10.6,10.6,42100.0
2023-11-08 15:30:00+07:00,10.5,10.5,10.5,10.5,45400.0
2023-11-08 15:31:00+07:00,10.5,10.5,10.5,10.5,1182300.0
2023-11-08 15:32:00+07:00,10.5,10.5,10.5,10.5,2100.0
2023-11-08 15:33:00+07:00,10.5,10.5,10.5,10.5,151000.0
2023-11-08 15:34:00+07:00,10.5,10.5,10.4,10.5,17200.0
2023-11-08 15:35:00+07:00,10.5,10.5,10.5,10.5,465800.0
2023-11-08 15:36:00+07:00,10.5,10.5,10.5,10.5,57700.0
2023-11-08 15:37:00+07:00,10.5,10.5,10.5,10.5,8200.0
2023-11-08 15:38:00+07:00,10.5,10.5,10.5,10.5,176600.0
2023-11-08 15:39:00+07:00,10.5,10.5,10.5,10.5,110200.0
2023-11-08 15:40:00+07:00,10.5,10.5,10.5,10.5,168400.0
2023-11-08 15:41:00+07:00,10.5,10.5,10.5,10.5,12600.0
2023-11-08 15:44:00+07:00,10.5,10.5,10.5,10.5,52500.0
2023-11-08 15:45:00+07:00,10.5,10.5,10.5,10.5,51700.0
2023-11-08 15:46:00+07:00,10.5,10.5,10.5,10.5,339100.0
2023-11-08 15:49:00+07:00,10.5,10.5,10.5,10.5,32500.0
2023-11-08 15:51:00+07:00,10.6,10.6,10.6,10.6,10000.0
2023-11-08 15:56:00+07:00,10.5,10.5,10.5,10.5,77200.0
2023-11-08 15:57:00+07:00,10.5,10.5,10.5,10.5,200.0
2023-11-08 15:58:00+07:00,10.5,10.5,10.5,10.5,200.0
2023-11-08 15:59:00+07:00,10.5,10.5,10.5,10.5,40400.0
2023-11-08 16:00:00+07:00,10.5,10.5,10.5,10.5,1100.0
2023-11-08 16:01:00+07:00,10.5,10.5,10.5,10.5,2400.0
2023-11-08 16:02:00+07:00,10.5,10.5,10.5,10.5,200.0
2023-11-08 16:05:00+07:00,10.5,10.5,10.5,10.5,1000.0
2023-11-08 16:06:00+07:00,10.5,10.5,10.5,10.5,3200.0
2023-11-08 16:07:00+07:00,10.6,10.6,10.5,10.5,1200.0
2023-11-08 16:08:00+07:00,10.5,10.5,10.5,10.5,6600.0
2023-11-08 16:09:00+07:00,10.6,10.6,10.5,10.5,1800.0
2023-11-08 16:10:00+07:00,10.5,10.5,10.5,10.5,300.0
2023-11-08 16:11:00+07:00,10.5,10.5,10.5,10.5,280100.0
2023-11-08 16:12:00+07:00,10.5,10.5,10.5,10.5,94400.0
2023-11-08 16:13:00+07:00,10.5,10.5,10.5,10.5,14400.0
2023-11-08 16:14:00+07:00,10.5,10.5,10.5,10.5,3500.0
2023-11-08 16:19:00+07:00,10.5,10.5,10.5,10.5,900.0
2023-11-08 16:20:00+07:00,10.5,10.5,10.5,10.5,67000.0
2023-11-08 16:23:00+07:00,10.5,10.5,10.5,10.5,3100.0
2023-11-08 16:24:00+07:00,10.6,10.6,10.6,10.6,100.0
2023-11-08 16:26:00+07:00,10.6,10.6,10.5,10.5,107500.0
2023-11-08 16:27:00+07:00,10.5,10.5,10.5,10.5,52900.0
2023-11-08 16:28:00+07:00,10.5,10.5,10.5,10.5,52900.0
2023-11-08 16:29:00+07:00,10.6,10.6,10.6,10.6,600.0
2023-11-08 16:35:00+07:00,10.6,10.6,10.6,10.6,804800.0
2023-11-09 09:55:00+07:00,10.5,10.6,10.5,10.6,133500.0
2023-11-09 09:56:00+07:00,10.5,10.5,10.5,10.5,411900.0
2023-11-09 09:57:00+07:00,10.5,10.5,10.5,10.5,23000.0
2023-11-09 09:58:00+07:00,10.5,10.5,10.5,10.5,2300.0
2023-11-09 09:59:00+07:00,10.5,10.5,10.5,10.5,28700.0
2023-11-09 10:00:00+07:00,10.5,10.5,10.5,10.5,40300.0
2023-11-09 10:01:00+07:00,10.5,10.5,10.5,10.5,9000.0
2023-11-09 10:03:00+07:00,10.4,10.5,10.4,10.5,10000.0
2023-11-09 10:04:00+07:00,10.4,10.4,10.4,10.4,1900.0
2023-11-09 10:05:00+07:00,10.4,10.4,10.4,10.4,4800.0
2023-11-09 10:06:00+07:00,10.4,10.4,10.4,10.4,5300.0
2023-11-09 10:07:00+07:00,10.4,10.4,10.4,10.4,1000.0
2023-11-09 10:08:00+07:00,10.4,10.4,10.4,10.4,22700.0
2023-11-09 10:09:00+07:00,10.4,10.4,10.4,10.4,4500.0
2023-11-09 10:10:00+07:00,10.4,10.4,10.4,10.4,5200.0
2023-11-09 10:11:00+07:00,10.4,10.5,10.2,10.3,2144700.0
2023-11-09 10:12:00+07:00,10.3,10.4,10.2,10.4,497300.0
2023-11-09 10:13:00+07:00,10.3,10.4,10.3,10.4,10300.0
2023-11-09 10:14:00+07:00,10.4,10.4,10.3,10.4,5400.0
2023-11-09 10:15:00+07:00,10.4,10.4,10.4,10.4,5600.0
2023-11-09 10:16:00+07:00,10.4,10.4,10.3,10.3,11400.0
2023-11-09 10:17:00+07:00,10.4,10.4,10.3,10.4,5100.0
2023-11-09 10:18:00+07:00,10.4,10.4,10.4,10.4,11000.0
2023-11-09 10:19:00+07:00,10.4,10.4,10.3,10.4,15700.0
2023-11-09 10:20:00+07:00,10.4,10.4,10.4,10.4,200.0
2023-11-09 10:21:00+07:00,10.3,10.4,10.3,10.4,24600.0
2023-11-09 10:22:00+07:00,10.4,10.4,10.4,10.4,20000.0
2023-11-09 10:23:00+07:00,10.3,10.4,10.3,10.4,4700.0
2023-11-09 10:24:00+07:00,10.4,10.4,10.4,10.4,7000.0
2023-11-09 10:25:00+07:00,10.3,10.4,10.3,10.3,308500.0
2023-11-09 10:26:00+07:00,10.3,10.3,10.2,10.3,1407900.0
2023-11-09 10:27:00+07:00,10.3,10.3,10.3,10.3,132900.0
2023-11-09 10:28:00+07:00,10.3,10.3,10.2,10.3,187500.0
2023-11-09 10:29:00+07:00,10.3,10.3,10.3,10.3,43400.0
2023-11-09 10:30:00+07:00,10.3,10.3,10.2,10.3,45000.0
2023-11-09 10:31:00+07:00,10.3,10.3,10.3,10.3,8100.0
2023-11-09 10:32:00+07:00,10.3,10.3,10.2,10.3,46700.0
2023-11-09 10:33:00+07:00,10.3,10.3,10.3,10.3,11000.0
2023-11-09 10:34:00+07:00,10.3,10.3,10.2,10.3,217000.0
2023-11-09 10:35:00+07:00,10.3,10.3,10.3,10.3,20500.0
2023-11-09 10:36:00+07:00,10.3,10.3,10.3,10.3,1500.0
2023-11-09 10:37:00+07:00,10.3,10.3,10.1,10.1,1198100.0
2023-11-09 10:38:00+07:00,10.2,10.2,10.2,10.2,49600.0
2023-11-09 10:39:00+07:00,10.2,10.3,10.2,10.2,421700.0
2023-11-09 10:40:00+07:00,10.2,10.2,10.2,10.2,30100.0
2023-11-09 10:41:00+07:00,10.2,10.2,10.2,10.2,26600.0
2023-11-09 10:42:00+07:00,10.3,10.3,10.2,10.2,5300.0
2023-11-09 10:43:00+07:00,10.2,10.2,10.2,10.2,727700.0
2023-11-09 10:44:00+07:00,10.2,10.2,10.1,10.1,226700.0
2023-11-09 10:45:00+07:00,10.2,10.2,10.1,10.2,22100.0
2023-11-09 10:46:00+07:00,10.2,10.2,10.1,10.2,13200.0
2023-11-09 10:47:00+07:00,10.1,10.2,10.1,10.2,6100.0
2023-11-09 10:48:00+07:00,10.1,10.2,10.1,10.2,10400.0
2023-11-09 10:49:00+07:00,10.1,10.2,10.1,10.2,97200.0
2023-11-09 10:50:00+07:00,10.1,10.2,10.1,10.2,135600.0
2023-11-09 10:51:00+07:00,10.2,10.2,10.1,10.2,61900.0
2023-11-09 10:52:00+07:00,10.2,10.2,10.1,10.2,44800.0
2023-11-09 10:53:00+07:00,10.2,10.2,10.2,10.2,265100.0
2023-11-09 10:54:00+07:00,10.2,10.2,10.2,10.2,422700.0
2023-11-09 10:55:00+07:00,10.2,10.3,10.2,10.3,15200.0
2023-11-09 10:56:00+07:00,10.2,10.2,10.1,10.1,143800.0
2023-11-09 10:57:00+07:00,10.2,10.2,10.2,10.2,27000.0
2023-11-09 10:58:00+07:00,10.2,10.2,10.1,10.2,11400.0
2023-11-09 10:59:00+07:00,10.2,10.2,10.2,10.2,135500.0
2023-11-09 11:00:00+07:00,10.2,10.2,10.2,10.2,900.0
2023-11-09 11:01:00+07:00,10.2,10.3,10.2,10.3,700.0
2023-11-09 11:02:00+07:00,10.3,10.3,10.2,10.2,496700.0
2023-11-09 11:03:00+07:00,10.2,10.2,10.2,10.2,4700.0
2023-11-09 11:04:00+07:00,10.2,10.2,10.1,10.1,35400.0
2023-11-09 11:05:00+07:00,10.2,10.2,10.1,10.2,2400.0
2023-11-09 11:06:00+07:00,10.1,10.2,10.1,10.2,54500.0
2023-11-09 11:07:00+07:00,10.2,10.2,10.2,10.2,6000.0
2023-11-09 11:08:00+07:00,10.1,10.2,10.1,10.2,5200.0
2023-11-09 11:09:00+07:00,10.2,10.2,10.1,10.2,6600.0
2023-11-09 11:10:00+07:00,10.2,10.2,10.2,10.2,2400.0
2023-11-09 11:11:00+07:00,10.1,10.2,10.1,10.2,470100.0
2023-11-09 11:12:00+07:00,10.2,10.2,10.1,10.1,1700.0
2023-11-09 11:13:00+07:00,10.2,10.2,10.1,10.2,15400.0
2023-11-09 11:15:00+07:00,10.1,10.1,10.1,10.1,4400.0
2023-11-09 11:16:00+07:00,10.2,10.2,10.2,10.2,200.0
2023-11-09 11:17:00+07:00,10.1,10.2,10.1,10.2,10800.0
2023-11-09 11:18:00+07:00,10.2,10.2,10.1,10.1,54600.0
2023-11-09 11:19:00+07:00,10.2,10.2,10.2,10.2,35000.0
2023-11-09 11:20:00+07:00,10.2,10.2,10.1,10.2,5800.0
2023-11-09 11:21:00+07:00,10.2,10.2,10.2,10.2,500.0
2023-11-09 11:22:00+07:00,10.1,10.1,10.1,10.1,5900.0
2023-11-09 11:23:00+07:00,10.1,10.1,10.1,10.1,1600.0
2023-11-09 11:24:00+07:00,10.1,10.2,10.1,10.1,31200.0
2023-11-09 11:25:00+07:00,10.2,10.2,10.2,10.2,4100.0
2023-11-09 11:26:00+07:00,10.1,10.2,10.1,10.2,8100.0
2023-11-09 11:27:00+07:00,10.2,10.2,10.1,10.1,4500.0
2023-11-09 11:28:00+07:00,10.1,10.1,10.1,10.1,1600.0
2023-11-09 11:29:00+07:00,10.1,10.1,10.1,10.1,5900.0
2023-11-09 11:30:00+07:00,10.2,10.2,10.1,10.2,22000.0
2023-11-09 11:31:00+07:00,10.2,10.2,10.1,10.2,7500.0
2023-11-09 11:32:00+07:00,10.1,10.2,10.1,10.1,7600.0
2023-11-09 11:33:00+07:00,10.1,10.2,10.1,10.2,5800.0
2023-11-09 11:34:00+07:00,10.1,10.2,10.1,10.2,3800.0
2023-11-09 11:35:00+07:00,10.1,10.2,10.1,10.2,146700.0
2023-11-09 11:36:00+07:00,10.2,10.2,10.1,10.2,55000.0
2023-11-09 11:37:00+07:00,10.2,10.2,10.1,10.2,14300.0
2023-11-09 11:38:00+07:00,10.2,10.2,10.1,10.1,6600.0
2023-11-09 11:39:00+07:00,10.1,10.2,10.1,10.2,2600.0
2023-11-09 11:40:00+07:00,10.1,10.2,10.1,10.2,14800.0
2023-11-09 11:41:00+07:00,10.1,10.2,10.1,10.2,6700.0
2023-11-09 11:42:00+07:00,10.1,10.1,10.1,10.1,5700.0
2023-11-09 11:43:00+07:00,10.1,10.2,10.1,10.1,2400.0
2023-11-09 11:44:00+07:00,10.1,10.2,10.1,10.2,7600.0
2023-11-09 11:45:00+07:00,10.1,10.1,10.1,10.1,9200.0
2023-11-09 11:46:00+07:00,10.1,10.2,10.1,10.1,11600.0
2023-11-09 11:47:00+07:00,10.2,10.2,10.1,10.2,6300.0
2023-11-09 11:48:00+07:00,10.1,10.2,10.1,10.1,3300.0
2023-11-09 11:49:00+07:00,10.2,10.2,10.1,10.2,6900.0
2023-11-09 11:50:00+07:00,10.1,10.2,10.1,10.2,2700.0
2023-11-09 11:51:00+07:00,10.1,10.1,10.1,10.1,6300.0
2023-11-09 11:52:00+07:00,10.1,10.2,10.1,10.1,2100.0
2023-11-09 11:53:00+07:00,10.1,10.1,10.1,10.1,4200.0
2023-11-09 11:54:00+07:00,10.1,10.2,10.1,10.1,8100.0
2023-11-09 11:55:00+07:00,10.2,10.2,10.2,10.2,1600.0
2023-11-09 11:56:00+07:00,10.2,10.2,10.1,10.1,5700.0
2023-11-09 11:57:00+07:00,10.2,10.2,10.2,10.2,800.0
2023-11-09 11:58:00+07:00,10.2,10.2,10.1,10.1,4100.0
2023-11-09 11:59:00+07:00,10.1,10.1,10.1,10.1,3400.0
2023-11-09 12:00:00+07:00,10.1,10.1,10.1,10.1,3900.0
2023-11-09 12:01:00+07:00,10.1,10.1,10.1,10.1,11000.0
2023-11-09 12:02:00+07:00,10.1,10.1,10.1,10.1,4000.0
2023-11-09 12:03:00+07:00,10.2,10.2,10.1,10.1,5000.0
2023-11-09 12:04:00+07:00,10.2,10.2,10.2,10.2,7200.0
2023-11-09 12:05:00+07:00,10.2,10.2,10.1,10.1,5100.0
2023-11-09 12:06:00+07:00,10.2,10.2,10.2,10.2,10700.0
2023-11-09 12:07:00+07:00,10.2,10.2,10.1,10.2,5500.0
2023-11-09 12:08:00+07:00,10.2,10.2,10.1,10.2,225600.0
2023-11-09 12:09:00+07:00,10.2,10.2,10.1,10.1,54700.0
2023-11-09 12:10:00+07:00,10.2,10.2,10.2,10.2,30100.0
2023-11-09 12:11:00+07:00,10.1,10.2,10.1,10.2,7700.0
2023-11-09 12:12:00+07:00,10.2,10.2,10.1,10.1,25600.0
2023-11-09 12:13:00+07:00,10.1,10.2,10.1,10.2,3300.0
2023-11-09 12:14:00+07:00,10.2,10.2,10.1,10.2,25600.0
2023-11-09 12:16:00+07:00,10.2,10.2,10.1,10.2,41300.0
2023-11-09 12:17:00+07:00,10.2,10.2,10.2,10.2,1300.0
2023-11-09 12:18:00+07:00,10.2,10.2,10.1,10.2,4600.0
2023-11-09 12:19:00+07:00,10.2,10.2,10.1,10.2,25300.0
2023-11-09 12:20:00+07:00,10.1,10.2,10.1,10.1,4500.0
2023-11-09 12:21:00+07:00,10.2,10.2,10.1,10.1,48700.0
2023-11-09 12:22:00+07:00,10.1,10.2,10.1,10.2,76900.0
2023-11-09 12:23:00+07:00,10.1,10.2,10.1,10.1,7600.0
2023-11-09 12:24:00+07:00,10.2,10.2,10.1,10.1,3600.0
2023-11-09 12:25:00+07:00,10.1,10.2,10.1,10.1,15200.0
2023-11-09 12:26:00+07:00,10.1,10.2,10.1,10.1,4800.0
2023-11-09 12:27:00+07:00,10.1,10.1,10.1,10.1,6100.0
2023-11-09 12:28:00+07:00,10.1,10.2,10.1,10.2,4400.0
2023-11-09 12:29:00+07:00,10.1,10.2,10.1,10.2,9700.0
2023-11-09 14:25:00+07:00,10.2,10.2,10.2,10.2,191400.0
2023-11-09 14:26:00+07:00,10.2,10.2,10.2,10.2,21200.0
2023-11-09 14:27:00+07:00,10.2,10.2,10.2,10.2,500.0
2023-11-09 14:28:00+07:00,10.2,10.2,10.2,10.2,600.0
2023-11-09 14:29:00+07:00,10.2,10.2,10.2,10.2,1900.0
2023-11-09 14:30:00+07:00,10.1,10.2,10.1,10.2,6300.0
2023-11-09 14:31:00+07:00,10.2,10.2,10.1,10.1,5900.0
2023-11-09 14:32:00+07:00,10.2,10.2,10.2,10.2,3200.0
2023-11-09 14:33:00+07:00,10.1,10.1,10.1,10.1,3600.0
2023-11-09 14:34:00+07:00,10.1,10.2,10.1,10.2,1400.0
2023-11-09 14:35:00+07:00,10.1,10.1,10.1,10.1,4000.0
2023-11-09 14:36:00+07:00,10.1,10.1,10.1,10.1,100.0
2023-11-09 14:37:00+07:00,10.1,10.1,10.1,10.1,3800.0
2023-11-09 14:39:00+07:00,10.1,10.2,10.1,10.2,3800.0
2023-11-09 14:40:00+07:00,10.2,10.2,10.1,10.2,18200.0
2023-11-09 14:41:00+07:00,10.2,10.3,10.2,10.3,513900.0
2023-11-09 14:42:00+07:00,10.3,10.3,10.3,10.3,1000.0
2023-11-09 14:43:00+07:00,10.3,10.3,10.3,10.3,100.0
2023-11-09 14:44:00+07:00,10.2,10.2,10.2,10.2,3900.0
2023-11-09 14:46:00+07:00,10.2,10.2,10.2,10.2,87900.0
2023-11-09 14:47:00+07:00,10.2,10.2,10.2,10.2,59700.0
2023-11-09 14:48:00+07:00,10.2,10.2,10.2,10.2,7800.0
2023-11-09 14:50:00+07:00,10.2,10.2,10.2,10.2,4400.0
2023-11-09 14:51:00+07:00,10.3,10.3,10.2,10.2,4700.0
2023-11-09 14:52:00+07:00,10.2,10.2,10.2,10.2,700.0
2023-11-09 14:53:00+07:00,10.2,10.2,10.2,10.2,84400.0
2023-11-09 14:54:00+07:00,10.2,10.3,10.2,10.2,7400.0
2023-11-09 14:55:00+07:00,10.2,10.2,10.2,10.2,10000.0
2023-11-09 14:56:00+07:00,10.2,10.2,10.2,10.2,1200.0
2023-11-09 14:57:00+07:00,10.2,10.2,10.2,10.2,3900.0
2023-11-09 14:58:00+07:00,10.2,10.2,10.2,10.2,200.0
2023-11-09 14:59:00+07:00,10.2,10.3,10.2,10.3,15300.0
2023-11-09 15:00:00+07:00,10.2,10.2,10.2,10.2,3800.0
2023-11-09 15:01:00+07:00,10.2,10.2,10.2,10.2,200.0
2023-11-09 15:02:00+07:00,10.2,10.2,10.2,10.2,6200.0
2023-11-09 15:03:00+07:00,10.2,10.3,10.2,10.3,1900.0
2023-11-09 15:04:00+07:00,10.2,10.2,10.2,10.2,4300.0
2023-11-09 15:06:00+07:00,10.2,10.2,10.2,10.2,14600.0
2023-11-09 15:07:00+07:00,10.2,10.3,10.2,10.2,16000.0
2023-11-09 15:08:00+07:00,10.2,10.2,10.2,10.2,3600.0
2023-11-09 15:09:00+07:00,10.3,10.3,10.3,10.3,400.0
2023-11-09 15:10:00+07:00,10.2,10.2,10.2,10.2,4200.0
2023-11-09 15:11:00+07:00,10.2,10.3,10.2,10.3,13600.0
2023-11-09 15:12:00+07:00,10.3,10.3,10.2,10.2,400.0
2023-11-09 15:13:00+07:00,10.2,10.3,10.2,10.2,7500.0
2023-11-09 15:14:00+07:00,10.3,10.3,10.3,10.3,100.0
2023-11-09 15:15:00+07:00,10.2,10.2,10.2,10.2,4100.0
2023-11-09 15:16:00+07:00,10.2,10.2,10.2,10.2,100.0
2023-11-09 15:17:00+07:00,10.3,10.3,10.2,10.3,4400.0
2023-11-09 15:18:00+07:00,10.3,10.3,10.3,10.3,400.0
2023-11-09 15:19:00+07:00,10.2,10.3,10.2,10.3,80700.0
2023-11-09 15:20:00+07:00,10.3,10.3,10.2,10.2,9400.0
2023-11-09 15:21:00+07:00,10.3,10.3,10.3,10.3,200.0
2023-11-09 15:22:00+07:00,10.2,10.2,10.2,10.2,4200.0
2023-11-09 15:23:00+07:00,10.2,10.2,10.2,10.2,3400.0
2023-11-09 15:24:00+07:00,10.3,10.3,10.2,10.2,6300.0
2023-11-09 15:25:00+07:00,10.3,10.3,10.3,10.3,500.0
2023-11-09 15:26:00+07:00,10.2,10.2,10.2,10.2,3400.0
2023-11-09 15:28:00+07:00,10.2,10.2,10.2,10.2,3900.0
2023-11-09 15:29:00+07:00,10.2,10.2,10.2,10.2,3200.0
2023-11-09 15:30:00+07:00,10.2,10.3,10.2,10.3,594800.0
2023-11-09 15:31:00+07:00,10.3,10.3,10.3,10.3,225900.0
2023-11-09 15:32:00+07:00,10.3,10.3,10.3,10.3,6300.0
2023-11-09 15:33:00+07:00,10.3,10.3,10.2,10.2,3300.0
2023-11-09 15:34:00+07:00,10.3,10.3,10.3,10.3,1600.0
2023-11-09 15:35:00+07:00,10.3,10.3,10.2,10.2,4400.0
2023-11-09 15:36:00+07:00,10.3,10.3,10.3,10.3,1100.0
2023-11-09 15:37:00+07:00,10.3,10.3,10.2,10.2,4700.0
2023-11-09 15:39:00+07:00,10.2,10.2,10.2,10.2,3100.0
2023-11-09 15:40:00+07:00,10.3,10.3,10.2,10.2,10100.0
2023-11-09 15:41:00+07:00,10.3,10.3,10.3,10.3,4900.0
2023-11-09 15:42:00+07:00,10.3,10.3,10.2,10.2,4300.0
2023-11-09 15:43:00+07:00,10.2,10.2,10.2,10.2,6100.0
2023-11-09 15:44:00+07:00,10.2,10.2,10.2,10.2,2800.0
2023-11-09 15:45:00+07:00,10.3,10.3,10.3,10.3,300.0
2023-11-09 15:46:00+07:00,10.3,10.3,10.2,10.3,4300.0
2023-11-09 15:47:00+07:00,10.3,10.3,10.3,10.3,500.0
2023-11-09 15:48:00+07:00,10.2,10.3,10.2,10.2,13500.0
2023-11-09 15:49:00+07:00,10.2,10.2,10.2,10.2,2800.0
2023-11-09 15:51:00+07:00,10.3,10.3,10.2,10.2,2700.0
2023-11-09 15:53:00+07:00,10.2,10.2,10.2,10.2,13300.0
2023-11-09 15:54:00+07:00,10.2,10.2,10.2,10.2,5000.0
2023-11-09 15:55:00+07:00,10.2,10.2,10.2,10.2,8200.0
2023-11-09 15:56:00+07:00,10.3,10.3,10.2,10.2,14000.0
2023-11-09 15:57:00+07:00,10.2,10.3,10.2,10.3,32300.0
2023-11-09 15:58:00+07:00,10.3,10.3,10.2,10.2,27200.0
2023-11-09 16:00:00+07:00,10.2,10.3,10.2,10.3,2000.0
2023-11-09 16:01:00+07:00,10.3,10.3,10.3,10.3,500.0
2023-11-09 16:02:00+07:00,10.3,10.3,10.3,10.3,200.0
2023-11-09 16:03:00+07:00,10.3,10.3,10.3,10.3,100.0
2023-11-09 16:04:00+07:00,10.3,10.3,10.3,10.3,100.0
2023-11-09 16:05:00+07:00,10.2,10.2,10.2,10.2,11400.0
2023-11-09 16:08:00+07:00,10.2,10.3,10.2,10.3,31000.0
2023-11-09 16:09:00+07:00,10.3,10.3,10.3,10.3,500.0
2023-11-09 16:10:00+07:00,10.3,10.3,10.3,10.3,3800.0
2023-11-09 16:12:00+07:00,10.3,10.3,10.3,10.3,1000.0
2023-11-09 16:14:00+07:00,10.3,10.3,10.3,10.3,100.0
2023-11-09 16:17:00+07:00,10.3,10.3,10.3,10.3,100.0
2023-11-09 16:18:00+07:00,10.3,10.3,10.3,10.3,1000.0
2023-11-09 16:19:00+07:00,10.3,10.3,10.3,10.3,1000.0
2023-11-09 16:20:00+07:00,10.2,10.2,10.2,10.2,13100.0
2023-11-09 16:21:00+07:00,10.2,10.3,10.2,10.3,26400.0
2023-11-09 16:22:00+07:00,10.2,10.2,10.2,10.2,7000.0
2023-11-09 16:23:00+07:00,10.3,10.3,10.3,10.3,600.0
2023-11-09 16:24:00+07:00,10.3,10.3,10.3,10.3,200.0
2023-11-09 16:25:00+07:00,10.3,10.3,10.3,10.3,2000.0
2023-11-09 16:28:00+07:00,10.3,10.3,10.3,10.3,14600.0
2023-11-09 16:29:00+07:00,10.3,10.3,10.2,10.3,59800.0
2023-11-09 16:37:00+07:00,10.3,10.3,10.3,10.3,1096800.0
2023-11-10 09:59:00+07:00,10.2,10.2,10.2,10.2,118400.0
2023-11-10 10:00:00+07:00,10.1,10.1,9.95,9.95,2258900.0
2023-11-10 10:01:00+07:00,9.95,9.95,9.95,9.95,112300.0
2023-11-10 10:02:00+07:00,9.95,9.95,9.9,9.95,187100.0
2023-11-10 10:03:00+07:00,9.95,9.95,9.9,9.95,120700.0
2023-11-10 10:04:00+07:00,9.95,9.95,9.9,9.95,258100.0
2023-11-10 10:05:00+07:00,10.0,10.0,9.95,10.0,66600.0
2023-11-10 10:06:00+07:00,10.0,10.0,9.95,10.0,37700.0
2023-11-10 10:07:00+07:00,10.0,10.0,10.0,10.0,43300.0
2023-11-10 10:08:00+07:00,10.0,10.0,9.95,9.95,381000.0
2023-11-10 10:09:00+07:00,9.95,10.0,9.95,10.0,9300.0
2023-11-10 10:10:00+07:00,9.95,10.0,9.95,9.95,3900.0
2023-11-10 10:11:00+07:00,10.0,10.0,9.95,10.0,19200.0
2023-11-10 10:12:00+07:00,9.95,10.0,9.95,10.0,2500.0
2023-11-10 10:13:00+07:00,10.0,10.0,10.0,10.0,21200.0
2023-11-10 10:14:00+07:00,10.0,10.0,10.0,10.0,1800.0
2023-11-10 10:15:00+07:00,10.0,10.0,10.0,10.0,31500.0
2023-11-10 10:16:00+07:00,10.0,10.0,10.0,10.0,20100.0
2023-11-10 10:17:00+07:00,10.0,10.0,10.0,10.0,35100.0
2023-11-10 10:18:00+07:00,10.0,10.0,10.0,10.0,536200.0
2023-11-10 10:19:00+07:00,10.0,10.1,10.0,10.1,382900.0
2023-11-10 10:20:00+07:00,10.0,10.1,10.0,10.1,3500.0
2023-11-10 10:21:00+07:00,10.1,10.1,10.1,10.1,1000.0
2023-11-10 10:22:00+07:00,10.1,10.1,10.1,10.1,1100.0
2023-11-10 10:23:00+07:00,10.1,10.1,10.1,10.1,700.0
2023-11-10 10:24:00+07:00,10.1,10.1,10.1,10.1,500.0
2023-11-10 10:25:00+07:00,10.1,10.1,10.1,10.1,1100.0
2023-11-10 10:26:00+07:00,10.1,10.1,10.1,10.1,600.0
2023-11-10 10:27:00+07:00,10.1,10.1,10.1,10.1,1300.0
2023-11-10 10:28:00+07:00,10.1,10.1,10.1,10.1,700.0
2023-11-10 10:29:00+07:00,10.1,10.1,10.0,10.1,18700.0
2023-11-10 10:30:00+07:00,10.1,10.2,10.1,10.1,685800.0
2023-11-10 10:31:00+07:00,10.1,10.1,10.1,10.1,11600.0
2023-11-10 10:32:00+07:00,10.1,10.1,10.1,10.1,11500.0
2023-11-10 10:33:00+07:00,10.1,10.1,10.1,10.1,1300.0
2023-11-10 10:34:00+07:00,10.1,10.1,10.1,10.1,26000.0
2023-11-10 10:35:00+07:00,10.1,10.1,10.1,10.1,41000.0
2023-11-10 10:36:00+07:00,10.1,10.1,10.1,10.1,50600.0
2023-11-10 10:37:00+07:00,10.1,10.1,10.1,10.1,4500.0
2023-11-10 10:38:00+07:00,10.1,10.2,10.1,10.2,92300.0
2023-11-10 10:39:00+07:00,10.2,10.2,10.1,10.2,2200.0
2023-11-10 10:40:00+07:00,10.2,10.2,10.1,10.2,2000.0
2023-11-10 10:41:00+07:00,10.2,10.2,10.1,10.1,22100.0
2023-11-10 10:42:00+07:00,10.2,10.2,10.2,10.2,1100.0
2023-11-10 10:46:00+07:00,10.2,10.2,10.2,10.2,1100.0
2023-11-10 10:47:00+07:00,10.1,10.2,10.1,10.2,700.0
2023-11-10 10:48:00+07:00,10.2,10.2,10.2,10.2,200.0
2023-11-10 10:49:00+07:00,10.1,10.2,10.1,10.2,15600.0
2023-11-10 10:50:00+07:00,10.1,10.2,10.1,10.2,600.0
2023-11-10 10:51:00+07:00,10.1,10.2,10.1,10.2,2200.0
2023-11-10 10:52:00+07:00,10.2,10.2,10.2,10.2,200.0
2023-11-10 10:53:00+07:00,10.2,10.2,10.2,10.2,100.0
2023-11-10 10:54:00+07:00,10.2,10.2,10.2,10.2,200.0
2023-11-10 10:55:00+07:00,10.2,10.2,10.2,10.2,100.0
2023-11-10 10:56:00+07:00,10.2,10.2,10.1,10.1,36100.0
2023-11-10 10:57:00+07:00,10.2,10.2,10.2,10.2,100.0
2023-11-10 10:58:00+07:00,10.1,10.2,10.1,10.1,10700.0
2023-11-10 10:59:00+07:00,10.2,10.2,10.1,10.2,29000.0
2023-11-10 11:00:00+07:00,10.2,10.2,10.1,10.1,2400.0
2023-11-10 11:01:00+07:00,10.2,10.2,10.1,10.1,2100.0
2023-11-10 11:02:00+07:00,10.2,10.2,10.1,10.1,35100.0
2023-11-10 11:03:00+07:00,10.1,10.1,10.1,10.1,46300.0
2023-11-10 11:04:00+07:00,10.1,10.1,10.1,10.1,37100.0
2023-11-10 11:05:00+07:00,10.1,10.1,10.1,10.1,24800.0
2023-11-10 11:06:00+07:00,10.1,10.1,10.1,10.1,129500.0
2023-11-10 11:07:00+07:00,10.1,10.1,10.1,10.1,10500.0
2023-11-10 11:08:00+07:00,10.1,10.1,10.1,10.1,1000.0
2023-11-10 11:09:00+07:00,10.1,10.1,10.1,10.1,15200.0
2023-11-10 11:10:00+07:00,10.1,10.1,10.1,10.1,500.0
2023-11-10 11:11:00+07:00,10.1,10.1,10.1,10.1,300.0
2023-11-10 11:12:00+07:00,10.1,10.1,10.1,10.1,27100.0
2023-11-10 11:13:00+07:00,10.1,10.1,10.0,10.1,691000.0
2023-11-10 11:14:00+07:00,10.1,10.1,10.1,10.1,2600.0
2023-11-10 11:15:00+07:00,10.0,10.1,10.0,10.1,1100.0
2023-11-10 11:16:00+07:00,10.1,10.1,10.1,10.1,214500.0
2023-11-10 11:17:00+07:00,10.1,10.1,10.1,10.1,1500.0
2023-11-10 11:18:00+07:00,10.1,10.1,10.1,10.1,300.0
2023-11-10 11:19:00+07:00,10.1,10.1,10.1,10.1,26600.0
2023-11-10 11:20:00+07:00,10.1,10.1,10.1,10.1,100.0
2023-11-10 11:21:00+07:00,10.1,10.1,10.1,10.1,20200.0
2023-11-10 11:22:00+07:00,10.1,10.1,10.1,10.1,300.0
2023-11-10 11:23:00+07:00,10.1,10.1,10.1,10.1,800.0
2023-11-10 11:24:00+07:00,10.2,10.2,10.2,10.2,100.0
2023-11-10 11:26:00+07:00,10.1,10.1,10.1,10.1,15400.0
2023-11-10 11:29:00+07:00,10.1,10.1,10.1,10.1,3000.0
2023-11-10 11:32:00+07:00,10.1,10.1,10.1,10.1,14300.0
2023-11-10 11:33:00+07:00,10.1,10.1,10.1,10.1,11000.0
2023-11-10 11:36:00+07:00,10.1,10.1,10.1,10.1,4100.0
2023-11-10 11:39:00+07:00,10.1,10.1,10.1,10.1,15300.0
2023-11-10 11:40:00+07:00,10.1,10.1,10.1,10.1,100.0
2023-11-10 11:42:00+07:00,10.1,10.1,10.1,10.1,23300.0
2023-11-10 11:43:00+07:00,10.1,10.1,10.1,10.1,800.0
2023-11-10 11:45:00+07:00,10.1,10.1,10.1,10.1,10000.0
2023-11-10 11:46:00+07:00,10.2,10.2,10.1,10.1,27500.0
2023-11-10 11:49:00+07:00,10.1,10.1,10.1,10.1,21000.0
2023-11-10 11:52:00+07:00,10.1,10.1,10.1,10.1,14600.0
2023-11-10 11:55:00+07:00,10.2,10.2,10.2,10.2,100.0
2023-11-10 11:59:00+07:00,10.1,10.1,10.1,10.1,16300.0
2023-11-10 12:01:00+07:00,10.1,10.1,10.1,10.1,3900.0
2023-11-10 12:04:00+07:00,10.1,10.1,10.1,10.1,40000.0
2023-11-10 12:06:00+07:00,10.1,10.1,10.1,10.1,13800.0
2023-11-10 12:09:00+07:00,10.1,10.1,10.1,10.1,1000.0
2023-11-10 12:10:00+07:00,10.1,10.1,10.1,10.1,3000.0
2023-11-10 12:12:00+07:00,10.1,10.1,10.1,10.1,31000.0
2023-11-10 12:13:00+07:00,10.2,10.2,10.2,10.2,200.0
2023-11-10 12:14:00+07:00,10.1,10.1,10.1,10.1,30000.0
2023-11-10 12:15:00+07:00,10.1,10.1,10.1,10.1,3600.0
2023-11-10 12:17:00+07:00,10.1,10.1,10.1,10.1,10000.0
2023-11-10 12:19:00+07:00,10.1,10.1,10.1,10.1,16800.0
2023-11-10 12:21:00+07:00,10.1,10.1,10.1,10.1,100.0
2023-11-10 12:23:00+07:00,10.1,10.1,10.1,10.1,2000.0
2023-11-10 12:25:00+07:00,10.1,10.1,10.0,10.0,477300.0
2023-11-10 12:27:00+07:00,10.0,10.0,10.0,10.0,4000.0
2023-11-10 12:28:00+07:00,10.1,10.1,10.0,10.0,1200.0
2023-11-10 12:29:00+07:00,10.1,10.1,10.0,10.0,500.0
2023-11-10 14:25:00+07:00,10.0,10.1,10.0,10.1,133100.0
2023-11-10 14:29:00+07:00,10.1,10.1,10.1,10.1,300.0
2023-11-10 14:30:00+07:00,10.1,10.1,10.1,10.1,15100.0
2023-11-10 14:31:00+07:00,10.1,10.1,10.1,10.1,300.0
2023-11-10 14:32:00+07:00,10.0,10.1,10.0,10.0,37100.0
2023-11-10 14:33:00+07:00,10.1,10.1,10.1,10.1,700.0
2023-11-10 14:34:00+07:00,10.1,10.1,10.1,10.1,500.0
2023-11-10 14:35:00+07:00,10.1,10.1,10.1,10.1,260600.0
2023-11-10 14:36:00+07:00,10.1,10.1,10.1,10.1,257500.0
2023-11-10 14:38:00+07:00,10.1,10.1,10.1,10.1,3000.0
2023-11-10 14:39:00+07:00,10.2,10.2,10.2,10.2,300.0
2023-11-10 14:40:00+07:00,10.1,10.1,10.1,10.1,2000.0
2023-11-10 14:43:00+07:00,10.2,10.2,10.1,10.1,14200.0
2023-11-10 14:45:00+07:00,10.2,10.2,10.1,10.2,43300.0
2023-11-10 14:48:00+07:00,10.1,10.1,10.1,10.1,472100.0
2023-11-10 14:49:00+07:00,10.1,10.1,10.1,10.1,1000.0
2023-11-10 14:52:00+07:00,10.2,10.2,10.1,10.1,2200.0
2023-11-10 14:54:00+07:00,10.1,10.2,10.1,10.2,15300.0
2023-11-10 14:55:00+07:00,10.1,10.2,10.1,10.2,15100.0
2023-11-10 14:56:00+07:00,10.2,10.2,10.2,10.2,200.0
2023-11-10 14:57:00+07:00,10.2,10.2,10.2,10.2,100.0
2023-11-10 14:58:00+07:00,10.2,10.2,10.2,10.2,200.0
2023-11-10 14:59:00+07:00,10.2,10.2,10.2,10.2,100.0
2023-11-10 15:00:00+07:00,10.2,10.2,10.2,10.2,100.0
2023-11-10 15:01:00+07:00,10.1,10.2,10.1,10.1,37700.0
2023-11-10 15:02:00+07:00,10.2,10.2,10.2,10.2,100.0
2023-11-10 15:05:00+07:00,10.1,10.2,10.1,10.1,4700.0
2023-11-10 15:06:00+07:00,10.2,10.2,10.1,10.1,4800.0
2023-11-10 15:07:00+07:00,10.2,10.2,10.2,10.2,200.0
2023-11-10 15:08:00+07:00,10.1,10.2,10.1,10.1,15900.0
2023-11-10 15:10:00+07:00,10.1,10.2,10.1,10.2,800.0
2023-11-10 15:11:00+07:00,10.2,10.2,10.2,10.2,100.0
2023-11-10 15:12:00+07:00,10.2,10.2,10.1,10.1,42300.0
2023-11-10 15:13:00+07:00,10.1,10.1,10.1,10.1,184300.0
2023-11-10 15:14:00+07:00,10.1,10.1,10.1,10.1,300.0
2023-11-10 15:15:00+07:00,10.1,10.1,10.0,10.1,15700.0
2023-11-10 15:16:00+07:00,10.1,10.1,10.1,10.1,2200.0
2023-11-10 15:17:00+07:00,10.1,10.1,10.1,10.1,1300.0
2023-11-10 15:18:00+07:00,10.1,10.1,10.1,10.1,200.0
2023-11-10 15:19:00+07:00,10.0,10.0,10.0,10.0,500.0
2023-11-10 15:20:00+07:00,10.0,10.0,10.0,10.0,200.0
2023-11-10 15:22:00+07:00,10.1,10.1,10.0,10.1,16200.0
2023-11-10 15:23:00+07:00,10.1,10.1,10.1,10.1,300.0
2023-11-10 15:24:00+07:00,10.1,10.1,10.1,10.1,500.0
2023-11-10 15:25:00+07:00,10.0,10.1,10.0,10.1,2300.0
2023-11-10 15:26:00+07:00,10.0,10.1,10.0,10.1,300.0
2023-11-10 15:27:00+07:00,10.1,10.1,10.1,10.1,600.0
2023-11-10 15:28:00+07:00,10.1,10.1,10.1,10.1,200.0
2023-11-10 15:29:00+07:00,10.1,10.1,10.1,10.1,1300.0
2023-11-10 15:30:00+07:00,10.0,10.1,10.0,10.1,436800.0
2023-11-10 15:31:00+07:00,10.2,10.2,10.2,10.2,300.0
2023-11-10 15:32:00+07:00,10.2,10.2,10.1,10.2,30800.0
2023-11-10 15:33:00+07:00,10.1,10.1,10.1,10.1,392300.0
2023-11-10 15:34:00+07:00,10.1,10.1,10.1,10.1,200.0
2023-11-10 15:35:00+07:00,10.1,10.1,10.1,10.1,100.0
2023-11-10 15:36:00+07:00,10.1,10.1,10.1,10.1,1000.0
2023-11-10 15:37:00+07:00,10.1,10.1,10.0,10.0,16300.0
2023-11-10 15:38:00+07:00,10.1,10.1,10.1,10.1,4600.0
2023-11-10 15:39:00+07:00,10.1,10.1,10.1,10.1,4100.0
2023-11-10 15:40:00+07:00,10.0,10.0,10.0,10.0,1200.0
2023-11-10 15:42:00+07:00,10.1,10.1,10.0,10.0,2000.0
2023-11-10 15:43:00+07:00,10.1,10.1,10.1,10.1,100.0
2023-11-10 15:44:00+07:00,10.0,10.1,10.0,10.1,16700.0
2023-11-10 15:45:00+07:00,10.1,10.1,10.1,10.1,700.0
2023-11-10 15:46:00+07:00,10.0,10.1,10.0,10.1,3500.0
2023-11-10 15:47:00+07:00,10.1,10.1,10.1,10.1,300.0
2023-11-10 15:48:00+07:00,10.1,10.1,10.1,10.1,33900.0
2023-11-10 15:49:00+07:00,10.1,10.1,10.1,10.1,600.0
2023-11-10 15:50:00+07:00,10.1,10.1,10.1,10.1,20800.0
2023-11-10 15:51:00+07:00,10.1,10.1,10.0,10.0,16000.0
2023-11-10 15:52:00+07:00,10.1,10.1,10.1,10.1,1100.0
2023-11-10 15:53:00+07:00,10.1,10.1,10.1,10.1,31500.0
2023-11-10 15:55:00+07:00,10.1,10.1,10.1,10.1,1100.0
2023-11-10 15:56:00+07:00,10.1,10.1,10.1,10.1,500.0
2023-11-10 15:57:00+07:00,10.1,10.1,10.0,10.1,2100.0
2023-11-10 15:58:00+07:00,10.1,10.1,10.1,10.1,1100.0
2023-11-10 15:59:00+07:00,10.0,10.1,10.0,10.1,36700.0
2023-11-10 16:00:00+07:00,10.1,10.1,10.1,10.1,600.0
2023-11-10 16:01:00+07:00,10.1,10.1,10.1,10.1,1200.0
2023-11-10 16:02:00+07:00,10.1,10.1,10.1,10.1,11000.0
2023-11-10 16:03:00+07:00,10.1,10.1,10.1,10.1,1100.0
2023-11-10 16:05:00+07:00,10.1,10.1,10.1,10.1,106100.0
2023-11-10 16:06:00+07:00,10.1,10.1,10.1,10.1,800.0
2023-11-10 16:07:00+07:00,10.1,10.1,10.0,10.1,15200.0
2023-11-10 16:08:00+07:00,10.1,10.1,10.1,10.1,300.0
2023-11-10 16:09:00+07:00,10.0,10.1,10.0,10.1,500.0
2023-11-10 16:10:00+07:00,10.1,10.1,10.0,10.1,4200.0
2023-11-10 16:11:00+07:00,10.1,10.1,10.1,10.1,900.0
2023-11-10 16:12:00+07:00,10.1,10.1,10.1,10.1,300.0
2023-11-10 16:13:00+07:00,10.1,10.1,10.1,10.1,3200.0
2023-11-10 16:14:00+07:00,10.1,10.1,10.1,10.1,200.0
2023-11-10 16:15:00+07:00,10.0,10.1,10.0,10.1,300.0
2023-11-10 16:16:00+07:00,10.1,10.1,10.1,10.1,200.0
2023-11-10 16:17:00+07:00,10.1,10.1,10.1,10.1,5600.0
2023-11-10 16:18:00+07:00,10.1,10.1,10.0,10.1,6400.0
2023-11-10 16:19:00+07:00,10.1,10.1,10.1,10.1,200.0
2023-11-10 16:20:00+07:00,10.1,10.1,10.0,10.0,1700.0
2023-11-10 16:21:00+07:00,10.1,10.1,10.1,10.1,200.0
2023-11-10 16:22:00+07:00,10.1,10.1,10.1,10.1,800.0
2023-11-10 16:23:00+07:00,10.0,10.1,10.0,10.1,32500.0
2023-11-10 16:24:00+07:00,10.0,10.0,10.0,10.0,1900.0
2023-11-10 16:26:00+07:00,10.0,10.0,10.0,10.0,95100.0
2023-11-10 16:27:00+07:00,10.1,10.1,10.1,10.1,16600.0
2023-11-10 16:28:00+07:00,10.1,10.1,10.1,10.1,300.0
2023-11-10 16:29:00+07:00,10.1,10.1,10.0,10.1,4400.0
2023-11-10 16:37:00+07:00,10.0,10.0,10.0,10.0,986900.0
2023-11-13 09:58:00+07:00,10.1,10.1,10.1,10.1,100300.0
2023-11-13 09:59:00+07:00,10.1,10.1,10.1,10.1,1000.0
2023-11-13 10:00:00+07:00,10.1,10.1,10.1,10.1,2000.0
2023-11-13 10:01:00+07:00,10.1,10.1,10.1,10.1,463300.0
2023-11-13 10:02:00+07:00,10.0,10.0,10.0,10.0,20000.0
2023-11-13 10:03:00+07:00,10.0,10.1,10.0,10.0,9600.0
2023-11-13 10:04:00+07:00,10.0,10.1,10.0,10.1,10200.0
2023-11-13 10:05:00+07:00,10.1,10.1,10.1,10.1,500.0
2023-11-13 10:06:00+07:00,10.1,10.1,10.0,10.1,600.0
2023-11-13 10:07:00+07:00,10.1,10.1,10.0,10.0,1000.0
2023-11-13 10:08:00+07:00,10.1,10.1,10.0,10.1,2800.0
2023-11-13 10:09:00+07:00,10.1,10.1,10.0,10.1,32500.0
2023-11-13 10:10:00+07:00,10.1,10.1,10.1,10.1,600.0
2023-11-13 10:11:00+07:00,10.1,10.1,10.1,10.1,600.0
2023-11-13 10:12:00+07:00,10.1,10.1,10.0,10.1,6200.0
2023-11-13 10:13:00+07:00,10.1,10.1,10.1,10.1,300.0
2023-11-13 10:14:00+07:00,10.0,10.1,10.0,10.1,600.0
2023-11-13 10:15:00+07:00,10.0,10.1,10.0,10.1,36600.0
2023-11-13 10:16:00+07:00,10.1,10.1,10.1,10.1,700.0
2023-11-13 10:18:00+07:00,10.1,10.1,10.1,10.1,400.0
2023-11-13 10:19:00+07:00,10.1,10.1,10.1,10.1,100.0
2023-11-13 10:20:00+07:00,10.1,10.1,10.1,10.1,5200.0
2023-11-13 10:21:00+07:00,10.1,10.1,10.1,10.1,10100.0
2023-11-13 10:22:00+07:00,10.1,10.1,10.1,10.1,200.0
2023-11-13 10:24:00+07:00,10.1,10.1,10.1,10.1,100.0
2023-11-13 10:25:00+07:00,10.1,10.1,10.1,10.1,200.0
2023-11-13 10:27:00+07:00,10.1,10.1,10.0,10.1,89000.0
2023-11-13 10:28:00+07:00,10.0,10.1,10.0,10.1,18000.0
2023-11-13 10:29:00+07:00,10.0,10.0,10.0,10.0,203900.0
2023-11-13 10:30:00+07:00,10.0,10.0,9.95,9.95,416900.0
2023-11-13 10:31:00+07:00,10.0,10.0,9.95,9.95,2000.0
2023-11-13 10:32:00+07:00,9.95,10.0,9.95,10.0,111500.0
2023-11-13 10:33:00+07:00,10.0,10.0,10.0,10.0,11600.0
2023-11-13 10:34:00+07:00,10.0,10.0,10.0,10.0,193600.0
2023-11-13 10:35:00+07:00,10.0,10.0,10.0,10.0,1200.0
2023-11-13 10:36:00+07:00,10.0,10.0,10.0,10.0,25000.0
2023-11-13 10:39:00+07:00,10.0,10.0,10.0,10.0,200.0
2023-11-13 10:40:00+07:00,10.0,10.0,10.0,10.0,8600.0
2023-11-13 10:45:00+07:00,10.0,10.0,10.0,10.0,32000.0
2023-11-13 10:47:00+07:00,10.0,10.0,10.0,10.0,4300.0
2023-11-13 10:48:00+07:00,10.0,10.0,10.0,10.0,500.0
2023-11-13 10:49:00+07:00,10.0,10.1,10.0,10.1,2400.0
2023-11-13 10:50:00+07:00,10.0,10.0,10.0,10.0,55900.0
2023-11-13 10:51:00+07:00,10.0,10.0,10.0,10.0,15800.0
2023-11-13 10:52:00+07:00,10.0,10.1,10.0,10.0,40000.0
2023-11-13 10:53:00+07:00,10.0,10.0,10.0,10.0,11900.0
2023-11-13 10:54:00+07:00,10.0,10.0,10.0,10.0,20000.0
2023-11-13 10:55:00+07:00,10.0,10.1,10.0,10.0,101800.0
2023-11-13 10:56:00+07:00,10.0,10.0,10.0,10.0,2500.0
2023-11-13 10:57:00+07:00,10.0,10.0,10.0,10.0,6500.0
2023-11-13 10:58:00+07:00,10.0,10.0,10.0,10.0,1700.0
2023-11-13 10:59:00+07:00,10.0,10.0,10.0,10.0,2600.0
2023-11-13 11:00:00+07:00,10.0,10.0,10.0,10.0,113200.0
2023-11-13 11:01:00+07:00,10.0,10.0,10.0,10.0,1900.0
2023-11-13 11:02:00+07:00,10.0,10.0,10.0,10.0,1800.0
2023-11-13 11:03:00+07:00,10.0,10.0,10.0,10.0,9200.0
2023-11-13 11:04:00+07:00,10.0,10.0,10.0,10.0,300.0
2023-11-13 11:05:00+07:00,10.0,10.0,10.0,10.0,100.0
2023-11-13 11:08:00+07:00,10.0,10.0,9.95,9.95,426500.0
2023-11-13 11:09:00+07:00,10.0,10.0,9.95,10.0,113700.0
2023-11-13 11:10:00+07:00,9.95,9.95,9.95,9.95,8800.0
2023-11-13 11:11:00+07:00,9.95,10.0,9.95,10.0,3700.0
2023-11-13 11:15:00+07:00,9.95,9.95,9.95,9.95,1300.0
2023-11-13 11:16:00+07:00,9.95,9.95,9.95,9.95,10900.0
2023-11-13 11:17:00+07:00,10.0,10.0,10.0,10.0,600.0
2023-11-13 11:19:00+07:00,9.95,10.0,9.95,10.0,200.0
2023-11-13 11:20:00+07:00,10.0,10.0,10.0,10.0,200.0
2023-11-13 11:22:00+07:00,10.0,10.0,10.0,10.0,500.0
2023-11-13 11:23:00+07:00,10.0,10.0,10.0,10.0,3200.0
2023-11-13 11:24:00+07:00,10.0,10.0,10.0,10.0,900.0
2023-11-13 11:26:00+07:00,10.0,10.0,10.0,10.0,22300.0
2023-11-13 11:27:00+07:00,10.0,10.0,10.0,10.0,1000.0
2023-11-13 11:29:00+07:00,10.0,10.0,10.0,10.0,1000.0
2023-11-13 11:30:00+07:00,9.95,9.95,9.95,9.95,824500.0
2023-11-13 11:31:00+07:00,9.95,9.95,9.95,9.95,14600.0
2023-11-13 11:32:00+07:00,9.95,9.95,9.95,9.95,20300.0
2023-11-13 11:33:00+07:00,9.9,9.95,9.9,9.95,224100.0
2023-11-13 11:34:00+07:00,10.0,10.0,10.0,10.0,100.0
2023-11-13 11:37:00+07:00,9.95,9.95,9.95,9.95,200.0
2023-11-13 11:39:00+07:00,9.95,9.95,9.95,9.95,300.0
2023-11-13 11:40:00+07:00,9.95,9.95,9.95,9.95,9000.0
2023-11-13 11:42:00+07:00,9.95,9.95,9.95,9.95,1000.0
2023-11-13 11:43:00+07:00,10.0,10.0,10.0,10.0,100.0
2023-11-13 11:44:00+07:00,9.95,9.95,9.95,9.95,2200.0
2023-11-13 11:45:00+07:00,9.95,9.95,9.95,9.95,32000.0
2023-11-13 11:47:00+07:00,9.95,9.95,9.95,9.95,600.0
2023-11-13 11:48:00+07:00,9.95,9.95,9.95,9.95,8500.0
2023-11-13 11:49:00+07:00,10.0,10.0,10.0,10.0,200.0
2023-11-13 11:51:00+07:00,10.0,10.0,10.0,10.0,200.0
2023-11-13 11:53:00+07:00,10.0,10.0,10.0,10.0,100.0
2023-11-13 11:54:00+07:00,10.0,10.0,10.0,10.0,50000.0
2023-11-13 11:57:00+07:00,9.95,9.95,9.95,9.95,10400.0
2023-11-13 11:58:00+07:00,9.95,10.0,9.95,10.0,600.0
2023-11-13 11:59:00+07:00,10.0,10.0,10.0,10.0,100.0
2023-11-13 12:00:00+07:00,10.0,10.0,10.0,10.0,400.0
2023-11-13 12:01:00+07:00,10.0,10.0,9.95,9.95,32100.0
2023-11-13 12:02:00+07:00,10.0,10.0,10.0,10.0,200.0
2023-11-13 12:03:00+07:00,10.0,10.0,10.0,10.0,200.0
2023-11-13 12:08:00+07:00,10.0,10.0,10.0,10.0,1000.0
2023-11-13 12:09:00+07:00,10.0,10.0,10.0,10.0,200.0
2023-11-13 12:12:00+07:00,10.0,10.0,10.0,10.0,1000.0
2023-11-13 12:14:00+07:00,10.0,10.0,10.0,10.0,200.0
2023-11-13 12:15:00+07:00,9.95,9.95,9.95,9.95,44500.0
2023-11-13 12:17:00+07:00,10.0,10.0,10.0,10.0,200.0
2023-11-13 12:18:00+07:00,10.0,10.0,10.0,10.0,500.0
2023-11-13 12:19:00+07:00,10.0,10.0,10.0,10.0,2000.0
2023-11-13 12:20:00+07:00,9.95,9.95,9.95,9.95,4500.0
2023-11-13 12:21:00+07:00,9.95,9.95,9.95,9.95,100.0
2023-11-13 12:22:00+07:00,9.95,9.95,9.95,9.95,32200.0
2023-11-13 12:24:00+07:00,9.95,10.0,9.95,10.0,5700.0
2023-11-13 12:25:00+07:00,10.0,10.0,10.0,10.0,1400.0
2023-11-13 12:29:00+07:00,10.0,10.0,10.0,10.0,3400.0
2023-11-13 14:25:00+07:00,10.0,10.0,10.0,10.0,680400.0
2023-11-13 14:26:00+07:00,10.0,10.0,10.0,10.0,400.0
2023-11-13 14:27:00+07:00,10.0,10.0,10.0,10.0,500.0
2023-11-13 14:30:00+07:00,10.0,10.0,10.0,10.0,13600.0
2023-11-13 14:31:00+07:00,10.0,10.0,10.0,10.0,100.0
2023-11-13 14:34:00+07:00,10.1,10.1,10.1,10.1,1800.0
2023-11-13 14:36:00+07:00,10.1,10.1,10.1,10.1,300.0
2023-11-13 14:39:00+07:00,10.0,10.0,10.0,10.0,8400.0
2023-11-13 14:40:00+07:00,10.0,10.0,10.0,10.0,200.0
2023-11-13 14:42:00+07:00,10.0,10.0,10.0,10.0,3000.0
2023-11-13 14:43:00+07:00,10.0,10.0,10.0,10.0,200.0
2023-11-13 14:44:00+07:00,10.0,10.0,10.0,10.0,500.0
2023-11-13 14:45:00+07:00,10.0,10.1,10.0,10.1,36100.0
2023-11-13 14:49:00+07:00,10.1,10.1,10.1,10.1,12000.0
2023-11-13 14:50:00+07:00,10.0,10.0,10.0,10.0,800.0
2023-11-13 14:51:00+07:00,10.1,10.1,10.1,10.1,1900.0
2023-11-13 14:52:00+07:00,10.0,10.1,10.0,10.1,113200.0
2023-11-13 14:53:00+07:00,10.0,10.0,10.0,10.0,100000.0
2023-11-13 14:56:00+07:00,10.1,10.1,10.1,10.1,2700.0
2023-11-13 14:57:00+07:00,10.0,10.0,10.0,10.0,58200.0
2023-11-13 14:58:00+07:00,10.0,10.0,10.0,10.0,300.0
2023-11-13 14:59:00+07:00,10.0,10.0,10.0,10.0,200.0
2023-11-13 15:00:00+07:00,10.0,10.0,10.0,10.0,154700.0
2023-11-13 15:01:00+07:00,10.0,10.0,10.0,10.0,32000.0
2023-11-13 15:02:00+07:00,10.1,10.1,10.1,10.1,1000.0
2023-11-13 15:03:00+07:00,10.1,10.1,10.1,10.1,20200.0
2023-11-13 15:04:00+07:00,10.1,10.1,10.1,10.1,100.0
2023-11-13 15:05:00+07:00,10.1,10.1,10.0,10.0,100500.0
2023-11-13 15:06:00+07:00,10.0,10.1,10.0,10.1,103600.0
2023-11-13 15:07:00+07:00,10.1,10.1,10.0,10.0,163500.0
2023-11-13 15:08:00+07:00,10.0,10.0,10.0,10.0,200.0
2023-11-13 15:09:00+07:00,10.1,10.1,10.0,10.0,10300.0
2023-11-13 15:10:00+07:00,10.0,10.1,10.0,10.1,300.0
2023-11-13 15:11:00+07:00,10.1,10.1,10.1,10.1,200.0
2023-11-13 15:12:00+07:00,10.1,10.1,10.1,10.1,400.0
2023-11-13 15:13:00+07:00,10.1,10.1,10.1,10.1,1200.0
2023-11-13 15:14:00+07:00,10.1,10.1,10.1,10.1,1000.0
2023-11-13 15:15:00+07:00,10.1,10.1,10.1,10.1,200.0
2023-11-13 15:16:00+07:00,10.0,10.1,10.0,10.1,36100.0
2023-11-13 15:17:00+07:00,10.0,10.0,10.0,10.0,19200.0
2023-11-13 15:18:00+07:00,10.1,10.1,10.0,10.0,11100.0
2023-11-13 15:19:00+07:00,10.1,10.1,10.0,10.0,400.0
2023-11-13 15:20:00+07:00,10.1,10.1,10.1,10.1,100.0
2023-11-13 15:23:00+07:00,10.0,10.0,10.0,10.0,4400.0
2023-11-13 15:24:00+07:00,10.0,10.0,10.0,10.0,300.0
2023-11-13 15:25:00+07:00,10.0,10.0,10.0,10.0,40400.0
2023-11-13 15:26:00+07:00,10.0,10.1,10.0,10.1,900.0
2023-11-13 15:27:00+07:00,10.1,10.1,10.0,10.0,400.0
2023-11-13 15:28:00+07:00,10.0,10.0,10.0,10.0,400.0
2023-11-13 15:29:00+07:00,10.0,10.0,10.0,10.0,400.0
2023-11-13 15:30:00+07:00,10.0,10.0,10.0,10.0,308600.0
2023-11-13 15:31:00+07:00,10.0,10.0,10.0,10.0,69600.0
2023-11-13 15:33:00+07:00,10.1,10.1,10.1,10.1,39500.0
2023-11-13 15:34:00+07:00,10.1,10.1,10.1,10.1,100.0
2023-11-13 15:36:00+07:00,10.1,10.1,10.0,10.0,600.0
2023-11-13 15:38:00+07:00,10.0,10.0,10.0,10.0,4100.0
2023-11-13 15:39:00+07:00,10.0,10.0,10.0,10.0,1200.0
2023-11-13 15:40:00+07:00,10.0,10.0,10.0,10.0,500.0
2023-11-13 15:41:00+07:00,10.0,10.0,10.0,10.0,109900.0
2023-11-13 15:42:00+07:00,10.0,10.0,10.0,10.0,3000.0
2023-11-13 15:43:00+07:00,10.0,10.0,10.0,10.0,200.0
2023-11-13 15:45:00+07:00,10.0,10.1,10.0,10.0,32400.0
2023-11-13 15:46:00+07:00,10.0,10.0,10.0,10.0,4200.0
2023-11-13 15:48:00+07:00,10.1,10.1,10.1,10.1,5000.0
2023-11-13 15:49:00+07:00,10.1,10.1,10.0,10.0,800.0
2023-11-13 15:51:00+07:00,10.0,10.0,10.0,10.0,200.0
2023-11-13 15:52:00+07:00,10.0,10.0,10.0,10.0,3600.0
2023-11-13 15:53:00+07:00,10.1,10.1,10.1,10.1,100.0
2023-11-13 15:54:00+07:00,10.1,10.1,10.1,10.1,100.0
2023-11-13 15:55:00+07:00,10.1,10.1,10.0,10.0,600.0
2023-11-13 15:57:00+07:00,10.0,10.1,10.0,10.1,380600.0
2023-11-13 15:58:00+07:00,10.0,10.0,10.0,10.0,213000.0
2023-11-13 16:00:00+07:00,10.0,10.0,10.0,10.0,216500.0
2023-11-13 16:01:00+07:00,10.1,10.1,10.0,10.0,29300.0
2023-11-13 16:02:00+07:00,10.0,10.0,10.0,10.0,41300.0
2023-11-13 16:03:00+07:00,10.0,10.0,10.0,10.0,346300.0
2023-11-13 16:04:00+07:00,10.0,10.0,10.0,10.0,86400.0
2023-11-13 16:05:00+07:00,10.0,10.0,10.0,10.0,77000.0
2023-11-13 16:06:00+07:00,10.0,10.0,10.0,10.0,3200.0
2023-11-13 16:07:00+07:00,10.0,10.0,10.0,10.0,2400.0
2023-11-13 16:08:00+07:00,10.0,10.0,10.0,10.0,1800.0
2023-11-13 16:09:00+07:00,10.0,10.0,10.0,10.0,1500.0
2023-11-13 16:10:00+07:00,10.0,10.0,10.0,10.0,66400.0
2023-11-13 16:12:00+07:00,10.0,10.0,10.0,10.0,1700.0
2023-11-13 16:13:00+07:00,10.0,10.0,10.0,10.0,447500.0
2023-11-13 16:14:00+07:00,10.0,10.0,10.0,10.0,13800.0
2023-11-13 16:20:00+07:00,10.0,10.1,10.0,10.1,4600.0
2023-11-13 16:25:00+07:00,10.0,10.1,10.0,10.0,66000.0
2023-11-13 16:26:00+07:00,10.0,10.1,10.0,10.0,35700.0
2023-11-13 16:27:00+07:00,10.0,10.0,10.0,10.0,202700.0
2023-11-13 16:28:00+07:00,10.0,10.1,10.0,10.0,12000.0
2023-11-13 16:29:00+07:00,10.0,10.1,10.0,10.1,65000.0
2023-11-13 16:39:00+07:00,10.0,10.0,10.0,10.0,901700.0
2023-11-14 09:55:00+07:00,10.0,10.1,10.0,10.1,24400.0
2023-11-14 09:58:00+07:00,10.1,10.1,10.1,10.1,500.0
2023-11-14 09:59:00+07:00,10.0,10.0,10.0,10.0,20000.0
2023-11-14 10:01:00+07:00,10.1,10.1,10.1,10.1,1200.0
2023-11-14 10:02:00+07:00,10.0,10.0,10.0,10.0,5900.0
2023-11-14 10:03:00+07:00,10.0,10.0,10.0,10.0,14900.0
2023-11-14 10:04:00+07:00,10.1,10.1,10.1,10.1,84300.0
2023-11-14 10:05:00+07:00,10.1,10.1,10.0,10.0,12000.0
2023-11-14 10:06:00+07:00,10.1,10.1,10.1,10.1,500.0
2023-11-14 10:08:00+07:00,10.1,10.1,10.0,10.0,110400.0
2023-11-14 10:10:00+07:00,10.0,10.0,10.0,10.0,10100.0
2023-11-14 10:14:00+07:00,10.0,10.0,10.0,10.0,1000.0
2023-11-14 10:19:00+07:00,10.0,10.0,10.0,10.0,300.0
2023-11-14 10:20:00+07:00,10.1,10.1,10.0,10.0,700.0
2023-11-14 10:22:00+07:00,10.0,10.0,10.0,10.0,100.0
2023-11-14 10:23:00+07:00,10.1,10.1,10.0,10.0,300.0
2023-11-14 10:25:00+07:00,10.0,10.0,10.0,10.0,8700.0
2023-11-14 10:26:00+07:00,10.0,10.0,10.0,10.0,500.0
2023-11-14 10:27:00+07:00,10.0,10.0,10.0,10.0,2000.0
2023-11-14 10:28:00+07:00,10.0,10.0,10.0,10.0,2000.0
2023-11-14 10:29:00+07:00,10.1,10.1,10.1,10.1,700.0
2023-11-14 10:30:00+07:00,10.1,10.1,10.1,10.1,4200.0
2023-11-14 10:32:00+07:00,10.0,10.0,10.0,10.0,45600.0
2023-11-14 10:33:00+07:00,10.0,10.0,10.0,10.0,2500.0
2023-11-14 10:34:00+07:00,10.0,10.0,10.0,10.0,69400.0
2023-11-14 10:37:00+07:00,10.1,10.1,10.0,10.0,200.0
2023-11-14 10:39:00+07:00,10.0,10.0,10.0,10.0,27400.0
2023-11-14 10:40:00+07:00,10.1,10.1,10.1,10.1,2300.0
2023-11-14 10:41:00+07:00,10.1,10.1,10.1,10.1,100.0
2023-11-14 10:42:00+07:00,10.1,10.1,10.1,10.1,200.0
2023-11-14 10:45:00+07:00,10.1,10.1,10.1,10.1,300.0
2023-11-14 10:46:00+07:00,10.0,10.0,10.0,10.0,1200.0
2023-11-14 10:47:00+07:00,10.0,10.0,10.0,10.0,200.0
2023-11-14 10:51:00+07:00,10.1,10.1,10.1,10.1,3000.0
2023-11-14 10:53:00+07:00,10.1,10.1,10.1,10.1,100.0
2023-11-14 10:56:00+07:00,10.0,10.0,10.0,10.0,2300.0
2023-11-14 10:57:00+07:00,10.0,10.0,10.0,10.0,45200.0
2023-11-14 10:59:00+07:00,10.0,10.0,10.0,10.0,100.0
2023-11-14 11:00:00+07:00,10.0,10.0,10.0,10.0,400.0
2023-11-14 11:01:00+07:00,10.0,10.0,10.0,10.0,3800.0
2023-11-14 11:02:00+07:00,10.0,10.0,10.0,10.0,100.0
2023-11-14 11:03:00+07:00,10.0,10.0,10.0,10.0,23600.0
2023-11-14 11:04:00+07:00,10.0,10.0,10.0,10.0,2000.0
2023-11-14 11:05:00+07:00,10.0,10.0,10.0,10.0,500.0
2023-11-14 11:06:00+07:00,10.0,10.1,10.0,10.1,47800.0
2023-11-14 11:08:00+07:00,10.1,10.1,10.1,10.1,300.0
2023-11-14 11:09:00+07:00,10.0,10.0,10.0,10.0,23400.0
2023-11-14 11:10:00+07:00,10.0,10.0,10.0,10.0,600.0
2023-11-14 11:11:00+07:00,10.0,10.0,10.0,10.0,400.0
2023-11-14 11:13:00+07:00,10.0,10.0,10.0,10.0,493600.0
2023-11-14 11:14:00+07:00,10.0,10.0,10.0,10.0,117000.0
2023-11-14 11:15:00+07:00,10.0,10.0,10.0,10.0,77200.0
2023-11-14 11:16:00+07:00,10.0,10.0,10.0,10.0,2000.0
2023-11-14 11:17:00+07:00,10.0,10.0,10.0,10.0,500.0
2023-11-14 11:18:00+07:00,10.0,10.0,10.0,10.0,14800.0
2023-11-14 11:19:00+07:00,10.0,10.0,10.0,10.0,75200.0
2023-11-14 11:20:00+07:00,10.1,10.1,10.1,10.1,100.0
2023-11-14 11:22:00+07:00,10.0,10.0,10.0,10.0,200.0
2023-11-14 11:23:00+07:00,10.0,10.0,10.0,10.0,6000.0
2023-11-14 11:24:00+07:00,10.0,10.0,10.0,10.0,11800.0
2023-11-14 11:32:00+07:00,10.1,10.1,10.1,10.1,554600.0
2023-11-14 11:36:00+07:00,10.1,10.1,10.1,10.1,200.0
2023-11-14 11:37:00+07:00,10.1,10.1,10.1,10.1,100.0
2023-11-14 11:38:00+07:00,10.1,10.1,10.1,10.1,3000.0
2023-11-14 11:39:00+07:00,10.1,10.1,10.1,10.1,100.0
2023-11-14 11:40:00+07:00,10.1,10.1,10.1,10.1,2500.0
2023-11-14 11:41:00+07:00,10.1,10.2,10.1,10.2,34000.0
2023-11-14 11:44:00+07:00,10.2,10.2,10.1,10.1,1000.0
2023-11-14 11:45:00+07:00,10.1,10.1,10.1,10.1,5200.0
2023-11-14 11:46:00+07:00,10.1,10.1,10.1,10.1,11000.0
2023-11-14 11:47:00+07:00,10.1,10.1,10.1,10.1,4500.0
2023-11-14 11:48:00+07:00,10.1,10.1,10.1,10.1,6800.0
2023-11-14 11:49:00+07:00,10.1,10.1,10.1,10.1,21800.0
2023-11-14 11:50:00+07:00,10.1,10.1,10.1,10.1,20400.0
2023-11-14 11:51:00+07:00,10.1,10.1,10.1,10.1,12800.0
2023-11-14 11:52:00+07:00,10.1,10.1,10.1,10.1,16200.0
2023-11-14 11:54:00+07:00,10.1,10.1,10.1,10.1,4500.0
2023-11-14 11:55:00+07:00,10.1,10.1,10.1,10.1,700.0
2023-11-14 11:57:00+07:00,10.1,10.1,10.1,10.1,200.0
2023-11-14 11:58:00+07:00,10.1,10.1,10.1,10.1,2200.0
2023-11-14 11:59:00+07:00,10.1,10.1,10.0,10.1,141100.0
2023-11-14 12:00:00+07:00,10.0,10.0,10.0,10.0,400.0
2023-11-14 12:01:00+07:00,10.0,10.0,10.0,10.0,600.0
2023-11-14 12:02:00+07:00,10.0,10.0,10.0,10.0,300.0
2023-11-14 12:03:00+07:00,10.1,10.1,10.1,10.1,1000.0
2023-11-14 12:05:00+07:00,10.1,10.1,10.1,10.1,7100.0
2023-11-14 12:06:00+07:00,10.0,10.0,10.0,10.0,21100.0
2023-11-14 12:10:00+07:00,10.1,10.1,10.1,10.1,100.0
2023-11-14 12:11:00+07:00,10.0,10.0,10.0,10.0,4600.0
2023-11-14 12:15:00+07:00,10.0,10.0,10.0,10.0,700.0
2023-11-14 12:16:00+07:00,10.0,10.0,10.0,10.0,5000.0
2023-11-14 12:19:00+07:00,10.1,10.1,10.1,10.1,100.0
2023-11-14 12:24:00+07:00,10.0,10.0,10.0,10.0,21100.0
2023-11-14 12:26:00+07:00,10.0,10.0,10.0,10.0,13200.0
2023-11-14 12:27:00+07:00,10.1,10.1,10.1,10.1,300.0
2023-11-14 12:29:00+07:00,10.0,10.1,10.0,10.0,5700.0
2023-11-14 12:30:00+07:00,10.1,10.1,10.1,10.1,100.0
2023-11-14 14:29:00+07:00,10.1,10.1,10.0,10.1,268100.0
2023-11-14 14:30:00+07:00,10.1,10.1,10.1,10.1,1600.0
2023-11-14 14:32:00+07:00,10.1,10.1,10.1,10.1,100.0
2023-11-14 14:35:00+07:00,10.1,10.1,10.1,10.1,10100.0
2023-11-14 14:36:00+07:00,10.1,10.1,10.1,10.1,1000.0
2023-11-14 14:38:00+07:00,10.0,10.1,10.0,10.1,1000.0
2023-11-14 14:39:00+07:00,10.0,10.0,10.0,10.0,400.0
2023-11-14 14:40:00+07:00,10.1,10.1,10.1,10.1,239300.0
2023-11-14 14:41:00+07:00,10.1,10.1,10.1,10.1,118600.0
2023-11-14 14:42:00+07:00,10.1,10.1,10.1,10.1,500.0
2023-11-14 14:43:00+07:00,10.2,10.2,10.2,10.2,100.0
2023-11-14 14:44:00+07:00,10.1,10.1,10.1,10.1,102900.0
2023-11-14 14:45:00+07:00,10.2,10.2,10.2,10.2,100.0
2023-11-14 14:46:00+07:00,10.1,10.1,10.1,10.1,100.0
2023-11-14 14:47:00+07:00,10.1,10.1,10.1,10.1,10500.0
2023-11-14 14:49:00+07:00,10.1,10.1,10.1,10.1,10000.0
2023-11-14 14:50:00+07:00,10.1,10.1,10.1,10.1,61000.0
2023-11-14 14:53:00+07:00,10.1,10.2,10.1,10.2,26700.0
2023-11-14 14:54:00+07:00,10.1,10.1,10.0,10.0,18800.0
2023-11-14 14:55:00+07:00,10.0,10.0,10.0,10.0,400.0
2023-11-14 14:56:00+07:00,10.0,10.1,10.0,10.0,1300.0
2023-11-14 14:57:00+07:00,10.0,10.0,10.0,10.0,400.0
2023-11-14 14:58:00+07:00,10.0,10.1,10.0,10.0,2500.0
2023-11-14 14:59:00+07:00,10.0,10.0,10.0,10.0,400.0
2023-11-14 15:00:00+07:00,10.0,10.0,10.0,10.0,400.0
2023-11-14 15:01:00+07:00,10.0,10.0,10.0,10.0,700.0
2023-11-14 15:03:00+07:00,10.0,10.0,10.0,10.0,14200.0
2023-11-14 15:08:00+07:00,10.0,10.0,10.0,10.0,3200.0
2023-11-14 15:16:00+07:00,10.0,10.1,10.0,10.1,164700.0
2023-11-14 15:17:00+07:00,10.1,10.1,10.1,10.1,200.0
2023-11-14 15:19:00+07:00,10.0,10.0,10.0,10.0,2800.0
2023-11-14 15:22:00+07:00,10.0,10.0,10.0,10.0,1000.0
2023-11-14 15:24:00+07:00,10.1,10.1,10.1,10.1,236900.0
2023-11-14 15:27:00+07:00,10.1,10.1,10.1,10.1,700.0
2023-11-14 15:28:00+07:00,10.1,10.1,10.1,10.1,10100.0
2023-11-14 15:29:00+07:00,10.1,10.1,10.1,10.1,1100.0
2023-11-14 15:30:00+07:00,10.1,10.1,10.1,10.1,1500.0
2023-11-14 15:31:00+07:00,10.1,10.1,10.1,10.1,200.0
2023-11-14 15:32:00+07:00,10.1,10.1,10.1,10.1,1000.0
2023-11-14 15:34:00+07:00,10.1,10.1,10.1,10.1,100.0
2023-11-14 15:35:00+07:00,10.1,10.1,10.1,10.1,162600.0
2023-11-14 15:37:00+07:00,10.1,10.1,10.1,10.1,37700.0
2023-11-14 15:38:00+07:00,10.1,10.1,10.1,10.1,70900.0
2023-11-14 15:39:00+07:00,10.1,10.1,10.1,10.1,108100.0
2023-11-14 15:42:00+07:00,10.1,10.1,10.1,10.1,21000.0
2023-11-14 15:43:00+07:00,10.1,10.1,10.1,10.1,1100.0
2023-11-14 15:44:00+07:00,10.1,10.1,10.1,10.1,1100.0
2023-11-14 15:45:00+07:00,10.1,10.1,10.1,10.1,41500.0
2023-11-14 15:46:00+07:00,10.1,10.1,10.1,10.1,600.0
2023-11-14 15:47:00+07:00,10.1,10.1,10.1,10.1,1900.0
2023-11-14 15:48:00+07:00,10.1,10.1,10.1,10.1,1100.0
2023-11-14 15:49:00+07:00,10.1,10.1,10.1,10.1,200.0
2023-11-14 15:50:00+07:00,10.1,10.1,10.1,10.1,200.0
2023-11-14 15:51:00+07:00,10.1,10.1,10.1,10.1,300.0
2023-11-14 15:52:00+07:00,10.1,10.1,10.1,10.1,1100.0
2023-11-14 15:55:00+07:00,10.1,10.1,10.1,10.1,7500.0
2023-11-14 15:57:00+07:00,10.1,10.1,10.1,10.1,50000.0
2023-11-14 15:58:00+07:00,10.1,10.1,10.1,10.1,2900.0
2023-11-14 15:59:00+07:00,10.1,10.1,10.1,10.1,7300.0
2023-11-14 16:00:00+07:00,10.1,10.1,10.1,10.1,30000.0
2023-11-14 16:01:00+07:00,10.1,10.1,10.1,10.1,5000.0
2023-11-14 16:02:00+07:00,10.1,10.1,10.1,10.1,200.0
2023-11-14 16:04:00+07:00,10.1,10.1,10.1,10.1,20800.0
2023-11-14 16:05:00+07:00,10.1,10.2,10.1,10.2,600.0
2023-11-14 16:06:00+07:00,10.1,10.1,10.1,10.1,400.0
2023-11-14 16:07:00+07:00,10.1,10.1,10.1,10.1,3500.0
2023-11-14 16:08:00+07:00,10.1,10.1,10.1,10.1,300.0
2023-11-14 16:09:00+07:00,10.1,10.2,10.1,10.2,500.0
2023-11-14 16:10:00+07:00,10.1,10.1,10.1,10.1,200.0
2023-11-14 16:11:00+07:00,10.1,10.1,10.1,10.1,300.0
2023-11-14 16:12:00+07:00,10.1,10.1,10.1,10.1,200.0
2023-11-14 16:13:00+07:00,10.1,10.1,10.1,10.1,2200.0
2023-11-14 16:14:00+07:00,10.1,10.1,10.1,10.1,700.0
2023-11-14 16:15:00+07:00,10.2,10.2,10.2,10.2,10000.0
2023-11-14 16:17:00+07:00,10.1,10.1,10.1,10.1,200.0
2023-11-14 16:18:00+07:00,10.2,10.2,10.2,10.2,1000.0
2023-11-14 16:20:00+07:00,10.1,10.1,10.1,10.1,5000.0
2023-11-14 16:22:00+07:00,10.1,10.1,10.1,10.1,3300.0
2023-11-14 16:23:00+07:00,10.1,10.1,10.1,10.1,9500.0
2023-11-14 16:24:00+07:00,10.2,10.2,10.2,10.2,200.0
2023-11-14 16:25:00+07:00,10.1,10.1,10.1,10.1,10000.0
2023-11-14 16:27:00+07:00,10.1,10.1,10.1,10.1,600.0
2023-11-14 16:28:00+07:00,10.1,10.1,10.1,10.1,2100.0
2023-11-14 16:29:00+07:00,10.1,10.2,10.1,10.2,2200.0
2023-11-14 16:30:00+07:00,10.2,10.2,10.2,10.2,100.0
2023-11-14 16:36:00+07:00,10.1,10.1,10.1,10.1,422100.0
2023-11-15 09:58:00+07:00,10.2,10.2,10.1,10.1,956800.0
2023-11-15 09:59:00+07:00,10.1,10.1,10.1,10.1,116000.0
2023-11-15 10:00:00+07:00,10.1,10.1,10.1,10.1,25900.0
2023-11-15 10:01:00+07:00,10.1,10.1,10.1,10.1,2300.0
2023-11-15 10:02:00+07:00,10.1,10.1,10.1,10.1,13000.0
2023-11-15 10:03:00+07:00,10.1,10.1,10.1,10.1,21400.0
2023-11-15 10:04:00+07:00,10.1,10.1,10.0,10.1,374200.0
2023-11-15 10:05:00+07:00,10.1,10.1,10.1,10.1,360900.0
2023-11-15 10:06:00+07:00,10.1,10.1,10.1,10.1,53000.0
2023-11-15 10:07:00+07:00,10.1,10.1,10.1,10.1,3500.0
2023-11-15 10:08:00+07:00,10.1,10.1,10.1,10.1,1300.0
2023-11-15 10:10:00+07:00,10.1,10.1,10.1,10.1,1100.0
2023-11-15 10:11:00+07:00,10.1,10.1,10.1,10.1,100.0
2023-11-15 10:13:00+07:00,10.1,10.1,10.1,10.1,500.0
2023-11-15 10:14:00+07:00,10.0,10.0,10.0,10.0,16100.0
2023-11-15 10:15:00+07:00,10.1,10.1,10.1,10.1,3000.0
2023-11-15 10:16:00+07:00,10.1,10.1,10.1,10.1,62000.0
2023-11-15 10:17:00+07:00,10.1,10.1,10.1,10.1,65500.0
2023-11-15 10:18:00+07:00,10.1,10.1,10.1,10.1,8400.0
2023-11-15 10:19:00+07:00,10.1,10.1,10.1,10.1,54500.0
2023-11-15 10:20:00+07:00,10.1,10.1,10.1,10.1,1700.0
2023-11-15 10:21:00+07:00,10.1,10.1,10.1,10.1,21100.0
2023-11-15 10:22:00+07:00,10.1,10.1,10.1,10.1,1000.0
2023-11-15 10:23:00+07:00,10.1,10.1,10.1,10.1,257300.0
2023-11-15 10:24:00+07:00,10.2,10.2,10.2,10.2,300.0
2023-11-15 10:25:00+07:00,10.2,10.2,10.2,10.2,10500.0
2023-11-15 10:26:00+07:00,10.2,10.2,10.2,10.2,600.0
2023-11-15 10:27:00+07:00,10.2,10.2,10.2,10.2,300.0
2023-11-15 10:28:00+07:00,10.2,10.2,10.2,10.2,200.0
2023-11-15 10:29:00+07:00,10.2,10.2,10.2,10.2,300.0
2023-11-15 10:30:00+07:00,10.2,10.2,10.2,10.2,300.0
2023-11-15 10:31:00+07:00,10.2,10.2,10.2,10.2,10200.0
2023-11-15 10:32:00+07:00,10.2,10.2,10.2,10.2,300.0
2023-11-15 10:33:00+07:00,10.2,10.2,10.2,10.2,1600.0
2023-11-15 10:34:00+07:00,10.2,10.2,10.2,10.2,200.0
2023-11-15 10:35:00+07:00,10.1,10.1,10.1,10.1,452300.0
2023-11-15 10:36:00+07:00,10.1,10.1,10.1,10.1,183800.0
2023-11-15 10:37:00+07:00,10.1,10.1,10.1,10.1,14800.0
2023-11-15 10:40:00+07:00,10.1,10.1,10.1,10.1,100.0
2023-11-15 10:41:00+07:00,10.1,10.1,10.1,10.1,18400.0
2023-11-15 10:43:00+07:00,10.1,10.1,10.1,10.1,500.0
2023-11-15 10:44:00+07:00,10.1,10.1,10.1,10.1,100.0
2023-11-15 10:45:00+07:00,10.2,10.2,10.2,10.2,2100.0
2023-11-15 10:46:00+07:00,10.1,10.1,10.1,10.1,271000.0
2023-11-15 10:47:00+07:00,10.1,10.1,10.1,10.1,47400.0
2023-11-15 10:48:00+07:00,10.1,10.1,10.0,10.1,133800.0
2023-11-15 10:49:00+07:00,10.1,10.1,10.1,10.1,16900.0
2023-11-15 10:50:00+07:00,10.1,10.1,10.1,10.1,120300.0
2023-11-15 10:51:00+07:00,10.1,10.1,10.1,10.1,118000.0
2023-11-15 10:52:00+07:00,10.1,10.1,10.1,10.1,15300.0
2023-11-15 10:53:00+07:00,10.1,10.1,10.1,10.1,7700.0
2023-11-15 10:54:00+07:00,10.1,10.2,10.1,10.2,362100.0
2023-11-15 10:55:00+07:00,10.2,10.2,10.2,10.2,100.0
2023-11-15 10:56:00+07:00,10.2,10.2,10.2,10.2,200.0
2023-11-15 10:57:00+07:00,10.2,10.2,10.2,10.2,300.0
2023-11-15 10:58:00+07:00,10.2,10.2,10.1,10.2,14600.0
2023-11-15 10:59:00+07:00,10.2,10.2,10.1,10.1,300.0
2023-11-15 11:00:00+07:00,10.2,10.2,10.2,10.2,300.0
2023-11-15 11:01:00+07:00,10.1,10.2,10.1,10.2,893900.0
2023-11-15 11:02:00+07:00,10.2,10.2,10.1,10.2,1500.0
2023-11-15 11:05:00+07:00,10.1,10.1,10.1,10.1,14700.0
2023-11-15 11:06:00+07:00,10.1,10.1,10.1,10.1,1000.0
2023-11-15 11:08:00+07:00,10.2,10.2,10.2,10.2,1000.0
2023-11-15 11:10:00+07:00,10.2,10.2,10.2,10.2,500.0
2023-11-15 11:11:00+07:00,10.1,10.1,10.1,10.1,15100.0
2023-11-15 11:13:00+07:00,10.1,10.1,10.1,10.1,2000.0
2023-11-15 11:14:00+07:00,10.1,10.1,10.1,10.1,200.0
2023-11-15 11:15:00+07:00,10.1,10.1,10.1,10.1,100.0
2023-11-15 11:17:00+07:00,10.2,10.2,10.2,10.2,100.0
2023-11-15 11:18:00+07:00,10.1,10.1,10.1,10.1,17000.0
2023-11-15 11:21:00+07:00,10.2,10.2,10.2,10.2,700.0
2023-11-15 11:25:00+07:00,10.1,10.1,10.1,10.1,15000.0
2023-11-15 11:27:00+07:00,10.2,10.2,10.2,10.2,100.0
2023-11-15 11:30:00+07:00,10.1,10.2,10.1,10.2,417200.0
2023-11-15 11:34:00+07:00,10.3,10.3,10.2,10.2,22000.0
2023-11-15 11:35:00+07:00,10.3,10.3,10.3,10.3,500.0
2023-11-15 11:36:00+07:00,10.3,10.3,10.3,10.3,100.0
2023-11-15 11:37:00+07:00,10.3,10.3,10.2,10.2,110000.0
2023-11-15 11:38:00+07:00,10.2,10.3,10.2,10.3,1300.0
2023-11-15 11:41:00+07:00,10.2,10.2,10.2,10.2,16100.0
2023-11-15 11:42:00+07:00,10.3,10.3,10.2,10.2,23400.0
2023-11-15 11:44:00+07:00,10.3,10.3,10.3,10.3,589100.0
2023-11-15 11:45:00+07:00,10.3,10.3,10.3,10.3,102100.0
2023-11-15 11:46:00+07:00,10.3,10.3,10.3,10.3,15000.0
2023-11-15 11:47:00+07:00,10.3,10.3,10.3,10.3,5500.0
2023-11-15 11:48:00+07:00,10.3,10.3,10.3,10.3,2300.0
2023-11-15 11:49:00+07:00,10.3,10.3,10.3,10.3,41100.0
2023-11-15 11:51:00+07:00,10.3,10.3,10.3,10.3,1100.0
2023-11-15 11:52:00+07:00,10.4,10.4,10.3,10.3,2100.0
2023-11-15 11:53:00+07:00,10.3,10.3,10.3,10.3,700.0
2023-11-15 11:54:00+07:00,10.3,10.3,10.3,10.3,62800.0
2023-11-15 11:55:00+07:00,10.3,10.4,10.3,10.4,37100.0
2023-11-15 11:56:00+07:00,10.3,10.3,10.3,10.3,10800.0
2023-11-15 11:57:00+07:00,10.3,10.4,10.3,10.4,1224800.0
2023-11-15 11:58:00+07:00,10.4,10.4,10.4,10.4,197600.0
2023-11-15 11:59:00+07:00,10.4,10.4,10.4,10.4,22800.0
2023-11-15 12:00:00+07:00,10.4,10.4,10.4,10.4,34500.0
2023-11-15 12:01:00+07:00,10.4,10.4,10.4,10.4,105400.0
2023-11-15 12:02:00+07:00,10.4,10.4,10.4,10.4,273000.0
2023-11-15 12:03:00+07:00,10.3,10.4,10.3,10.4,63200.0
2023-11-15 12:04:00+07:00,10.4,10.4,10.4,10.4,3100.0
2023-11-15 12:07:00+07:00,10.3,10.3,10.3,10.3,100.0
2023-11-15 12:08:00+07:00,10.4,10.4,10.3,10.3,33400.0
2023-11-15 12:09:00+07:00,10.3,10.3,10.3,10.3,1000.0
2023-11-15 12:11:00+07:00,10.3,10.3,10.3,10.3,100.0
2023-11-15 12:12:00+07:00,10.4,10.4,10.4,10.4,200.0
2023-11-15 12:14:00+07:00,10.4,10.4,10.4,10.4,100.0
2023-11-15 12:15:00+07:00,10.3,10.3,10.3,10.3,15800.0
2023-11-15 12:16:00+07:00,10.3,10.3,10.3,10.3,300.0
2023-11-15 12:18:00+07:00,10.3,10.3,10.3,10.3,1000.0
2023-11-15 12:21:00+07:00,10.3,10.3,10.3,10.3,14600.0
2023-11-15 12:23:00+07:00,10.4,10.4,10.4,10.4,100.0
2023-11-15 12:24:00+07:00,10.3,10.3,10.3,10.3,100.0
2023-11-15 12:27:00+07:00,10.3,10.4,10.3,10.3,13000.0
2023-11-15 12:28:00+07:00,10.3,10.3,10.3,10.3,14900.0
2023-11-15 12:29:00+07:00,10.4,10.4,10.4,10.4,500.0
2023-11-15 14:29:00+07:00,10.4,10.4,10.4,10.4,140800.0
2023-11-15 14:31:00+07:00,10.3,10.3,10.3,10.3,200.0
2023-11-15 14:32:00+07:00,10.3,10.3,10.3,10.3,15800.0
2023-11-15 14:33:00+07:00,10.3,10.3,10.3,10.3,200.0
2023-11-15 14:35:00+07:00,10.4,10.4,10.4,10.4,42200.0
2023-11-15 14:36:00+07:00,10.4,10.4,10.4,10.4,900.0
2023-11-15 14:37:00+07:00,10.4,10.4,10.4,10.4,4500.0
2023-11-15 14:38:00+07:00,10.4,10.4,10.4,10.4,100.0
2023-11-15 14:39:00+07:00,10.4,10.4,10.4,10.4,700.0
2023-11-15 14:40:00+07:00,10.4,10.4,10.4,10.4,50000.0
2023-11-15 14:41:00+07:00,10.4,10.4,10.4,10.4,54500.0
2023-11-15 14:42:00+07:00,10.4,10.4,10.4,10.4,986100.0
2023-11-15 14:43:00+07:00,10.4,10.4,10.4,10.4,100.0
2023-11-15 14:44:00+07:00,10.4,10.4,10.3,10.3,1100.0
2023-11-15 14:45:00+07:00,10.4,10.4,10.4,10.4,45300.0
2023-11-15 14:46:00+07:00,10.3,10.3,10.3,10.3,300.0
2023-11-15 14:48:00+07:00,10.4,10.4,10.4,10.4,1100.0
2023-11-15 14:51:00+07:00,10.4,10.4,10.3,10.4,15200.0
2023-11-15 14:53:00+07:00,10.3,10.3,10.3,10.3,15600.0
2023-11-15 14:54:00+07:00,10.3,10.3,10.3,10.3,1000.0
2023-11-15 14:55:00+07:00,10.4,10.4,10.4,10.4,100300.0
2023-11-15 14:56:00+07:00,10.4,10.4,10.4,10.4,5100.0
2023-11-15 14:58:00+07:00,10.4,10.4,10.4,10.4,800.0
2023-11-15 14:59:00+07:00,10.4,10.4,10.4,10.4,10000.0
2023-11-15 15:00:00+07:00,10.4,10.4,10.3,10.4,14500.0
2023-11-15 15:04:00+07:00,10.4,10.4,10.4,10.4,4300.0
2023-11-15 15:07:00+07:00,10.3,10.4,10.3,10.4,16600.0
2023-11-15 15:11:00+07:00,10.3,10.3,10.3,10.3,100.0
2023-11-15 15:12:00+07:00,10.3,10.4,10.3,10.3,3300.0
2023-11-15 15:13:00+07:00,10.3,10.3,10.3,10.3,300.0
2023-11-15 15:14:00+07:00,10.3,10.4,10.3,10.4,16600.0
2023-11-15 15:18:00+07:00,10.4,10.4,10.4,10.4,1600.0
2023-11-15 15:19:00+07:00,10.3,10.4,10.3,10.4,53700.0
2023-11-15 15:21:00+07:00,10.3,10.4,10.3,10.3,15800.0
2023-11-15 15:22:00+07:00,10.4,10.4,10.4,10.4,100.0
2023-11-15 15:23:00+07:00,10.4,10.4,10.4,10.4,1186700.0
2023-11-15 15:24:00+07:00,10.4,10.4,10.4,10.4,2400.0
2023-11-15 15:25:00+07:00,10.4,10.4,10.4,10.4,2300.0
2023-11-15 15:26:00+07:00,10.4,10.4,10.4,10.4,101000.0
2023-11-15 15:27:00+07:00,10.4,10.4,10.4,10.4,700.0
2023-11-15 15:28:00+07:00,10.4,10.4,10.4,10.4,3300.0
2023-11-15 15:31:00+07:00,10.3,10.3,10.3,10.3,100.0
2023-11-15 15:32:00+07:00,10.3,10.3,10.3,10.3,1000.0
2023-11-15 15:33:00+07:00,10.4,10.4,10.4,10.4,300.0
2023-11-15 15:34:00+07:00,10.3,10.3,10.3,10.3,14600.0
2023-11-15 15:35:00+07:00,10.4,10.4,10.4,10.4,3400.0
2023-11-15 15:36:00+07:00,10.3,10.4,10.3,10.4,1900.0
2023-11-15 15:40:00+07:00,10.4,10.4,10.4,10.4,4000.0
2023-11-15 15:41:00+07:00,10.3,10.3,10.3,10.3,14400.0
2023-11-15 15:42:00+07:00,10.4,10.4,10.4,10.4,100.0
2023-11-15 15:44:00+07:00,10.4,10.4,10.3,10.3,5000.0
2023-11-15 15:46:00+07:00,10.4,10.4,10.4,10.4,1900.0
2023-11-15 15:48:00+07:00,10.4,10.4,10.3,10.3,16600.0
2023-11-15 15:50:00+07:00,10.4,10.4,10.4,10.4,2000.0
2023-11-15 15:53:00+07:00,10.4,10.4,10.4,10.4,100.0
2023-11-15 15:54:00+07:00,10.4,10.4,10.4,10.4,8500.0
2023-11-15 15:55:00+07:00,10.4,10.4,10.3,10.4,14800.0
2023-11-15 15:57:00+07:00,10.4,10.4,10.4,10.4,800.0
2023-11-15 15:58:00+07:00,10.4,10.4,10.4,10.4,100.0
2023-11-15 15:59:00+07:00,10.3,10.3,10.3,10.3,23400.0
2023-11-15 16:00:00+07:00,10.4,10.4,10.4,10.4,900.0
2023-11-15 16:01:00+07:00,10.4,10.4,10.4,10.4,500.0
2023-11-15 16:02:00+07:00,10.4,10.4,10.4,10.4,95100.0
2023-11-15 16:03:00+07:00,10.4,10.4,10.3,10.3,10600.0
2023-11-15 16:04:00+07:00,10.4,10.4,10.4,10.4,3800.0
2023-11-15 16:10:00+07:00,10.4,10.4,10.4,10.4,2000.0
2023-11-15 16:12:00+07:00,10.3,10.3,10.3,10.3,100.0
2023-11-15 16:13:00+07:00,10.4,10.4,10.4,10.4,2400.0
2023-11-15 16:15:00+07:00,10.4,10.4,10.4,10.4,8300.0
2023-11-15 16:16:00+07:00,10.4,10.4,10.4,10.4,1000.0
2023-11-15 16:17:00+07:00,10.4,10.4,10.4,10.4,1100.0
2023-11-15 16:18:00+07:00,10.4,10.4,10.4,10.4,600.0
2023-11-15 16:19:00+07:00,10.3,10.4,10.3,10.4,9500.0
2023-11-15 16:20:00+07:00,10.4,10.4,10.4,10.4,800.0
2023-11-15 16:21:00+07:00,10.3,10.3,10.3,10.3,61000.0
2023-11-15 16:23:00+07:00,10.4,10.4,10.4,10.4,1300.0
2023-11-15 16:24:00+07:00,10.4,10.4,10.4,10.4,1000.0
2023-11-15 16:25:00+07:00,10.4,10.4,10.4,10.4,2900.0
2023-11-15 16:26:00+07:00,10.3,10.4,10.3,10.4,400.0
2023-11-15 16:27:00+07:00,10.4,10.4,10.4,10.4,2900.0
2023-11-15 16:28:00+07:00,10.4,10.4,10.4,10.4,2100.0
2023-11-15 16:29:00+07:00,10.4,10.4,10.3,10.4,2500.0
2023-11-15 16:38:00+07:00,10.4,10.4,10.4,10.4,619300.0
2023-11-16 09:55:00+07:00,10.3,10.4,10.3,10.4,127400.0
2023-11-16 09:56:00+07:00,10.4,10.4,10.4,10.4,100.0
2023-11-16 09:57:00+07:00,10.3,10.4,10.3,10.4,11200.0
2023-11-16 09:58:00+07:00,10.4,10.4,10.4,10.4,200.0
2023-11-16 09:59:00+07:00,10.4,10.4,10.4,10.4,300.0
2023-11-16 10:00:00+07:00,10.4,10.4,10.4,10.4,6100.0
2023-11-16 10:01:00+07:00,10.4,10.4,10.4,10.4,200.0
2023-11-16 10:02:00+07:00,10.4,10.4,10.4,10.4,300.0
2023-11-16 10:03:00+07:00,10.4,10.5,10.4,10.4,371000.0
2023-11-16 10:04:00+07:00,10.5,10.5,10.5,10.5,200.0
2023-11-16 10:05:00+07:00,10.5,10.5,10.5,10.5,300.0
2023-11-16 10:06:00+07:00,10.5,10.5,10.4,10.5,10100.0
2023-11-16 10:07:00+07:00,10.4,10.5,10.4,10.5,12000.0
2023-11-16 10:08:00+07:00,10.4,10.5,10.4,10.5,12900.0
2023-11-16 10:09:00+07:00,10.4,10.5,10.4,10.4,43900.0
2023-11-16 10:10:00+07:00,10.4,10.5,10.4,10.4,5600.0
2023-11-16 10:11:00+07:00,10.4,10.5,10.4,10.5,30300.0
2023-11-16 10:12:00+07:00,10.5,10.5,10.4,10.4,4200.0
2023-11-16 10:13:00+07:00,10.5,10.5,10.5,10.5,300.0
2023-11-16 10:14:00+07:00,10.4,10.5,10.4,10.5,4200.0
2023-11-16 10:15:00+07:00,10.5,10.5,10.5,10.5,300.0
2023-11-16 10:16:00+07:00,10.4,10.5,10.4,10.5,14400.0
2023-11-16 10:17:00+07:00,10.5,10.5,10.5,10.5,300.0
2023-11-16 10:18:00+07:00,10.4,10.5,10.4,10.5,4800.0
2023-11-16 10:19:00+07:00,10.4,10.5,10.4,10.4,4600.0
2023-11-16 10:20:00+07:00,10.5,10.5,10.5,10.5,200.0
2023-11-16 10:21:00+07:00,10.4,10.5,10.4,10.5,8300.0
2023-11-16 10:22:00+07:00,10.4,10.5,10.4,10.5,400.0
2023-11-16 10:23:00+07:00,10.4,10.5,10.4,10.5,14900.0
2023-11-16 10:24:00+07:00,10.5,10.5,10.4,10.4,3900.0
2023-11-16 10:25:00+07:00,10.4,10.5,10.4,10.5,5100.0
2023-11-16 10:26:00+07:00,10.5,10.5,10.5,10.5,2400.0
2023-11-16 10:27:00+07:00,10.4,10.5,10.4,10.4,5500.0
2023-11-16 10:28:00+07:00,10.5,10.5,10.4,10.5,12200.0
2023-11-16 10:29:00+07:00,10.4,10.5,10.4,10.5,700.0
2023-11-16 10:30:00+07:00,10.5,10.5,10.4,10.5,4300.0
2023-11-16 10:31:00+07:00,10.5,10.5,10.4,10.5,1400.0
2023-11-16 10:32:00+07:00,10.4,10.5,10.4,10.5,12100.0
2023-11-16 10:33:00+07:00,10.5,10.5,10.4,10.4,1500.0
2023-11-16 10:34:00+07:00,10.4,10.5,10.4,10.5,4000.0
2023-11-16 10:35:00+07:00,10.5,10.5,10.5,10.5,400.0
2023-11-16 10:36:00+07:00,10.5,10.5,10.4,10.5,6900.0
2023-11-16 10:37:00+07:00,10.5,10.5,10.4,10.4,4300.0
2023-11-16 10:38:00+07:00,10.4,10.5,10.4,10.4,16200.0
2023-11-16 10:39:00+07:00,10.5,10.5,10.4,10.4,4200.0
2023-11-16 10:40:00+07:00,10.5,10.5,10.5,10.5,300.0
2023-11-16 10:41:00+07:00,10.4,10.5,10.4,10.5,5600.0
2023-11-16 10:42:00+07:00,10.4,10.5,10.3,10.4,794500.0
2023-11-16 10:43:00+07:00,10.4,10.5,10.4,10.4,450200.0
2023-11-16 10:44:00+07:00,10.4,10.5,10.4,10.5,11100.0
2023-11-16 10:45:00+07:00,10.4,10.5,10.4,10.5,6300.0
2023-11-16 10:46:00+07:00,10.5,10.5,10.4,10.5,28800.0
2023-11-16 10:47:00+07:00,10.5,10.5,10.5,10.5,800.0
2023-11-16 10:48:00+07:00,10.5,10.5,10.4,10.5,6900.0
2023-11-16 10:49:00+07:00,10.5,10.5,10.5,10.5,600.0
2023-11-16 10:50:00+07:00,10.5,10.5,10.4,10.4,5500.0
2023-11-16 10:51:00+07:00,10.5,10.5,10.5,10.5,900.0
2023-11-16 10:52:00+07:00,10.4,10.5,10.4,10.4,5200.0
2023-11-16 10:53:00+07:00,10.4,10.5,10.4,10.5,3400.0
2023-11-16 10:54:00+07:00,10.4,10.5,10.4,10.5,6100.0
2023-11-16 10:55:00+07:00,10.4,10.5,10.4,10.5,6400.0
2023-11-16 10:56:00+07:00,10.5,10.5,10.4,10.5,400.0
2023-11-16 10:57:00+07:00,10.5,10.5,10.4,10.4,370500.0
2023-11-16 10:58:00+07:00,10.4,10.4,10.4,10.4,200.0
2023-11-16 10:59:00+07:00,10.3,10.4,10.3,10.4,4100.0
2023-11-16 11:00:00+07:00,10.4,10.4,10.4,10.4,500.0
2023-11-16 11:01:00+07:00,10.3,10.4,10.3,10.4,430500.0
2023-11-16 11:02:00+07:00,10.4,10.5,10.4,10.5,8600.0
2023-11-16 11:03:00+07:00,10.4,10.5,10.4,10.5,1000.0
2023-11-16 11:04:00+07:00,10.5,10.5,10.5,10.5,100.0
2023-11-16 11:05:00+07:00,10.4,10.5,10.4,10.5,4200.0
2023-11-16 11:06:00+07:00,10.5,10.5,10.4,10.5,14100.0
2023-11-16 11:07:00+07:00,10.5,10.5,10.5,10.5,1200.0
2023-11-16 11:08:00+07:00,10.5,10.5,10.4,10.5,4900.0
2023-11-16 11:09:00+07:00,10.5,10.5,10.5,10.5,200.0
2023-11-16 11:10:00+07:00,10.4,10.5,10.4,10.5,4000.0
2023-11-16 11:11:00+07:00,10.5,10.5,10.5,10.5,300.0
2023-11-16 11:12:00+07:00,10.4,10.5,10.4,10.5,4000.0
2023-11-16 11:13:00+07:00,10.5,10.5,10.4,10.4,1630100.0
2023-11-16 11:14:00+07:00,10.4,10.5,10.4,10.5,4300.0
2023-11-16 11:15:00+07:00,10.5,10.5,10.4,10.4,3900.0
2023-11-16 11:16:00+07:00,10.5,10.5,10.5,10.5,300.0
2023-11-16 11:17:00+07:00,10.5,10.5,10.4,10.5,208100.0
2023-11-16 11:18:00+07:00,10.5,10.5,10.5,10.5,300.0
2023-11-16 11:19:00+07:00,10.5,10.5,10.4,10.5,14100.0
2023-11-16 11:20:00+07:00,10.5,10.5,10.5,10.5,50100.0
2023-11-16 11:21:00+07:00,10.5,10.5,10.4,10.5,4100.0
2023-11-16 11:22:00+07:00,10.5,10.5,10.5,10.5,100.0
2023-11-16 11:23:00+07:00,10.5,10.5,10.4,10.5,4500.0
2023-11-16 11:24:00+07:00,10.5,10.5,10.4,10.4,5100.0
2023-11-16 11:25:00+07:00,10.5,10.5,10.5,10.5,9300.0
2023-11-16 11:26:00+07:00,10.5,10.5,10.4,10.5,7300.0
2023-11-16 11:27:00+07:00,10.5,10.5,10.4,10.5,700.0
2023-11-16 11:28:00+07:00,10.5,10.5,10.4,10.5,4300.0
2023-11-16 11:29:00+07:00,10.5,10.5,10.5,10.5,500.0
2023-11-16 11:30:00+07:00,10.4,10.5,10.4,10.5,4300.0
2023-11-16 11:31:00+07:00,10.5,10.5,10.5,10.5,500.0
2023-11-16 11:32:00+07:00,10.5,10.5,10.4,10.5,4800.0
2023-11-16 11:33:00+07:00,10.5,10.5,10.4,10.4,4100.0
2023-11-16 11:34:00+07:00,10.5,10.5,10.5,10.5,800.0
2023-11-16 11:35:00+07:00,10.4,10.5,10.4,10.5,4300.0
2023-11-16 11:36:00+07:00,10.5,10.5,10.5,10.5,300.0
2023-11-16 11:37:00+07:00,10.5,10.5,10.4,10.5,5100.0
2023-11-16 11:38:00+07:00,10.5,10.5,10.5,10.5,500.0
2023-11-16 11:39:00+07:00,10.5,10.5,10.4,10.5,4100.0
2023-11-16 11:40:00+07:00,10.5,10.5,10.5,10.5,200.0
2023-11-16 11:41:00+07:00,10.5,10.5,10.4,10.5,4200.0
2023-11-16 11:42:00+07:00,10.5,10.5,10.4,10.4,5000.0
2023-11-16 11:43:00+07:00,10.5,10.5,10.5,10.5,200.0
2023-11-16 11:44:00+07:00,10.5,10.5,10.4,10.5,4000.0
2023-11-16 11:45:00+07:00,10.5,10.5,10.4,10.4,1100.0
2023-11-16 11:46:00+07:00,10.5,10.5,10.4,10.5,3900.0
2023-11-16 11:47:00+07:00,10.5,10.5,10.4,10.4,374100.0
2023-11-16 11:48:00+07:00,10.5,10.5,10.4,10.5,3900.0
2023-11-16 11:49:00+07:00,10.5,10.5,10.5,10.5,100.0
2023-11-16 11:50:00+07:00,10.4,10.5,10.4,10.5,3900.0
2023-11-16 11:51:00+07:00,10.5,10.5,10.4,10.4,3900.0
2023-11-16 11:52:00+07:00,10.4,10.5,10.4,10.5,700.0
2023-11-16 11:53:00+07:00,10.5,10.5,10.4,10.5,6600.0
2023-11-16 11:54:00+07:00,10.5,10.5,10.4,10.5,25800.0
2023-11-16 11:55:00+07:00,10.4,10.5,10.4,10.5,4100.0
2023-11-16 11:56:00+07:00,10.5,10.5,10.5,10.5,200.0
2023-11-16 11:57:00+07:00,10.5,10.5,10.4,10.5,3900.0
2023-11-16 11:58:00+07:00,10.5,10.5,10.5,10.5,100.0
2023-11-16 11:59:00+07:00,10.5,10.5,10.4,10.5,4100.0
2023-11-16 12:00:00+07:00,10.5,10.5,10.4,10.4,3900.0
2023-11-16 12:01:00+07:00,10.5,10.5,10.4,10.5,700.0
2023-11-16 12:02:00+07:00,10.4,10.5,10.4,10.5,3800.0
2023-11-16 12:03:00+07:00,10.5,10.5,10.4,10.5,1200.0
2023-11-16 12:04:00+07:00,10.5,10.5,10.4,10.5,6100.0
2023-11-16 12:05:00+07:00,10.5,10.5,10.4,10.4,1100.0
2023-11-16 12:06:00+07:00,10.5,10.5,10.4,10.5,6500.0
2023-11-16 12:07:00+07:00,10.5,10.5,10.5,10.5,5100.0
2023-11-16 12:08:00+07:00,10.5,10.5,10.4,10.5,5000.0
2023-11-16 12:09:00+07:00,10.5,10.5,10.4,10.4,8900.0
2023-11-16 12:10:00+07:00,10.5,10.5,10.5,10.5,200.0
2023-11-16 12:11:00+07:00,10.5,10.5,10.4,10.5,4100.0
2023-11-16 12:12:00+07:00,10.5,10.5,10.5,10.5,1700.0
2023-11-16 12:13:00+07:00,10.5,10.5,10.4,10.5,103900.0
2023-11-16 12:14:00+07:00,10.5,10.5,10.5,10.5,200.0
2023-11-16 12:15:00+07:00,10.4,10.5,10.4,10.5,3800.0
2023-11-16 12:16:00+07:00,10.5,10.5,10.5,10.5,14200.0
2023-11-16 12:17:00+07:00,10.4,10.5,10.4,10.5,3900.0
2023-11-16 12:18:00+07:00,10.5,10.5,10.4,10.4,3900.0
2023-11-16 12:19:00+07:00,10.5,10.5,10.5,10.5,300.0
2023-11-16 12:20:00+07:00,10.4,10.5,10.4,10.5,3900.0
2023-11-16 12:21:00+07:00,10.5,10.5,10.5,10.5,100.0
2023-11-16 12:22:00+07:00,10.5,10.5,10.4,10.5,3800.0
2023-11-16 12:23:00+07:00,10.5,10.5,10.5,10.5,200.0
2023-11-16 12:24:00+07:00,10.5,10.5,10.4,10.5,4700.0
2023-11-16 12:25:00+07:00,10.5,10.5,10.5,10.5,30700.0
2023-11-16 12:26:00+07:00,10.4,10.5,10.4,10.5,3600.0
2023-11-16 12:27:00+07:00,10.5,10.5,10.4,10.5,38800.0
2023-11-16 12:28:00+07:00,10.5,10.5,10.5,10.5,10700.0
2023-11-16 12:29:00+07:00,10.4,10.5,10.4,10.5,16200.0
2023-11-16 12:30:00+07:00,10.5,10.5,10.5,10.5,100.0
2023-11-16 14:25:00+07:00,10.4,10.5,10.4,10.5,94200.0
2023-11-16 14:26:00+07:00,10.5,10.5,10.5,10.5,400.0
2023-11-16 14:27:00+07:00,10.5,10.5,10.5,10.5,700.0
2023-11-16 14:28:00+07:00,10.5,10.5,10.4,10.4,600.0
2023-11-16 14:29:00+07:00,10.5,10.5,10.4,10.5,1300.0
2023-11-16 14:30:00+07:00,10.4,10.5,10.4,10.5,900.0
2023-11-16 14:31:00+07:00,10.5,10.5,10.4,10.4,14600.0
2023-11-16 14:32:00+07:00,10.5,10.5,10.5,10.5,300.0
2023-11-16 14:33:00+07:00,10.5,10.5,10.4,10.4,3800.0
2023-11-16 14:34:00+07:00,10.4,10.5,10.4,10.5,51200.0
2023-11-16 14:35:00+07:00,10.5,10.5,10.4,10.5,3700.0
2023-11-16 14:36:00+07:00,10.5,10.5,10.4,10.4,1100.0
2023-11-16 14:37:00+07:00,10.4,10.5,10.4,10.5,43700.0
2023-11-16 14:38:00+07:00,10.5,10.5,10.4,10.4,20700.0
2023-11-16 14:39:00+07:00,10.4,10.5,10.4,10.4,1483700.0
2023-11-16 14:40:00+07:00,10.4,10.4,10.3,10.3,61900.0
2023-11-16 14:41:00+07:00,10.4,10.4,10.3,10.4,21900.0
2023-11-16 14:42:00+07:00,10.4,10.4,10.3,10.4,18200.0
2023-11-16 14:43:00+07:00,10.3,10.4,10.3,10.4,1069200.0
2023-11-16 14:44:00+07:00,10.4,10.4,10.4,10.4,200.0
2023-11-16 14:45:00+07:00,10.4,10.4,10.4,10.4,300.0
2023-11-16 14:46:00+07:00,10.4,10.4,10.3,10.3,3500.0
2023-11-16 14:47:00+07:00,10.4,10.4,10.3,10.4,161200.0
2023-11-16 14:48:00+07:00,10.4,10.4,10.3,10.4,4100.0
2023-11-16 14:49:00+07:00,10.4,10.4,10.4,10.4,109200.0
2023-11-16 14:50:00+07:00,10.4,10.4,10.4,10.4,7400.0
2023-11-16 14:51:00+07:00,10.4,10.4,10.4,10.4,2500.0
2023-11-16 14:52:00+07:00,10.3,10.4,10.3,10.4,10700.0
2023-11-16 14:53:00+07:00,10.4,10.5,10.4,10.5,69100.0
2023-11-16 14:54:00+07:00,10.5,10.5,10.5,10.5,9700.0
2023-11-16 14:55:00+07:00,10.5,10.5,10.5,10.5,12600.0
2023-11-16 14:56:00+07:00,10.4,10.5,10.4,10.5,17200.0
2023-11-16 14:57:00+07:00,10.5,10.5,10.4,10.5,112300.0
2023-11-16 14:58:00+07:00,10.5,10.5,10.5,10.5,12300.0
2023-11-16 14:59:00+07:00,10.5,10.5,10.4,10.4,14600.0
2023-11-16 15:00:00+07:00,10.5,10.5,10.4,10.5,19400.0
2023-11-16 15:01:00+07:00,10.5,10.5,10.4,10.4,14800.0
2023-11-16 15:02:00+07:00,10.5,10.5,10.5,10.5,9800.0
2023-11-16 15:03:00+07:00,10.5,10.5,10.4,10.5,66400.0
2023-11-16 15:04:00+07:00,10.5,10.5,10.5,10.5,4100.0
2023-11-16 15:05:00+07:00,10.4,10.5,10.4,10.5,15100.0
2023-11-16 15:06:00+07:00,10.5,10.5,10.4,10.5,11200.0
2023-11-16 15:07:00+07:00,10.5,10.5,10.5,10.5,8300.0
2023-11-16 15:08:00+07:00,10.5,10.5,10.4,10.5,14900.0
2023-11-16 15:09:00+07:00,10.5,10.5,10.5,10.5,9100.0
2023-11-16 15:10:00+07:00,10.5,10.5,10.4,10.5,4300.0
2023-11-16 15:11:00+07:00,10.5,10.5,10.4,10.5,68700.0
2023-11-16 15:12:00+07:00,10.4,10.5,10.4,10.5,3500.0
2023-11-16 15:13:00+07:00,10.5,10.5,10.5,10.5,200.0
2023-11-16 15:14:00+07:00,10.4,10.5,10.4,10.5,3500.0
2023-11-16 15:15:00+07:00,10.5,10.5,10.4,10.4,3500.0
2023-11-16 15:16:00+07:00,10.5,10.5,10.5,10.5,100.0
2023-11-16 15:17:00+07:00,10.5,10.5,10.4,10.5,11600.0
2023-11-16 15:18:00+07:00,10.5,10.5,10.5,10.5,100.0
2023-11-16 15:19:00+07:00,10.5,10.5,10.4,10.5,3300.0
2023-11-16 15:20:00+07:00,10.4,10.5,10.4,10.5,4200.0
2023-11-16 15:21:00+07:00,10.4,10.5,10.4,10.5,5500.0
2023-11-16 15:22:00+07:00,10.5,10.5,10.5,10.5,300.0
2023-11-16 15:23:00+07:00,10.4,10.5,10.4,10.5,7200.0
2023-11-16 15:24:00+07:00,10.5,10.5,10.4,10.4,3300.0
2023-11-16 15:25:00+07:00,10.5,10.5,10.5,10.5,200.0
2023-11-16 15:26:00+07:00,10.5,10.5,10.4,10.5,8100.0
2023-11-16 15:27:00+07:00,10.5,10.5,10.5,10.5,7700.0
2023-11-16 15:28:00+07:00,10.5,10.5,10.4,10.4,16100.0
2023-11-16 15:29:00+07:00,10.5,10.5,10.4,10.5,10100.0
2023-11-16 15:30:00+07:00,10.5,10.5,10.4,10.5,10500.0
2023-11-16 15:31:00+07:00,10.5,10.5,10.5,10.5,200.0
2023-11-16 15:32:00+07:00,10.4,10.5,10.4,10.5,6700.0
2023-11-16 15:33:00+07:00,10.5,10.5,10.4,10.5,12300.0
2023-11-16 15:34:00+07:00,10.5,10.5,10.4,10.4,1200.0
2023-11-16 15:35:00+07:00,10.5,10.5,10.4,10.5,11400.0
2023-11-16 15:36:00+07:00,10.5,10.5,10.5,10.5,100.0
2023-11-16 15:37:00+07:00,10.5,10.5,10.4,10.5,3300.0
2023-11-16 15:38:00+07:00,10.5,10.5,10.5,10.5,600.0
2023-11-16 15:39:00+07:00,10.4,10.5,10.4,10.5,6400.0
2023-11-16 15:40:00+07:00,10.5,10.5,10.5,10.5,300.0
2023-11-16 15:41:00+07:00,10.4,10.5,10.4,10.5,2900.0
2023-11-16 15:42:00+07:00,10.5,10.5,10.4,10.4,3000.0
2023-11-16 15:43:00+07:00,10.5,10.5,10.5,10.5,100.0
2023-11-16 15:44:00+07:00,10.5,10.5,10.4,10.5,8200.0
2023-11-16 15:45:00+07:00,10.4,10.5,10.4,10.5,1500.0
2023-11-16 15:46:00+07:00,10.5,10.5,10.4,10.5,11500.0
2023-11-16 15:47:00+07:00,10.5,10.5,10.5,10.5,300.0
2023-11-16 15:48:00+07:00,10.4,10.5,10.4,10.5,1899500.0
2023-11-16 15:49:00+07:00,10.6,10.6,10.6,10.6,100.0
2023-11-16 15:50:00+07:00,10.6,10.6,10.5,10.6,21100.0
2023-11-16 15:51:00+07:00,10.6,10.6,10.6,10.6,200.0
2023-11-16 15:52:00+07:00,10.5,10.6,10.5,10.6,7300.0
2023-11-16 15:53:00+07:00,10.5,10.6,10.5,10.6,11100.0
2023-11-16 15:54:00+07:00,10.6,10.6,10.6,10.6,4100.0
2023-11-16 15:55:00+07:00,10.6,10.6,10.5,10.5,9600.0
2023-11-16 15:56:00+07:00,10.6,10.6,10.5,10.6,9100.0
2023-11-16 15:57:00+07:00,10.6,10.6,10.5,10.6,6400.0
2023-11-16 15:58:00+07:00,10.6,10.6,10.6,10.6,6800.0
2023-11-16 15:59:00+07:00,10.6,10.6,10.5,10.5,18800.0
2023-11-16 16:00:00+07:00,10.6,10.6,10.6,10.6,8800.0
2023-11-16 16:01:00+07:00,10.6,10.6,10.5,10.6,9300.0
2023-11-16 16:02:00+07:00,10.6,10.6,10.6,10.6,6000.0
2023-11-16 16:03:00+07:00,10.6,10.6,10.5,10.6,16800.0
2023-11-16 16:04:00+07:00,10.6,10.6,10.5,10.5,7600.0
2023-11-16 16:05:00+07:00,10.6,10.6,10.5,10.6,10300.0
2023-11-16 16:06:00+07:00,10.6,10.6,10.5,10.6,8200.0
2023-11-16 16:07:00+07:00,10.5,10.6,10.5,10.6,54100.0
2023-11-16 16:08:00+07:00,10.6,10.6,10.6,10.6,8100.0
2023-11-16 16:09:00+07:00,10.6,10.6,10.5,10.6,7900.0
2023-11-16 16:10:00+07:00,10.6,10.6,10.6,10.6,100200.0
2023-11-16 16:11:00+07:00,10.6,10.6,10.6,10.6,1900.0
2023-11-16 16:12:00+07:00,10.5,10.6,10.5,10.6,7300.0
2023-11-16 16:13:00+07:00,10.5,10.6,10.5,10.6,34000.0
2023-11-16 16:14:00+07:00,10.5,10.6,10.5,10.6,4700.0
2023-11-16 16:15:00+07:00,10.6,10.6,10.5,10.5,57600.0
2023-11-16 16:16:00+07:00,10.5,10.6,10.5,10.6,12500.0
2023-11-16 16:17:00+07:00,10.6,10.6,10.6,10.6,10100.0
2023-11-16 16:18:00+07:00,10.6,10.6,10.6,10.6,100200.0
2023-11-16 16:19:00+07:00,10.6,10.6,10.6,10.6,2000.0
2023-11-16 16:20:00+07:00,10.6,10.6,10.6,10.6,600.0
2023-11-16 16:21:00+07:00,10.6,10.6,10.6,10.6,46200.0
2023-11-16 16:22:00+07:00,10.6,10.6,10.6,10.6,500.0
2023-11-16 16:23:00+07:00,10.6,10.6,10.6,10.6,200.0
2023-11-16 16:24:00+07:00,10.6,10.6,10.5,10.6,21900.0
2023-11-16 16:25:00+07:00,10.5,10.6,10.5,10.6,1700.0
2023-11-16 16:26:00+07:00,10.6,10.6,10.6,10.6,52200.0
2023-11-16 16:27:00+07:00,10.6,10.6,10.5,10.6,14500.0
2023-11-16 16:28:00+07:00,10.5,10.6,10.5,10.5,22300.0
2023-11-16 16:29:00+07:00,10.6,10.6,10.5,10.6,104600.0
2023-11-16 16:39:00+07:00,10.6,10.6,10.6,10.6,1350500.0
2023-11-17 09:56:00+07:00,10.4,10.4,10.4,10.4,337000.0
2023-11-17 09:58:00+07:00,10.4,10.4,10.4,10.4,247900.0
2023-11-17 09:59:00+07:00,10.4,10.4,10.4,10.4,52500.0
2023-11-17 10:01:00+07:00,10.4,10.4,10.4,10.4,39000.0
2023-11-17 10:02:00+07:00,10.4,10.4,10.4,10.4,223000.0
2023-11-17 10:03:00+07:00,10.4,10.4,10.3,10.4,392700.0
2023-11-17 10:04:00+07:00,10.4,10.4,10.4,10.4,1100.0
2023-11-17 10:05:00+07:00,10.5,10.5,10.5,10.5,500.0
2023-11-17 10:06:00+07:00,10.4,10.5,10.4,10.5,52100.0
2023-11-17 10:08:00+07:00,10.5,10.6,10.5,10.5,453500.0
2023-11-17 10:09:00+07:00,10.5,10.5,10.5,10.5,174000.0
2023-11-17 10:11:00+07:00,10.5,10.5,10.5,10.5,60000.0
2023-11-17 10:12:00+07:00,10.5,10.5,10.5,10.5,2000.0
2023-11-17 10:13:00+07:00,10.5,10.5,10.4,10.4,3500.0
2023-11-17 10:14:00+07:00,10.5,10.5,10.5,10.5,300.0
2023-11-17 10:15:00+07:00,10.4,10.4,10.4,10.4,33800.0
2023-11-17 10:18:00+07:00,10.5,10.5,10.5,10.5,3000.0
2023-11-17 10:20:00+07:00,10.5,10.5,10.5,10.5,100.0
2023-11-17 10:21:00+07:00,10.5,10.5,10.5,10.5,1000.0
2023-11-17 10:22:00+07:00,10.5,10.5,10.5,10.5,5000.0
2023-11-17 10:23:00+07:00,10.5,10.5,10.5,10.5,1100.0
2023-11-17 10:24:00+07:00,10.5,10.5,10.5,10.5,500.0
2023-11-17 10:25:00+07:00,10.5,10.5,10.5,10.5,9700.0
2023-11-17 10:26:00+07:00,10.5,10.5,10.5,10.5,800.0
2023-11-17 10:27:00+07:00,10.5,10.6,10.5,10.5,133300.0
2023-11-17 10:28:00+07:00,10.5,10.6,10.5,10.6,60300.0
2023-11-17 10:29:00+07:00,10.5,10.6,10.5,10.6,3600.0
2023-11-17 10:30:00+07:00,10.6,10.6,10.5,10.5,295500.0
2023-11-17 10:31:00+07:00,10.6,10.6,10.5,10.5,102900.0
2023-11-17 10:32:00+07:00,10.5,10.5,10.5,10.5,105800.0
2023-11-17 10:33:00+07:00,10.5,10.5,10.4,10.4,3100.0
2023-11-17 10:34:00+07:00,10.4,10.4,10.4,10.4,2500.0
2023-11-17 10:36:00+07:00,10.5,10.5,10.5,10.5,81200.0
2023-11-17 10:37:00+07:00,10.5,10.5,10.5,10.5,30000.0
2023-11-17 10:38:00+07:00,10.5,10.5,10.5,10.5,35900.0
2023-11-17 10:39:00+07:00,10.5,10.5,10.5,10.5,27900.0
2023-11-17 10:40:00+07:00,10.5,10.5,10.5,10.5,200.0
2023-11-17 10:42:00+07:00,10.5,10.5,10.5,10.5,2000.0
2023-11-17 10:46:00+07:00,10.5,10.5,10.5,10.5,20600.0
2023-11-17 10:47:00+07:00,10.5,10.5,10.5,10.5,1600.0
2023-11-17 10:50:00+07:00,10.5,10.5,10.5,10.5,1200.0
2023-11-17 10:55:00+07:00,10.5,10.5,10.5,10.5,3100.0
2023-11-17 10:56:00+07:00,10.5,10.5,10.4,10.4,91400.0
2023-11-17 10:57:00+07:00,10.5,10.5,10.5,10.5,600.0
2023-11-17 10:58:00+07:00,10.5,10.5,10.5,10.5,300.0
2023-11-17 10:59:00+07:00,10.5,10.5,10.5,10.5,2500.0
2023-11-17 11:00:00+07:00,10.5,10.5,10.4,10.5,35500.0
2023-11-17 11:01:00+07:00,10.5,10.5,10.5,10.5,20900.0
2023-11-17 11:02:00+07:00,10.4,10.5,10.4,10.5,1300.0
2023-11-17 11:03:00+07:00,10.5,10.5,10.5,10.5,3400.0
2023-11-17 11:04:00+07:00,10.5,10.5,10.5,10.5,10000.0
2023-11-17 11:05:00+07:00,10.5,10.5,10.5,10.5,400.0
2023-11-17 11:06:00+07:00,10.5,10.6,10.5,10.6,194800.0
2023-11-17 11:08:00+07:00,10.6,10.6,10.6,10.6,300.0
2023-11-17 11:09:00+07:00,10.6,10.6,10.5,10.6,1000.0
2023-11-17 11:10:00+07:00,10.6,10.6,10.6,10.6,1400.0
2023-11-17 11:11:00+07:00,10.6,10.6,10.6,10.6,2600.0
2023-11-17 11:12:00+07:00,10.6,10.6,10.6,10.6,400.0
2023-11-17 11:13:00+07:00,10.5,10.5,10.5,10.5,200.0
2023-11-17 11:14:00+07:00,10.5,10.5,10.5,10.5,174000.0
2023-11-17 11:15:00+07:00,10.5,10.5,10.5,10.5,33800.0
2023-11-17 11:16:00+07:00,10.5,10.5,10.5,10.5,4100.0
2023-11-17 11:17:00+07:00,10.6,10.6,10.5,10.6,10700.0
2023-11-17 11:18:00+07:00,10.6,10.6,10.6,10.6,100.0
2023-11-17 11:19:00+07:00,10.6,10.6,10.5,10.5,2600.0
2023-11-17 11:20:00+07:00,10.6,10.6,10.6,10.6,20100.0
2023-11-17 11:21:00+07:00,10.6,10.6,10.6,10.6,2100.0
2023-11-17 11:22:00+07:00,10.6,10.6,10.6,10.6,200.0
2023-11-17 11:25:00+07:00,10.5,10.5,10.5,10.5,1000.0
2023-11-17 11:27:00+07:00,10.5,10.5,10.5,10.5,100.0
2023-11-17 11:30:00+07:00,10.5,10.5,10.5,10.5,34000.0
2023-11-17 11:33:00+07:00,10.5,10.5,10.5,10.5,1000.0
2023-11-17 11:40:00+07:00,10.5,10.5,10.5,10.5,2000.0
2023-11-17 11:41:00+07:00,10.6,10.6,10.6,10.6,6700.0
2023-11-17 11:45:00+07:00,10.5,10.6,10.5,10.6,37500.0
2023-11-17 11:46:00+07:00,10.5,10.6,10.5,10.6,5100.0
2023-11-17 11:47:00+07:00,10.6,10.6,10.6,10.6,200.0
2023-11-17 11:48:00+07:00,10.5,10.5,10.5,10.5,2000.0
2023-11-17 11:50:00+07:00,10.5,10.5,10.5,10.5,3200.0
2023-11-17 11:51:00+07:00,10.5,10.5,10.5,10.5,500.0
2023-11-17 11:55:00+07:00,10.6,10.6,10.6,10.6,100.0
2023-11-17 11:56:00+07:00,10.5,10.5,10.5,10.5,4000.0
2023-11-17 11:57:00+07:00,10.5,10.5,10.5,10.5,800.0
2023-11-17 11:59:00+07:00,10.5,10.5,10.5,10.5,3500.0
2023-11-17 12:00:00+07:00,10.5,10.5,10.5,10.5,33800.0
2023-11-17 12:01:00+07:00,10.5,10.5,10.5,10.5,254600.0
2023-11-17 12:02:00+07:00,10.5,10.5,10.5,10.5,10300.0
2023-11-17 12:03:00+07:00,10.5,10.5,10.5,10.5,800.0
2023-11-17 12:04:00+07:00,10.5,10.5,10.5,10.5,4000.0
2023-11-17 12:05:00+07:00,10.5,10.5,10.5,10.5,1000.0
2023-11-17 12:06:00+07:00,10.5,10.5,10.5,10.5,1000.0
2023-11-17 12:07:00+07:00,10.5,10.5,10.5,10.5,300.0
2023-11-17 12:11:00+07:00,10.5,10.5,10.5,10.5,10000.0
2023-11-17 12:15:00+07:00,10.5,10.5,10.5,10.5,107600.0
2023-11-17 12:16:00+07:00,10.5,10.5,10.5,10.5,1100.0
2023-11-17 12:18:00+07:00,10.5,10.5,10.5,10.5,70600.0
2023-11-17 12:20:00+07:00,10.5,10.5,10.5,10.5,200.0
2023-11-17 12:23:00+07:00,10.6,10.6,10.6,10.6,1600.0
2023-11-17 12:24:00+07:00,10.5,10.5,10.5,10.5,20000.0
2023-11-17 12:26:00+07:00,10.5,10.5,10.5,10.5,12000.0
2023-11-17 12:27:00+07:00,10.5,10.5,10.5,10.5,86100.0
2023-11-17 12:29:00+07:00,10.5,10.5,10.5,10.5,400.0
2023-11-17 14:28:00+07:00,10.4,10.5,10.4,10.5,265200.0
2023-11-17 14:29:00+07:00,10.5,10.5,10.5,10.5,9100.0
2023-11-17 14:30:00+07:00,10.5,10.6,10.5,10.6,370200.0
2023-11-17 14:33:00+07:00,10.6,10.6,10.6,10.6,10000.0
2023-11-17 14:36:00+07:00,10.6,10.6,10.6,10.6,1500.0
2023-11-17 14:43:00+07:00,10.6,10.6,10.5,10.5,5100.0
2023-11-17 14:44:00+07:00,10.5,10.5,10.5,10.5,33800.0
2023-11-17 14:45:00+07:00,10.6,10.6,10.6,10.6,100.0
2023-11-17 14:46:00+07:00,10.5,10.5,10.5,10.5,1100.0
2023-11-17 14:48:00+07:00,10.5,10.5,10.5,10.5,2400.0
2023-11-17 14:49:00+07:00,10.6,10.6,10.5,10.5,5700.0
2023-11-17 14:52:00+07:00,10.5,10.5,10.5,10.5,200.0
2023-11-17 14:54:00+07:00,10.6,10.6,10.6,10.6,300.0
2023-11-17 15:00:00+07:00,10.5,10.5,10.5,10.5,34100.0
2023-11-17 15:01:00+07:00,10.6,10.6,10.5,10.5,15000.0
2023-11-17 15:04:00+07:00,10.5,10.5,10.5,10.5,8400.0
2023-11-17 15:08:00+07:00,10.5,10.5,10.5,10.5,2000.0
2023-11-17 15:11:00+07:00,10.5,10.5,10.5,10.5,1000.0
2023-11-17 15:12:00+07:00,10.5,10.5,10.5,10.5,6000.0
2023-11-17 15:13:00+07:00,10.6,10.6,10.6,10.6,100.0
2023-11-17 15:14:00+07:00,10.6,10.6,10.6,10.6,100.0
2023-11-17 15:15:00+07:00,10.6,10.6,10.6,10.6,2000.0
2023-11-17 15:16:00+07:00,10.5,10.5,10.5,10.5,37300.0
2023-11-17 15:22:00+07:00,10.6,10.6,10.6,10.6,100.0
2023-11-17 15:25:00+07:00,10.5,10.5,10.5,10.5,239000.0
2023-11-17 15:26:00+07:00,10.5,10.5,10.5,10.5,200.0
2023-11-17 15:27:00+07:00,10.5,10.5,10.5,10.5,100.0
2023-11-17 15:28:00+07:00,10.5,10.5,10.5,10.5,10000.0
2023-11-17 15:29:00+07:00,10.5,10.5,10.5,10.5,100.0
2023-11-17 15:30:00+07:00,10.4,10.4,10.4,10.4,37600.0
2023-11-17 15:35:00+07:00,10.5,10.5,10.5,10.5,100.0
2023-11-17 15:37:00+07:00,10.5,10.5,10.5,10.5,100.0
2023-11-17 15:38:00+07:00,10.5,10.5,10.5,10.5,200.0
2023-11-17 15:41:00+07:00,10.5,10.5,10.5,10.5,23200.0
2023-11-17 15:42:00+07:00,10.5,10.5,10.5,10.5,469100.0
2023-11-17 15:44:00+07:00,10.5,10.5,10.5,10.5,1000.0
2023-11-17 15:45:00+07:00,10.5,10.5,10.5,10.5,53800.0
2023-11-17 15:48:00+07:00,10.5,10.5,10.5,10.5,2300.0
2023-11-17 15:53:00+07:00,10.5,10.5,10.5,10.5,25400.0
2023-11-17 15:54:00+07:00,10.5,10.5,10.5,10.5,100000.0
2023-11-17 15:55:00+07:00,10.5,10.5,10.5,10.5,3200.0
2023-11-17 15:56:00+07:00,10.5,10.5,10.5,10.5,34800.0
2023-11-17 15:58:00+07:00,10.5,10.5,10.5,10.5,2300.0
2023-11-17 15:59:00+07:00,10.5,10.5,10.5,10.5,34400.0
2023-11-17 16:01:00+07:00,10.5,10.5,10.5,10.5,2100.0
2023-11-17 16:03:00+07:00,10.5,10.5,10.5,10.5,100.0
2023-11-17 16:04:00+07:00,10.5,10.5,10.5,10.5,12500.0
2023-11-17 16:06:00+07:00,10.5,10.5,10.5,10.5,2800.0
2023-11-17 16:07:00+07:00,10.5,10.5,10.5,10.5,100.0
2023-11-17 16:08:00+07:00,10.5,10.5,10.5,10.5,2400.0
2023-11-17 16:09:00+07:00,10.6,10.6,10.5,10.5,1100.0
2023-11-17 16:11:00+07:00,10.5,10.5,10.5,10.5,3600.0
2023-11-17 16:12:00+07:00,10.5,10.5,10.5,10.5,1000.0
2023-11-17 16:13:00+07:00,10.5,10.5,10.5,10.5,2800.0
2023-11-17 16:15:00+07:00,10.5,10.5,10.5,10.5,3600.0
2023-11-17 16:17:00+07:00,10.6,10.6,10.6,10.6,400.0
2023-11-17 16:22:00+07:00,10.5,10.5,10.5,10.5,4900.0
2023-11-17 16:24:00+07:00,10.6,10.6,10.5,10.5,18400.0
2023-11-17 16:25:00+07:00,10.5,10.5,10.5,10.5,200.0
2023-11-17 16:26:00+07:00,10.5,10.5,10.5,10.5,200.0
2023-11-17 16:27:00+07:00,10.5,10.5,10.5,10.5,700.0
2023-11-17 16:28:00+07:00,10.5,10.5,10.5,10.5,696800.0
2023-11-17 16:29:00+07:00,10.6,10.6,10.5,10.6,107300.0
2023-11-17 16:35:00+07:00,10.6,10.6,10.6,10.6,737400.0
2023-11-20 09:56:00+07:00,10.5,10.5,10.5,10.5,110200.0
2023-11-20 09:57:00+07:00,10.4,10.4,10.4,10.4,803200.0
2023-11-20 09:58:00+07:00,10.4,10.4,10.3,10.3,6600.0
2023-11-20 09:59:00+07:00,10.3,10.3,10.3,10.3,1153300.0
2023-11-20 10:00:00+07:00,10.3,10.3,10.3,10.3,9500.0
2023-11-20 10:01:00+07:00,10.3,10.3,10.3,10.3,87400.0
2023-11-20 10:02:00+07:00,10.3,10.3,10.2,10.2,97100.0
2023-11-20 10:03:00+07:00,10.2,10.3,10.2,10.2,55400.0
2023-11-20 10:04:00+07:00,10.2,10.3,10.2,10.2,102000.0
2023-11-20 10:05:00+07:00,10.2,10.3,10.2,10.2,43000.0
2023-11-20 10:06:00+07:00,10.2,10.3,10.2,10.2,23600.0
2023-11-20 10:07:00+07:00,10.2,10.3,10.2,10.2,17000.0
2023-11-20 10:08:00+07:00,10.2,10.3,10.2,10.3,4100.0
2023-11-20 10:09:00+07:00,10.2,10.2,10.2,10.2,600.0
2023-11-20 10:10:00+07:00,10.3,10.3,10.2,10.2,316000.0
2023-11-20 10:11:00+07:00,10.2,10.2,10.2,10.2,10400.0
2023-11-20 10:12:00+07:00,10.2,10.3,10.2,10.2,6900.0
2023-11-20 10:13:00+07:00,10.2,10.2,10.2,10.2,11100.0
2023-11-20 10:14:00+07:00,10.2,10.2,10.2,10.2,42600.0
2023-11-20 10:15:00+07:00,10.3,10.3,10.3,10.3,1000.0
2023-11-20 10:16:00+07:00,10.3,10.3,10.2,10.2,5300.0
2023-11-20 10:19:00+07:00,10.2,10.3,10.2,10.2,4300.0
2023-11-20 10:20:00+07:00,10.3,10.3,10.2,10.2,1500.0
2023-11-20 10:21:00+07:00,10.3,10.3,10.2,10.3,11500.0
2023-11-20 10:22:00+07:00,10.3,10.3,10.3,10.3,600.0
2023-11-20 10:23:00+07:00,10.3,10.3,10.2,10.3,12700.0
2023-11-20 10:24:00+07:00,10.3,10.3,10.2,10.3,13700.0
2023-11-20 10:25:00+07:00,10.3,10.3,10.2,10.3,6300.0
2023-11-20 10:26:00+07:00,10.3,10.3,10.2,10.2,11900.0
2023-11-20 10:29:00+07:00,10.3,10.3,10.3,10.3,874100.0
2023-11-20 10:30:00+07:00,10.3,10.3,10.2,10.3,106000.0
2023-11-20 10:31:00+07:00,10.3,10.3,10.2,10.2,35000.0
2023-11-20 10:32:00+07:00,10.3,10.3,10.3,10.3,40400.0
2023-11-20 10:33:00+07:00,10.3,10.3,10.3,10.3,100.0
2023-11-20 10:34:00+07:00,10.3,10.3,10.3,10.3,500.0
2023-11-20 10:35:00+07:00,10.3,10.3,10.3,10.3,3400.0
2023-11-20 10:37:00+07:00,10.3,10.3,10.3,10.3,168200.0
2023-11-20 10:38:00+07:00,10.3,10.3,10.3,10.3,11800.0
2023-11-20 10:39:00+07:00,10.3,10.3,10.3,10.3,1000.0
2023-11-20 10:40:00+07:00,10.3,10.3,10.3,10.3,101000.0
2023-11-20 10:41:00+07:00,10.3,10.3,10.3,10.3,1000.0
2023-11-20 10:44:00+07:00,10.3,10.3,10.3,10.3,500.0
2023-11-20 10:45:00+07:00,10.3,10.3,10.2,10.2,73600.0
2023-11-20 10:46:00+07:00,10.3,10.3,10.3,10.3,1500.0
2023-11-20 10:48:00+07:00,10.3,10.3,10.3,10.3,100.0
2023-11-20 10:54:00+07:00,10.2,10.3,10.2,10.3,7500.0
2023-11-20 10:56:00+07:00,10.3,10.3,10.3,10.3,100.0
2023-11-20 10:59:00+07:00,10.3,10.3,10.3,10.3,200.0
2023-11-20 11:00:00+07:00,10.3,10.3,10.2,10.2,45900.0
2023-11-20 11:05:00+07:00,10.2,10.2,10.2,10.2,51700.0
2023-11-20 11:06:00+07:00,10.3,10.3,10.3,10.3,1000.0
2023-11-20 11:13:00+07:00,10.3,10.3,10.3,10.3,500.0
2023-11-20 11:15:00+07:00,10.3,10.3,10.2,10.2,40000.0
2023-11-20 11:16:00+07:00,10.3,10.3,10.3,10.3,100.0
2023-11-20 11:19:00+07:00,10.3,10.3,10.3,10.3,500.0
2023-11-20 11:20:00+07:00,10.3,10.3,10.2,10.2,1100.0
2023-11-20 11:21:00+07:00,10.2,10.3,10.2,10.3,321300.0
2023-11-20 11:28:00+07:00,10.3,10.3,10.3,10.3,900.0
2023-11-20 11:30:00+07:00,10.2,10.2,10.2,10.2,10000.0
2023-11-20 11:31:00+07:00,10.2,10.3,10.2,10.3,36100.0
2023-11-20 11:33:00+07:00,10.3,10.3,10.3,10.3,10500.0
2023-11-20 11:40:00+07:00,10.3,10.3,10.3,10.3,300.0
2023-11-20 11:41:00+07:00,10.3,10.3,10.3,10.3,400.0
2023-11-20 11:43:00+07:00,10.2,10.2,10.2,10.2,23300.0
2023-11-20 11:44:00+07:00,10.2,10.2,10.2,10.2,3600.0
2023-11-20 11:45:00+07:00,10.2,10.2,10.2,10.2,35900.0
2023-11-20 11:52:00+07:00,10.2,10.2,10.2,10.2,3300.0
2023-11-20 11:54:00+07:00,10.2,10.2,10.2,10.2,7000.0
2023-11-20 11:56:00+07:00,10.3,10.3,10.3,10.3,500.0
2023-11-20 11:58:00+07:00,10.3,10.3,10.3,10.3,300.0
2023-11-20 12:00:00+07:00,10.2,10.2,10.2,10.2,39400.0
2023-11-20 12:01:00+07:00,10.3,10.3,10.3,10.3,100.0
2023-11-20 12:03:00+07:00,10.3,10.3,10.2,10.3,11300.0
2023-11-20 12:04:00+07:00,10.3,10.3,10.3,10.3,5200.0
2023-11-20 12:05:00+07:00,10.3,10.3,10.3,10.3,9400.0
2023-11-20 12:06:00+07:00,10.3,10.3,10.3,10.3,42200.0
2023-11-20 12:07:00+07:00,10.3,10.3,10.3,10.3,20000.0
2023-11-20 12:08:00+07:00,10.3,10.3,10.3,10.3,10400.0
2023-11-20 12:09:00+07:00,10.3,10.3,10.3,10.3,26000.0
2023-11-20 12:10:00+07:00,10.3,10.3,10.3,10.3,75000.0
2023-11-20 12:11:00+07:00,10.3,10.3,10.2,10.3,41400.0
2023-11-20 12:12:00+07:00,10.3,10.3,10.2,10.2,11000.0
2023-11-20 12:13:00+07:00,10.2,10.3,10.2,10.3,63600.0
2023-11-20 12:14:00+07:00,10.3,10.3,10.3,10.3,51000.0
2023-11-20 12:15:00+07:00,10.3,10.3,10.3,10.3,571900.0
2023-11-20 12:16:00+07:00,10.3,10.3,10.3,10.3,10000.0
2023-11-20 12:17:00+07:00,10.3,10.3,10.3,10.3,100.0
2023-11-20 12:18:00+07:00,10.3,10.3,10.3,10.3,15500.0
2023-11-20 12:19:00+07:00,10.3,10.4,10.3,10.3,276400.0
2023-11-20 12:26:00+07:00,10.3,10.3,10.2,10.2,195300.0
2023-11-20 12:27:00+07:00,10.2,10.2,10.2,10.2,1600.0
2023-11-20 12:28:00+07:00,10.2,10.3,10.2,10.3,2300.0
2023-11-20 12:29:00+07:00,10.3,10.3,10.3,10.3,9500.0
2023-11-20 14:29:00+07:00,10.3,10.3,10.3,10.3,110000.0
2023-11-20 14:30:00+07:00,10.3,10.3,10.3,10.3,10000.0
2023-11-20 14:31:00+07:00,10.3,10.3,10.3,10.3,1700.0
2023-11-20 14:32:00+07:00,10.3,10.3,10.3,10.3,900.0
2023-11-20 14:34:00+07:00,10.3,10.3,10.2,10.3,4200.0
2023-11-20 14:35:00+07:00,10.3,10.3,10.3,10.3,1000.0
2023-11-20 14:36:00+07:00,10.3,10.3,10.3,10.3,4500.0
2023-11-20 14:38:00+07:00,10.3,10.3,10.3,10.3,1000.0
2023-11-20 14:39:00+07:00,10.3,10.3,10.3,10.3,26900.0
2023-11-20 14:40:00+07:00,10.3,10.3,10.3,10.3,2300.0
2023-11-20 14:41:00+07:00,10.3,10.3,10.3,10.3,3700.0
2023-11-20 14:44:00+07:00,10.3,10.3,10.3,10.3,3200.0
2023-11-20 14:45:00+07:00,10.2,10.2,10.2,10.2,35900.0
2023-11-20 14:46:00+07:00,10.3,10.3,10.2,10.2,1700.0
2023-11-20 14:51:00+07:00,10.3,10.3,10.3,10.3,300.0
2023-11-20 14:54:00+07:00,10.3,10.3,10.3,10.3,4000.0
2023-11-20 14:57:00+07:00,10.3,10.3,10.3,10.3,10000.0
2023-11-20 14:58:00+07:00,10.3,10.3,10.3,10.3,2200.0
2023-11-20 14:59:00+07:00,10.3,10.3,10.3,10.3,1000.0
2023-11-20 15:00:00+07:00,10.2,10.2,10.2,10.2,35900.0
2023-11-20 15:01:00+07:00,10.3,10.3,10.3,10.3,100.0
2023-11-20 15:02:00+07:00,10.3,10.3,10.3,10.3,2200.0
2023-11-20 15:04:00+07:00,10.3,10.3,10.3,10.3,100.0
2023-11-20 15:05:00+07:00,10.3,10.3,10.3,10.3,1000.0
2023-11-20 15:06:00+07:00,10.3,10.3,10.3,10.3,4000.0
2023-11-20 15:07:00+07:00,10.3,10.3,10.3,10.3,100.0
2023-11-20 15:14:00+07:00,10.3,10.3,10.3,10.3,500.0
2023-11-20 15:15:00+07:00,10.2,10.2,10.2,10.2,46000.0
2023-11-20 15:19:00+07:00,10.3,10.3,10.3,10.3,1000.0
2023-11-20 15:20:00+07:00,10.3,10.3,10.3,10.3,200.0
2023-11-20 15:21:00+07:00,10.3,10.3,10.3,10.3,400.0
2023-11-20 15:22:00+07:00,10.3,10.3,10.3,10.3,4000.0
2023-11-20 15:23:00+07:00,10.3,10.3,10.3,10.3,2100.0
2023-11-20 15:24:00+07:00,10.3,10.3,10.3,10.3,1100.0
2023-11-20 15:25:00+07:00,10.3,10.3,10.3,10.3,1100.0
2023-11-20 15:29:00+07:00,10.3,10.3,10.3,10.3,100.0
2023-11-20 15:30:00+07:00,10.2,10.2,10.2,10.2,43300.0
2023-11-20 15:31:00+07:00,10.3,10.3,10.3,10.3,100.0
2023-11-20 15:32:00+07:00,10.3,10.3,10.3,10.3,2000.0
2023-11-20 15:34:00+07:00,10.3,10.3,10.3,10.3,10000.0
2023-11-20 15:36:00+07:00,10.3,10.3,10.3,10.3,1000.0
2023-11-20 15:37:00+07:00,10.3,10.3,10.3,10.3,10000.0
2023-11-20 15:38:00+07:00,10.3,10.3,10.3,10.3,10000.0
2023-11-20 15:40:00+07:00,10.2,10.2,10.2,10.2,42500.0
2023-11-20 15:43:00+07:00,10.2,10.2,10.2,10.2,2000.0
2023-11-20 15:44:00+07:00,10.3,10.3,10.3,10.3,100.0
2023-11-20 15:45:00+07:00,10.2,10.2,10.2,10.2,35900.0
2023-11-20 15:46:00+07:00,10.2,10.2,10.2,10.2,3600.0
2023-11-20 15:47:00+07:00,10.2,10.2,10.2,10.2,100.0
2023-11-20 15:49:00+07:00,10.2,10.2,10.2,10.2,1000.0
2023-11-20 15:50:00+07:00,10.2,10.2,10.2,10.2,71600.0
2023-11-20 15:53:00+07:00,10.2,10.2,10.2,10.2,3600.0
2023-11-20 15:54:00+07:00,10.3,10.3,10.3,10.3,1100.0
2023-11-20 15:55:00+07:00,10.3,10.3,10.3,10.3,38500.0
2023-11-20 15:56:00+07:00,10.3,10.3,10.3,10.3,10100.0
2023-11-20 15:58:00+07:00,10.3,10.3,10.3,10.3,100.0
2023-11-20 15:59:00+07:00,10.3,10.3,10.2,10.2,41100.0
2023-11-20 16:00:00+07:00,10.3,10.3,10.3,10.3,31000.0
2023-11-20 16:02:00+07:00,10.2,10.2,10.2,10.2,3800.0
2023-11-20 16:04:00+07:00,10.2,10.2,10.2,10.2,5000.0
2023-11-20 16:05:00+07:00,10.3,10.3,10.3,10.3,200.0
2023-11-20 16:06:00+07:00,10.3,10.3,10.3,10.3,6200.0
2023-11-20 16:07:00+07:00,10.3,10.3,10.3,10.3,58600.0
2023-11-20 16:09:00+07:00,10.3,10.3,10.3,10.3,100.0
2023-11-20 16:12:00+07:00,10.3,10.3,10.3,10.3,2000.0
2023-11-20 16:14:00+07:00,10.3,10.3,10.3,10.3,300.0
2023-11-20 16:17:00+07:00,10.3,10.3,10.3,10.3,4200.0
2023-11-20 16:18:00+07:00,10.3,10.3,10.3,10.3,30000.0
2023-11-20 16:19:00+07:00,10.3,10.3,10.3,10.3,1100.0
2023-11-20 16:20:00+07:00,10.2,10.2,10.2,10.2,29200.0
2023-11-20 16:22:00+07:00,10.3,10.3,10.3,10.3,1000.0
2023-11-20 16:24:00+07:00,10.3,10.3,10.3,10.3,21200.0
2023-11-20 16:26:00+07:00,10.3,10.3,10.2,10.2,1200.0
2023-11-20 16:29:00+07:00,10.2,10.3,10.2,10.3,6800.0
2023-11-20 16:36:00+07:00,10.3,10.3,10.3,10.3,973600.0
2023-11-21 09:57:00+07:00,10.4,10.4,10.3,10.3,506900.0
2023-11-21 10:00:00+07:00,10.3,10.3,10.3,10.3,2300.0
2023-11-21 10:01:00+07:00,10.3,10.3,10.3,10.3,250500.0
2023-11-21 10:02:00+07:00,10.3,10.3,10.3,10.3,1500.0
2023-11-21 10:03:00+07:00,10.3,10.3,10.3,10.3,14000.0
2023-11-21 10:04:00+07:00,10.3,10.3,10.3,10.3,100.0
2023-11-21 10:05:00+07:00,10.3,10.3,10.3,10.3,115500.0
2023-11-21 10:07:00+07:00,10.3,10.3,10.3,10.3,300.0
2023-11-21 10:08:00+07:00,10.3,10.3,10.3,10.3,243900.0
2023-11-21 10:09:00+07:00,10.3,10.3,10.3,10.3,45600.0
2023-11-21 10:10:00+07:00,10.3,10.3,10.3,10.3,11100.0
2023-11-21 10:11:00+07:00,10.3,10.3,10.3,10.3,700.0
2023-11-21 10:12:00+07:00,10.2,10.3,10.2,10.2,20500.0
2023-11-21 10:13:00+07:00,10.2,10.3,10.2,10.3,1700.0
2023-11-21 10:14:00+07:00,10.2,10.2,10.2,10.2,3400.0
2023-11-21 10:19:00+07:00,10.2,10.3,10.2,10.3,16200.0
2023-11-21 10:20:00+07:00,10.3,10.3,10.3,10.3,100.0
2023-11-21 10:24:00+07:00,10.2,10.2,10.2,10.2,16200.0
2023-11-21 10:25:00+07:00,10.2,10.2,10.2,10.2,7700.0
2023-11-21 10:27:00+07:00,10.3,10.3,10.2,10.3,27700.0
2023-11-21 10:28:00+07:00,10.3,10.3,10.2,10.2,4200.0
2023-11-21 10:30:00+07:00,10.2,10.2,10.2,10.2,3300.0
2023-11-21 10:31:00+07:00,10.3,10.3,10.2,10.2,2400.0
2023-11-21 10:32:00+07:00,10.3,10.3,10.3,10.3,300.0
2023-11-21 10:33:00+07:00,10.3,10.3,10.3,10.3,1069200.0
2023-11-21 10:34:00+07:00,10.3,10.3,10.3,10.3,6200.0
2023-11-21 10:35:00+07:00,10.3,10.3,10.3,10.3,20300.0
2023-11-21 10:36:00+07:00,10.3,10.4,10.3,10.3,5000.0
2023-11-21 10:37:00+07:00,10.3,10.3,10.3,10.3,82900.0
2023-11-21 10:38:00+07:00,10.3,10.3,10.2,10.2,270600.0
2023-11-21 10:39:00+07:00,10.2,10.2,10.2,10.2,4600.0
2023-11-21 10:42:00+07:00,10.2,10.2,10.2,10.2,18300.0
2023-11-21 10:43:00+07:00,10.2,10.2,10.2,10.2,6600.0
2023-11-21 10:44:00+07:00,10.3,10.3,10.2,10.2,37200.0
2023-11-21 10:45:00+07:00,10.2,10.2,10.2,10.2,500.0
2023-11-21 10:47:00+07:00,10.3,10.3,10.3,10.3,1000.0
2023-11-21 10:48:00+07:00,10.3,10.3,10.2,10.2,2500.0
2023-11-21 10:51:00+07:00,10.3,10.3,10.3,10.3,300.0
2023-11-21 10:52:00+07:00,10.2,10.3,10.2,10.3,15000.0
2023-11-21 10:53:00+07:00,10.3,10.3,10.3,10.3,900.0
2023-11-21 10:55:00+07:00,10.2,10.2,10.2,10.2,11800.0
2023-11-21 10:56:00+07:00,10.2,10.2,10.2,10.2,5500.0
2023-11-21 10:57:00+07:00,10.3,10.3,10.3,10.3,100.0
2023-11-21 10:58:00+07:00,10.3,10.3,10.2,10.2,5500.0
2023-11-21 11:01:00+07:00,10.2,10.2,10.2,10.2,100.0
2023-11-21 11:02:00+07:00,10.2,10.2,10.2,10.2,11600.0
2023-11-21 11:03:00+07:00,10.3,10.3,10.2,10.2,57200.0
2023-11-21 11:04:00+07:00,10.2,10.2,10.2,10.2,14200.0
2023-11-21 11:05:00+07:00,10.2,10.2,10.2,10.2,3700.0
2023-11-21 11:07:00+07:00,10.2,10.3,10.2,10.3,1300.0
2023-11-21 11:08:00+07:00,10.3,10.3,10.2,10.2,5500.0
2023-11-21 11:09:00+07:00,10.2,10.2,10.2,10.2,7500.0
2023-11-21 11:10:00+07:00,10.3,10.3,10.2,10.2,17000.0
2023-11-21 11:12:00+07:00,10.2,10.2,10.2,10.2,1193100.0
2023-11-21 11:13:00+07:00,10.1,10.2,10.1,10.1,20300.0
2023-11-21 11:14:00+07:00,10.2,10.2,10.1,10.1,38800.0
2023-11-21 11:15:00+07:00,10.2,10.2,10.1,10.1,68300.0
2023-11-21 11:16:00+07:00,10.2,10.2,10.1,10.1,22300.0
2023-11-21 11:17:00+07:00,10.2,10.2,10.1,10.1,12900.0
2023-11-21 11:18:00+07:00,10.1,10.2,10.1,10.1,16200.0
2023-11-21 11:19:00+07:00,10.2,10.2,10.1,10.1,5700.0
2023-11-21 11:20:00+07:00,10.2,10.2,10.1,10.2,9600.0
2023-11-21 11:21:00+07:00,10.1,10.2,10.1,10.1,4100.0
2023-11-21 11:22:00+07:00,10.2,10.2,10.1,10.1,18800.0
2023-11-21 11:23:00+07:00,10.2,10.2,10.1,10.1,18200.0
2023-11-21 11:24:00+07:00,10.1,10.2,10.1,10.1,44200.0
2023-11-21 11:25:00+07:00,10.2,10.2,10.1,10.2,12100.0
2023-11-21 11:26:00+07:00,10.1,10.1,10.1,10.1,11900.0
2023-11-21 11:27:00+07:00,10.1,10.2,10.1,10.1,5400.0
2023-11-21 11:28:00+07:00,10.1,10.2,10.1,10.1,29700.0
2023-11-21 11:30:00+07:00,10.1,10.1,10.1,10.1,13200.0
2023-11-21 11:31:00+07:00,10.1,10.2,10.1,10.1,2000.0
2023-11-21 11:32:00+07:00,10.1,10.1,10.1,10.1,12800.0
2023-11-21 11:34:00+07:00,10.1,10.1,10.1,10.1,12400.0
2023-11-21 11:35:00+07:00,10.1,10.1,10.1,10.1,12800.0
2023-11-21 11:36:00+07:00,10.2,10.2,10.2,10.2,100.0
2023-11-21 11:37:00+07:00,10.2,10.2,10.1,10.2,11000.0
2023-11-21 11:38:00+07:00,10.1,10.2,10.1,10.2,51100.0
2023-11-21 11:39:00+07:00,10.2,10.2,10.2,10.2,2100.0
2023-11-21 11:40:00+07:00,10.2,10.2,10.1,10.1,11500.0
2023-11-21 11:42:00+07:00,10.2,10.2,10.1,10.2,5400.0
2023-11-21 11:43:00+07:00,10.2,10.2,10.2,10.2,22500.0
2023-11-21 11:44:00+07:00,10.2,10.2,10.1,10.2,15300.0
2023-11-21 11:45:00+07:00,10.2,10.2,10.1,10.1,10200.0
2023-11-21 11:47:00+07:00,10.2,10.2,10.2,10.2,5100.0
2023-11-21 11:48:00+07:00,10.2,10.2,10.2,10.2,7000.0
2023-11-21 11:49:00+07:00,10.1,10.2,10.1,10.2,13100.0
2023-11-21 11:50:00+07:00,10.2,10.2,10.2,10.2,3000.0
2023-11-21 11:51:00+07:00,10.2,10.2,10.2,10.2,7000.0
2023-11-21 11:52:00+07:00,10.2,10.2,10.2,10.2,12100.0
2023-11-21 11:53:00+07:00,10.2,10.2,10.2,10.2,18400.0
2023-11-21 11:54:00+07:00,10.2,10.2,10.1,10.2,26500.0
2023-11-21 11:55:00+07:00,10.1,10.2,10.1,10.1,18500.0
2023-11-21 11:56:00+07:00,10.2,10.2,10.2,10.2,2100.0
2023-11-21 11:57:00+07:00,10.1,10.2,10.1,10.2,6500.0
2023-11-21 11:58:00+07:00,10.2,10.2,10.2,10.2,700.0
2023-11-21 12:01:00+07:00,10.2,10.2,10.1,10.1,5700.0
2023-11-21 12:02:00+07:00,10.1,10.1,10.1,10.1,3400.0
2023-11-21 12:03:00+07:00,10.2,10.2,10.2,10.2,13000.0
2023-11-21 12:04:00+07:00,10.2,10.2,10.1,10.1,14200.0
2023-11-21 12:05:00+07:00,10.1,10.1,10.1,10.1,11500.0
2023-11-21 12:06:00+07:00,10.2,10.2,10.1,10.2,4700.0
2023-11-21 12:07:00+07:00,10.2,10.2,10.2,10.2,200.0
2023-11-21 12:08:00+07:00,10.2,10.2,10.1,10.1,3600.0
2023-11-21 12:09:00+07:00,10.1,10.1,10.1,10.1,3400.0
2023-11-21 12:10:00+07:00,10.1,10.1,10.1,10.1,20000.0
2023-11-21 12:11:00+07:00,10.1,10.1,10.1,10.1,3200.0
2023-11-21 12:12:00+07:00,10.1,10.1,10.1,10.1,3300.0
2023-11-21 12:13:00+07:00,10.1,10.2,10.1,10.2,31500.0
2023-11-21 12:14:00+07:00,10.1,10.2,10.1,10.1,15200.0
2023-11-21 12:15:00+07:00,10.2,10.2,10.1,10.2,18800.0
2023-11-21 12:16:00+07:00,10.1,10.2,10.1,10.2,10100.0
2023-11-21 12:17:00+07:00,10.2,10.2,10.1,10.1,2900.0
2023-11-21 12:18:00+07:00,10.2,10.2,10.2,10.2,110100.0
2023-11-21 12:19:00+07:00,10.2,10.2,10.1,10.2,9600.0
2023-11-21 12:20:00+07:00,10.2,10.2,10.1,10.1,650200.0
2023-11-21 12:21:00+07:00,10.1,10.2,10.1,10.2,56000.0
2023-11-21 12:22:00+07:00,10.1,10.1,10.1,10.1,3700.0
2023-11-21 12:23:00+07:00,10.2,10.2,10.2,10.2,500.0
2023-11-21 12:24:00+07:00,10.1,10.2,10.1,10.2,31100.0
2023-11-21 12:25:00+07:00,10.1,10.2,10.1,10.1,15100.0
2023-11-21 12:26:00+07:00,10.2,10.2,10.2,10.2,1100.0
2023-11-21 12:27:00+07:00,10.2,10.2,10.2,10.2,600.0
2023-11-21 12:28:00+07:00,10.1,10.1,10.1,10.1,56800.0
2023-11-21 12:29:00+07:00,10.2,10.2,10.1,10.2,5800.0
2023-11-21 14:25:00+07:00,10.1,10.2,10.1,10.2,200300.0
2023-11-21 14:29:00+07:00,10.2,10.2,10.2,10.2,100.0
2023-11-21 14:31:00+07:00,10.1,10.1,10.1,10.1,31900.0
2023-11-21 14:33:00+07:00,10.1,10.1,10.1,10.1,185100.0
2023-11-21 14:35:00+07:00,10.2,10.2,10.2,10.2,3000.0
2023-11-21 14:36:00+07:00,10.2,10.2,10.2,10.2,100.0
2023-11-21 14:37:00+07:00,10.1,10.2,10.1,10.2,200.0
2023-11-21 14:39:00+07:00,10.1,10.1,10.1,10.1,1000.0
2023-11-21 14:41:00+07:00,10.1,10.2,10.1,10.2,10700.0
2023-11-21 14:42:00+07:00,10.1,10.1,10.1,10.1,1700.0
2023-11-21 14:43:00+07:00,10.1,10.1,10.1,10.1,10200.0
2023-11-21 14:44:00+07:00,10.1,10.1,10.1,10.1,1000.0
2023-11-21 14:48:00+07:00,10.1,10.1,10.1,10.1,400.0
2023-11-21 14:51:00+07:00,10.1,10.1,10.1,10.1,11200.0
2023-11-21 14:52:00+07:00,10.2,10.2,10.1,10.1,600.0
2023-11-21 14:53:00+07:00,10.1,10.1,10.1,10.1,10700.0
2023-11-21 14:56:00+07:00,10.1,10.1,10.1,10.1,3400.0
2023-11-21 14:58:00+07:00,10.1,10.1,10.1,10.1,10000.0
2023-11-21 15:00:00+07:00,10.2,10.2,10.1,10.2,5500.0
2023-11-21 15:01:00+07:00,10.2,10.2,10.1,10.1,11600.0
2023-11-21 15:02:00+07:00,10.1,10.1,10.1,10.1,3200.0
2023-11-21 15:03:00+07:00,10.1,10.1,10.1,10.1,14200.0
2023-11-21 15:04:00+07:00,10.1,10.2,10.1,10.1,6500.0
2023-11-21 15:06:00+07:00,10.1,10.1,10.1,10.1,100.0
2023-11-21 15:07:00+07:00,10.1,10.1,10.1,10.1,5300.0
2023-11-21 15:08:00+07:00,10.1,10.1,10.1,10.1,6500.0
2023-11-21 15:09:00+07:00,10.1,10.1,10.1,10.1,200.0
2023-11-21 15:10:00+07:00,10.1,10.1,10.1,10.1,300.0
2023-11-21 15:11:00+07:00,10.1,10.1,10.1,10.1,10300.0
2023-11-21 15:12:00+07:00,10.1,10.1,10.1,10.1,4000.0
2023-11-21 15:13:00+07:00,10.1,10.1,10.1,10.1,11700.0
2023-11-21 15:14:00+07:00,10.1,10.1,10.1,10.1,31700.0
2023-11-21 15:16:00+07:00,10.1,10.1,10.1,10.1,3600.0
2023-11-21 15:17:00+07:00,10.2,10.2,10.2,10.2,100.0
2023-11-21 15:18:00+07:00,10.2,10.2,10.2,10.2,500.0
2023-11-21 15:20:00+07:00,10.1,10.1,10.1,10.1,6900.0
2023-11-21 15:21:00+07:00,10.1,10.1,10.1,10.1,11900.0
2023-11-21 15:22:00+07:00,10.2,10.2,10.2,10.2,100.0
2023-11-21 15:23:00+07:00,10.1,10.1,10.1,10.1,10200.0
2023-11-21 15:24:00+07:00,10.2,10.2,10.1,10.1,3800.0
2023-11-21 15:25:00+07:00,10.1,10.1,10.1,10.1,100.0
2023-11-21 15:26:00+07:00,10.1,10.1,10.1,10.1,100.0
2023-11-21 15:27:00+07:00,10.2,10.2,10.1,10.1,7300.0
2023-11-21 15:28:00+07:00,10.1,10.1,10.1,10.1,200.0
2023-11-21 15:29:00+07:00,10.1,10.1,10.1,10.1,3800.0
2023-11-21 15:30:00+07:00,10.2,10.2,10.1,10.1,600.0
2023-11-21 15:31:00+07:00,10.1,10.1,10.1,10.1,10200.0
2023-11-21 15:32:00+07:00,10.1,10.1,10.1,10.1,300.0
2023-11-21 15:33:00+07:00,10.1,10.1,10.1,10.1,17400.0
2023-11-21 15:34:00+07:00,10.1,10.1,10.1,10.1,1700.0
2023-11-21 15:35:00+07:00,10.1,10.2,10.1,10.1,1200.0
2023-11-21 15:36:00+07:00,10.1,10.1,10.1,10.1,200.0
2023-11-21 15:37:00+07:00,10.1,10.1,10.1,10.1,3800.0
2023-11-21 15:38:00+07:00,10.1,10.1,10.1,10.1,200.0
2023-11-21 15:39:00+07:00,10.1,10.1,10.1,10.1,200.0
2023-11-21 15:40:00+07:00,10.1,10.2,10.1,10.1,4000.0
2023-11-21 15:41:00+07:00,10.1,10.1,10.1,10.1,10500.0
2023-11-21 15:42:00+07:00,10.2,10.2,10.1,10.1,3600.0
2023-11-21 15:43:00+07:00,10.1,10.1,10.1,10.1,12100.0
2023-11-21 15:44:00+07:00,10.2,10.2,10.1,10.1,500.0
2023-11-21 15:45:00+07:00,10.1,10.1,10.1,10.1,900.0
2023-11-21 15:46:00+07:00,10.1,10.1,10.1,10.1,4200.0
2023-11-21 15:47:00+07:00,10.1,10.1,10.1,10.1,400.0
2023-11-21 15:48:00+07:00,10.1,10.1,10.1,10.1,3900.0
2023-11-21 15:50:00+07:00,10.1,10.1,10.1,10.1,4000.0
2023-11-21 15:51:00+07:00,10.1,10.1,10.1,10.1,11200.0
2023-11-21 15:52:00+07:00,10.1,10.1,10.1,10.1,4500.0
2023-11-21 15:53:00+07:00,10.1,10.1,10.1,10.1,17400.0
2023-11-21 15:54:00+07:00,10.1,10.1,10.1,10.1,500.0
2023-11-21 15:55:00+07:00,10.1,10.1,10.1,10.1,3500.0
2023-11-21 15:56:00+07:00,10.1,10.1,10.1,10.1,200.0
2023-11-21 15:57:00+07:00,10.1,10.1,10.1,10.1,7900.0
2023-11-21 15:58:00+07:00,10.1,10.1,10.1,10.1,6000.0
2023-11-21 15:59:00+07:00,10.1,10.1,10.1,10.1,4300.0
2023-11-21 16:00:00+07:00,10.1,10.1,10.1,10.1,3900.0
2023-11-21 16:01:00+07:00,10.1,10.1,10.1,10.1,3500.0
2023-11-21 16:02:00+07:00,10.1,10.2,10.1,10.1,1900.0
2023-11-21 16:03:00+07:00,10.1,10.2,10.1,10.2,3700.0
2023-11-21 16:04:00+07:00,10.2,10.2,10.1,10.1,200.0
2023-11-21 16:05:00+07:00,10.1,10.1,10.1,10.1,7700.0
2023-11-21 16:06:00+07:00,10.1,10.1,10.1,10.1,400.0
2023-11-21 16:07:00+07:00,10.1,10.2,10.1,10.1,16200.0
2023-11-21 16:08:00+07:00,10.1,10.2,10.1,10.2,4400.0
2023-11-21 16:09:00+07:00,10.1,10.2,10.1,10.1,4900.0
2023-11-21 16:10:00+07:00,10.1,10.2,10.1,10.1,4500.0
2023-11-21 16:11:00+07:00,10.1,10.1,10.1,10.1,400.0
2023-11-21 16:12:00+07:00,10.1,10.2,10.1,10.1,700.0
2023-11-21 16:13:00+07:00,10.1,10.1,10.1,10.1,7100.0
2023-11-21 16:15:00+07:00,10.1,10.1,10.1,10.1,12100.0
2023-11-21 16:16:00+07:00,10.1,10.1,10.1,10.1,4000.0
2023-11-21 16:18:00+07:00,10.1,10.1,10.1,10.1,6400.0
2023-11-21 16:20:00+07:00,10.1,10.1,10.1,10.1,3600.0
2023-11-21 16:21:00+07:00,10.1,10.1,10.1,10.1,5500.0
2023-11-21 16:22:00+07:00,10.1,10.1,10.1,10.1,201500.0
2023-11-21 16:23:00+07:00,10.1,10.1,10.1,10.1,62600.0
2023-11-21 16:24:00+07:00,10.2,10.2,10.2,10.2,100.0
2023-11-21 16:25:00+07:00,10.1,10.1,10.1,10.1,10400.0
2023-11-21 16:26:00+07:00,10.2,10.2,10.2,10.2,300.0
2023-11-21 16:27:00+07:00,10.2,10.2,10.1,10.1,25700.0
2023-11-21 16:28:00+07:00,10.1,10.2,10.1,10.2,25700.0
2023-11-21 16:29:00+07:00,10.1,10.2,10.1,10.2,3200.0
2023-11-21 16:38:00+07:00,10.1,10.1,10.1,10.1,1929800.0
2023-11-22 09:59:00+07:00,10.1,10.2,10.1,10.2,211400.0
2023-11-22 10:00:00+07:00,10.2,10.2,10.2,10.2,3000.0
2023-11-22 10:01:00+07:00,10.2,10.2,10.2,10.2,1000.0
2023-11-22 10:02:00+07:00,10.2,10.2,10.2,10.2,200.0
2023-11-22 10:03:00+07:00,10.2,10.2,10.2,10.2,50100.0
2023-11-22 10:04:00+07:00,10.2,10.2,10.2,10.2,10500.0
2023-11-22 10:05:00+07:00,10.2,10.2,10.2,10.2,200.0
2023-11-22 10:06:00+07:00,10.2,10.2,10.2,10.2,1000.0
2023-11-22 10:08:00+07:00,10.1,10.1,10.1,10.1,200.0
2023-11-22 10:12:00+07:00,10.1,10.1,10.1,10.1,200.0
2023-11-22 10:14:00+07:00,10.2,10.2,10.1,10.2,21600.0
2023-11-22 10:15:00+07:00,10.2,10.2,10.2,10.2,100.0
2023-11-22 10:18:00+07:00,10.2,10.2,10.2,10.2,100.0
2023-11-22 10:19:00+07:00,10.2,10.2,10.2,10.2,7800.0
2023-11-22 10:20:00+07:00,10.2,10.2,10.2,10.2,3700.0
2023-11-22 10:21:00+07:00,10.2,10.2,10.2,10.2,3400.0
2023-11-22 10:23:00+07:00,10.2,10.2,10.2,10.2,100.0
2023-11-22 10:24:00+07:00,10.2,10.2,10.1,10.1,21800.0
2023-11-22 10:25:00+07:00,10.2,10.2,10.2,10.2,4700.0
2023-11-22 10:27:00+07:00,10.2,10.2,10.2,10.2,100.0
2023-11-22 10:30:00+07:00,10.2,10.2,10.2,10.2,2400.0
2023-11-22 10:32:00+07:00,10.2,10.2,10.2,10.2,200.0
2023-11-22 10:33:00+07:00,10.2,10.2,10.2,10.2,10000.0
2023-11-22 10:34:00+07:00,10.1,10.2,10.1,10.2,35100.0
2023-11-22 10:35:00+07:00,10.2,10.2,10.2,10.2,100.0
2023-11-22 10:36:00+07:00,10.2,10.2,10.2,10.2,3000.0
2023-11-22 10:38:00+07:00,10.2,10.2,10.2,10.2,300.0
2023-11-22 10:39:00+07:00,10.2,10.2,10.2,10.2,500.0
2023-11-22 10:40:00+07:00,10.2,10.2,10.2,10.2,10000.0
2023-11-22 10:41:00+07:00,10.2,10.2,10.2,10.2,5200.0
2023-11-22 10:42:00+07:00,10.2,10.2,10.2,10.2,100.0
2023-11-22 10:43:00+07:00,10.1,10.1,10.1,10.1,27800.0
2023-11-22 10:44:00+07:00,10.1,10.1,10.1,10.1,200.0
2023-11-22 10:45:00+07:00,10.2,10.2,10.2,10.2,300.0
2023-11-22 10:50:00+07:00,10.2,10.2,10.2,10.2,1100.0
2023-11-22 10:51:00+07:00,10.2,10.2,10.2,10.2,600.0
2023-11-22 10:52:00+07:00,10.1,10.1,10.1,10.1,24300.0
2023-11-22 10:56:00+07:00,10.2,10.2,10.2,10.2,100.0
2023-11-22 10:57:00+07:00,10.1,10.1,10.1,10.1,5600.0
2023-11-22 11:01:00+07:00,10.2,10.2,10.2,10.2,11000.0
2023-11-22 11:02:00+07:00,10.1,10.1,10.1,10.1,21200.0
2023-11-22 11:03:00+07:00,10.1,10.1,10.1,10.1,3100.0
2023-11-22 11:08:00+07:00,10.1,10.1,10.1,10.1,100.0
2023-11-22 11:09:00+07:00,10.1,10.1,10.1,10.1,103800.0
2023-11-22 11:10:00+07:00,10.1,10.1,10.1,10.1,500.0
2023-11-22 11:11:00+07:00,10.1,10.1,10.1,10.1,20100.0
2023-11-22 11:12:00+07:00,10.2,10.2,10.2,10.2,200.0
2023-11-22 11:14:00+07:00,10.1,10.1,10.1,10.1,300.0
2023-11-22 11:15:00+07:00,10.1,10.1,10.1,10.1,291200.0
2023-11-22 11:16:00+07:00,10.1,10.1,10.1,10.1,70100.0
2023-11-22 11:17:00+07:00,10.1,10.1,10.1,10.1,4600.0
2023-11-22 11:18:00+07:00,10.1,10.1,10.1,10.1,3900.0
2023-11-22 11:19:00+07:00,10.1,10.1,10.1,10.1,76000.0
2023-11-22 11:20:00+07:00,10.1,10.1,10.1,10.1,15800.0
2023-11-22 11:21:00+07:00,10.1,10.1,10.1,10.1,77200.0
2023-11-22 11:22:00+07:00,10.2,10.2,10.2,10.2,100.0
2023-11-22 11:24:00+07:00,10.1,10.1,10.1,10.1,2800.0
2023-11-22 11:25:00+07:00,10.1,10.1,10.1,10.1,19600.0
2023-11-22 11:26:00+07:00,10.1,10.1,10.1,10.1,100.0
2023-11-22 11:27:00+07:00,10.1,10.1,10.1,10.1,48400.0
2023-11-22 11:28:00+07:00,10.1,10.1,10.1,10.1,3900.0
2023-11-22 11:29:00+07:00,10.1,10.1,10.1,10.1,700.0
2023-11-22 11:30:00+07:00,10.1,10.2,10.1,10.1,93100.0
2023-11-22 11:31:00+07:00,10.1,10.1,10.1,10.1,3500.0
2023-11-22 11:32:00+07:00,10.2,10.2,10.1,10.1,10400.0
2023-11-22 11:33:00+07:00,10.1,10.2,10.1,10.2,6100.0
2023-11-22 11:34:00+07:00,10.1,10.2,10.1,10.1,4100.0
2023-11-22 11:35:00+07:00,10.1,10.1,10.1,10.1,2800.0
2023-11-22 11:36:00+07:00,10.1,10.1,10.1,10.1,2200.0
2023-11-22 11:37:00+07:00,10.1,10.1,10.1,10.1,12900.0
2023-11-22 11:38:00+07:00,10.1,10.1,10.1,10.1,1900.0
2023-11-22 11:39:00+07:00,10.1,10.1,10.1,10.1,2800.0
2023-11-22 11:40:00+07:00,10.1,10.1,10.1,10.1,26400.0
2023-11-22 11:41:00+07:00,10.1,10.1,10.1,10.1,6900.0
2023-11-22 11:42:00+07:00,10.1,10.1,10.1,10.1,1200.0
2023-11-22 11:43:00+07:00,10.1,10.1,10.1,10.1,900.0
2023-11-22 11:44:00+07:00,10.1,10.1,10.1,10.1,800.0
2023-11-22 11:45:00+07:00,10.1,10.1,10.1,10.1,700.0
2023-11-22 11:46:00+07:00,10.1,10.1,10.1,10.1,1400.0
2023-11-22 11:47:00+07:00,10.1,10.1,10.1,10.1,6400.0
2023-11-22 11:48:00+07:00,10.1,10.1,10.1,10.1,500.0
2023-11-22 11:49:00+07:00,10.1,10.1,10.1,10.1,25500.0
2023-11-22 11:50:00+07:00,10.1,10.1,10.1,10.1,1100.0
2023-11-22 11:51:00+07:00,10.1,10.1,10.1,10.1,1400.0
2023-11-22 11:52:00+07:00,10.1,10.1,10.1,10.1,900.0
2023-11-22 11:53:00+07:00,10.1,10.1,10.1,10.1,300.0
2023-11-22 11:54:00+07:00,10.1,10.1,10.1,10.1,300.0
2023-11-22 11:55:00+07:00,10.1,10.2,10.1,10.1,5900.0
2023-11-22 11:56:00+07:00,10.1,10.1,10.1,10.1,200.0
2023-11-22 11:58:00+07:00,10.1,10.1,10.1,10.1,22900.0
2023-11-22 11:59:00+07:00,10.1,10.1,10.1,10.1,3700.0
2023-11-22 12:00:00+07:00,10.1,10.1,10.1,10.1,1200.0
2023-11-22 12:01:00+07:00,10.1,10.1,10.1,10.1,500.0
2023-11-22 12:02:00+07:00,10.1,10.1,10.1,10.1,700.0
2023-11-22 12:03:00+07:00,10.1,10.2,10.1,10.2,200.0
2023-11-22 12:04:00+07:00,10.1,10.1,10.1,10.1,4200.0
2023-11-22 12:05:00+07:00,10.1,10.2,10.1,10.2,200.0
2023-11-22 12:07:00+07:00,10.1,10.1,10.1,10.1,200.0
2023-11-22 12:08:00+07:00,10.1,10.1,10.1,10.1,21400.0
2023-11-22 12:09:00+07:00,10.2,10.2,10.1,10.1,600.0
2023-11-22 12:10:00+07:00,10.1,10.1,10.1,10.1,3900.0
2023-11-22 12:11:00+07:00,10.1,10.1,10.1,10.1,400.0
2023-11-22 12:12:00+07:00,10.1,10.1,10.1,10.1,100.0
2023-11-22 12:14:00+07:00,10.1,10.1,10.1,10.1,4200.0
2023-11-22 12:15:00+07:00,10.1,10.1,10.1,10.1,300.0
2023-11-22 12:16:00+07:00,10.1,10.2,10.1,10.1,70700.0
2023-11-22 12:17:00+07:00,10.1,10.2,10.1,10.1,29600.0
2023-11-22 12:18:00+07:00,10.1,10.1,10.1,10.1,400.0
2023-11-22 12:19:00+07:00,10.1,10.1,10.1,10.1,37200.0
2023-11-22 12:20:00+07:00,10.1,10.1,10.1,10.1,900.0
2023-11-22 12:21:00+07:00,10.1,10.1,10.0,10.0,1371700.0
2023-11-22 12:22:00+07:00,10.0,10.1,10.0,10.0,21900.0
2023-11-22 12:23:00+07:00,10.0,10.1,10.0,10.1,12600.0
2023-11-22 12:24:00+07:00,10.1,10.1,10.0,10.0,8800.0
2023-11-22 12:25:00+07:00,10.0,10.1,10.0,10.0,11000.0
2023-11-22 12:26:00+07:00,10.0,10.1,10.0,10.0,20100.0
2023-11-22 12:27:00+07:00,10.1,10.1,10.0,10.1,68800.0
2023-11-22 12:28:00+07:00,10.0,10.0,10.0,10.0,17300.0
2023-11-22 12:29:00+07:00,10.0,10.1,10.0,10.1,8900.0
2023-11-22 14:28:00+07:00,10.1,10.1,10.0,10.0,947300.0
2023-11-22 14:29:00+07:00,10.1,10.1,10.1,10.1,4200.0
2023-11-22 14:30:00+07:00,10.1,10.1,10.1,10.1,1000.0
2023-11-22 14:31:00+07:00,10.1,10.1,10.1,10.1,12000.0
2023-11-22 14:32:00+07:00,10.1,10.1,10.1,10.1,7100.0
2023-11-22 14:33:00+07:00,10.1,10.1,10.1,10.1,15300.0
2023-11-22 14:34:00+07:00,10.1,10.1,10.1,10.1,3200.0
2023-11-22 14:35:00+07:00,10.1,10.1,10.1,10.1,2400.0
2023-11-22 14:36:00+07:00,10.1,10.1,10.1,10.1,1000.0
2023-11-22 14:37:00+07:00,10.1,10.1,10.1,10.1,5500.0
2023-11-22 14:38:00+07:00,10.1,10.1,10.1,10.1,604700.0
2023-11-22 14:40:00+07:00,10.1,10.1,10.1,10.1,216700.0
2023-11-22 14:41:00+07:00,10.1,10.1,10.1,10.1,8000.0
2023-11-22 14:43:00+07:00,10.1,10.1,10.1,10.1,5000.0
2023-11-22 14:45:00+07:00,10.2,10.2,10.1,10.1,4700.0
2023-11-22 14:46:00+07:00,10.1,10.1,10.1,10.1,10100.0
2023-11-22 14:47:00+07:00,10.1,10.1,10.1,10.1,4600.0
2023-11-22 14:48:00+07:00,10.1,10.1,10.1,10.1,100.0
2023-11-22 14:49:00+07:00,10.1,10.1,10.1,10.1,1000.0
2023-11-22 14:50:00+07:00,10.1,10.1,10.1,10.1,9100.0
2023-11-22 14:53:00+07:00,10.1,10.1,10.1,10.1,1500.0
2023-11-22 14:54:00+07:00,10.1,10.1,10.1,10.1,6900.0
2023-11-22 14:56:00+07:00,10.1,10.1,10.1,10.1,5400.0
2023-11-22 14:58:00+07:00,10.1,10.1,10.1,10.1,2100.0
2023-11-22 14:59:00+07:00,10.1,10.2,10.1,10.2,6400.0
2023-11-22 15:00:00+07:00,10.2,10.2,10.2,10.2,100.0
2023-11-22 15:01:00+07:00,10.1,10.1,10.1,10.1,4000.0
2023-11-22 15:02:00+07:00,10.1,10.1,10.1,10.1,4000.0
2023-11-22 15:03:00+07:00,10.1,10.2,10.1,10.2,2400.0
2023-11-22 15:04:00+07:00,10.2,10.2,10.2,10.2,1000.0
2023-11-22 15:05:00+07:00,10.2,10.2,10.1,10.1,6200.0
2023-11-22 15:07:00+07:00,10.1,10.1,10.1,10.1,6600.0
2023-11-22 15:10:00+07:00,10.1,10.1,10.1,10.1,4800.0
2023-11-22 15:12:00+07:00,10.1,10.1,10.1,10.1,4400.0
2023-11-22 15:14:00+07:00,10.1,10.1,10.1,10.1,4300.0
2023-11-22 15:15:00+07:00,10.1,10.1,10.1,10.1,3800.0
2023-11-22 15:18:00+07:00,10.1,10.1,10.1,10.1,8000.0
2023-11-22 15:20:00+07:00,10.1,10.1,10.1,10.1,200.0
2023-11-22 15:21:00+07:00,10.1,10.1,10.1,10.1,9700.0
2023-11-22 15:24:00+07:00,10.1,10.2,10.1,10.2,4100.0
2023-11-22 15:25:00+07:00,10.1,10.1,10.1,10.1,9500.0
2023-11-22 15:27:00+07:00,10.1,10.1,10.1,10.1,3700.0
2023-11-22 15:28:00+07:00,10.1,10.1,10.1,10.1,14600.0
2023-11-22 15:30:00+07:00,10.1,10.1,10.1,10.1,3700.0
2023-11-22 15:32:00+07:00,10.1,10.1,10.1,10.1,3300.0
2023-11-22 15:33:00+07:00,10.1,10.1,10.1,10.1,7500.0
2023-11-22 15:36:00+07:00,10.1,10.1,10.1,10.1,4500.0
2023-11-22 15:37:00+07:00,10.1,10.1,10.1,10.1,4200.0
2023-11-22 15:39:00+07:00,10.1,10.1,10.1,10.1,3700.0
2023-11-22 15:40:00+07:00,10.1,10.1,10.1,10.1,7300.0
2023-11-22 15:41:00+07:00,10.1,10.1,10.1,10.1,18300.0
2023-11-22 15:43:00+07:00,10.2,10.2,10.2,10.2,1000.0
2023-11-22 15:47:00+07:00,10.2,10.2,10.2,10.2,20000.0
2023-11-22 15:48:00+07:00,10.2,10.2,10.2,10.2,10000.0
2023-11-22 15:50:00+07:00,10.1,10.1,10.1,10.1,13000.0
2023-11-22 15:53:00+07:00,10.1,10.1,10.1,10.1,7900.0
2023-11-22 15:54:00+07:00,10.1,10.1,10.1,10.1,1900.0
2023-11-22 15:55:00+07:00,10.1,10.1,10.1,10.1,4000.0
2023-11-22 15:56:00+07:00,10.1,10.2,10.1,10.1,12100.0
2023-11-22 15:57:00+07:00,10.2,10.2,10.1,10.1,18200.0
2023-11-22 15:58:00+07:00,10.1,10.1,10.1,10.1,1600.0
2023-11-22 16:01:00+07:00,10.2,10.2,10.2,10.2,100.0
2023-11-22 16:02:00+07:00,10.2,10.2,10.2,10.2,100.0
2023-11-22 16:03:00+07:00,10.2,10.2,10.1,10.1,3900.0
2023-11-22 16:04:00+07:00,10.2,10.2,10.2,10.2,100.0
2023-11-22 16:05:00+07:00,10.2,10.2,10.2,10.2,500.0
2023-11-22 16:07:00+07:00,10.2,10.2,10.2,10.2,500.0
2023-11-22 16:08:00+07:00,10.2,10.2,10.1,10.1,5100.0
2023-11-22 16:11:00+07:00,10.2,10.2,10.2,10.2,100.0
2023-11-22 16:12:00+07:00,10.1,10.2,10.1,10.2,4700.0
2023-11-22 16:13:00+07:00,10.2,10.2,10.2,10.2,800.0
2023-11-22 16:15:00+07:00,10.2,10.2,10.2,10.2,2700.0
2023-11-22 16:16:00+07:00,10.2,10.2,10.1,10.2,29000.0
2023-11-22 16:17:00+07:00,10.2,10.2,10.2,10.2,1000.0
2023-11-22 16:18:00+07:00,10.2,10.2,10.2,10.2,1000.0
2023-11-22 16:20:00+07:00,10.2,10.2,10.2,10.2,1700.0
2023-11-22 16:21:00+07:00,10.1,10.1,10.1,10.1,500.0
2023-11-22 16:22:00+07:00,10.2,10.2,10.2,10.2,202000.0
2023-11-22 16:24:00+07:00,10.2,10.2,10.2,10.2,10800.0
2023-11-22 16:25:00+07:00,10.2,10.2,10.2,10.2,400.0
2023-11-22 16:26:00+07:00,10.1,10.2,10.1,10.1,20400.0
2023-11-22 16:27:00+07:00,10.2,10.2,10.2,10.2,2400.0
2023-11-22 16:28:00+07:00,10.2,10.2,10.2,10.2,400.0
2023-11-22 16:29:00+07:00,10.1,10.2,10.1,10.2,30300.0
2023-11-22 16:39:00+07:00,10.2,10.2,10.2,10.2,1049400.0
2023-11-23 09:58:00+07:00,10.2,10.2,10.2,10.2,43900.0
2023-11-23 09:59:00+07:00,10.1,10.1,10.1,10.1,489200.0
2023-11-23 10:00:00+07:00,10.1,10.1,10.1,10.1,18500.0
2023-11-23 10:01:00+07:00,10.1,10.1,10.1,10.1,8500.0
2023-11-23 10:02:00+07:00,10.1,10.1,10.0,10.1,229400.0
2023-11-23 10:03:00+07:00,10.1,10.1,10.1,10.1,128300.0
2023-11-23 10:04:00+07:00,10.1,10.1,10.1,10.1,14300.0
2023-11-23 10:05:00+07:00,10.1,10.1,10.1,10.1,118700.0
2023-11-23 10:06:00+07:00,10.1,10.1,10.1,10.1,200.0
2023-11-23 10:12:00+07:00,10.1,10.1,10.1,10.1,1000.0
2023-11-23 10:15:00+07:00,10.1,10.1,10.1,10.1,12000.0
2023-11-23 10:16:00+07:00,10.1,10.1,10.1,10.1,400.0
2023-11-23 10:19:00+07:00,10.2,10.2,10.2,10.2,300.0
2023-11-23 10:20:00+07:00,10.2,10.2,10.2,10.2,200.0
2023-11-23 10:24:00+07:00,10.2,10.2,10.2,10.2,1000.0
2023-11-23 10:26:00+07:00,10.2,10.2,10.2,10.2,1000.0
2023-11-23 10:27:00+07:00,10.2,10.2,10.2,10.2,100.0
2023-11-23 10:29:00+07:00,10.2,10.2,10.2,10.2,1000.0
2023-11-23 10:31:00+07:00,10.2,10.2,10.2,10.2,400.0
2023-11-23 10:32:00+07:00,10.2,10.2,10.2,10.2,4900.0
2023-11-23 10:35:00+07:00,10.2,10.2,10.2,10.2,98400.0
2023-11-23 10:36:00+07:00,10.2,10.2,10.2,10.2,40000.0
2023-11-23 10:37:00+07:00,10.1,10.1,10.1,10.1,100.0
2023-11-23 10:38:00+07:00,10.2,10.2,10.2,10.2,434300.0
2023-11-23 10:39:00+07:00,10.2,10.2,10.2,10.2,1000.0
2023-11-23 10:40:00+07:00,10.2,10.2,10.2,10.2,100.0
2023-11-23 10:41:00+07:00,10.2,10.2,10.2,10.2,7000.0
2023-11-23 10:42:00+07:00,10.2,10.2,10.2,10.2,297800.0
2023-11-23 10:44:00+07:00,10.1,10.1,10.1,10.1,100.0
2023-11-23 10:46:00+07:00,10.2,10.2,10.2,10.2,100.0
2023-11-23 10:52:00+07:00,10.2,10.2,10.2,10.2,100.0
2023-11-23 10:54:00+07:00,10.2,10.2,10.2,10.2,200.0
2023-11-23 10:57:00+07:00,10.2,10.2,10.2,10.2,10000.0
2023-11-23 11:04:00+07:00,10.2,10.2,10.1,10.1,32000.0
2023-11-23 11:13:00+07:00,10.1,10.2,10.1,10.2,294000.0
2023-11-23 11:15:00+07:00,10.2,10.2,10.2,10.2,100.0
2023-11-23 11:21:00+07:00,10.2,10.2,10.2,10.2,1400.0
2023-11-23 11:31:00+07:00,10.1,10.1,10.1,10.1,13200.0
2023-11-23 11:33:00+07:00,10.2,10.2,10.2,10.2,200.0
2023-11-23 11:34:00+07:00,10.2,10.2,10.2,10.2,100.0
2023-11-23 11:37:00+07:00,10.1,10.1,10.1,10.1,30000.0
2023-11-23 11:38:00+07:00,10.1,10.1,10.1,10.1,3300.0
2023-11-23 11:41:00+07:00,10.1,10.1,10.1,10.1,41000.0
2023-11-23 11:45:00+07:00,10.1,10.1,10.1,10.1,29800.0
2023-11-23 11:48:00+07:00,10.1,10.1,10.1,10.1,6000.0
2023-11-23 11:50:00+07:00,10.1,10.1,10.1,10.1,31000.0
2023-11-23 11:52:00+07:00,10.1,10.1,10.1,10.1,26000.0
2023-11-23 11:57:00+07:00,10.1,10.1,10.1,10.1,500.0
2023-11-23 11:59:00+07:00,10.1,10.1,10.1,10.1,100.0
2023-11-23 12:00:00+07:00,10.1,10.1,10.1,10.1,100.0
2023-11-23 12:01:00+07:00,10.1,10.1,10.1,10.1,3300.0
2023-11-23 12:09:00+07:00,10.1,10.1,10.1,10.1,3100.0
2023-11-23 12:10:00+07:00,10.1,10.1,10.1,10.1,1000.0
2023-11-23 12:13:00+07:00,10.1,10.1,10.1,10.1,3300.0
2023-11-23 12:17:00+07:00,10.1,10.1,10.1,10.1,3100.0
2023-11-23 12:20:00+07:00,10.1,10.1,10.1,10.1,100.0
2023-11-23 12:22:00+07:00,10.1,10.1,10.1,10.1,3400.0
2023-11-23 12:23:00+07:00,10.1,10.1,10.1,10.1,10000.0
2023-11-23 12:26:00+07:00,10.1,10.1,10.1,10.1,100.0
2023-11-23 12:27:00+07:00,10.1,10.1,10.1,10.1,3200.0
2023-11-23 12:29:00+07:00,10.2,10.2,10.1,10.1,500.0
2023-11-23 14:27:00+07:00,10.2,10.2,10.2,10.2,661700.0
2023-11-23 14:30:00+07:00,10.1,10.2,10.1,10.2,57100.0
2023-11-23 14:31:00+07:00,10.1,10.1,10.1,10.1,1000.0
2023-11-23 14:38:00+07:00,10.2,10.2,10.2,10.2,100.0
2023-11-23 14:39:00+07:00,10.1,10.2,10.1,10.2,1100.0
2023-11-23 14:40:00+07:00,10.2,10.2,10.2,10.2,300.0
2023-11-23 14:45:00+07:00,10.2,10.2,10.2,10.2,44300.0
2023-11-23 14:46:00+07:00,10.2,10.2,10.2,10.2,5800.0
2023-11-23 14:47:00+07:00,10.2,10.2,10.2,10.2,100.0
2023-11-23 14:48:00+07:00,10.2,10.2,10.2,10.2,200.0
2023-11-23 14:49:00+07:00,10.2,10.2,10.2,10.2,5100.0
2023-11-23 14:50:00+07:00,10.2,10.2,10.2,10.2,100.0
2023-11-23 14:51:00+07:00,10.2,10.2,10.2,10.2,500.0
2023-11-23 14:52:00+07:00,10.2,10.2,10.1,10.1,10100.0
2023-11-23 14:54:00+07:00,10.2,10.2,10.1,10.2,1300.0
2023-11-23 15:03:00+07:00,10.2,10.2,10.2,10.2,100.0
2023-11-23 15:04:00+07:00,10.2,10.2,10.2,10.2,16900.0
2023-11-23 15:06:00+07:00,10.2,10.2,10.2,10.2,42000.0
2023-11-23 15:07:00+07:00,10.2,10.2,10.2,10.2,3700.0
2023-11-23 15:08:00+07:00,10.2,10.2,10.2,10.2,2000.0
2023-11-23 15:10:00+07:00,10.2,10.2,10.2,10.2,2100.0
2023-11-23 15:19:00+07:00,10.2,10.2,10.2,10.2,3400.0
2023-11-23 15:21:00+07:00,10.2,10.2,10.2,10.2,100.0
2023-11-23 15:23:00+07:00,10.1,10.1,10.1,10.1,25400.0
2023-11-23 15:24:00+07:00,10.2,10.2,10.2,10.2,100.0
2023-11-23 15:26:00+07:00,10.2,10.2,10.2,10.2,100.0
2023-11-23 15:27:00+07:00,10.2,10.2,10.2,10.2,1000.0
2023-11-23 15:28:00+07:00,10.2,10.2,10.2,10.2,700.0
2023-11-23 15:30:00+07:00,10.2,10.2,10.2,10.2,100.0
2023-11-23 15:35:00+07:00,10.2,10.2,10.2,10.2,100.0
2023-11-23 15:36:00+07:00,10.2,10.2,10.2,10.2,100.0
2023-11-23 15:37:00+07:00,10.1,10.1,10.1,10.1,4600.0
2023-11-23 15:38:00+07:00,10.1,10.1,10.1,10.1,3500.0
2023-11-23 15:41:00+07:00,10.2,10.2,10.2,10.2,3000.0
2023-11-23 15:42:00+07:00,10.2,10.2,10.2,10.2,100.0
2023-11-23 15:48:00+07:00,10.2,10.2,10.2,10.2,200.0
2023-11-23 15:50:00+07:00,10.2,10.2,10.2,10.2,200.0
2023-11-23 15:51:00+07:00,10.2,10.2,10.2,10.2,300.0
2023-11-23 15:58:00+07:00,10.1,10.1,10.1,10.1,190200.0
2023-11-23 16:00:00+07:00,10.1,10.1,10.1,10.1,100.0
2023-11-23 16:01:00+07:00,10.1,10.1,10.1,10.1,2000.0
2023-11-23 16:02:00+07:00,10.2,10.2,10.2,10.2,1000.0
2023-11-23 16:04:00+07:00,10.2,10.2,10.2,10.2,700.0
2023-11-23 16:11:00+07:00,10.1,10.2,10.1,10.2,8100.0
2023-11-23 16:13:00+07:00,10.2,10.2,10.2,10.2,100.0
2023-11-23 16:14:00+07:00,10.2,10.2,10.2,10.2,100.0
2023-11-23 16:15:00+07:00,10.1,10.2,10.1,10.2,13900.0
2023-11-23 16:17:00+07:00,10.2,10.2,10.2,10.2,1000.0
2023-11-23 16:18:00+07:00,10.2,10.2,10.2,10.2,200.0
2023-11-23 16:21:00+07:00,10.2,10.2,10.2,10.2,11700.0
2023-11-23 16:25:00+07:00,10.2,10.2,10.2,10.2,100.0
2023-11-23 16:29:00+07:00,10.1,10.2,10.1,10.2,2700.0
2023-11-23 16:38:00+07:00,10.2,10.2,10.2,10.2,621600.0
2023-11-24 09:59:00+07:00,10.1,10.1,10.1,10.1,199700.0
2023-11-24 10:01:00+07:00,10.2,10.2,10.2,10.2,700.0
2023-11-24 10:02:00+07:00,10.1,10.1,10.1,10.1,761600.0
2023-11-24 10:03:00+07:00,10.1,10.1,10.1,10.1,4200.0
2023-11-24 10:04:00+07:00,10.1,10.1,10.1,10.1,16100.0
2023-11-24 10:05:00+07:00,10.1,10.1,10.1,10.1,19200.0
2023-11-24 10:06:00+07:00,10.1,10.1,10.1,10.1,94300.0
2023-11-24 10:07:00+07:00,10.1,10.1,10.1,10.1,56500.0
2023-11-24 10:08:00+07:00,10.1,10.1,10.1,10.1,3300.0
2023-11-24 10:09:00+07:00,10.1,10.1,10.1,10.1,30100.0
2023-11-24 10:10:00+07:00,10.1,10.1,10.1,10.1,300600.0
2023-11-24 10:13:00+07:00,10.1,10.1,10.1,10.1,126300.0
2023-11-24 10:14:00+07:00,10.1,10.1,10.1,10.1,158200.0
2023-11-24 10:15:00+07:00,10.1,10.1,10.1,10.1,7500.0
2023-11-24 10:16:00+07:00,10.1,10.1,10.1,10.1,15200.0
2023-11-24 10:17:00+07:00,10.1,10.1,10.1,10.1,117400.0
2023-11-24 10:19:00+07:00,10.1,10.1,10.1,10.1,69500.0
2023-11-24 10:20:00+07:00,10.1,10.1,10.1,10.1,900.0
2023-11-24 10:21:00+07:00,10.1,10.1,10.0,10.1,600.0
2023-11-24 10:22:00+07:00,10.1,10.1,10.1,10.1,52300.0
2023-11-24 10:23:00+07:00,10.1,10.1,10.1,10.1,11500.0
2023-11-24 10:24:00+07:00,10.1,10.1,10.1,10.1,5900.0
2023-11-24 10:25:00+07:00,10.1,10.1,10.1,10.1,12100.0
2023-11-24 10:26:00+07:00,10.1,10.1,10.1,10.1,1300.0
2023-11-24 10:28:00+07:00,10.1,10.1,10.1,10.1,200.0
2023-11-24 10:29:00+07:00,10.1,10.1,10.1,10.1,41300.0
2023-11-24 10:30:00+07:00,10.1,10.1,10.1,10.1,8500.0
2023-11-24 10:31:00+07:00,10.1,10.1,10.1,10.1,4800.0
2023-11-24 10:32:00+07:00,10.1,10.1,10.1,10.1,300.0
2023-11-24 10:33:00+07:00,10.1,10.1,10.1,10.1,4600.0
2023-11-24 10:34:00+07:00,10.1,10.1,10.1,10.1,1600.0
2023-11-24 10:35:00+07:00,10.1,10.1,10.1,10.1,11600.0
2023-11-24 10:36:00+07:00,10.1,10.1,10.1,10.1,800.0
2023-11-24 10:37:00+07:00,10.1,10.1,10.1,10.1,1100.0
2023-11-24 10:39:00+07:00,10.1,10.1,10.1,10.1,5300.0
2023-11-24 10:40:00+07:00,10.1,10.1,10.1,10.1,43300.0
2023-11-24 10:42:00+07:00,10.1,10.1,10.1,10.1,1200.0
2023-11-24 10:44:00+07:00,10.1,10.1,10.1,10.1,900.0
2023-11-24 10:45:00+07:00,10.1,10.1,10.1,10.1,7000.0
2023-11-24 10:46:00+07:00,10.1,10.1,10.1,10.1,3000.0
2023-11-24 10:47:00+07:00,10.1,10.1,10.1,10.1,200.0
2023-11-24 10:48:00+07:00,10.1,10.1,10.1,10.1,100.0
2023-11-24 10:49:00+07:00,10.1,10.1,10.1,10.1,4100.0
2023-11-24 10:50:00+07:00,10.1,10.1,10.1,10.1,1800.0
2023-11-24 10:51:00+07:00,10.1,10.1,10.0,10.1,15900.0
2023-11-24 10:52:00+07:00,10.1,10.1,10.0,10.0,11000.0
2023-11-24 10:53:00+07:00,10.0,10.0,10.0,10.0,100.0
2023-11-24 10:54:00+07:00,10.1,10.1,10.1,10.1,200.0
2023-11-24 10:55:00+07:00,10.1,10.1,10.1,10.1,600.0
2023-11-24 10:56:00+07:00,10.1,10.1,10.1,10.1,2200.0
2023-11-24 10:57:00+07:00,10.1,10.1,10.1,10.1,2000.0
2023-11-24 10:59:00+07:00,10.1,10.1,10.1,10.1,7200.0
2023-11-24 11:00:00+07:00,10.1,10.1,10.1,10.1,2000.0
2023-11-24 11:02:00+07:00,10.1,10.1,10.1,10.1,100.0
2023-11-24 11:03:00+07:00,10.1,10.1,10.1,10.1,200.0
2023-11-24 11:05:00+07:00,10.1,10.1,10.1,10.1,400.0
2023-11-24 11:07:00+07:00,10.1,10.1,10.1,10.1,200.0
2023-11-24 11:08:00+07:00,10.1,10.1,10.1,10.1,1400.0
2023-11-24 11:10:00+07:00,10.1,10.1,10.1,10.1,10300.0
2023-11-24 11:11:00+07:00,10.1,10.1,10.1,10.1,10100.0
2023-11-24 11:14:00+07:00,10.1,10.1,10.1,10.1,3400.0
2023-11-24 11:16:00+07:00,10.1,10.1,10.1,10.1,100.0
2023-11-24 11:17:00+07:00,10.1,10.1,10.1,10.1,200.0
2023-11-24 11:18:00+07:00,10.1,10.1,10.1,10.1,200.0
2023-11-24 11:19:00+07:00,10.0,10.0,10.0,10.0,14200.0
2023-11-24 11:20:00+07:00,10.0,10.1,10.0,10.1,1500.0
2023-11-24 11:21:00+07:00,10.1,10.1,10.1,10.1,100.0
2023-11-24 11:22:00+07:00,10.0,10.0,10.0,10.0,600.0
2023-11-24 11:23:00+07:00,10.1,10.1,10.1,10.1,600.0
2023-11-24 11:24:00+07:00,10.1,10.1,10.1,10.1,3900.0
2023-11-24 11:26:00+07:00,10.1,10.1,10.1,10.1,1200.0
2023-11-24 11:32:00+07:00,10.1,10.1,10.1,10.1,2500.0
2023-11-24 11:33:00+07:00,10.1,10.1,10.1,10.1,6000.0
2023-11-24 11:34:00+07:00,10.1,10.1,10.1,10.1,5700.0
2023-11-24 11:41:00+07:00,10.1,10.1,10.1,10.1,500.0
2023-11-24 11:42:00+07:00,10.1,10.1,10.1,10.1,1000.0
2023-11-24 11:43:00+07:00,10.1,10.1,10.1,10.1,100.0
2023-11-24 11:44:00+07:00,10.1,10.1,10.1,10.1,2900.0
2023-11-24 11:45:00+07:00,10.0,10.1,10.0,10.1,9700.0
2023-11-24 11:46:00+07:00,10.1,10.1,10.0,10.1,104200.0
2023-11-24 11:47:00+07:00,10.1,10.1,10.1,10.1,2000.0
2023-11-24 11:48:00+07:00,10.1,10.1,10.1,10.1,1200.0
2023-11-24 11:50:00+07:00,10.1,10.1,10.1,10.1,400.0
2023-11-24 11:51:00+07:00,10.0,10.0,10.0,10.0,3900.0
2023-11-24 11:55:00+07:00,10.1,10.1,10.0,10.0,400.0
2023-11-24 11:59:00+07:00,10.0,10.1,10.0,10.1,13500.0
2023-11-24 12:00:00+07:00,10.0,10.0,10.0,10.0,300.0
2023-11-24 12:02:00+07:00,10.1,10.1,10.1,10.1,100.0
2023-11-24 12:03:00+07:00,10.0,10.0,10.0,10.0,300.0
2023-11-24 12:05:00+07:00,10.0,10.0,10.0,10.0,300.0
2023-11-24 12:08:00+07:00,10.0,10.0,10.0,10.0,300.0
2023-11-24 12:10:00+07:00,10.0,10.0,10.0,10.0,3900.0
2023-11-24 12:12:00+07:00,10.0,10.0,10.0,10.0,300.0
2023-11-24 12:14:00+07:00,10.0,10.1,10.0,10.1,37000.0
2023-11-24 12:15:00+07:00,10.1,10.1,10.0,10.0,1300.0
2023-11-24 12:16:00+07:00,10.1,10.1,10.1,10.1,2000.0
2023-11-24 12:17:00+07:00,10.0,10.0,10.0,10.0,7600.0
2023-11-24 12:18:00+07:00,10.0,10.0,10.0,10.0,300.0
2023-11-24 12:19:00+07:00,10.1,10.1,10.1,10.1,3300.0
2023-11-24 12:20:00+07:00,10.1,10.1,10.0,10.0,900.0
2023-11-24 12:21:00+07:00,10.1,10.1,10.1,10.1,300.0
2023-11-24 12:23:00+07:00,10.0,10.1,10.0,10.1,4500.0
2023-11-24 12:24:00+07:00,10.1,10.1,10.0,10.0,400.0
2023-11-24 12:25:00+07:00,10.1,10.1,10.1,10.1,3000.0
2023-11-24 12:26:00+07:00,10.1,10.1,10.0,10.0,3700.0
2023-11-24 12:27:00+07:00,10.1,10.1,10.1,10.1,300.0
2023-11-24 12:29:00+07:00,10.1,10.1,10.1,10.1,200.0
2023-11-24 14:28:00+07:00,10.1,10.2,10.1,10.1,683400.0
2023-11-24 14:30:00+07:00,10.1,10.1,10.1,10.1,2300.0
2023-11-24 14:32:00+07:00,10.1,10.1,10.1,10.1,4000.0
2023-11-24 14:35:00+07:00,10.1,10.1,10.1,10.1,300.0
2023-11-24 14:36:00+07:00,10.1,10.1,10.1,10.1,15300.0
2023-11-24 14:37:00+07:00,10.1,10.1,10.1,10.1,700.0
2023-11-24 14:38:00+07:00,10.1,10.1,10.1,10.1,300.0
2023-11-24 14:39:00+07:00,10.1,10.1,10.1,10.1,300.0
2023-11-24 14:40:00+07:00,10.1,10.1,10.1,10.1,300.0
2023-11-24 14:41:00+07:00,10.1,10.1,10.1,10.1,334200.0
2023-11-24 14:42:00+07:00,10.0,10.0,10.0,10.0,300.0
2023-11-24 14:43:00+07:00,10.1,10.1,10.0,10.0,600.0
2023-11-24 14:44:00+07:00,10.1,10.1,10.1,10.1,1500.0
2023-11-24 14:45:00+07:00,10.1,10.1,10.0,10.0,500.0
2023-11-24 14:47:00+07:00,10.1,10.1,10.1,10.1,1500.0
2023-11-24 14:48:00+07:00,10.0,10.0,10.0,10.0,300.0
2023-11-24 14:49:00+07:00,10.1,10.1,10.0,10.0,1300.0
2023-11-24 14:51:00+07:00,10.1,10.1,10.1,10.1,100.0
2023-11-24 14:52:00+07:00,10.1,10.1,10.1,10.1,10100.0
2023-11-24 14:53:00+07:00,10.1,10.1,10.0,10.0,1300.0
2023-11-24 14:54:00+07:00,10.1,10.1,10.1,10.1,500.0
2023-11-24 14:55:00+07:00,10.1,10.1,10.1,10.1,200.0
2023-11-24 14:56:00+07:00,10.0,10.0,10.0,10.0,100.0
2023-11-24 14:57:00+07:00,10.0,10.0,10.0,10.0,300.0
2023-11-24 14:58:00+07:00,10.1,10.1,10.1,10.1,1300.0
2023-11-24 14:59:00+07:00,10.0,10.0,10.0,10.0,300.0
2023-11-24 15:00:00+07:00,10.1,10.1,10.1,10.1,500.0
2023-11-24 15:01:00+07:00,10.1,10.1,10.0,10.0,800.0
2023-11-24 15:02:00+07:00,10.0,10.0,10.0,10.0,10300.0
2023-11-24 15:04:00+07:00,10.0,10.0,10.0,10.0,300.0
2023-11-24 15:07:00+07:00,10.0,10.0,10.0,10.0,300.0
2023-11-24 15:08:00+07:00,10.0,10.0,10.0,10.0,3200.0
2023-11-24 15:09:00+07:00,10.0,10.0,10.0,10.0,1300.0
2023-11-24 15:10:00+07:00,10.1,10.1,10.1,10.1,3000.0
2023-11-24 15:11:00+07:00,10.1,10.1,10.0,10.0,2200.0
2023-11-24 15:15:00+07:00,10.0,10.0,10.0,10.0,3600.0
2023-11-24 15:17:00+07:00,10.0,10.0,10.0,10.0,300.0
2023-11-24 15:19:00+07:00,10.0,10.0,10.0,10.0,300.0
2023-11-24 15:22:00+07:00,10.1,10.1,10.0,10.0,4900.0
2023-11-24 15:23:00+07:00,10.0,10.0,10.0,10.0,4000.0
2023-11-24 15:25:00+07:00,10.0,10.1,10.0,10.1,100300.0
2023-11-24 15:26:00+07:00,10.1,10.1,10.1,10.1,300.0
2023-11-24 15:27:00+07:00,10.1,10.1,10.1,10.1,6000.0
2023-11-24 15:28:00+07:00,10.1,10.1,10.0,10.0,5800.0
2023-11-24 15:30:00+07:00,10.0,10.0,10.0,10.0,3400.0
2023-11-24 15:32:00+07:00,10.0,10.0,10.0,10.0,300.0
2023-11-24 15:33:00+07:00,10.1,10.1,10.1,10.1,5000.0
2023-11-24 15:34:00+07:00,10.0,10.0,10.0,10.0,300.0
2023-11-24 15:35:00+07:00,10.0,10.0,10.0,10.0,100.0
2023-11-24 15:37:00+07:00,10.0,10.1,10.0,10.1,500.0
2023-11-24 15:38:00+07:00,10.1,10.1,10.1,10.1,300.0
2023-11-24 15:39:00+07:00,10.0,10.0,10.0,10.0,3800.0
2023-11-24 15:40:00+07:00,10.1,10.1,10.1,10.1,100.0
2023-11-24 15:41:00+07:00,10.1,10.1,10.0,10.0,800.0
2023-11-24 15:43:00+07:00,10.1,10.1,10.0,10.0,2600.0
2023-11-24 15:44:00+07:00,10.1,10.1,10.1,10.1,600.0
2023-11-24 15:45:00+07:00,10.0,10.1,10.0,10.1,600.0
2023-11-24 15:46:00+07:00,10.1,10.1,10.1,10.1,1000.0
2023-11-24 15:47:00+07:00,10.0,10.1,10.0,10.1,400.0
2023-11-24 15:49:00+07:00,10.1,10.1,10.1,10.1,500.0
2023-11-24 15:50:00+07:00,10.1,10.1,10.1,10.1,100.0
2023-11-24 15:52:00+07:00,10.1,10.1,10.1,10.1,100.0
2023-11-24 15:53:00+07:00,10.0,10.0,10.0,10.0,3500.0
2023-11-24 15:54:00+07:00,10.1,10.1,10.1,10.1,8000.0
2023-11-24 15:55:00+07:00,10.1,10.1,10.0,10.0,10800.0
2023-11-24 15:56:00+07:00,10.0,10.1,10.0,10.1,2000.0
2023-11-24 15:57:00+07:00,10.0,10.0,10.0,10.0,3400.0
2023-11-24 15:58:00+07:00,10.1,10.1,10.1,10.1,100.0
2023-11-24 15:59:00+07:00,10.0,10.0,10.0,10.0,200300.0
2023-11-24 16:00:00+07:00,10.0,10.0,10.0,10.0,100.0
2023-11-24 16:01:00+07:00,10.0,10.1,10.0,10.0,3900.0
2023-11-24 16:02:00+07:00,10.1,10.1,10.1,10.1,200.0
2023-11-24 16:04:00+07:00,10.0,10.0,10.0,10.0,2300.0
2023-11-24 16:05:00+07:00,10.1,10.1,10.1,10.1,400.0
2023-11-24 16:06:00+07:00,10.1,10.1,10.1,10.1,15900.0
2023-11-24 16:07:00+07:00,10.1,10.1,10.1,10.1,17100.0
2023-11-24 16:08:00+07:00,10.0,10.1,10.0,10.1,16400.0
2023-11-24 16:09:00+07:00,10.1,10.1,10.0,10.1,33700.0
2023-11-24 16:10:00+07:00,10.1,10.1,10.1,10.1,1600.0
2023-11-24 16:11:00+07:00,10.1,10.1,10.1,10.1,27600.0
2023-11-24 16:12:00+07:00,10.1,10.1,10.0,10.1,14700.0
2023-11-24 16:13:00+07:00,10.1,10.1,10.1,10.1,27900.0
2023-11-24 16:14:00+07:00,10.1,10.1,10.1,10.1,40600.0
2023-11-24 16:15:00+07:00,10.1,10.1,10.1,10.1,25000.0
2023-11-24 16:16:00+07:00,10.1,10.1,10.0,10.0,20800.0
2023-11-24 16:17:00+07:00,10.1,10.1,10.0,10.1,13500.0
2023-11-24 16:18:00+07:00,10.1,10.1,10.0,10.1,6700.0
2023-11-24 16:19:00+07:00,10.1,10.1,10.0,10.1,74300.0
2023-11-24 16:20:00+07:00,10.1,10.1,10.1,10.1,700.0
2023-11-24 16:21:00+07:00,10.1,10.1,10.1,10.1,27500.0
2023-11-24 16:22:00+07:00,10.0,10.1,10.0,10.1,1400.0
2023-11-24 16:23:00+07:00,10.1,10.1,10.1,10.1,25500.0
2023-11-24 16:24:00+07:00,10.0,10.1,10.0,10.1,17500.0
2023-11-24 16:25:00+07:00,10.1,10.1,10.1,10.1,28000.0
2023-11-24 16:26:00+07:00,10.0,10.1,10.0,10.1,2700.0
2023-11-24 16:27:00+07:00,10.1,10.1,10.1,10.1,21700.0
2023-11-24 16:28:00+07:00,10.1,10.1,10.0,10.0,27700.0
2023-11-24 16:29:00+07:00,10.0,10.1,10.0,10.0,34600.0
2023-11-24 16:35:00+07:00,10.0,10.0,10.0,10.0,1152800.0
2023-11-27 09:55:00+07:00,10.0,10.0,10.0,10.0,891400.0
2023-11-27 09:56:00+07:00,10.0,10.0,10.0,10.0,1400.0
2023-11-27 09:57:00+07:00,10.0,10.0,10.0,10.0,10600.0
2023-11-27 09:58:00+07:00,10.0,10.0,9.95,10.0,211800.0
2023-11-27 09:59:00+07:00,9.95,10.0,9.95,10.0,28400.0
2023-11-27 10:00:00+07:00,10.0,10.0,10.0,10.0,4500.0
2023-11-27 10:01:00+07:00,10.0,10.0,10.0,10.0,56300.0
2023-11-27 10:02:00+07:00,10.0,10.0,10.0,10.0,2200.0
2023-11-27 10:03:00+07:00,10.0,10.0,9.95,10.0,7100.0
2023-11-27 10:04:00+07:00,10.0,10.0,10.0,10.0,500.0
2023-11-27 10:05:00+07:00,10.0,10.0,9.95,9.95,2500.0
2023-11-27 10:06:00+07:00,10.0,10.0,10.0,10.0,600.0
2023-11-27 10:07:00+07:00,10.0,10.0,9.95,9.95,39700.0
2023-11-27 10:08:00+07:00,10.0,10.0,10.0,10.0,600.0
2023-11-27 10:09:00+07:00,10.0,10.0,9.95,9.95,1100.0
2023-11-27 10:10:00+07:00,10.0,10.0,10.0,10.0,1300.0
2023-11-27 10:11:00+07:00,10.0,10.0,9.95,10.0,6300.0
2023-11-27 10:12:00+07:00,10.0,10.0,10.0,10.0,10000.0
2023-11-27 10:14:00+07:00,10.0,10.0,10.0,10.0,2900.0
2023-11-27 10:15:00+07:00,10.0,10.0,10.0,10.0,3600.0
2023-11-27 10:16:00+07:00,10.0,10.0,9.95,10.0,16200.0
2023-11-27 10:17:00+07:00,10.0,10.0,10.0,10.0,800.0
2023-11-27 10:18:00+07:00,10.0,10.0,10.0,10.0,3700.0
2023-11-27 10:19:00+07:00,10.0,10.0,10.0,10.0,200.0
2023-11-27 10:20:00+07:00,10.0,10.0,10.0,10.0,19600.0
2023-11-27 10:21:00+07:00,10.0,10.0,10.0,10.0,14600.0
2023-11-27 10:22:00+07:00,10.0,10.0,10.0,10.0,6000.0
2023-11-27 10:23:00+07:00,10.0,10.0,10.0,10.0,300.0
2023-11-27 10:24:00+07:00,10.0,10.0,10.0,10.0,2100.0
2023-11-27 10:25:00+07:00,10.0,10.0,10.0,10.0,100.0
2023-11-27 10:27:00+07:00,10.0,10.0,9.95,9.95,4800.0
2023-11-27 10:29:00+07:00,10.0,10.0,10.0,10.0,2200.0
2023-11-27 10:30:00+07:00,10.0,10.0,10.0,10.0,4800.0
2023-11-27 10:31:00+07:00,10.0,10.0,10.0,10.0,4600.0
2023-11-27 10:32:00+07:00,9.95,9.95,9.95,9.95,23800.0
2023-11-27 10:33:00+07:00,9.95,9.95,9.95,9.95,14700.0
2023-11-27 10:34:00+07:00,10.0,10.0,9.95,10.0,52500.0
2023-11-27 10:35:00+07:00,9.95,10.0,9.95,9.95,96100.0
2023-11-27 10:36:00+07:00,9.95,9.95,9.95,9.95,11100.0
2023-11-27 10:37:00+07:00,9.95,9.95,9.95,9.95,700.0
2023-11-27 10:38:00+07:00,9.95,9.95,9.95,9.95,294900.0
2023-11-27 10:39:00+07:00,9.95,9.95,9.95,9.95,402300.0
2023-11-27 10:40:00+07:00,9.95,9.95,9.95,9.95,75200.0
2023-11-27 10:41:00+07:00,9.95,9.95,9.95,9.95,5300.0
2023-11-27 10:42:00+07:00,9.95,9.95,9.9,9.9,265700.0
2023-11-27 10:43:00+07:00,9.9,9.95,9.9,9.95,310300.0
2023-11-27 10:44:00+07:00,9.95,9.95,9.95,9.95,6500.0
2023-11-27 10:45:00+07:00,10.0,10.0,9.95,9.95,11400.0
2023-11-27 10:46:00+07:00,9.95,10.0,9.95,10.0,1300.0
2023-11-27 10:47:00+07:00,10.0,10.0,10.0,10.0,1100.0
2023-11-27 10:48:00+07:00,10.0,10.0,10.0,10.0,600.0
2023-11-27 10:49:00+07:00,10.0,10.0,10.0,10.0,1800.0
2023-11-27 10:50:00+07:00,10.0,10.0,10.0,10.0,300.0
2023-11-27 10:52:00+07:00,10.0,10.0,10.0,10.0,5000.0
2023-11-27 10:54:00+07:00,10.0,10.0,10.0,10.0,24000.0
2023-11-27 10:55:00+07:00,10.0,10.0,10.0,10.0,1200.0
2023-11-27 10:56:00+07:00,10.0,10.0,10.0,10.0,1300.0
2023-11-27 10:57:00+07:00,10.0,10.0,10.0,10.0,1400.0
2023-11-27 10:58:00+07:00,10.0,10.0,10.0,10.0,600.0
2023-11-27 10:59:00+07:00,9.95,9.95,9.95,9.95,200.0
2023-11-27 11:00:00+07:00,10.0,10.0,9.95,9.95,6200.0
2023-11-27 11:01:00+07:00,10.0,10.0,9.95,9.95,1400.0
2023-11-27 11:02:00+07:00,10.0,10.0,10.0,10.0,2500.0
2023-11-27 11:03:00+07:00,10.0,10.0,10.0,10.0,13100.0
2023-11-27 11:04:00+07:00,10.0,10.0,10.0,10.0,200.0
2023-11-27 11:06:00+07:00,10.0,10.0,10.0,10.0,3800.0
2023-11-27 11:09:00+07:00,10.0,10.0,10.0,10.0,2100.0
2023-11-27 11:10:00+07:00,10.0,10.0,10.0,10.0,538300.0
2023-11-27 11:11:00+07:00,10.0,10.0,10.0,10.0,500.0
2023-11-27 11:13:00+07:00,10.0,10.0,10.0,10.0,3000.0
2023-11-27 11:14:00+07:00,10.0,10.0,10.0,10.0,500.0
2023-11-27 11:18:00+07:00,10.0,10.0,10.0,10.0,30300.0
2023-11-27 11:23:00+07:00,10.0,10.0,10.0,10.0,266100.0
2023-11-27 11:24:00+07:00,10.0,10.1,10.0,10.1,2900.0
2023-11-27 11:26:00+07:00,10.0,10.0,10.0,10.0,6100.0
2023-11-27 11:28:00+07:00,10.0,10.0,10.0,10.0,1500.0
2023-11-27 11:30:00+07:00,10.0,10.0,10.0,10.0,1700.0
2023-11-27 11:32:00+07:00,10.0,10.0,10.0,10.0,3500.0
2023-11-27 11:36:00+07:00,10.0,10.0,10.0,10.0,100000.0
2023-11-27 11:38:00+07:00,10.0,10.0,10.0,10.0,200.0
2023-11-27 11:39:00+07:00,10.0,10.0,10.0,10.0,4000.0
2023-11-27 11:42:00+07:00,10.0,10.0,10.0,10.0,300.0
2023-11-27 11:43:00+07:00,10.1,10.1,10.1,10.1,3200.0
2023-11-27 11:45:00+07:00,10.0,10.0,10.0,10.0,100.0
2023-11-27 11:47:00+07:00,10.0,10.0,10.0,10.0,3200.0
2023-11-27 11:48:00+07:00,10.0,10.0,10.0,10.0,900.0
2023-11-27 11:49:00+07:00,10.0,10.0,10.0,10.0,1400.0
2023-11-27 11:52:00+07:00,10.0,10.0,10.0,10.0,100.0
2023-11-27 11:54:00+07:00,10.0,10.0,10.0,10.0,61500.0
2023-11-27 11:56:00+07:00,10.0,10.0,10.0,10.0,700.0
2023-11-27 12:00:00+07:00,10.1,10.1,10.0,10.0,2000.0
2023-11-27 12:02:00+07:00,10.0,10.0,10.0,10.0,200.0
2023-11-27 12:03:00+07:00,10.0,10.0,10.0,10.0,700.0
2023-11-27 12:04:00+07:00,10.0,10.1,10.0,10.0,6800.0
2023-11-27 12:06:00+07:00,10.0,10.0,10.0,10.0,700.0
2023-11-27 12:07:00+07:00,10.0,10.0,10.0,10.0,500.0
2023-11-27 12:09:00+07:00,10.0,10.1,10.0,10.1,3800.0
2023-11-27 12:10:00+07:00,10.0,10.0,10.0,10.0,500.0
2023-11-27 12:12:00+07:00,10.0,10.0,9.95,10.0,229200.0
2023-11-27 12:13:00+07:00,10.0,10.0,10.0,10.0,200.0
2023-11-27 12:14:00+07:00,10.0,10.0,10.0,10.0,200.0
2023-11-27 12:15:00+07:00,10.0,10.0,10.0,10.0,1900.0
2023-11-27 12:16:00+07:00,9.95,10.0,9.95,10.0,900.0
2023-11-27 12:18:00+07:00,9.95,10.0,9.95,10.0,100400.0
2023-11-27 12:19:00+07:00,10.0,10.0,10.0,10.0,20100.0
2023-11-27 12:20:00+07:00,9.95,10.0,9.95,10.0,3600.0
2023-11-27 12:21:00+07:00,10.0,10.0,10.0,10.0,20500.0
2023-11-27 12:22:00+07:00,9.95,9.95,9.95,9.95,3300.0
2023-11-27 12:23:00+07:00,10.0,10.0,9.95,10.0,2300.0
2023-11-27 12:24:00+07:00,10.0,10.0,10.0,10.0,300.0
2023-11-27 12:25:00+07:00,10.0,10.0,9.95,9.95,800.0
2023-11-27 12:29:00+07:00,10.0,10.0,10.0,10.0,1300.0
2023-11-27 14:25:00+07:00,10.0,10.0,10.0,10.0,548200.0
2023-11-27 14:26:00+07:00,10.0,10.0,10.0,10.0,54300.0
2023-11-27 14:27:00+07:00,10.0,10.0,10.0,10.0,53900.0
2023-11-27 14:28:00+07:00,10.0,10.0,10.0,10.0,1000.0
2023-11-27 14:29:00+07:00,10.0,10.0,10.0,10.0,700.0
2023-11-27 14:31:00+07:00,10.0,10.0,10.0,10.0,700.0
2023-11-27 14:33:00+07:00,10.0,10.1,10.0,10.1,25800.0
2023-11-27 14:34:00+07:00,10.1,10.1,10.1,10.1,7200.0
2023-11-27 14:35:00+07:00,10.0,10.1,10.0,10.1,10100.0
2023-11-27 14:37:00+07:00,10.1,10.1,10.1,10.1,12900.0
2023-11-27 14:38:00+07:00,10.0,10.0,10.0,10.0,2600.0
2023-11-27 14:39:00+07:00,10.1,10.1,10.1,10.1,200.0
2023-11-27 14:40:00+07:00,10.1,10.1,10.0,10.0,24000.0
2023-11-27 14:42:00+07:00,10.1,10.1,10.1,10.1,17400.0
2023-11-27 14:43:00+07:00,10.0,10.0,10.0,10.0,700.0
2023-11-27 14:44:00+07:00,10.1,10.1,10.1,10.1,18000.0
2023-11-27 14:45:00+07:00,10.1,10.1,10.0,10.0,8500.0
2023-11-27 14:47:00+07:00,10.1,10.1,10.0,10.1,19700.0
2023-11-27 14:49:00+07:00,10.1,10.1,10.0,10.0,18100.0
2023-11-27 14:50:00+07:00,10.1,10.1,10.1,10.1,5100.0
2023-11-27 14:52:00+07:00,10.0,10.0,10.0,10.0,700.0
2023-11-27 14:53:00+07:00,10.1,10.1,10.1,10.1,22300.0
2023-11-27 14:55:00+07:00,10.1,10.1,10.0,10.0,19700.0
2023-11-27 14:56:00+07:00,10.0,10.0,10.0,10.0,100.0
2023-11-27 14:57:00+07:00,10.1,10.1,10.1,10.1,17200.0
2023-11-27 14:59:00+07:00,10.1,10.1,10.0,10.0,16700.0
2023-11-27 15:00:00+07:00,10.1,10.1,10.1,10.1,8600.0
2023-11-27 15:01:00+07:00,10.0,10.0,10.0,10.0,3500.0
2023-11-27 15:02:00+07:00,10.1,10.1,10.1,10.1,12800.0
2023-11-27 15:03:00+07:00,10.0,10.0,10.0,10.0,700.0
2023-11-27 15:04:00+07:00,10.1,10.1,10.1,10.1,16500.0
2023-11-27 15:05:00+07:00,10.1,10.1,10.0,10.0,10400.0
2023-11-27 15:06:00+07:00,10.1,10.1,10.1,10.1,3500.0
2023-11-27 15:07:00+07:00,10.1,10.1,10.1,10.1,16100.0
2023-11-27 15:08:00+07:00,10.1,10.1,10.1,10.1,15700.0
2023-11-27 15:09:00+07:00,10.0,10.0,10.0,10.0,700.0
2023-11-27 15:10:00+07:00,10.1,10.1,10.1,10.1,11300.0
2023-11-27 15:11:00+07:00,10.1,10.1,10.0,10.0,8700.0
2023-11-27 15:12:00+07:00,10.1,10.1,10.0,10.0,20200.0
2023-11-27 15:13:00+07:00,10.0,10.1,10.0,10.1,3000.0
2023-11-27 15:14:00+07:00,10.1,10.1,10.1,10.1,16800.0
2023-11-27 15:15:00+07:00,10.1,10.1,10.1,10.1,5600.0
2023-11-27 15:16:00+07:00,10.1,10.1,10.0,10.1,20300.0
2023-11-27 15:17:00+07:00,10.0,10.0,10.0,10.0,700.0
2023-11-27 15:18:00+07:00,10.1,10.1,10.1,10.1,17200.0
2023-11-27 15:19:00+07:00,10.1,10.1,10.1,10.1,5000.0
2023-11-27 15:20:00+07:00,10.1,10.1,10.1,10.1,10500.0
2023-11-27 15:21:00+07:00,10.1,10.1,10.1,10.1,11700.0
2023-11-27 15:22:00+07:00,10.1,10.1,10.0,10.0,15000.0
2023-11-27 15:23:00+07:00,10.0,10.0,10.0,10.0,200.0
2023-11-27 15:24:00+07:00,10.0,10.1,10.0,10.0,23300.0
2023-11-27 15:25:00+07:00,10.1,10.1,10.0,10.0,15500.0
2023-11-27 15:26:00+07:00,10.0,10.1,10.0,10.0,11200.0
2023-11-27 15:27:00+07:00,10.0,10.0,10.0,10.0,100.0
2023-11-27 15:28:00+07:00,10.1,10.1,10.0,10.0,19300.0
2023-11-27 15:30:00+07:00,10.1,10.1,10.0,10.0,22200.0
2023-11-27 15:32:00+07:00,10.1,10.1,10.0,10.0,21000.0
2023-11-27 15:33:00+07:00,10.0,10.0,10.0,10.0,700.0
2023-11-27 15:34:00+07:00,10.1,10.1,10.0,10.0,19800.0
2023-11-27 15:35:00+07:00,10.0,10.1,10.0,10.0,12300.0
2023-11-27 15:36:00+07:00,10.1,10.1,10.0,10.0,17000.0
2023-11-27 15:37:00+07:00,10.0,10.1,10.0,10.0,11300.0
2023-11-27 15:38:00+07:00,10.0,10.1,10.0,10.0,21100.0
2023-11-27 15:39:00+07:00,10.0,10.0,10.0,10.0,700.0
2023-11-27 15:40:00+07:00,10.1,10.1,10.0,10.0,16400.0
2023-11-27 15:41:00+07:00,10.0,10.1,10.0,10.0,35000.0
2023-11-27 15:43:00+07:00,10.1,10.1,10.0,10.0,24600.0
2023-11-27 15:44:00+07:00,10.0,10.0,10.0,10.0,200.0
2023-11-27 15:45:00+07:00,10.1,10.1,10.0,10.0,17100.0
2023-11-27 15:46:00+07:00,10.1,10.1,10.0,10.1,2800.0
2023-11-27 15:47:00+07:00,10.1,10.1,10.0,10.1,19200.0
2023-11-27 15:48:00+07:00,10.1,10.1,10.0,10.0,18400.0
2023-11-27 15:49:00+07:00,10.0,10.0,10.0,10.0,66000.0
2023-11-27 15:50:00+07:00,10.1,10.1,10.0,10.0,7200.0
2023-11-27 15:51:00+07:00,10.0,10.0,10.0,10.0,7500.0
2023-11-27 15:52:00+07:00,10.1,10.1,10.0,10.0,20300.0
2023-11-27 15:54:00+07:00,10.1,10.1,10.0,10.0,20700.0
2023-11-27 15:55:00+07:00,10.1,10.1,10.0,10.0,10700.0
2023-11-27 15:57:00+07:00,10.1,10.1,10.0,10.0,23800.0
2023-11-27 15:58:00+07:00,10.0,10.0,10.0,10.0,700.0
2023-11-27 15:59:00+07:00,10.1,10.1,10.0,10.0,145300.0
2023-11-27 16:00:00+07:00,10.1,10.1,10.0,10.0,10500.0
2023-11-27 16:01:00+07:00,10.1,10.1,10.0,10.0,12000.0
2023-11-27 16:02:00+07:00,10.0,10.0,10.0,10.0,2500.0
2023-11-27 16:03:00+07:00,10.1,10.1,10.0,10.0,21200.0
2023-11-27 16:05:00+07:00,10.1,10.1,10.0,10.0,19600.0
2023-11-27 16:07:00+07:00,10.1,10.1,10.0,10.0,21200.0
2023-11-27 16:08:00+07:00,10.1,10.1,10.0,10.0,17500.0
2023-11-27 16:10:00+07:00,10.1,10.1,10.0,10.1,16200.0
2023-11-27 16:11:00+07:00,10.1,10.1,10.1,10.1,2000.0
2023-11-27 16:12:00+07:00,10.1,10.1,10.0,10.0,21400.0
2023-11-27 16:13:00+07:00,10.1,10.1,10.1,10.1,15800.0
2023-11-27 16:14:00+07:00,10.0,10.0,10.0,10.0,4000.0
2023-11-27 16:15:00+07:00,10.0,10.1,10.0,10.1,16500.0
2023-11-27 16:17:00+07:00,10.1,10.1,10.0,10.0,18600.0
2023-11-27 16:18:00+07:00,10.0,10.0,10.0,10.0,3000.0
2023-11-27 16:19:00+07:00,10.1,10.1,10.0,10.0,17700.0
2023-11-27 16:20:00+07:00,10.1,10.1,10.1,10.1,11900.0
2023-11-27 16:21:00+07:00,10.0,10.0,10.0,10.0,1500.0
2023-11-27 16:22:00+07:00,10.1,10.1,10.0,10.0,18400.0
2023-11-27 16:24:00+07:00,10.1,10.1,10.1,10.1,17800.0
2023-11-27 16:25:00+07:00,10.1,10.1,10.0,10.0,9000.0
2023-11-27 16:26:00+07:00,10.1,10.1,10.1,10.1,15400.0
2023-11-27 16:27:00+07:00,10.0,10.1,10.0,10.1,1000.0
2023-11-27 16:28:00+07:00,10.0,10.1,10.0,10.0,228700.0
2023-11-27 16:29:00+07:00,10.0,10.1,10.0,10.0,38300.0
2023-11-27 16:35:00+07:00,10.0,10.0,10.0,10.0,687100.0
2023-11-28 09:59:00+07:00,10.0,10.1,10.0,10.1,236800.0
2023-11-28 10:02:00+07:00,10.1,10.1,10.1,10.1,1000.0
2023-11-28 10:03:00+07:00,10.0,10.0,10.0,10.0,42100.0
2023-11-28 10:04:00+07:00,10.0,10.0,10.0,10.0,325100.0
2023-11-28 10:05:00+07:00,10.0,10.0,10.0,10.0,3000.0
2023-11-28 10:07:00+07:00,10.1,10.1,10.1,10.1,100.0
2023-11-28 10:08:00+07:00,10.0,10.0,10.0,10.0,1000.0
2023-11-28 10:10:00+07:00,10.0,10.0,10.0,10.0,500.0
2023-11-28 10:12:00+07:00,10.0,10.0,10.0,10.0,11100.0
2023-11-28 10:13:00+07:00,10.0,10.0,10.0,10.0,1300.0
2023-11-28 10:15:00+07:00,10.0,10.0,10.0,10.0,1000.0
2023-11-28 10:16:00+07:00,10.0,10.0,10.0,10.0,300.0
2023-11-28 10:19:00+07:00,10.1,10.1,10.1,10.1,100.0
2023-11-28 10:24:00+07:00,10.1,10.1,10.1,10.1,100.0
2023-11-28 10:39:00+07:00,10.1,10.1,10.1,10.1,100.0
2023-11-28 10:43:00+07:00,10.1,10.1,10.1,10.1,1000.0
2023-11-28 10:45:00+07:00,10.1,10.1,10.1,10.1,200.0
2023-11-28 10:46:00+07:00,10.1,10.1,10.0,10.0,2200.0
2023-11-28 10:50:00+07:00,10.1,10.1,10.1,10.1,400.0
2023-11-28 10:55:00+07:00,10.1,10.1,10.1,10.1,1000.0
2023-11-28 10:56:00+07:00,10.1,10.1,10.1,10.1,40000.0
2023-11-28 10:57:00+07:00,10.1,10.1,10.1,10.1,2200.0
2023-11-28 10:59:00+07:00,10.1,10.1,10.1,10.1,100.0
2023-11-28 11:00:00+07:00,10.1,10.1,10.1,10.1,300.0
2023-11-28 11:01:00+07:00,10.0,10.0,10.0,10.0,1200.0
2023-11-28 11:02:00+07:00,10.1,10.1,10.1,10.1,18000.0
2023-11-28 11:03:00+07:00,10.0,10.0,10.0,10.0,3000.0
2023-11-28 11:04:00+07:00,10.0,10.0,10.0,10.0,446900.0
2023-11-28 11:05:00+07:00,10.1,10.1,10.0,10.0,4000.0
2023-11-28 11:06:00+07:00,10.0,10.0,10.0,10.0,2200.0
2023-11-28 11:07:00+07:00,10.0,10.1,10.0,10.0,3000.0
2023-11-28 11:08:00+07:00,10.0,10.0,10.0,10.0,1800.0
2023-11-28 11:09:00+07:00,10.0,10.0,10.0,10.0,2400.0
2023-11-28 11:10:00+07:00,10.0,10.0,10.0,10.0,4100.0
2023-11-28 11:11:00+07:00,10.0,10.0,10.0,10.0,9400.0
2023-11-28 11:12:00+07:00,10.0,10.0,10.0,10.0,2600.0
2023-11-28 11:13:00+07:00,10.0,10.0,10.0,10.0,1900.0
2023-11-28 11:14:00+07:00,10.0,10.0,10.0,10.0,3300.0
2023-11-28 11:15:00+07:00,10.0,10.0,10.0,10.0,78500.0
2023-11-28 11:16:00+07:00,10.0,10.0,10.0,10.0,3000.0
2023-11-28 11:17:00+07:00,10.0,10.0,10.0,10.0,1800.0
2023-11-28 11:18:00+07:00,10.0,10.0,10.0,10.0,100.0
2023-11-28 11:20:00+07:00,10.0,10.0,10.0,10.0,1500.0
2023-11-28 11:21:00+07:00,10.0,10.0,10.0,10.0,1100.0
2023-11-28 11:22:00+07:00,10.0,10.0,10.0,10.0,300.0
2023-11-28 11:23:00+07:00,10.0,10.0,10.0,10.0,1000.0
2023-11-28 11:24:00+07:00,10.0,10.0,10.0,10.0,1000.0
2023-11-28 11:28:00+07:00,10.0,10.0,10.0,10.0,4500.0
2023-11-28 11:32:00+07:00,10.0,10.0,10.0,10.0,800.0
2023-11-28 11:33:00+07:00,10.1,10.1,10.1,10.1,100.0
2023-11-28 11:44:00+07:00,10.1,10.1,10.1,10.1,300.0
2023-11-28 11:46:00+07:00,10.0,10.0,10.0,10.0,1300.0
2023-11-28 11:48:00+07:00,10.0,10.0,10.0,10.0,200.0
2023-11-28 11:53:00+07:00,10.0,10.0,10.0,10.0,500.0
2023-11-28 11:54:00+07:00,10.1,10.1,10.1,10.1,2000.0
2023-11-28 11:58:00+07:00,10.0,10.0,10.0,10.0,300.0
2023-11-28 12:00:00+07:00,10.0,10.0,10.0,10.0,54000.0
2023-11-28 12:01:00+07:00,10.0,10.0,10.0,10.0,3300.0
2023-11-28 12:04:00+07:00,10.0,10.0,10.0,10.0,100.0
2023-11-28 12:05:00+07:00,10.1,10.1,10.1,10.1,100.0
2023-11-28 12:06:00+07:00,10.0,10.0,10.0,10.0,800.0
2023-11-28 12:07:00+07:00,10.0,10.0,10.0,10.0,1000.0
2023-11-28 12:11:00+07:00,10.0,10.0,10.0,10.0,21600.0
2023-11-28 12:12:00+07:00,10.0,10.1,10.0,10.0,22800.0
2023-11-28 12:13:00+07:00,10.1,10.1,10.0,10.0,11200.0
2023-11-28 12:17:00+07:00,10.1,10.1,10.1,10.1,100.0
2023-11-28 12:23:00+07:00,10.1,10.1,10.1,10.1,1200.0
2023-11-28 12:24:00+07:00,10.0,10.0,10.0,10.0,300.0
2023-11-28 12:26:00+07:00,10.1,10.1,10.0,10.0,800.0
2023-11-28 12:28:00+07:00,10.0,10.0,10.0,10.0,300.0
2023-11-28 12:29:00+07:00,10.0,10.1,10.0,10.1,600.0
2023-11-28 14:25:00+07:00,10.0,10.0,10.0,10.0,54700.0
2023-11-28 14:32:00+07:00,10.1,10.1,10.1,10.1,14300.0
2023-11-28 14:33:00+07:00,10.1,10.1,10.1,10.1,15900.0
2023-11-28 14:34:00+07:00,10.1,10.1,10.1,10.1,18100.0
2023-11-28 14:35:00+07:00,10.1,10.1,10.1,10.1,10200.0
2023-11-28 14:36:00+07:00,10.1,10.1,10.1,10.1,20500.0
2023-11-28 14:37:00+07:00,10.1,10.1,10.1,10.1,18000.0
2023-11-28 14:38:00+07:00,10.0,10.1,10.0,10.0,14400.0
2023-11-28 14:40:00+07:00,10.1,10.1,10.0,10.0,62800.0
2023-11-28 14:41:00+07:00,10.0,10.1,10.0,10.1,23400.0
2023-11-28 14:42:00+07:00,10.1,10.1,10.0,10.0,12700.0
2023-11-28 14:43:00+07:00,10.1,10.1,10.0,10.0,13000.0
2023-11-28 14:44:00+07:00,10.0,10.0,10.0,10.0,700.0
2023-11-28 14:45:00+07:00,10.1,10.1,10.0,10.1,13000.0
2023-11-28 14:46:00+07:00,10.1,10.1,10.0,10.1,2100.0
2023-11-28 14:47:00+07:00,10.1,10.1,10.0,10.0,18100.0
2023-11-28 14:48:00+07:00,10.1,10.1,10.0,10.0,4700.0
2023-11-28 14:49:00+07:00,10.1,10.1,10.0,10.0,18400.0
2023-11-28 14:50:00+07:00,10.1,10.1,10.0,10.0,17900.0
2023-11-28 14:51:00+07:00,10.0,10.0,10.0,10.0,2000.0
2023-11-28 14:52:00+07:00,10.1,10.1,10.0,10.0,19000.0
2023-11-28 14:53:00+07:00,10.0,10.1,10.0,10.1,1800.0
2023-11-28 14:54:00+07:00,10.1,10.1,10.0,10.0,18900.0
2023-11-28 14:55:00+07:00,10.0,10.1,10.0,10.0,6100.0
2023-11-28 14:57:00+07:00,10.1,10.1,10.0,10.0,21400.0
2023-11-28 14:58:00+07:00,10.0,10.0,10.0,10.0,400.0
2023-11-28 14:59:00+07:00,10.1,10.1,10.0,10.0,17200.0
2023-11-28 15:00:00+07:00,10.1,10.1,10.0,10.0,21100.0
2023-11-28 15:01:00+07:00,10.1,10.1,10.0,10.0,200.0
2023-11-28 15:02:00+07:00,10.0,10.1,10.0,10.0,18100.0
2023-11-28 15:03:00+07:00,10.1,10.1,10.1,10.1,200.0
2023-11-28 15:04:00+07:00,10.1,10.1,10.0,10.0,19500.0
2023-11-28 15:05:00+07:00,10.1,10.1,10.0,10.0,10300.0
2023-11-28 15:07:00+07:00,10.1,10.1,10.0,10.1,22200.0
2023-11-28 15:08:00+07:00,10.1,10.1,10.1,10.1,100.0
2023-11-28 15:09:00+07:00,10.1,10.1,10.0,10.0,20400.0
2023-11-28 15:10:00+07:00,10.0,10.1,10.0,10.0,5500.0
2023-11-28 15:12:00+07:00,10.1,10.1,10.0,10.0,23300.0
2023-11-28 15:14:00+07:00,10.1,10.1,10.0,10.0,19700.0
2023-11-28 15:15:00+07:00,10.0,10.1,10.0,10.1,5300.0
2023-11-28 15:16:00+07:00,10.1,10.1,10.0,10.0,9500.0
2023-11-28 15:18:00+07:00,10.1,10.1,10.0,10.0,19500.0
2023-11-28 15:20:00+07:00,10.1,10.1,10.0,10.0,17700.0
2023-11-28 15:21:00+07:00,10.1,10.1,10.0,10.0,10000.0
2023-11-28 15:22:00+07:00,10.1,10.1,10.0,10.0,9400.0
2023-11-28 15:23:00+07:00,10.1,10.1,10.1,10.1,14000.0
2023-11-28 15:24:00+07:00,10.1,10.1,10.1,10.1,6000.0
2023-11-28 15:25:00+07:00,10.1,10.1,10.1,10.1,18200.0
2023-11-28 15:26:00+07:00,10.1,10.1,10.1,10.1,10600.0
2023-11-28 15:27:00+07:00,10.1,10.1,10.1,10.1,42200.0
2023-11-28 15:29:00+07:00,10.0,10.1,10.0,10.1,18000.0
2023-11-28 15:30:00+07:00,10.1,10.1,10.1,10.1,8500.0
2023-11-28 15:31:00+07:00,10.1,10.1,10.1,10.1,5300.0
2023-11-28 15:32:00+07:00,10.1,10.1,10.1,10.1,21500.0
2023-11-28 15:33:00+07:00,10.1,10.1,10.1,10.1,11500.0
2023-11-28 15:34:00+07:00,10.1,10.1,10.1,10.1,200.0
2023-11-28 15:35:00+07:00,10.1,10.1,10.1,10.1,11900.0
2023-11-28 15:36:00+07:00,10.1,10.1,10.1,10.1,400.0
2023-11-28 15:37:00+07:00,10.1,10.1,10.1,10.1,22600.0
2023-11-28 15:38:00+07:00,10.1,10.1,10.1,10.1,200.0
2023-11-28 15:39:00+07:00,10.1,10.1,10.1,10.1,12500.0
2023-11-28 15:40:00+07:00,10.1,10.1,10.1,10.1,12300.0
2023-11-28 15:41:00+07:00,10.1,10.1,10.1,10.1,300.0
2023-11-28 15:42:00+07:00,10.1,10.1,10.1,10.1,13900.0
2023-11-28 15:43:00+07:00,10.1,10.1,10.1,10.1,14600.0
2023-11-28 15:44:00+07:00,10.1,10.1,10.1,10.1,8600.0
2023-11-28 15:45:00+07:00,10.1,10.1,10.1,10.1,8600.0
2023-11-28 15:46:00+07:00,10.1,10.1,10.1,10.1,100.0
2023-11-28 15:47:00+07:00,10.1,10.1,10.1,10.1,25100.0
2023-11-28 15:48:00+07:00,10.1,10.1,10.1,10.1,12300.0
2023-11-28 15:49:00+07:00,10.0,10.1,10.0,10.1,21200.0
2023-11-28 15:50:00+07:00,10.1,10.1,10.1,10.1,12400.0
2023-11-28 15:52:00+07:00,10.1,10.1,10.1,10.1,19900.0
2023-11-28 15:53:00+07:00,10.1,10.1,10.1,10.1,15100.0
2023-11-28 15:54:00+07:00,10.1,10.1,10.1,10.1,100.0
2023-11-28 15:55:00+07:00,10.1,10.1,10.1,10.1,11900.0
2023-11-28 15:56:00+07:00,10.1,10.1,10.1,10.1,200.0
2023-11-28 15:57:00+07:00,10.1,10.1,10.1,10.1,15400.0
2023-11-28 15:58:00+07:00,10.1,10.1,10.0,10.0,50600.0
2023-11-28 15:59:00+07:00,10.1,10.1,10.1,10.1,18900.0
2023-11-28 16:00:00+07:00,10.1,10.1,10.1,10.1,9400.0
2023-11-28 16:01:00+07:00,10.1,10.1,10.1,10.1,100.0
2023-11-28 16:02:00+07:00,10.1,10.1,10.1,10.1,28100.0
2023-11-28 16:04:00+07:00,10.1,10.1,10.1,10.1,17200.0
2023-11-28 16:05:00+07:00,10.1,10.1,10.1,10.1,9200.0
2023-11-28 16:06:00+07:00,10.1,10.1,10.1,10.1,500.0
2023-11-28 16:07:00+07:00,10.1,10.1,10.1,10.1,20000.0
2023-11-28 16:09:00+07:00,10.1,10.1,10.1,10.1,16500.0
2023-11-28 16:10:00+07:00,10.1,10.1,10.0,10.1,13800.0
2023-11-28 16:11:00+07:00,10.1,10.1,10.0,10.0,1100.0
2023-11-28 16:12:00+07:00,10.1,10.1,10.1,10.1,14400.0
2023-11-28 16:15:00+07:00,10.1,10.1,10.1,10.1,21300.0
2023-11-28 16:16:00+07:00,10.1,10.1,10.1,10.1,10900.0
2023-11-28 16:17:00+07:00,10.1,10.1,10.1,10.1,8100.0
2023-11-28 16:19:00+07:00,10.1,10.1,10.1,10.1,20600.0
2023-11-28 16:20:00+07:00,10.1,10.1,10.1,10.1,35000.0
2023-11-28 16:21:00+07:00,10.1,10.1,10.1,10.1,100.0
2023-11-28 16:22:00+07:00,10.1,10.1,10.1,10.1,28000.0
2023-11-28 16:23:00+07:00,10.1,10.1,10.1,10.1,2000.0
2023-11-28 16:24:00+07:00,10.1,10.1,10.1,10.1,21600.0
2023-11-28 16:25:00+07:00,10.1,10.1,10.1,10.1,12800.0
2023-11-28 16:26:00+07:00,10.1,10.1,10.1,10.1,1700.0
2023-11-28 16:27:00+07:00,10.1,10.1,10.1,10.1,48600.0
2023-11-28 16:28:00+07:00,10.1,10.1,10.0,10.0,26100.0
2023-11-28 16:29:00+07:00,10.0,10.1,10.0,10.0,60100.0
2023-11-28 16:37:00+07:00,10.0,10.0,10.0,10.0,1207800.0
2023-11-29 09:55:00+07:00,10.1,10.1,10.1,10.1,93400.0
2023-11-29 10:02:00+07:00,10.0,10.0,10.0,10.0,2000.0
2023-11-29 10:05:00+07:00,10.0,10.0,10.0,10.0,1300.0
2023-11-29 10:09:00+07:00,10.1,10.1,10.1,10.1,100.0
2023-11-29 10:10:00+07:00,10.1,10.1,10.1,10.1,2300.0
2023-11-29 10:11:00+07:00,10.1,10.1,10.1,10.1,900.0
2023-11-29 10:12:00+07:00,10.1,10.1,10.1,10.1,3200.0
2023-11-29 10:14:00+07:00,10.1,10.1,10.1,10.1,5300.0
2023-11-29 10:15:00+07:00,10.1,10.1,10.0,10.0,5500.0
2023-11-29 10:16:00+07:00,10.1,10.1,10.0,10.0,21500.0
2023-11-29 10:17:00+07:00,10.1,10.1,10.1,10.1,16600.0
2023-11-29 10:18:00+07:00,10.1,10.1,10.0,10.0,52000.0
2023-11-29 10:19:00+07:00,10.1,10.1,10.1,10.1,6600.0
2023-11-29 10:20:00+07:00,10.1,10.1,10.1,10.1,3600.0
2023-11-29 10:22:00+07:00,10.1,10.1,10.0,10.0,5600.0
2023-11-29 10:23:00+07:00,10.0,10.1,10.0,10.1,5800.0
2023-11-29 10:24:00+07:00,10.1,10.1,10.1,10.1,500.0
2023-11-29 10:25:00+07:00,10.1,10.1,10.1,10.1,4900.0
2023-11-29 10:26:00+07:00,10.1,10.1,10.1,10.1,100.0
2023-11-29 10:27:00+07:00,10.1,10.1,10.1,10.1,5500.0
2023-11-29 10:28:00+07:00,10.1,10.1,10.1,10.1,200.0
2023-11-29 10:29:00+07:00,10.1,10.1,10.1,10.1,5200.0
2023-11-29 10:30:00+07:00,10.0,10.1,10.0,10.1,6700.0
2023-11-29 10:31:00+07:00,10.1,10.1,10.1,10.1,5900.0
2023-11-29 10:32:00+07:00,10.1,10.1,10.1,10.1,3200.0
2023-11-29 10:33:00+07:00,10.0,10.0,10.0,10.0,41800.0
2023-11-29 10:34:00+07:00,10.0,10.0,10.0,10.0,500.0
2023-11-29 10:35:00+07:00,10.0,10.1,10.0,10.1,10500.0
2023-11-29 10:36:00+07:00,10.1,10.1,10.0,10.0,2800.0
2023-11-29 10:37:00+07:00,10.0,10.1,10.0,10.0,5600.0
2023-11-29 10:38:00+07:00,10.0,10.0,10.0,10.0,1000.0
2023-11-29 10:39:00+07:00,10.1,10.1,10.0,10.0,5600.0
2023-11-29 10:40:00+07:00,10.0,10.1,10.0,10.1,1800.0
2023-11-29 10:42:00+07:00,10.1,10.1,10.1,10.1,5700.0
2023-11-29 10:43:00+07:00,10.1,10.1,10.1,10.1,1000.0
2023-11-29 10:44:00+07:00,10.1,10.1,10.1,10.1,6100.0
2023-11-29 10:45:00+07:00,10.1,10.1,10.1,10.1,3000.0
2023-11-29 10:46:00+07:00,10.1,10.1,10.1,10.1,300.0
2023-11-29 10:47:00+07:00,10.1,10.1,10.1,10.1,5000.0
2023-11-29 10:48:00+07:00,10.1,10.1,10.1,10.1,10000.0
2023-11-29 10:49:00+07:00,10.1,10.1,10.1,10.1,13900.0
2023-11-29 10:50:00+07:00,10.1,10.1,10.1,10.1,10100.0
2023-11-29 10:51:00+07:00,10.1,10.1,10.1,10.1,10100.0
2023-11-29 10:52:00+07:00,10.1,10.1,10.1,10.1,14300.0
2023-11-29 10:53:00+07:00,10.1,10.1,10.0,10.1,5400.0
2023-11-29 10:54:00+07:00,10.1,10.1,10.1,10.1,13500.0
2023-11-29 10:55:00+07:00,10.1,10.1,10.0,10.0,9100.0
2023-11-29 10:56:00+07:00,10.1,10.1,10.1,10.1,16200.0
2023-11-29 10:57:00+07:00,10.1,10.1,10.1,10.1,13800.0
2023-11-29 10:58:00+07:00,10.1,10.1,10.1,10.1,13500.0
2023-11-29 10:59:00+07:00,10.1,10.1,10.1,10.1,34300.0
2023-11-29 11:00:00+07:00,10.1,10.1,10.1,10.1,8500.0
2023-11-29 11:01:00+07:00,10.1,10.1,10.1,10.1,189700.0
2023-11-29 11:02:00+07:00,10.1,10.1,10.1,10.1,1000.0
2023-11-29 11:04:00+07:00,10.1,10.1,10.1,10.1,6900.0
2023-11-29 11:05:00+07:00,10.1,10.1,10.1,10.1,3300.0
2023-11-29 11:06:00+07:00,10.1,10.1,10.1,10.1,10000.0
2023-11-29 11:07:00+07:00,10.1,10.1,10.1,10.1,6600.0
2023-11-29 11:08:00+07:00,10.1,10.1,10.0,10.0,12300.0
2023-11-29 11:09:00+07:00,10.1,10.1,10.1,10.1,10400.0
2023-11-29 11:10:00+07:00,10.1,10.1,10.1,10.1,9400.0
2023-11-29 11:11:00+07:00,10.1,10.1,10.1,10.1,5800.0
2023-11-29 11:12:00+07:00,10.1,10.1,10.1,10.1,10000.0
2023-11-29 11:13:00+07:00,10.1,10.1,10.1,10.1,3600.0
2023-11-29 11:14:00+07:00,10.1,10.1,10.1,10.1,12000.0
2023-11-29 11:15:00+07:00,10.1,10.1,10.1,10.1,9400.0
2023-11-29 11:16:00+07:00,10.1,10.1,10.1,10.1,12700.0
2023-11-29 11:17:00+07:00,10.1,10.1,10.1,10.1,2300.0
2023-11-29 11:18:00+07:00,10.1,10.1,10.1,10.1,15800.0
2023-11-29 11:19:00+07:00,10.1,10.1,10.1,10.1,27600.0
2023-11-29 11:20:00+07:00,10.1,10.1,10.1,10.1,21200.0
2023-11-29 11:21:00+07:00,10.1,10.1,10.1,10.1,41400.0
2023-11-29 11:22:00+07:00,10.1,10.1,10.1,10.1,518800.0
2023-11-29 11:23:00+07:00,10.1,10.1,10.1,10.1,34000.0
2023-11-29 11:24:00+07:00,10.1,10.1,10.1,10.1,8800.0
2023-11-29 11:25:00+07:00,10.1,10.1,10.1,10.1,16100.0
2023-11-29 11:26:00+07:00,10.1,10.1,10.1,10.1,20800.0
2023-11-29 11:27:00+07:00,10.1,10.1,10.1,10.1,14800.0
2023-11-29 11:28:00+07:00,10.1,10.1,10.1,10.1,210600.0
2023-11-29 11:30:00+07:00,10.2,10.2,10.1,10.2,72800.0
2023-11-29 11:31:00+07:00,10.2,10.2,10.2,10.2,86900.0
2023-11-29 11:32:00+07:00,10.1,10.1,10.1,10.1,1000.0
2023-11-29 11:33:00+07:00,10.2,10.2,10.2,10.2,4300.0
2023-11-29 11:35:00+07:00,10.2,10.2,10.2,10.2,5800.0
2023-11-29 11:36:00+07:00,10.1,10.1,10.1,10.1,5000.0
2023-11-29 11:37:00+07:00,10.2,10.2,10.2,10.2,5200.0
2023-11-29 11:38:00+07:00,10.2,10.2,10.2,10.2,500.0
2023-11-29 11:39:00+07:00,10.2,10.2,10.1,10.1,6300.0
2023-11-29 11:40:00+07:00,10.2,10.2,10.2,10.2,1700.0
2023-11-29 11:41:00+07:00,10.2,10.2,10.2,10.2,4000.0
2023-11-29 11:42:00+07:00,10.2,10.2,10.2,10.2,9300.0
2023-11-29 11:43:00+07:00,10.2,10.2,10.2,10.2,13400.0
2023-11-29 11:44:00+07:00,10.2,10.3,10.2,10.3,931400.0
2023-11-29 11:45:00+07:00,10.2,10.3,10.2,10.3,29300.0
2023-11-29 11:46:00+07:00,10.2,10.3,10.2,10.3,143700.0
2023-11-29 11:47:00+07:00,10.3,10.3,10.2,10.2,459000.0
2023-11-29 11:48:00+07:00,10.2,10.2,10.2,10.2,36500.0
2023-11-29 11:49:00+07:00,10.2,10.3,10.2,10.2,494100.0
2023-11-29 11:50:00+07:00,10.3,10.3,10.3,10.3,4200.0
2023-11-29 11:51:00+07:00,10.2,10.2,10.2,10.2,2400.0
2023-11-29 11:52:00+07:00,10.3,10.3,10.2,10.2,6000.0
2023-11-29 11:53:00+07:00,10.2,10.2,10.2,10.2,800.0
2023-11-29 11:54:00+07:00,10.3,10.3,10.3,10.3,8900.0
2023-11-29 11:55:00+07:00,10.3,10.3,10.3,10.3,2300.0
2023-11-29 11:56:00+07:00,10.2,10.2,10.2,10.2,2000.0
2023-11-29 11:57:00+07:00,10.3,10.3,10.2,10.2,7900.0
2023-11-29 11:58:00+07:00,10.2,10.2,10.2,10.2,21100.0
2023-11-29 11:59:00+07:00,10.2,10.3,10.2,10.2,9600.0
2023-11-29 12:00:00+07:00,10.3,10.3,10.2,10.2,11300.0
2023-11-29 12:01:00+07:00,10.3,10.3,10.2,10.2,200900.0
2023-11-29 12:02:00+07:00,10.2,10.2,10.2,10.2,20800.0
2023-11-29 12:03:00+07:00,10.3,10.3,10.3,10.3,8400.0
2023-11-29 12:04:00+07:00,10.3,10.3,10.3,10.3,3200.0
2023-11-29 12:05:00+07:00,10.3,10.3,10.2,10.2,4100.0
2023-11-29 12:06:00+07:00,10.2,10.3,10.2,10.3,10200.0
2023-11-29 12:07:00+07:00,10.3,10.3,10.3,10.3,5200.0
2023-11-29 12:08:00+07:00,10.2,10.2,10.2,10.2,3600.0
2023-11-29 12:09:00+07:00,10.3,10.3,10.2,10.2,5600.0
2023-11-29 12:10:00+07:00,10.3,10.3,10.2,10.3,3500.0
2023-11-29 12:11:00+07:00,10.3,10.3,10.3,10.3,100.0
2023-11-29 12:12:00+07:00,10.3,10.3,10.3,10.3,5600.0
2023-11-29 12:14:00+07:00,10.3,10.3,10.3,10.3,4500.0
2023-11-29 12:15:00+07:00,10.3,10.3,10.2,10.2,38600.0
2023-11-29 12:16:00+07:00,10.3,10.3,10.3,10.3,500.0
2023-11-29 12:17:00+07:00,10.3,10.3,10.3,10.3,200.0
2023-11-29 12:19:00+07:00,10.3,10.3,10.2,10.3,12300.0
2023-11-29 12:20:00+07:00,10.3,10.3,10.3,10.3,1500.0
2023-11-29 12:21:00+07:00,10.2,10.2,10.2,10.2,1000.0
2023-11-29 12:22:00+07:00,10.2,10.2,10.2,10.2,11000.0
2023-11-29 12:24:00+07:00,10.2,10.2,10.2,10.2,21000.0
2023-11-29 12:25:00+07:00,10.2,10.2,10.2,10.2,20000.0
2023-11-29 12:27:00+07:00,10.3,10.3,10.3,10.3,1100.0
2023-11-29 12:28:00+07:00,10.3,10.3,10.2,10.3,4400.0
2023-11-29 12:29:00+07:00,10.3,10.3,10.3,10.3,6100.0
2023-11-29 14:26:00+07:00,10.2,10.3,10.2,10.2,119600.0
2023-11-29 14:27:00+07:00,10.3,10.3,10.2,10.2,145400.0
2023-11-29 14:28:00+07:00,10.2,10.2,10.2,10.2,5500.0
2023-11-29 14:29:00+07:00,10.3,10.3,10.2,10.3,12300.0
2023-11-29 14:30:00+07:00,10.2,10.3,10.2,10.2,27900.0
2023-11-29 14:31:00+07:00,10.2,10.3,10.2,10.2,1212100.0
2023-11-29 14:32:00+07:00,10.2,10.2,10.2,10.2,404100.0
2023-11-29 14:33:00+07:00,10.2,10.2,10.1,10.2,1001200.0
2023-11-29 14:34:00+07:00,10.2,10.2,10.2,10.2,327800.0
2023-11-29 14:35:00+07:00,10.2,10.3,10.2,10.3,12800.0
2023-11-29 14:36:00+07:00,10.2,10.2,10.2,10.2,4400.0
2023-11-29 14:37:00+07:00,10.3,10.3,10.3,10.3,18300.0
2023-11-29 14:38:00+07:00,10.3,10.3,10.3,10.3,400.0
2023-11-29 14:39:00+07:00,10.3,10.3,10.2,10.3,41300.0
2023-11-29 14:40:00+07:00,10.3,10.3,10.3,10.3,6600.0
2023-11-29 14:41:00+07:00,10.3,10.3,10.2,10.2,1800.0
2023-11-29 14:42:00+07:00,10.3,10.3,10.2,10.3,20800.0
2023-11-29 14:43:00+07:00,10.3,10.3,10.3,10.3,11300.0
2023-11-29 14:44:00+07:00,10.3,10.3,10.3,10.3,1200.0
2023-11-29 14:45:00+07:00,10.3,10.3,10.2,10.3,34200.0
2023-11-29 14:46:00+07:00,10.3,10.3,10.2,10.2,1200.0
2023-11-29 14:47:00+07:00,10.3,10.3,10.2,10.2,29100.0
2023-11-29 14:48:00+07:00,10.3,10.3,10.3,10.3,400.0
2023-11-29 14:49:00+07:00,10.3,10.3,10.3,10.3,23300.0
2023-11-29 14:50:00+07:00,10.3,10.3,10.2,10.3,15300.0
2023-11-29 14:51:00+07:00,10.3,10.3,10.3,10.3,800.0
2023-11-29 14:52:00+07:00,10.3,10.3,10.3,10.3,20600.0
2023-11-29 14:53:00+07:00,10.3,10.3,10.3,10.3,15400.0
2023-11-29 14:54:00+07:00,10.2,10.3,10.2,10.3,5100.0
2023-11-29 14:55:00+07:00,10.3,10.3,10.3,10.3,17500.0
2023-11-29 14:56:00+07:00,10.3,10.3,10.3,10.3,38000.0
2023-11-29 14:57:00+07:00,10.3,10.3,10.3,10.3,18000.0
2023-11-29 14:59:00+07:00,10.3,10.3,10.3,10.3,18000.0
2023-11-29 15:00:00+07:00,10.3,10.3,10.3,10.3,11700.0
2023-11-29 15:02:00+07:00,10.3,10.3,10.3,10.3,20000.0
2023-11-29 15:03:00+07:00,10.3,10.3,10.3,10.3,10000.0
2023-11-29 15:05:00+07:00,10.3,10.3,10.3,10.3,14600.0
2023-11-29 15:06:00+07:00,10.3,10.3,10.3,10.3,40000.0
2023-11-29 15:07:00+07:00,10.3,10.3,10.2,10.2,24600.0
2023-11-29 15:08:00+07:00,10.2,10.3,10.2,10.3,16800.0
2023-11-29 15:09:00+07:00,10.2,10.2,10.2,10.2,2000.0
2023-11-29 15:10:00+07:00,10.2,10.3,10.2,10.2,35700.0
2023-11-29 15:11:00+07:00,10.3,10.3,10.2,10.2,15000.0
2023-11-29 15:12:00+07:00,10.2,10.2,10.2,10.2,3400.0
2023-11-29 15:13:00+07:00,10.3,10.3,10.2,10.2,35400.0
2023-11-29 15:14:00+07:00,10.3,10.3,10.3,10.3,17500.0
2023-11-29 15:15:00+07:00,10.2,10.3,10.2,10.2,63900.0
2023-11-29 15:16:00+07:00,10.2,10.3,10.2,10.3,9900.0
2023-11-29 15:17:00+07:00,10.2,10.3,10.2,10.3,32900.0
2023-11-29 15:18:00+07:00,10.3,10.3,10.2,10.2,7300.0
2023-11-29 15:19:00+07:00,10.3,10.3,10.3,10.3,26600.0
2023-11-29 15:20:00+07:00,10.3,10.3,10.2,10.3,12700.0
2023-11-29 15:21:00+07:00,10.3,10.3,10.3,10.3,11000.0
2023-11-29 15:22:00+07:00,10.3,10.3,10.2,10.2,1264600.0
2023-11-29 15:23:00+07:00,10.2,10.2,10.2,10.2,215700.0
2023-11-29 15:24:00+07:00,10.2,10.2,10.2,10.2,3000.0
2023-11-29 15:25:00+07:00,10.1,10.2,10.1,10.2,10000.0
2023-11-29 15:27:00+07:00,10.1,10.1,10.1,10.1,3100.0
2023-11-29 15:28:00+07:00,10.2,10.2,10.2,10.2,24700.0
2023-11-29 15:29:00+07:00,10.1,10.2,10.1,10.2,18700.0
2023-11-29 15:30:00+07:00,10.2,10.2,10.1,10.1,6300.0
2023-11-29 15:31:00+07:00,10.1,10.1,10.1,10.1,3300.0
2023-11-29 15:32:00+07:00,10.2,10.2,10.2,10.2,19200.0
2023-11-29 15:33:00+07:00,10.1,10.2,10.1,10.2,14700.0
2023-11-29 15:34:00+07:00,10.1,10.1,10.1,10.1,62000.0
2023-11-29 15:35:00+07:00,10.2,10.2,10.1,10.1,17100.0
2023-11-29 15:37:00+07:00,10.1,10.2,10.1,10.2,21000.0
2023-11-29 15:38:00+07:00,10.1,10.1,10.1,10.1,3600.0
2023-11-29 15:40:00+07:00,10.2,10.2,10.1,10.1,38400.0
2023-11-29 15:42:00+07:00,10.2,10.2,10.1,10.1,18000.0
2023-11-29 15:43:00+07:00,10.1,10.1,10.1,10.1,3000.0
2023-11-29 15:44:00+07:00,10.2,10.2,10.2,10.2,17600.0
2023-11-29 15:45:00+07:00,10.1,10.2,10.1,10.1,540800.0
2023-11-29 15:46:00+07:00,10.1,10.2,10.1,10.1,16700.0
2023-11-29 15:47:00+07:00,10.1,10.2,10.1,10.1,27700.0
2023-11-29 15:48:00+07:00,10.1,10.2,10.1,10.2,144100.0
2023-11-29 15:49:00+07:00,10.1,10.1,10.1,10.1,734500.0
2023-11-29 15:50:00+07:00,10.1,10.1,10.1,10.1,59900.0
2023-11-29 15:51:00+07:00,10.1,10.1,10.1,10.1,48000.0
2023-11-29 15:52:00+07:00,10.1,10.1,10.1,10.1,14300.0
2023-11-29 15:53:00+07:00,10.1,10.1,10.1,10.1,5200.0
2023-11-29 15:54:00+07:00,10.2,10.2,10.1,10.1,21500.0
2023-11-29 15:55:00+07:00,10.2,10.2,10.1,10.1,11800.0
2023-11-29 15:56:00+07:00,10.1,10.2,10.0,10.0,521600.0
2023-11-29 15:57:00+07:00,10.1,10.2,10.1,10.1,611600.0
2023-11-29 15:58:00+07:00,10.2,10.2,10.2,10.2,5100.0
2023-11-29 16:00:00+07:00,10.2,10.2,10.1,10.1,25600.0
2023-11-29 16:01:00+07:00,10.1,10.1,10.1,10.1,500.0
2023-11-29 16:02:00+07:00,10.2,10.2,10.1,10.1,18900.0
2023-11-29 16:04:00+07:00,10.2,10.2,10.2,10.2,21700.0
2023-11-29 16:05:00+07:00,10.2,10.2,10.2,10.2,10600.0
2023-11-29 16:07:00+07:00,10.2,10.2,10.2,10.2,21700.0
2023-11-29 16:09:00+07:00,10.2,10.2,10.1,10.1,20200.0
2023-11-29 16:10:00+07:00,10.1,10.2,10.1,10.1,11100.0
2023-11-29 16:11:00+07:00,10.2,10.2,10.2,10.2,1200.0
2023-11-29 16:12:00+07:00,10.2,10.2,10.2,10.2,16900.0
2023-11-29 16:13:00+07:00,10.2,10.2,10.2,10.2,200.0
2023-11-29 16:14:00+07:00,10.1,10.2,10.1,10.2,70700.0
2023-11-29 16:15:00+07:00,10.1,10.2,10.1,10.1,19000.0
2023-11-29 16:16:00+07:00,10.2,10.2,10.2,10.2,4400.0
2023-11-29 16:17:00+07:00,10.1,10.2,10.1,10.1,30000.0
2023-11-29 16:18:00+07:00,10.2,10.2,10.1,10.1,11300.0
2023-11-29 16:19:00+07:00,10.2,10.2,10.1,10.1,21200.0
2023-11-29 16:20:00+07:00,10.2,10.2,10.1,10.2,16600.0
2023-11-29 16:21:00+07:00,10.1,10.2,10.1,10.1,19000.0
2023-11-29 16:22:00+07:00,10.2,10.2,10.1,10.2,31400.0
2023-11-29 16:23:00+07:00,10.1,10.2,10.1,10.2,18000.0
2023-11-29 16:24:00+07:00,10.1,10.2,10.1,10.2,41300.0
2023-11-29 16:25:00+07:00,10.2,10.2,10.1,10.1,30300.0
2023-11-29 16:26:00+07:00,10.2,10.2,10.1,10.1,31100.0
2023-11-29 16:27:00+07:00,10.2,10.2,10.1,10.2,45700.0
2023-11-29 16:28:00+07:00,10.2,10.2,10.1,10.2,115600.0
2023-11-29 16:29:00+07:00,10.1,10.2,10.1,10.2,39300.0
2023-11-29 16:36:00+07:00,10.1,10.1,10.1,10.1,1233800.0
2023-11-30 09:57:00+07:00,10.1,10.1,10.1,10.1,351200.0
2023-11-30 09:58:00+07:00,10.1,10.1,10.1,10.1,4000.0
2023-11-30 09:59:00+07:00,10.1,10.1,10.1,10.1,52700.0
2023-11-30 10:00:00+07:00,10.1,10.1,10.1,10.1,65500.0
2023-11-30 10:01:00+07:00,10.1,10.1,10.1,10.1,20400.0
2023-11-30 10:02:00+07:00,10.1,10.1,10.1,10.1,100.0
2023-11-30 10:03:00+07:00,10.1,10.1,10.1,10.1,1000.0
2023-11-30 10:05:00+07:00,10.1,10.1,10.1,10.1,44300.0
2023-11-30 10:06:00+07:00,10.1,10.1,10.1,10.1,20100.0
2023-11-30 10:07:00+07:00,10.1,10.1,10.1,10.1,22800.0
2023-11-30 10:08:00+07:00,10.1,10.1,10.1,10.1,1100.0
2023-11-30 10:10:00+07:00,10.1,10.1,10.1,10.1,200.0
2023-11-30 10:12:00+07:00,10.1,10.1,10.1,10.1,5000.0
2023-11-30 10:13:00+07:00,10.1,10.1,10.1,10.1,1000.0
2023-11-30 10:14:00+07:00,10.0,10.1,10.0,10.1,1100.0
2023-11-30 10:15:00+07:00,10.1,10.1,10.1,10.1,11000.0
2023-11-30 10:16:00+07:00,10.1,10.1,10.0,10.0,4200.0
2023-11-30 10:17:00+07:00,10.0,10.1,10.0,10.1,102100.0
2023-11-30 10:19:00+07:00,10.1,10.1,10.1,10.1,266200.0
2023-11-30 10:20:00+07:00,10.1,10.1,10.1,10.1,205800.0
2023-11-30 10:21:00+07:00,10.1,10.1,10.1,10.1,4100.0
2023-11-30 10:22:00+07:00,10.1,10.1,10.1,10.1,328700.0
2023-11-30 10:23:00+07:00,10.1,10.1,10.1,10.1,57800.0
2023-11-30 10:24:00+07:00,10.1,10.1,10.0,10.0,4300.0
2023-11-30 10:25:00+07:00,10.1,10.1,10.1,10.1,700.0
2023-11-30 10:28:00+07:00,10.1,10.1,10.1,10.1,10400.0
2023-11-30 10:29:00+07:00,10.1,10.1,10.1,10.1,10000.0
2023-11-30 10:33:00+07:00,10.1,10.1,10.1,10.1,100.0
2023-11-30 10:37:00+07:00,10.1,10.1,10.0,10.1,6400.0
2023-11-30 10:38:00+07:00,10.1,10.1,10.1,10.1,300.0
2023-11-30 10:39:00+07:00,10.0,10.1,10.0,10.1,700.0
2023-11-30 10:41:00+07:00,10.1,10.1,10.1,10.1,6000.0
2023-11-30 10:42:00+07:00,10.1,10.1,10.1,10.1,10000.0
2023-11-30 10:44:00+07:00,10.0,10.0,10.0,10.0,3500.0
2023-11-30 10:45:00+07:00,10.0,10.0,10.0,10.0,700.0
2023-11-30 10:46:00+07:00,10.0,10.1,10.0,10.1,1500.0
2023-11-30 10:48:00+07:00,10.0,10.0,10.0,10.0,400.0
2023-11-30 10:50:00+07:00,10.0,10.0,10.0,10.0,700.0
2023-11-30 10:51:00+07:00,10.1,10.1,10.1,10.1,100.0
2023-11-30 10:52:00+07:00,10.1,10.1,10.1,10.1,100.0
2023-11-30 10:53:00+07:00,10.0,10.0,10.0,10.0,100.0
2023-11-30 10:54:00+07:00,10.0,10.0,10.0,10.0,300.0
2023-11-30 10:55:00+07:00,10.0,10.0,10.0,10.0,100.0
2023-11-30 10:59:00+07:00,10.1,10.1,10.1,10.1,800.0
2023-11-30 11:00:00+07:00,10.1,10.1,10.1,10.1,300.0
2023-11-30 11:03:00+07:00,10.1,10.1,10.1,10.1,300.0
2023-11-30 11:06:00+07:00,10.1,10.1,9.95,9.95,1958000.0
2023-11-30 11:07:00+07:00,9.95,10.0,9.95,9.95,5900.0
2023-11-30 11:08:00+07:00,9.95,10.0,9.95,9.95,19600.0
2023-11-30 11:09:00+07:00,9.95,10.0,9.95,9.95,6100.0
2023-11-30 11:10:00+07:00,9.95,10.0,9.95,9.95,81100.0
2023-11-30 11:11:00+07:00,9.95,10.0,9.95,9.95,10700.0
2023-11-30 11:12:00+07:00,9.95,10.0,9.9,9.9,927500.0
2023-11-30 11:13:00+07:00,9.9,9.95,9.9,9.95,1214900.0
2023-11-30 11:14:00+07:00,9.95,9.95,9.9,9.95,15500.0
2023-11-30 11:15:00+07:00,9.9,9.95,9.9,9.9,7500.0
2023-11-30 11:16:00+07:00,9.95,10.0,9.9,9.95,485800.0
2023-11-30 11:17:00+07:00,9.95,9.95,9.95,9.95,28400.0
2023-11-30 11:18:00+07:00,9.95,9.95,9.95,9.95,16200.0
2023-11-30 11:19:00+07:00,9.95,9.95,9.95,9.95,1600.0
2023-11-30 11:20:00+07:00,9.95,9.95,9.9,9.95,13900.0
2023-11-30 11:21:00+07:00,9.9,9.95,9.9,9.95,2200.0
2023-11-30 11:22:00+07:00,9.95,9.95,9.9,9.9,26200.0
2023-11-30 11:23:00+07:00,9.95,9.95,9.9,9.95,6000.0
2023-11-30 11:24:00+07:00,9.95,9.95,9.95,9.95,1200.0
2023-11-30 11:25:00+07:00,9.95,9.95,9.9,9.9,1011800.0
2023-11-30 11:26:00+07:00,9.9,9.9,9.85,9.9,136500.0
2023-11-30 11:27:00+07:00,9.85,9.85,9.85,9.85,65300.0
2023-11-30 11:28:00+07:00,9.85,9.9,9.85,9.9,36400.0
2023-11-30 11:29:00+07:00,9.9,9.9,9.85,9.85,28700.0
2023-11-30 11:30:00+07:00,9.9,9.9,9.85,9.9,11200.0
2023-11-30 11:31:00+07:00,9.9,9.9,9.85,9.9,40600.0
2023-11-30 11:32:00+07:00,9.9,9.9,9.85,9.9,6200.0
2023-11-30 11:33:00+07:00,9.9,9.9,9.85,9.9,14600.0
2023-11-30 11:34:00+07:00,9.9,9.9,9.9,9.9,500.0
2023-11-30 11:35:00+07:00,9.9,9.9,9.85,9.9,1900.0
2023-11-30 11:36:00+07:00,9.85,9.9,9.85,9.9,4100.0
2023-11-30 11:37:00+07:00,9.85,9.85,9.8,9.8,1055700.0
2023-11-30 11:38:00+07:00,9.85,9.85,9.8,9.8,47100.0
2023-11-30 11:39:00+07:00,9.8,9.85,9.7,9.7,1716200.0
2023-11-30 11:40:00+07:00,9.75,9.75,9.7,9.75,232700.0
2023-11-30 11:41:00+07:00,9.75,9.75,9.7,9.7,284900.0
2023-11-30 11:42:00+07:00,9.7,9.75,9.7,9.75,102400.0
2023-11-30 11:43:00+07:00,9.75,9.75,9.7,9.7,26000.0
2023-11-30 11:44:00+07:00,9.7,9.75,9.7,9.75,107100.0
2023-11-30 11:45:00+07:00,9.75,9.75,9.7,9.75,18600.0
2023-11-30 11:46:00+07:00,9.75,9.75,9.7,9.75,511800.0
2023-11-30 11:47:00+07:00,9.75,9.8,9.75,9.8,2200.0
2023-11-30 11:48:00+07:00,9.8,9.8,9.75,9.8,21500.0
2023-11-30 11:49:00+07:00,9.8,9.8,9.75,9.8,3500.0
2023-11-30 11:50:00+07:00,9.75,9.8,9.75,9.8,1200.0
2023-11-30 11:51:00+07:00,9.8,9.8,9.75,9.8,15400.0
2023-11-30 11:52:00+07:00,9.75,9.8,9.75,9.8,478600.0
2023-11-30 11:53:00+07:00,9.8,9.8,9.75,9.8,33400.0
2023-11-30 11:54:00+07:00,9.8,9.8,9.8,9.8,91800.0
2023-11-30 11:55:00+07:00,9.8,9.8,9.8,9.8,368400.0
2023-11-30 11:56:00+07:00,9.8,9.8,9.8,9.8,31200.0
2023-11-30 11:57:00+07:00,9.8,9.8,9.8,9.8,2000.0
2023-11-30 11:58:00+07:00,9.8,9.8,9.8,9.8,10900.0
2023-11-30 11:59:00+07:00,9.8,9.8,9.8,9.8,1200.0
2023-11-30 12:00:00+07:00,9.8,9.8,9.8,9.8,4000.0
2023-11-30 12:01:00+07:00,9.8,9.8,9.8,9.8,1200.0
2023-11-30 12:02:00+07:00,9.8,9.8,9.8,9.8,500.0
2023-11-30 12:03:00+07:00,9.8,9.8,9.8,9.8,36600.0
2023-11-30 12:04:00+07:00,9.8,9.8,9.8,9.8,44300.0
2023-11-30 12:05:00+07:00,9.8,9.8,9.8,9.8,20500.0
2023-11-30 12:06:00+07:00,9.8,9.8,9.8,9.8,14900.0
2023-11-30 12:07:00+07:00,9.8,9.8,9.8,9.8,18600.0
2023-11-30 12:08:00+07:00,9.8,9.8,9.8,9.8,6100.0
2023-11-30 12:09:00+07:00,9.8,9.8,9.8,9.8,1500.0
2023-11-30 12:10:00+07:00,9.8,9.8,9.8,9.8,3200.0
2023-11-30 12:11:00+07:00,9.8,9.8,9.8,9.8,2400.0
2023-11-30 12:12:00+07:00,9.8,9.8,9.8,9.8,6400.0
2023-11-30 12:13:00+07:00,9.8,9.8,9.8,9.8,9100.0
2023-11-30 12:14:00+07:00,9.8,9.8,9.8,9.8,1200.0
2023-11-30 12:15:00+07:00,9.8,9.8,9.8,9.8,3200.0
2023-11-30 12:16:00+07:00,9.8,9.8,9.8,9.8,23100.0
2023-11-30 12:17:00+07:00,9.8,9.8,9.8,9.8,1700.0
2023-11-30 12:18:00+07:00,9.8,9.8,9.8,9.8,6500.0
2023-11-30 12:19:00+07:00,9.8,9.8,9.8,9.8,1700.0
2023-11-30 12:20:00+07:00,9.8,9.8,9.8,9.8,2100.0
2023-11-30 12:21:00+07:00,9.8,9.8,9.8,9.8,23300.0
2023-11-30 12:22:00+07:00,9.8,9.8,9.8,9.8,173000.0
2023-11-30 12:23:00+07:00,9.8,9.8,9.8,9.8,15400.0
2023-11-30 12:24:00+07:00,9.8,9.8,9.8,9.8,16400.0
2023-11-30 12:25:00+07:00,9.75,9.8,9.75,9.8,6300.0
2023-11-30 12:26:00+07:00,9.8,9.8,9.8,9.8,2100.0
2023-11-30 12:27:00+07:00,9.8,9.8,9.8,9.8,1000.0
2023-11-30 12:28:00+07:00,9.8,9.8,9.8,9.8,1200.0
2023-11-30 12:29:00+07:00,9.8,9.8,9.75,9.8,2500.0
2023-11-30 14:29:00+07:00,9.8,9.8,9.8,9.8,245800.0
2023-11-30 14:30:00+07:00,9.8,9.85,9.8,9.8,88900.0
2023-11-30 14:31:00+07:00,9.8,9.8,9.8,9.8,12700.0
2023-11-30 14:32:00+07:00,9.8,9.8,9.8,9.8,100.0
2023-11-30 14:33:00+07:00,9.8,9.8,9.8,9.8,11000.0
2023-11-30 14:34:00+07:00,9.8,9.8,9.8,9.8,18800.0
2023-11-30 14:35:00+07:00,9.8,9.8,9.8,9.8,3300.0
2023-11-30 14:36:00+07:00,9.8,9.8,9.8,9.8,1100.0
2023-11-30 14:37:00+07:00,9.8,9.8,9.8,9.8,2700.0
2023-11-30 14:38:00+07:00,9.8,9.8,9.8,9.8,15600.0
2023-11-30 14:40:00+07:00,9.8,9.8,9.8,9.8,1800.0
2023-11-30 14:42:00+07:00,9.8,9.8,9.8,9.8,2800.0
2023-11-30 14:43:00+07:00,9.8,9.8,9.75,9.8,20300.0
2023-11-30 14:44:00+07:00,9.8,9.8,9.8,9.8,28000.0
2023-11-30 14:45:00+07:00,9.8,9.8,9.8,9.8,6100.0
2023-11-30 14:46:00+07:00,9.8,9.8,9.75,9.75,234000.0
2023-11-30 14:47:00+07:00,9.8,9.8,9.8,9.8,15200.0
2023-11-30 14:48:00+07:00,9.8,9.8,9.8,9.8,1300.0
2023-11-30 14:49:00+07:00,9.8,9.8,9.8,9.8,10800.0
2023-11-30 14:50:00+07:00,9.8,9.8,9.8,9.8,200.0
2023-11-30 14:51:00+07:00,9.8,9.8,9.75,9.75,522300.0
2023-11-30 14:52:00+07:00,9.8,9.8,9.8,9.8,1300.0
2023-11-30 14:53:00+07:00,9.75,9.8,9.75,9.75,383400.0
2023-11-30 14:54:00+07:00,9.75,9.75,9.75,9.75,317000.0
2023-11-30 14:55:00+07:00,9.8,9.8,9.8,9.8,200.0
2023-11-30 14:56:00+07:00,9.8,9.8,9.8,9.8,6400.0
2023-11-30 14:57:00+07:00,9.8,9.8,9.8,9.8,300.0
2023-11-30 14:58:00+07:00,9.8,9.8,9.8,9.8,10200.0
2023-11-30 14:59:00+07:00,9.8,9.8,9.8,9.8,2300.0
2023-11-30 15:00:00+07:00,9.8,9.8,9.8,9.8,2200.0
2023-11-30 15:01:00+07:00,9.8,9.8,9.8,9.8,11800.0
2023-11-30 15:02:00+07:00,9.8,9.8,9.75,9.75,57800.0
2023-11-30 15:03:00+07:00,9.75,9.75,9.75,9.75,52700.0
2023-11-30 15:04:00+07:00,9.75,9.8,9.75,9.8,38200.0
2023-11-30 15:05:00+07:00,9.75,9.75,9.75,9.75,207600.0
2023-11-30 15:06:00+07:00,9.7,9.75,9.7,9.75,18200.0
2023-11-30 15:07:00+07:00,9.75,9.75,9.7,9.75,15500.0
2023-11-30 15:08:00+07:00,9.75,9.8,9.75,9.8,183700.0
2023-11-30 15:09:00+07:00,9.75,9.8,9.75,9.75,6100.0
2023-11-30 15:10:00+07:00,9.8,9.8,9.8,9.8,100.0
2023-11-30 15:12:00+07:00,9.8,9.8,9.75,9.8,2400.0
2023-11-30 15:13:00+07:00,9.8,9.8,9.75,9.75,1200.0
2023-11-30 15:14:00+07:00,9.8,9.8,9.75,9.75,300.0
2023-11-30 15:15:00+07:00,9.75,9.75,9.75,9.75,3500.0
2023-11-30 15:16:00+07:00,9.75,9.75,9.75,9.75,200.0
2023-11-30 15:17:00+07:00,9.75,9.75,9.75,9.75,1200.0
2023-11-30 15:18:00+07:00,9.8,9.8,9.75,9.8,2400.0
2023-11-30 15:19:00+07:00,9.8,9.8,9.8,9.8,2200.0
2023-11-30 15:20:00+07:00,9.8,9.8,9.75,9.75,1300.0
2023-11-30 15:22:00+07:00,9.8,9.8,9.75,9.75,2600.0
2023-11-30 15:24:00+07:00,9.75,9.8,9.75,9.8,3100.0
2023-11-30 15:25:00+07:00,9.8,9.8,9.75,9.75,2300.0
2023-11-30 15:27:00+07:00,9.75,9.75,9.75,9.75,200.0
2023-11-30 15:28:00+07:00,9.75,9.75,9.75,9.75,7200.0
2023-11-30 15:29:00+07:00,9.8,9.8,9.8,9.8,300.0
2023-11-30 15:30:00+07:00,9.8,9.8,9.75,9.75,1800.0
2023-11-30 15:31:00+07:00,9.8,9.8,9.75,9.75,800.0
2023-11-30 15:32:00+07:00,9.8,9.8,9.75,9.8,1400.0
2023-11-30 15:33:00+07:00,9.8,9.8,9.8,9.8,300.0
2023-11-30 15:34:00+07:00,9.8,9.8,9.8,9.8,100.0
2023-11-30 15:35:00+07:00,9.75,9.75,9.75,9.75,100.0
2023-11-30 15:36:00+07:00,9.8,9.8,9.8,9.8,300.0
2023-11-30 15:37:00+07:00,9.8,9.8,9.8,9.8,10000.0
2023-11-30 15:38:00+07:00,9.8,9.8,9.8,9.8,2000.0
2023-11-30 15:39:00+07:00,9.8,9.8,9.8,9.8,1600.0
2023-11-30 15:40:00+07:00,9.75,9.8,9.75,9.75,1500.0
2023-11-30 15:41:00+07:00,9.8,9.8,9.75,9.75,800.0
2023-11-30 15:42:00+07:00,9.75,9.75,9.75,9.75,1000.0
2023-11-30 15:43:00+07:00,9.75,9.75,9.75,9.75,8600.0
2023-11-30 15:44:00+07:00,9.8,9.8,9.75,9.75,2400.0
2023-11-30 15:45:00+07:00,9.75,9.8,9.75,9.75,6400.0
2023-11-30 15:46:00+07:00,9.75,9.75,9.75,9.75,2300.0
2023-11-30 15:47:00+07:00,9.75,9.8,9.75,9.75,31300.0
2023-11-30 15:48:00+07:00,9.8,9.8,9.75,9.75,3700.0
2023-11-30 15:49:00+07:00,9.75,9.8,9.75,9.75,64400.0
2023-11-30 15:50:00+07:00,9.75,9.8,9.75,9.75,15800.0
2023-11-30 15:51:00+07:00,9.8,9.8,9.75,9.8,123000.0
2023-11-30 15:52:00+07:00,9.75,9.8,9.75,9.8,6200.0
2023-11-30 15:53:00+07:00,9.75,9.8,9.7,9.75,403200.0
2023-11-30 15:54:00+07:00,9.75,9.75,9.7,9.75,5500.0
2023-11-30 15:55:00+07:00,9.7,9.75,9.7,9.75,6100.0
2023-11-30 15:56:00+07:00,9.7,9.75,9.7,9.75,29500.0
2023-11-30 15:57:00+07:00,9.7,9.75,9.7,9.7,6700.0
2023-11-30 15:58:00+07:00,9.75,9.75,9.7,9.7,9900.0
2023-11-30 15:59:00+07:00,9.7,9.75,9.7,9.7,36400.0
2023-11-30 16:00:00+07:00,9.7,9.7,9.7,9.7,5400.0
2023-11-30 16:01:00+07:00,9.75,9.75,9.7,9.7,6200.0
2023-11-30 16:02:00+07:00,9.7,9.75,9.7,9.7,5700.0
2023-11-30 16:03:00+07:00,9.75,9.75,9.7,9.7,24400.0
2023-11-30 16:04:00+07:00,9.75,9.75,9.7,9.75,11500.0
2023-11-30 16:05:00+07:00,9.75,9.75,9.7,9.7,10500.0
2023-11-30 16:06:00+07:00,9.75,9.75,9.7,9.75,4300.0
2023-11-30 16:07:00+07:00,9.75,9.75,9.7,9.7,17100.0
2023-11-30 16:08:00+07:00,9.75,9.75,9.7,9.75,15300.0
2023-11-30 16:09:00+07:00,9.7,9.75,9.7,9.7,15500.0
2023-11-30 16:10:00+07:00,9.75,9.75,9.7,9.75,27400.0
2023-11-30 16:11:00+07:00,9.75,9.75,9.7,9.7,7500.0
2023-11-30 16:12:00+07:00,9.7,9.8,9.7,9.8,320100.0
2023-11-30 16:13:00+07:00,9.8,9.8,9.8,9.8,4800.0
2023-11-30 16:14:00+07:00,9.8,9.8,9.8,9.8,8300.0
2023-11-30 16:15:00+07:00,9.8,9.8,9.8,9.8,55600.0
2023-11-30 16:16:00+07:00,9.8,9.85,9.8,9.85,201300.0
2023-11-30 16:17:00+07:00,9.85,9.85,9.8,9.85,7500.0
2023-11-30 16:18:00+07:00,9.85,9.85,9.85,9.85,29500.0
2023-11-30 16:19:00+07:00,9.85,9.85,9.85,9.85,5500.0
2023-11-30 16:20:00+07:00,9.85,9.85,9.8,9.85,22000.0
2023-11-30 16:21:00+07:00,9.85,9.85,9.75,9.75,580900.0
2023-11-30 16:22:00+07:00,9.75,9.8,9.75,9.8,10600.0
2023-11-30 16:23:00+07:00,9.8,9.8,9.75,9.8,7300.0
2023-11-30 16:24:00+07:00,9.8,9.8,9.75,9.75,391800.0
2023-11-30 16:25:00+07:00,9.75,9.75,9.75,9.75,24600.0
2023-11-30 16:26:00+07:00,9.75,9.75,9.75,9.75,5500.0
2023-11-30 16:27:00+07:00,9.75,9.75,9.7,9.75,658600.0
2023-11-30 16:28:00+07:00,9.75,9.75,9.7,9.75,25900.0
2023-11-30 16:29:00+07:00,9.7,9.75,9.7,9.75,218200.0
2023-11-30 16:36:00+07:00,9.75,9.75,9.75,9.75,1267300.0
2023-12-01 09:58:00+07:00,9.75,9.8,9.75,9.8,398300.0
2023-12-01 09:59:00+07:00,9.8,9.8,9.75,9.75,3100.0
2023-12-01 10:00:00+07:00,9.75,9.75,9.75,9.75,252700.0
2023-12-01 10:01:00+07:00,9.75,9.75,9.75,9.75,600.0
2023-12-01 10:02:00+07:00,9.75,9.75,9.75,9.75,6000.0
2023-12-01 10:03:00+07:00,9.75,9.75,9.75,9.75,234700.0
2023-12-01 10:04:00+07:00,9.75,9.75,9.75,9.75,82100.0
2023-12-01 10:05:00+07:00,9.75,9.75,9.75,9.75,300.0
2023-12-01 10:06:00+07:00,9.75,9.75,9.75,9.75,1300.0
2023-12-01 10:07:00+07:00,9.75,9.75,9.75,9.75,10500.0
2023-12-01 10:08:00+07:00,9.75,9.75,9.75,9.75,1100.0
2023-12-01 10:09:00+07:00,9.75,9.75,9.75,9.75,100.0
2023-12-01 10:10:00+07:00,9.75,9.75,9.75,9.75,1800.0
2023-12-01 10:11:00+07:00,9.7,9.75,9.7,9.75,16600.0
2023-12-01 10:12:00+07:00,9.75,9.75,9.75,9.75,100.0
2023-12-01 10:13:00+07:00,9.75,9.75,9.7,9.7,23700.0
2023-12-01 10:14:00+07:00,9.7,9.75,9.7,9.75,1100.0
2023-12-01 10:15:00+07:00,9.75,9.75,9.75,9.75,2700.0
2023-12-01 10:16:00+07:00,9.75,9.75,9.75,9.75,201000.0
2023-12-01 10:17:00+07:00,9.75,9.75,9.75,9.75,6400.0
2023-12-01 10:19:00+07:00,9.8,9.8,9.8,9.8,300.0
2023-12-01 10:20:00+07:00,9.8,9.8,9.8,9.8,500.0
2023-12-01 10:24:00+07:00,9.75,9.75,9.75,9.75,1000.0
2023-12-01 10:28:00+07:00,9.8,9.8,9.8,9.8,300.0
2023-12-01 10:29:00+07:00,9.75,9.8,9.75,9.8,5600.0
2023-12-01 10:30:00+07:00,9.8,9.8,9.8,9.8,4000.0
2023-12-01 10:31:00+07:00,9.75,9.8,9.75,9.8,7000.0
2023-12-01 10:32:00+07:00,9.8,9.8,9.8,9.8,300.0
2023-12-01 10:34:00+07:00,9.75,9.75,9.75,9.75,3000.0
2023-12-01 10:36:00+07:00,9.8,9.8,9.8,9.8,5000.0
2023-12-01 10:37:00+07:00,9.75,9.75,9.75,9.75,600.0
2023-12-01 10:39:00+07:00,9.8,9.8,9.8,9.8,200.0
2023-12-01 10:42:00+07:00,9.8,9.8,9.8,9.8,300.0
2023-12-01 10:44:00+07:00,9.8,9.8,9.8,9.8,500.0
2023-12-01 10:45:00+07:00,9.8,9.8,9.8,9.8,300300.0
2023-12-01 10:46:00+07:00,9.8,9.8,9.8,9.8,212400.0
2023-12-01 10:47:00+07:00,9.8,9.8,9.8,9.8,2000.0
2023-12-01 10:48:00+07:00,9.8,9.85,9.8,9.85,30200.0
2023-12-01 10:49:00+07:00,9.8,9.85,9.8,9.8,17400.0
2023-12-01 10:50:00+07:00,9.8,9.8,9.8,9.8,400.0
2023-12-01 10:51:00+07:00,9.8,9.8,9.8,9.8,700.0
2023-12-01 10:52:00+07:00,9.85,9.85,9.85,9.85,100.0
2023-12-01 10:55:00+07:00,9.8,9.8,9.8,9.8,200.0
2023-12-01 10:56:00+07:00,9.85,9.85,9.85,9.85,1000.0
2023-12-01 10:57:00+07:00,9.85,9.85,9.85,9.85,1000.0
2023-12-01 10:58:00+07:00,9.85,9.85,9.8,9.8,417900.0
2023-12-01 10:59:00+07:00,9.8,9.8,9.8,9.8,13600.0
2023-12-01 11:00:00+07:00,9.8,9.8,9.8,9.8,600.0
2023-12-01 11:01:00+07:00,9.8,9.8,9.8,9.8,100.0
2023-12-01 11:05:00+07:00,9.8,9.8,9.8,9.8,1500.0
2023-12-01 11:09:00+07:00,9.8,9.8,9.8,9.8,4200.0
2023-12-01 11:10:00+07:00,9.8,9.8,9.8,9.8,3400.0
2023-12-01 11:11:00+07:00,9.8,9.8,9.8,9.8,600.0
2023-12-01 11:12:00+07:00,9.8,9.8,9.8,9.8,500.0
2023-12-01 11:13:00+07:00,9.8,9.8,9.8,9.8,2000.0
2023-12-01 11:14:00+07:00,9.8,9.8,9.8,9.8,230600.0
2023-12-01 11:15:00+07:00,9.8,9.8,9.8,9.8,157700.0
2023-12-01 11:16:00+07:00,9.8,9.8,9.8,9.8,311600.0
2023-12-01 11:17:00+07:00,9.8,9.8,9.8,9.8,3800.0
2023-12-01 11:18:00+07:00,9.8,9.8,9.8,9.8,1800.0
2023-12-01 11:21:00+07:00,9.8,9.8,9.8,9.8,100.0
2023-12-01 11:22:00+07:00,9.8,9.8,9.8,9.8,600.0
2023-12-01 11:24:00+07:00,9.8,9.8,9.8,9.8,1400.0
2023-12-01 11:25:00+07:00,9.8,9.8,9.8,9.8,10500.0
2023-12-01 11:26:00+07:00,9.8,9.8,9.8,9.8,1500.0
2023-12-01 11:27:00+07:00,9.8,9.8,9.8,9.8,431700.0
2023-12-01 11:28:00+07:00,9.8,9.8,9.8,9.8,1700.0
2023-12-01 11:29:00+07:00,9.8,9.8,9.8,9.8,100.0
2023-12-01 11:30:00+07:00,9.8,9.8,9.8,9.8,200.0
2023-12-01 11:31:00+07:00,9.8,9.8,9.8,9.8,1300.0
2023-12-01 11:32:00+07:00,9.8,9.8,9.8,9.8,3300.0
2023-12-01 11:33:00+07:00,9.8,9.8,9.8,9.8,500.0
2023-12-01 11:34:00+07:00,9.8,9.8,9.8,9.8,2000.0
2023-12-01 11:35:00+07:00,9.8,9.8,9.8,9.8,2300.0
2023-12-01 11:36:00+07:00,9.8,9.8,9.75,9.75,2400.0
2023-12-01 11:37:00+07:00,9.75,9.75,9.75,9.75,1000.0
2023-12-01 11:39:00+07:00,9.8,9.8,9.8,9.8,200.0
2023-12-01 11:40:00+07:00,9.8,9.8,9.8,9.8,100.0
2023-12-01 11:41:00+07:00,9.8,9.8,9.8,9.8,5000.0
2023-12-01 11:42:00+07:00,9.8,9.8,9.8,9.8,5000.0
2023-12-01 11:43:00+07:00,9.8,9.8,9.8,9.8,900.0
2023-12-01 11:45:00+07:00,9.8,9.8,9.8,9.8,6000.0
2023-12-01 11:47:00+07:00,9.8,9.8,9.8,9.8,2000.0
2023-12-01 11:48:00+07:00,9.8,9.8,9.8,9.8,2300.0
2023-12-01 11:49:00+07:00,9.8,9.8,9.8,9.8,1000.0
2023-12-01 11:53:00+07:00,9.8,9.8,9.8,9.8,300.0
2023-12-01 11:57:00+07:00,9.8,9.8,9.75,9.75,949200.0
2023-12-01 11:58:00+07:00,9.75,9.75,9.7,9.75,1500.0
2023-12-01 11:59:00+07:00,9.7,9.75,9.7,9.7,300.0
2023-12-01 12:00:00+07:00,9.75,9.75,9.7,9.7,500.0
2023-12-01 12:01:00+07:00,9.7,9.75,9.7,9.75,12600.0
2023-12-01 12:02:00+07:00,9.7,9.7,9.7,9.7,200.0
2023-12-01 12:03:00+07:00,9.75,9.75,9.75,9.75,2100.0
2023-12-01 12:04:00+07:00,9.75,9.75,9.7,9.7,300.0
2023-12-01 12:05:00+07:00,9.75,9.75,9.75,9.75,200.0
2023-12-01 12:06:00+07:00,9.75,9.75,9.75,9.75,200.0
2023-12-01 12:07:00+07:00,9.75,9.75,9.75,9.75,700.0
2023-12-01 12:08:00+07:00,9.75,9.75,9.75,9.75,600.0
2023-12-01 12:09:00+07:00,9.75,9.75,9.75,9.75,15300.0
2023-12-01 12:10:00+07:00,9.75,9.75,9.75,9.75,5200.0
2023-12-01 12:11:00+07:00,9.75,9.75,9.75,9.75,300.0
2023-12-01 12:12:00+07:00,9.75,9.75,9.75,9.75,300.0
2023-12-01 12:13:00+07:00,9.75,9.75,9.75,9.75,100.0
2023-12-01 12:14:00+07:00,9.75,9.75,9.75,9.75,200.0
2023-12-01 12:15:00+07:00,9.75,9.75,9.75,9.75,5200.0
2023-12-01 12:16:00+07:00,9.75,9.75,9.75,9.75,200.0
2023-12-01 12:17:00+07:00,9.75,9.75,9.7,9.75,17300.0
2023-12-01 12:18:00+07:00,9.75,9.75,9.7,9.75,4500.0
2023-12-01 12:19:00+07:00,9.75,9.75,9.75,9.75,3200.0
2023-12-01 12:20:00+07:00,9.75,9.75,9.7,9.75,1200.0
2023-12-01 12:21:00+07:00,9.75,9.75,9.75,9.75,200.0
2023-12-01 12:22:00+07:00,9.75,9.75,9.75,9.75,2900.0
2023-12-01 12:23:00+07:00,9.75,9.75,9.75,9.75,400.0
2023-12-01 12:24:00+07:00,9.75,9.75,9.75,9.75,20500.0
2023-12-01 12:25:00+07:00,9.75,9.75,9.75,9.75,1500.0
2023-12-01 12:26:00+07:00,9.75,9.75,9.75,9.75,2000.0
2023-12-01 12:28:00+07:00,9.75,9.75,9.75,9.75,2000.0
2023-12-01 12:29:00+07:00,9.75,9.75,9.75,9.75,14900.0
2023-12-01 14:27:00+07:00,9.75,9.75,9.7,9.75,188200.0
2023-12-01 14:28:00+07:00,9.75,9.75,9.75,9.75,6100.0
2023-12-01 14:29:00+07:00,9.75,9.75,9.75,9.75,2600.0
2023-12-01 14:30:00+07:00,9.75,9.75,9.75,9.75,1500.0
2023-12-01 14:31:00+07:00,9.75,9.75,9.75,9.75,15000.0
2023-12-01 14:32:00+07:00,9.75,9.75,9.75,9.75,2100.0
2023-12-01 14:34:00+07:00,9.75,9.75,9.75,9.75,10000.0
2023-12-01 14:35:00+07:00,9.75,9.75,9.75,9.75,31100.0
2023-12-01 14:36:00+07:00,9.7,9.7,9.7,9.7,8000.0
2023-12-01 14:37:00+07:00,9.75,9.75,9.75,9.75,2900.0
2023-12-01 14:38:00+07:00,9.7,9.7,9.7,9.7,1000.0
2023-12-01 14:40:00+07:00,9.7,9.7,9.7,9.7,600.0
2023-12-01 14:41:00+07:00,9.75,9.75,9.7,9.7,205100.0
2023-12-01 14:42:00+07:00,9.75,9.75,9.75,9.75,200.0
2023-12-01 14:47:00+07:00,9.75,9.75,9.75,9.75,100.0
2023-12-01 14:48:00+07:00,9.75,9.75,9.75,9.75,1300.0
2023-12-01 14:49:00+07:00,9.75,9.75,9.75,9.75,1200.0
2023-12-01 14:51:00+07:00,9.75,9.75,9.75,9.75,10100.0
2023-12-01 14:52:00+07:00,9.75,9.75,9.75,9.75,20500.0
2023-12-01 14:53:00+07:00,9.75,9.75,9.75,9.75,300.0
2023-12-01 14:54:00+07:00,9.75,9.75,9.75,9.75,800.0
2023-12-01 14:55:00+07:00,9.75,9.75,9.75,9.75,2200.0
2023-12-01 14:56:00+07:00,9.75,9.75,9.75,9.75,100.0
2023-12-01 14:57:00+07:00,9.75,9.75,9.75,9.75,300.0
2023-12-01 14:58:00+07:00,9.75,9.75,9.75,9.75,600.0
2023-12-01 14:59:00+07:00,9.75,9.75,9.75,9.75,200.0
2023-12-01 15:00:00+07:00,9.75,9.75,9.75,9.75,200.0
2023-12-01 15:01:00+07:00,9.75,9.75,9.7,9.75,7600.0
2023-12-01 15:02:00+07:00,9.75,9.75,9.75,9.75,200.0
2023-12-01 15:03:00+07:00,9.75,9.75,9.75,9.75,100.0
2023-12-01 15:04:00+07:00,9.75,9.75,9.7,9.7,6600.0
2023-12-01 15:05:00+07:00,9.7,9.7,9.7,9.7,100.0
2023-12-01 15:06:00+07:00,9.75,9.75,9.7,9.7,5200.0
2023-12-01 15:07:00+07:00,9.75,9.75,9.7,9.7,4800.0
2023-12-01 15:08:00+07:00,9.75,9.75,9.7,9.75,10700.0
2023-12-01 15:09:00+07:00,9.75,9.75,9.7,9.7,1300.0
2023-12-01 15:10:00+07:00,9.7,9.7,9.7,9.7,100.0
2023-12-01 15:11:00+07:00,9.7,9.7,9.7,9.7,200.0
2023-12-01 15:12:00+07:00,9.7,9.75,9.7,9.7,1700.0
2023-12-01 15:14:00+07:00,9.75,9.75,9.75,9.75,10000.0
2023-12-01 15:15:00+07:00,9.75,9.75,9.75,9.75,500.0
2023-12-01 15:16:00+07:00,9.75,9.75,9.75,9.75,300.0
2023-12-01 15:18:00+07:00,9.75,9.75,9.75,9.75,10700.0
2023-12-01 15:19:00+07:00,9.75,9.75,9.75,9.75,16500.0
2023-12-01 15:20:00+07:00,9.75,9.75,9.75,9.75,100.0
2023-12-01 15:21:00+07:00,9.75,9.75,9.75,9.75,2400.0
2023-12-01 15:22:00+07:00,9.7,9.75,9.7,9.75,7900.0
2023-12-01 15:23:00+07:00,9.75,9.75,9.75,9.75,1100.0
2023-12-01 15:25:00+07:00,9.75,9.75,9.75,9.75,700.0
2023-12-01 15:26:00+07:00,9.75,9.75,9.75,9.75,1600.0
2023-12-01 15:27:00+07:00,9.75,9.75,9.75,9.75,5000.0
2023-12-01 15:29:00+07:00,9.75,9.75,9.75,9.75,4500.0
2023-12-01 15:30:00+07:00,9.75,9.75,9.75,9.75,400.0
2023-12-01 15:32:00+07:00,9.75,9.75,9.75,9.75,100.0
2023-12-01 15:33:00+07:00,9.75,9.75,9.75,9.75,300.0
2023-12-01 15:34:00+07:00,9.75,9.75,9.75,9.75,300.0
2023-12-01 15:36:00+07:00,9.75,9.75,9.75,9.75,50100.0
2023-12-01 15:37:00+07:00,9.75,9.75,9.75,9.75,1900.0
2023-12-01 15:38:00+07:00,9.75,9.75,9.75,9.75,3000.0
2023-12-01 15:39:00+07:00,9.75,9.75,9.75,9.75,10000.0
2023-12-01 15:40:00+07:00,9.75,9.75,9.75,9.75,2100.0
2023-12-01 15:41:00+07:00,9.75,9.75,9.75,9.75,7700.0
2023-12-01 15:42:00+07:00,9.75,9.75,9.75,9.75,130300.0
2023-12-01 15:43:00+07:00,9.75,9.75,9.75,9.75,1900.0
2023-12-01 15:44:00+07:00,9.75,9.75,9.75,9.75,1500.0
2023-12-01 15:45:00+07:00,9.75,9.75,9.75,9.75,500.0
2023-12-01 15:46:00+07:00,9.75,9.75,9.75,9.75,1000.0
2023-12-01 15:47:00+07:00,9.75,9.75,9.75,9.75,200.0
2023-12-01 15:48:00+07:00,9.75,9.75,9.75,9.75,1600.0
2023-12-01 15:50:00+07:00,9.75,9.75,9.75,9.75,38000.0
2023-12-01 15:51:00+07:00,9.75,9.75,9.75,9.75,1000.0
2023-12-01 15:52:00+07:00,9.75,9.75,9.75,9.75,12000.0
2023-12-01 15:53:00+07:00,9.75,9.75,9.75,9.75,1400.0
2023-12-01 15:54:00+07:00,9.7,9.75,9.7,9.75,14200.0
2023-12-01 15:55:00+07:00,9.75,9.75,9.75,9.75,11300.0
2023-12-01 15:56:00+07:00,9.75,9.75,9.75,9.75,9100.0
2023-12-01 15:57:00+07:00,9.75,9.75,9.75,9.75,2100.0
2023-12-01 15:58:00+07:00,9.75,9.75,9.75,9.75,500.0
2023-12-01 15:59:00+07:00,9.75,9.75,9.75,9.75,100.0
2023-12-01 16:00:00+07:00,9.75,9.75,9.75,9.75,1100.0
2023-12-01 16:01:00+07:00,9.75,9.75,9.75,9.75,2900.0
2023-12-01 16:03:00+07:00,9.75,9.75,9.7,9.7,4500.0
2023-12-01 16:04:00+07:00,9.75,9.75,9.75,9.75,100.0
2023-12-01 16:05:00+07:00,9.75,9.75,9.75,9.75,200.0
2023-12-01 16:06:00+07:00,9.75,9.75,9.75,9.75,8200.0
2023-12-01 16:08:00+07:00,9.75,9.75,9.75,9.75,100.0
2023-12-01 16:09:00+07:00,9.75,9.75,9.75,9.75,900.0
2023-12-01 16:11:00+07:00,9.75,9.75,9.75,9.75,2800.0
2023-12-01 16:12:00+07:00,9.75,9.75,9.75,9.75,100.0
2023-12-01 16:13:00+07:00,9.75,9.75,9.75,9.75,800.0
2023-12-01 16:14:00+07:00,9.75,9.75,9.7,9.7,5700.0
2023-12-01 16:16:00+07:00,9.75,9.75,9.75,9.75,700.0
2023-12-01 16:17:00+07:00,9.75,9.75,9.75,9.75,1000.0
2023-12-01 16:18:00+07:00,9.75,9.75,9.75,9.75,19400.0
2023-12-01 16:19:00+07:00,9.75,9.75,9.75,9.75,5200.0
2023-12-01 16:20:00+07:00,9.75,9.75,9.75,9.75,37200.0
2023-12-01 16:21:00+07:00,9.75,9.75,9.75,9.75,2300.0
2023-12-01 16:23:00+07:00,9.75,9.75,9.75,9.75,500.0
2023-12-01 16:24:00+07:00,9.75,9.75,9.75,9.75,700.0
2023-12-01 16:25:00+07:00,9.75,9.75,9.75,9.75,500.0
2023-12-01 16:26:00+07:00,9.75,9.75,9.75,9.75,5500.0
2023-12-01 16:27:00+07:00,9.75,9.75,9.75,9.75,1800.0
2023-12-01 16:28:00+07:00,9.75,9.75,9.75,9.75,2500.0
2023-12-01 16:29:00+07:00,9.75,9.75,9.75,9.75,2300.0
2023-12-01 16:35:00+07:00,9.7,9.7,9.7,9.7,1090400.0
2023-12-04 09:57:00+07:00,9.65,9.65,9.65,9.65,293000.0
2023-12-04 09:58:00+07:00,9.65,9.65,9.65,9.65,8100.0
2023-12-04 09:59:00+07:00,9.65,9.65,9.65,9.65,32800.0
2023-12-04 10:00:00+07:00,9.65,9.65,9.6,9.65,192700.0
2023-12-04 10:01:00+07:00,9.65,9.65,9.6,9.6,4500.0
2023-12-04 10:02:00+07:00,9.65,9.65,9.55,9.6,511900.0
2023-12-04 10:03:00+07:00,9.6,9.6,9.6,9.6,212900.0
2023-12-04 10:04:00+07:00,9.65,9.65,9.6,9.6,2300.0
2023-12-04 10:05:00+07:00,9.6,9.65,9.6,9.65,4300.0
2023-12-04 10:06:00+07:00,9.65,9.65,9.6,9.65,16700.0
2023-12-04 10:07:00+07:00,9.65,9.65,9.6,9.65,9500.0
2023-12-04 10:08:00+07:00,9.6,9.65,9.6,9.65,1800.0
2023-12-04 10:09:00+07:00,9.6,9.65,9.6,9.65,2000.0
2023-12-04 10:11:00+07:00,9.65,9.65,9.65,9.65,14100.0
2023-12-04 10:12:00+07:00,9.6,9.65,9.6,9.65,5400.0
2023-12-04 10:13:00+07:00,9.65,9.65,9.65,9.65,300.0
2023-12-04 10:14:00+07:00,9.65,9.65,9.6,9.6,5100.0
2023-12-04 10:15:00+07:00,9.6,9.65,9.6,9.6,16900.0
2023-12-04 10:16:00+07:00,9.6,9.65,9.6,9.6,4200.0
2023-12-04 10:17:00+07:00,9.6,9.6,9.6,9.6,20400.0
2023-12-04 10:18:00+07:00,9.6,9.6,9.6,9.6,3900.0
2023-12-04 10:19:00+07:00,9.6,9.6,9.6,9.6,4100.0
2023-12-04 10:20:00+07:00,9.6,9.6,9.6,9.6,3700.0
2023-12-04 10:21:00+07:00,9.6,9.65,9.6,9.6,13800.0
2023-12-04 10:22:00+07:00,9.65,9.65,9.6,9.6,8000.0
2023-12-04 10:23:00+07:00,9.6,9.6,9.6,9.6,6500.0
2023-12-04 10:24:00+07:00,9.6,9.65,9.6,9.65,23800.0
2023-12-04 10:25:00+07:00,9.6,9.65,9.6,9.6,8800.0
2023-12-04 10:26:00+07:00,9.6,9.65,9.6,9.6,3600.0
2023-12-04 10:27:00+07:00,9.6,9.65,9.6,9.6,18500.0
2023-12-04 10:28:00+07:00,9.6,9.65,9.6,9.65,5100.0
2023-12-04 10:29:00+07:00,9.65,9.65,9.6,9.65,580500.0
2023-12-04 10:30:00+07:00,9.65,9.65,9.65,9.65,130000.0
2023-12-04 10:31:00+07:00,9.65,9.65,9.65,9.65,63300.0
2023-12-04 10:32:00+07:00,9.65,9.65,9.65,9.65,7800.0
2023-12-04 10:33:00+07:00,9.65,9.65,9.65,9.65,15100.0
2023-12-04 10:34:00+07:00,9.65,9.65,9.65,9.65,300.0
2023-12-04 10:35:00+07:00,9.65,9.65,9.65,9.65,4400.0
2023-12-04 10:36:00+07:00,9.65,9.65,9.65,9.65,117700.0
2023-12-04 10:37:00+07:00,9.65,9.65,9.65,9.65,159400.0
2023-12-04 10:38:00+07:00,9.65,9.65,9.65,9.65,7400.0
2023-12-04 10:39:00+07:00,9.65,9.65,9.65,9.65,8400.0
2023-12-04 10:40:00+07:00,9.65,9.65,9.65,9.65,100.0
2023-12-04 10:41:00+07:00,9.65,9.65,9.65,9.65,1000.0
2023-12-04 10:42:00+07:00,9.65,9.65,9.65,9.65,3200.0
2023-12-04 10:43:00+07:00,9.65,9.65,9.65,9.65,3500.0
2023-12-04 10:44:00+07:00,9.65,9.65,9.65,9.65,2300.0
2023-12-04 10:45:00+07:00,9.65,9.65,9.65,9.65,1000.0
2023-12-04 10:46:00+07:00,9.65,9.65,9.65,9.65,6000.0
2023-12-04 10:47:00+07:00,9.65,9.65,9.65,9.65,185100.0
2023-12-04 10:48:00+07:00,9.65,9.65,9.65,9.65,3600.0
2023-12-04 10:49:00+07:00,9.7,9.7,9.65,9.65,10100.0
2023-12-04 10:50:00+07:00,9.65,9.65,9.65,9.65,3600.0
2023-12-04 10:51:00+07:00,9.65,9.65,9.6,9.65,9400.0
2023-12-04 10:52:00+07:00,9.65,9.65,9.65,9.65,1100.0
2023-12-04 10:53:00+07:00,9.65,9.65,9.65,9.65,200.0
2023-12-04 10:54:00+07:00,9.65,9.65,9.65,9.65,3200.0
2023-12-04 10:55:00+07:00,9.65,9.65,9.65,9.65,3700.0
2023-12-04 10:56:00+07:00,9.65,9.65,9.65,9.65,3100.0
2023-12-04 10:57:00+07:00,9.65,9.65,9.65,9.65,1000.0
2023-12-04 10:58:00+07:00,9.65,9.65,9.65,9.65,11000.0
2023-12-04 10:59:00+07:00,9.65,9.65,9.65,9.65,18800.0
2023-12-04 11:00:00+07:00,9.65,9.65,9.65,9.65,10500.0
2023-12-04 11:01:00+07:00,9.65,9.65,9.65,9.65,29700.0
2023-12-04 11:02:00+07:00,9.65,9.65,9.65,9.65,7500.0
2023-12-04 11:03:00+07:00,9.6,9.65,9.6,9.65,3000.0
2023-12-04 11:04:00+07:00,9.65,9.65,9.65,9.65,100.0
2023-12-04 11:05:00+07:00,9.65,9.65,9.65,9.65,1600.0
2023-12-04 11:06:00+07:00,9.65,9.65,9.65,9.65,2300.0
2023-12-04 11:07:00+07:00,9.65,9.65,9.65,9.65,1900.0
2023-12-04 11:08:00+07:00,9.65,9.65,9.65,9.65,14500.0
2023-12-04 11:09:00+07:00,9.65,9.65,9.65,9.65,2700.0
2023-12-04 11:10:00+07:00,9.65,9.65,9.65,9.65,1600.0
2023-12-04 11:11:00+07:00,9.65,9.65,9.65,9.65,1000.0
2023-12-04 11:12:00+07:00,9.65,9.65,9.65,9.65,8700.0
2023-12-04 11:13:00+07:00,9.65,9.65,9.6,9.65,407300.0
2023-12-04 11:14:00+07:00,9.65,9.65,9.65,9.65,2100.0
2023-12-04 11:15:00+07:00,9.65,9.65,9.65,9.65,500.0
2023-12-04 11:16:00+07:00,9.65,9.65,9.65,9.65,100.0
2023-12-04 11:17:00+07:00,9.65,9.65,9.65,9.65,500.0
2023-12-04 11:18:00+07:00,9.6,9.6,9.6,9.6,2000.0
2023-12-04 11:22:00+07:00,9.65,9.65,9.65,9.65,300.0
2023-12-04 11:23:00+07:00,9.65,9.65,9.65,9.65,800.0
2023-12-04 11:27:00+07:00,9.65,9.65,9.65,9.65,1000.0
2023-12-04 11:29:00+07:00,9.6,9.6,9.6,9.6,5500.0
2023-12-04 11:31:00+07:00,9.6,9.6,9.6,9.6,3300.0
2023-12-04 11:32:00+07:00,9.65,9.65,9.6,9.6,4300.0
2023-12-04 11:33:00+07:00,9.6,9.65,9.6,9.65,3200.0
2023-12-04 11:34:00+07:00,9.65,9.65,9.65,9.65,10300.0
2023-12-04 11:35:00+07:00,9.65,9.65,9.65,9.65,5000.0
2023-12-04 11:36:00+07:00,9.65,9.65,9.65,9.65,400.0
2023-12-04 11:37:00+07:00,9.65,9.65,9.65,9.65,1800.0
2023-12-04 11:38:00+07:00,9.65,9.65,9.65,9.65,2100.0
2023-12-04 11:39:00+07:00,9.65,9.65,9.65,9.65,300.0
2023-12-04 11:40:00+07:00,9.6,9.6,9.6,9.6,5300.0
2023-12-04 11:41:00+07:00,9.65,9.65,9.6,9.6,3200.0
2023-12-04 11:42:00+07:00,9.6,9.6,9.6,9.6,2400.0
2023-12-04 11:43:00+07:00,9.6,9.6,9.6,9.6,6300.0
2023-12-04 11:44:00+07:00,9.6,9.65,9.6,9.6,3000.0
2023-12-04 11:45:00+07:00,9.6,9.6,9.6,9.6,1100.0
2023-12-04 11:46:00+07:00,9.6,9.6,9.6,9.6,83000.0
2023-12-04 11:47:00+07:00,9.6,9.6,9.6,9.6,117900.0
2023-12-04 11:48:00+07:00,9.6,9.65,9.6,9.65,1300.0
2023-12-04 11:49:00+07:00,9.65,9.65,9.6,9.6,2500.0
2023-12-04 11:50:00+07:00,9.6,9.6,9.6,9.6,8200.0
2023-12-04 11:51:00+07:00,9.6,9.65,9.6,9.6,2800.0
2023-12-04 11:52:00+07:00,9.65,9.65,9.6,9.6,3500.0
2023-12-04 11:53:00+07:00,9.6,9.65,9.6,9.6,4100.0
2023-12-04 11:54:00+07:00,9.6,9.6,9.6,9.6,2200.0
2023-12-04 11:55:00+07:00,9.6,9.65,9.6,9.65,7900.0
2023-12-04 11:56:00+07:00,9.6,9.6,9.6,9.6,1100.0
2023-12-04 11:57:00+07:00,9.6,9.6,9.6,9.6,1500.0
2023-12-04 11:58:00+07:00,9.6,9.6,9.6,9.6,7600.0
2023-12-04 11:59:00+07:00,9.6,9.6,9.6,9.6,7100.0
2023-12-04 12:00:00+07:00,9.6,9.6,9.6,9.6,2400.0
2023-12-04 12:01:00+07:00,9.65,9.65,9.6,9.6,3800.0
2023-12-04 12:02:00+07:00,9.6,9.65,9.6,9.65,7900.0
2023-12-04 12:03:00+07:00,9.6,9.6,9.6,9.6,7400.0
2023-12-04 12:04:00+07:00,9.6,9.6,9.6,9.6,2000.0
2023-12-04 12:05:00+07:00,9.6,9.6,9.6,9.6,1100.0
2023-12-04 12:06:00+07:00,9.6,9.65,9.6,9.6,2500.0
2023-12-04 12:07:00+07:00,9.6,9.65,9.6,9.6,6600.0
2023-12-04 12:08:00+07:00,9.6,9.6,9.6,9.6,4400.0
2023-12-04 12:09:00+07:00,9.6,9.65,9.6,9.6,2500.0
2023-12-04 12:10:00+07:00,9.6,9.6,9.6,9.6,6600.0
2023-12-04 12:11:00+07:00,9.6,9.6,9.6,9.6,26400.0
2023-12-04 12:12:00+07:00,9.65,9.65,9.6,9.6,1100.0
2023-12-04 12:13:00+07:00,9.65,9.65,9.65,9.65,21500.0
2023-12-04 12:14:00+07:00,9.65,9.65,9.65,9.65,200.0
2023-12-04 12:15:00+07:00,9.65,9.65,9.6,9.65,3500.0
2023-12-04 12:16:00+07:00,9.6,9.6,9.6,9.6,4700.0
2023-12-04 12:17:00+07:00,9.6,9.6,9.6,9.6,1500.0
2023-12-04 12:18:00+07:00,9.6,9.6,9.6,9.6,1800.0
2023-12-04 12:19:00+07:00,9.6,9.6,9.6,9.6,2100.0
2023-12-04 12:20:00+07:00,9.6,9.6,9.6,9.6,2300.0
2023-12-04 12:21:00+07:00,9.6,9.6,9.6,9.6,6100.0
2023-12-04 12:22:00+07:00,9.6,9.6,9.6,9.6,2700.0
2023-12-04 12:23:00+07:00,9.6,9.65,9.6,9.6,2500.0
2023-12-04 12:24:00+07:00,9.65,9.65,9.6,9.6,3000.0
2023-12-04 12:25:00+07:00,9.6,9.65,9.6,9.65,23200.0
2023-12-04 12:26:00+07:00,9.65,9.65,9.65,9.65,200.0
2023-12-04 12:27:00+07:00,9.65,9.65,9.6,9.6,10100.0
2023-12-04 12:28:00+07:00,9.6,9.6,9.6,9.6,300.0
2023-12-04 12:29:00+07:00,9.65,9.65,9.65,9.65,1000.0
2023-12-04 14:28:00+07:00,9.65,9.65,9.6,9.6,42500.0
2023-12-04 14:29:00+07:00,9.6,9.6,9.6,9.6,1700.0
2023-12-04 14:30:00+07:00,9.6,9.6,9.6,9.6,6200.0
2023-12-04 14:31:00+07:00,9.6,9.6,9.6,9.6,4500.0
2023-12-04 14:32:00+07:00,9.6,9.65,9.6,9.6,3900.0
2023-12-04 14:33:00+07:00,9.6,9.65,9.6,9.65,25300.0
2023-12-04 14:34:00+07:00,9.65,9.65,9.6,9.6,164700.0
2023-12-04 14:35:00+07:00,9.65,9.65,9.65,9.65,200.0
2023-12-04 14:36:00+07:00,9.65,9.65,9.6,9.6,300.0
2023-12-04 14:37:00+07:00,9.65,9.65,9.65,9.65,5000.0
2023-12-04 14:38:00+07:00,9.65,9.65,9.65,9.65,100.0
2023-12-04 14:40:00+07:00,9.65,9.65,9.65,9.65,100.0
2023-12-04 14:43:00+07:00,9.65,9.65,9.65,9.65,200.0
2023-12-04 14:44:00+07:00,9.65,9.65,9.65,9.65,100.0
2023-12-04 14:45:00+07:00,9.6,9.6,9.55,9.55,248800.0
2023-12-04 14:46:00+07:00,9.6,9.6,9.6,9.6,3100.0
2023-12-04 14:47:00+07:00,9.6,9.6,9.6,9.6,261900.0
2023-12-04 14:48:00+07:00,9.6,9.6,9.6,9.6,4000.0
2023-12-04 14:50:00+07:00,9.6,9.6,9.6,9.6,300.0
2023-12-04 14:54:00+07:00,9.6,9.6,9.6,9.6,500.0
2023-12-04 14:56:00+07:00,9.6,9.6,9.6,9.6,73700.0
2023-12-04 14:57:00+07:00,9.6,9.6,9.6,9.6,700.0
2023-12-04 14:58:00+07:00,9.6,9.6,9.6,9.6,5100.0
2023-12-04 14:59:00+07:00,9.6,9.6,9.6,9.6,300.0
2023-12-04 15:00:00+07:00,9.6,9.6,9.6,9.6,1600.0
2023-12-04 15:01:00+07:00,9.6,9.6,9.55,9.55,315500.0
2023-12-04 15:02:00+07:00,9.6,9.6,9.55,9.6,10400.0
2023-12-04 15:03:00+07:00,9.6,9.6,9.6,9.6,21000.0
2023-12-04 15:04:00+07:00,9.6,9.6,9.6,9.6,1800.0
2023-12-04 15:05:00+07:00,9.6,9.65,9.6,9.65,188600.0
2023-12-04 15:06:00+07:00,9.65,9.65,9.65,9.65,1000.0
2023-12-04 15:07:00+07:00,9.65,9.65,9.65,9.65,28400.0
2023-12-04 15:08:00+07:00,9.6,9.6,9.6,9.6,900.0
2023-12-04 15:09:00+07:00,9.65,9.65,9.65,9.65,15800.0
2023-12-04 15:10:00+07:00,9.65,9.65,9.65,9.65,15200.0
2023-12-04 15:12:00+07:00,9.65,9.65,9.65,9.65,14900.0
2023-12-04 15:13:00+07:00,9.65,9.65,9.6,9.6,1100.0
2023-12-04 15:14:00+07:00,9.6,9.65,9.6,9.6,14200.0
2023-12-04 15:15:00+07:00,9.6,9.65,9.6,9.65,8400.0
2023-12-04 15:17:00+07:00,9.6,9.65,9.6,9.65,17400.0
2023-12-04 15:18:00+07:00,9.6,9.65,9.6,9.6,5600.0
2023-12-04 15:19:00+07:00,9.6,9.65,9.6,9.65,12600.0
2023-12-04 15:20:00+07:00,9.6,9.65,9.6,9.6,4900.0
2023-12-04 15:21:00+07:00,9.6,9.6,9.6,9.6,100.0
2023-12-04 15:22:00+07:00,9.6,9.65,9.6,9.6,18600.0
2023-12-04 15:23:00+07:00,9.65,9.65,9.65,9.65,300.0
2023-12-04 15:24:00+07:00,9.65,9.65,9.65,9.65,16400.0
2023-12-04 15:25:00+07:00,9.65,9.65,9.65,9.65,6400.0
2023-12-04 15:27:00+07:00,9.6,9.65,9.6,9.65,20700.0
2023-12-04 15:28:00+07:00,9.6,9.65,9.6,9.65,3500.0
2023-12-04 15:29:00+07:00,9.65,9.65,9.65,9.65,14800.0
2023-12-04 15:30:00+07:00,9.65,9.65,9.65,9.65,7000.0
2023-12-04 15:32:00+07:00,9.65,9.65,9.65,9.65,15600.0
2023-12-04 15:33:00+07:00,9.65,9.65,9.65,9.65,100.0
2023-12-04 15:34:00+07:00,9.65,9.65,9.65,9.65,15500.0
2023-12-04 15:35:00+07:00,9.65,9.65,9.65,9.65,10400.0
2023-12-04 15:36:00+07:00,9.65,9.65,9.65,9.65,600.0
2023-12-04 15:37:00+07:00,9.65,9.65,9.65,9.65,18400.0
2023-12-04 15:38:00+07:00,9.65,9.65,9.65,9.65,100.0
2023-12-04 15:39:00+07:00,9.65,9.65,9.6,9.6,17800.0
2023-12-04 15:40:00+07:00,9.65,9.65,9.65,9.65,6800.0
2023-12-04 15:41:00+07:00,9.65,9.65,9.65,9.65,400.0
2023-12-04 15:42:00+07:00,9.65,9.65,9.65,9.65,15000.0
2023-12-04 15:43:00+07:00,9.6,9.6,9.6,9.6,400.0
2023-12-04 15:44:00+07:00,9.65,9.65,9.65,9.65,15400.0
2023-12-04 15:45:00+07:00,9.65,9.65,9.65,9.65,9400.0
2023-12-04 15:46:00+07:00,9.6,9.6,9.6,9.6,4500.0
2023-12-04 15:47:00+07:00,9.6,9.65,9.6,9.65,18400.0
2023-12-04 15:48:00+07:00,9.65,9.65,9.65,9.65,4500.0
2023-12-04 15:49:00+07:00,9.65,9.65,9.65,9.65,13600.0
2023-12-04 15:50:00+07:00,9.65,9.65,9.65,9.65,10200.0
2023-12-04 15:51:00+07:00,9.65,9.65,9.65,9.65,8000.0
2023-12-04 15:52:00+07:00,9.65,9.65,9.65,9.65,20700.0
2023-12-04 15:54:00+07:00,9.65,9.65,9.6,9.65,20700.0
2023-12-04 15:55:00+07:00,9.65,9.65,9.65,9.65,9200.0
2023-12-04 15:56:00+07:00,9.6,9.6,9.6,9.6,500.0
2023-12-04 15:57:00+07:00,9.65,9.65,9.6,9.6,35700.0
2023-12-04 15:58:00+07:00,9.6,9.6,9.6,9.6,400.0
2023-12-04 15:59:00+07:00,9.6,9.65,9.6,9.65,16400.0
2023-12-04 16:00:00+07:00,9.65,9.65,9.6,9.6,9300.0
2023-12-04 16:01:00+07:00,9.6,9.6,9.6,9.6,2800.0
2023-12-04 16:02:00+07:00,9.65,9.65,9.6,9.65,17800.0
2023-12-04 16:03:00+07:00,9.6,9.65,9.6,9.6,4800.0
2023-12-04 16:04:00+07:00,9.65,9.65,9.6,9.6,20700.0
2023-12-04 16:05:00+07:00,9.6,9.65,9.6,9.6,11900.0
2023-12-04 16:06:00+07:00,9.6,9.65,9.6,9.6,9500.0
2023-12-04 16:07:00+07:00,9.65,9.65,9.6,9.6,20000.0
2023-12-04 16:08:00+07:00,9.6,9.6,9.6,9.6,4900.0
2023-12-04 16:09:00+07:00,9.65,9.65,9.6,9.6,20600.0
2023-12-04 16:10:00+07:00,9.6,9.65,9.6,9.6,11600.0
2023-12-04 16:11:00+07:00,9.6,9.6,9.6,9.6,4000.0
2023-12-04 16:12:00+07:00,9.65,9.65,9.6,9.6,18100.0
2023-12-04 16:13:00+07:00,9.6,9.6,9.6,9.6,4500.0
2023-12-04 16:14:00+07:00,9.65,9.65,9.6,9.6,75600.0
2023-12-04 16:15:00+07:00,9.65,9.65,9.6,9.6,5800.0
2023-12-04 16:16:00+07:00,9.6,9.6,9.6,9.6,400.0
2023-12-04 16:17:00+07:00,9.65,9.65,9.65,9.65,13500.0
2023-12-04 16:18:00+07:00,9.65,9.65,9.65,9.65,1000.0
2023-12-04 16:19:00+07:00,9.65,9.65,9.65,9.65,16600.0
2023-12-04 16:20:00+07:00,9.65,9.65,9.65,9.65,10500.0
2023-12-04 16:21:00+07:00,9.65,9.65,9.65,9.65,8400.0
2023-12-04 16:22:00+07:00,9.65,9.65,9.65,9.65,16400.0
2023-12-04 16:23:00+07:00,9.65,9.65,9.65,9.65,1300.0
2023-12-04 16:24:00+07:00,9.65,9.65,9.65,9.65,14000.0
2023-12-04 16:25:00+07:00,9.65,9.65,9.65,9.65,11400.0
2023-12-04 16:26:00+07:00,9.65,9.65,9.65,9.65,6000.0
2023-12-04 16:27:00+07:00,9.65,9.65,9.65,9.65,25100.0
2023-12-04 16:28:00+07:00,9.65,9.65,9.6,9.6,18100.0
2023-12-04 16:29:00+07:00,9.6,9.65,9.6,9.65,19800.0
2023-12-04 16:36:00+07:00,9.6,9.6,9.6,9.6,843900.0
2023-12-06 09:57:00+07:00,9.6,9.65,9.6,9.65,92100.0
2023-12-06 09:59:00+07:00,9.6,9.6,9.6,9.6,19000.0
2023-12-06 10:01:00+07:00,9.65,9.65,9.65,9.65,100.0
2023-12-06 10:02:00+07:00,9.65,9.65,9.65,9.65,500.0
2023-12-06 10:04:00+07:00,9.65,9.65,9.6,9.6,200.0
2023-12-06 10:05:00+07:00,9.6,9.6,9.6,9.6,7600.0
2023-12-06 10:06:00+07:00,9.6,9.6,9.6,9.6,19000.0
2023-12-06 10:07:00+07:00,9.6,9.6,9.6,9.6,300.0
2023-12-06 10:08:00+07:00,9.6,9.6,9.6,9.6,700.0
2023-12-06 10:10:00+07:00,9.6,9.6,9.6,9.6,300.0
2023-12-06 10:11:00+07:00,9.6,9.6,9.6,9.6,2900.0
2023-12-06 10:12:00+07:00,9.6,9.6,9.6,9.6,500.0
2023-12-06 10:14:00+07:00,9.65,9.65,9.65,9.65,5000.0
2023-12-06 10:15:00+07:00,9.65,9.65,9.65,9.65,207800.0
2023-12-06 10:16:00+07:00,9.65,9.7,9.65,9.7,9000.0
2023-12-06 10:17:00+07:00,9.65,9.7,9.65,9.7,500.0
2023-12-06 10:18:00+07:00,9.65,9.65,9.65,9.65,5000.0
2023-12-06 10:19:00+07:00,9.65,9.7,9.65,9.7,11700.0
2023-12-06 10:20:00+07:00,9.65,9.65,9.65,9.65,8500.0
2023-12-06 10:22:00+07:00,9.65,9.65,9.65,9.65,500.0
2023-12-06 10:23:00+07:00,9.65,9.65,9.65,9.65,3200.0
2023-12-06 10:25:00+07:00,9.65,9.65,9.65,9.65,1300.0
2023-12-06 10:26:00+07:00,9.65,9.65,9.65,9.65,600.0
2023-12-06 10:27:00+07:00,9.65,9.65,9.65,9.65,2600.0
2023-12-06 10:28:00+07:00,9.65,9.65,9.65,9.65,100.0
2023-12-06 10:29:00+07:00,9.65,9.65,9.65,9.65,10700.0
2023-12-06 10:30:00+07:00,9.65,9.65,9.65,9.65,1700.0
2023-12-06 10:31:00+07:00,9.65,9.65,9.65,9.65,10400.0
2023-12-06 10:32:00+07:00,9.65,9.65,9.65,9.65,500.0
2023-12-06 10:33:00+07:00,9.65,9.65,9.65,9.65,400.0
2023-12-06 10:39:00+07:00,9.65,9.65,9.65,9.65,6300.0
2023-12-06 10:41:00+07:00,9.65,9.65,9.65,9.65,100.0
2023-12-06 10:44:00+07:00,9.65,9.65,9.65,9.65,5400.0
2023-12-06 10:45:00+07:00,9.65,9.65,9.65,9.65,100.0
2023-12-06 10:46:00+07:00,9.65,9.65,9.65,9.65,10900.0
2023-12-06 10:47:00+07:00,9.65,9.65,9.65,9.65,11300.0
2023-12-06 10:49:00+07:00,9.65,9.7,9.65,9.65,3600.0
2023-12-06 10:50:00+07:00,9.65,9.65,9.65,9.65,500.0
2023-12-06 10:51:00+07:00,9.65,9.65,9.65,9.65,100.0
2023-12-06 10:52:00+07:00,9.7,9.7,9.65,9.65,2400.0
2023-12-06 10:55:00+07:00,9.65,9.65,9.65,9.65,1300.0
2023-12-06 10:56:00+07:00,9.7,9.7,9.7,9.7,300.0
2023-12-06 10:59:00+07:00,9.65,9.65,9.65,9.65,1300.0
2023-12-06 11:00:00+07:00,9.65,9.65,9.65,9.65,10200.0
2023-12-06 11:03:00+07:00,9.65,9.65,9.65,9.65,200.0
2023-12-06 11:04:00+07:00,9.65,9.65,9.65,9.65,2600.0
2023-12-06 11:06:00+07:00,9.65,9.65,9.65,9.65,3000.0
2023-12-06 11:07:00+07:00,9.65,9.65,9.65,9.65,10200.0
2023-12-06 11:08:00+07:00,9.7,9.7,9.7,9.7,100.0
2023-12-06 11:09:00+07:00,9.65,9.65,9.65,9.65,5200.0
2023-12-06 11:15:00+07:00,9.65,9.65,9.65,9.65,500.0
2023-12-06 11:18:00+07:00,9.65,9.65,9.65,9.65,3000.0
2023-12-06 11:21:00+07:00,9.7,9.7,9.7,9.7,100.0
2023-12-06 11:24:00+07:00,9.7,9.7,9.7,9.7,100.0
2023-12-06 11:28:00+07:00,9.65,9.65,9.65,9.65,1600.0
2023-12-06 11:29:00+07:00,9.7,9.7,9.7,9.7,100.0
2023-12-06 11:32:00+07:00,9.7,9.7,9.7,9.7,10000.0
2023-12-06 11:33:00+07:00,9.7,9.7,9.7,9.7,100.0
2023-12-06 11:35:00+07:00,9.65,9.65,9.65,9.65,100.0
2023-12-06 11:37:00+07:00,9.65,9.65,9.65,9.65,400.0
2023-12-06 11:41:00+07:00,9.65,9.65,9.65,9.65,2900.0
2023-12-06 11:42:00+07:00,9.7,9.7,9.7,9.7,5000.0
2023-12-06 11:44:00+07:00,9.7,9.7,9.7,9.7,1500.0
2023-12-06 11:45:00+07:00,9.7,9.7,9.7,9.7,100.0
2023-12-06 11:48:00+07:00,9.7,9.7,9.65,9.65,3500.0
2023-12-06 11:49:00+07:00,9.65,9.65,9.65,9.65,100.0
2023-12-06 11:53:00+07:00,9.7,9.7,9.7,9.7,351200.0
2023-12-06 11:54:00+07:00,9.7,9.7,9.7,9.7,100.0
2023-12-06 11:56:00+07:00,9.7,9.7,9.7,9.7,100.0
2023-12-06 11:58:00+07:00,9.75,9.75,9.75,9.75,1400.0
2023-12-06 11:59:00+07:00,9.75,9.75,9.75,9.75,500.0
2023-12-06 12:01:00+07:00,9.7,9.7,9.7,9.7,100.0
2023-12-06 12:02:00+07:00,9.7,9.75,9.7,9.75,1900.0
2023-12-06 12:03:00+07:00,9.7,9.7,9.7,9.7,9400.0
2023-12-06 12:04:00+07:00,9.7,9.7,9.7,9.7,200.0
2023-12-06 12:05:00+07:00,9.7,9.7,9.7,9.7,186200.0
2023-12-06 12:07:00+07:00,9.7,9.7,9.65,9.65,1200.0
2023-12-06 12:08:00+07:00,9.65,9.65,9.65,9.65,100.0
2023-12-06 12:09:00+07:00,9.65,9.7,9.65,9.7,200.0
2023-12-06 12:10:00+07:00,9.7,9.7,9.65,9.7,10200.0
2023-12-06 12:11:00+07:00,9.65,9.65,9.65,9.65,300.0
2023-12-06 12:12:00+07:00,9.65,9.65,9.65,9.65,100.0
2023-12-06 12:13:00+07:00,9.65,9.65,9.65,9.65,26400.0
2023-12-06 12:15:00+07:00,9.65,9.65,9.65,9.65,200.0
2023-12-06 12:16:00+07:00,9.7,9.7,9.7,9.7,1000.0
2023-12-06 12:17:00+07:00,9.7,9.7,9.7,9.7,100.0
2023-12-06 12:18:00+07:00,9.7,9.7,9.7,9.7,600.0
2023-12-06 12:20:00+07:00,9.7,9.7,9.7,9.7,1000.0
2023-12-06 12:24:00+07:00,9.65,9.65,9.65,9.65,18400.0
2023-12-06 12:25:00+07:00,9.7,9.7,9.7,9.7,2000.0
2023-12-06 12:26:00+07:00,9.7,9.7,9.7,9.7,100.0
2023-12-06 12:28:00+07:00,9.7,9.7,9.7,9.7,2000.0
2023-12-06 12:29:00+07:00,9.65,9.65,9.65,9.65,300.0
2023-12-06 14:25:00+07:00,9.7,9.7,9.65,9.7,62400.0
2023-12-06 14:26:00+07:00,9.7,9.7,9.7,9.7,500.0
2023-12-06 14:28:00+07:00,9.7,9.7,9.7,9.7,1000.0
2023-12-06 14:31:00+07:00,9.7,9.7,9.65,9.7,9200.0
2023-12-06 14:35:00+07:00,9.7,9.7,9.7,9.7,500.0
2023-12-06 14:36:00+07:00,9.7,9.7,9.65,9.7,1300.0
2023-12-06 14:39:00+07:00,9.7,9.7,9.65,9.65,1900.0
2023-12-06 14:40:00+07:00,9.7,9.7,9.7,9.7,100.0
2023-12-06 14:46:00+07:00,9.7,9.7,9.7,9.7,600.0
2023-12-06 14:48:00+07:00,9.65,9.65,9.65,9.65,8900.0
2023-12-06 14:50:00+07:00,9.65,9.65,9.65,9.65,800.0
2023-12-06 14:51:00+07:00,9.65,9.65,9.65,9.65,10000.0
2023-12-06 14:52:00+07:00,9.7,9.7,9.65,9.65,2500.0
2023-12-06 14:54:00+07:00,9.65,9.65,9.65,9.65,9000.0
2023-12-06 14:55:00+07:00,9.65,9.65,9.65,9.65,30000.0
2023-12-06 15:01:00+07:00,9.65,9.65,9.65,9.65,400.0
2023-12-06 15:02:00+07:00,9.65,9.65,9.65,9.65,300.0
2023-12-06 15:03:00+07:00,9.65,9.65,9.65,9.65,2600.0
2023-12-06 15:04:00+07:00,9.65,9.65,9.65,9.65,1800.0
2023-12-06 15:05:00+07:00,9.7,9.7,9.7,9.7,500.0
2023-12-06 15:06:00+07:00,9.7,9.7,9.7,9.7,2600.0
2023-12-06 15:07:00+07:00,9.65,9.7,9.65,9.7,3200.0
2023-12-06 15:08:00+07:00,9.7,9.7,9.65,9.7,25900.0
2023-12-06 15:10:00+07:00,9.65,9.65,9.65,9.65,600.0
2023-12-06 15:12:00+07:00,9.7,9.7,9.7,9.7,3700.0
2023-12-06 15:13:00+07:00,9.65,9.7,9.65,9.7,3100.0
2023-12-06 15:14:00+07:00,9.7,9.7,9.65,9.65,700.0
2023-12-06 15:15:00+07:00,9.7,9.7,9.7,9.7,2100.0
2023-12-06 15:16:00+07:00,9.65,9.65,9.65,9.65,200.0
2023-12-06 15:17:00+07:00,9.65,9.7,9.65,9.7,2600.0
2023-12-06 15:18:00+07:00,9.7,9.7,9.65,9.65,70900.0
2023-12-06 15:19:00+07:00,9.7,9.7,9.7,9.7,2400.0
2023-12-06 15:20:00+07:00,9.7,9.7,9.7,9.7,4800.0
2023-12-06 15:21:00+07:00,9.7,9.7,9.7,9.7,300.0
2023-12-06 15:22:00+07:00,9.65,9.65,9.65,9.65,8200.0
2023-12-06 15:23:00+07:00,9.65,9.65,9.65,9.65,20000.0
2023-12-06 15:25:00+07:00,9.65,9.65,9.65,9.65,1500.0
2023-12-06 15:29:00+07:00,9.65,9.7,9.65,9.7,300.0
2023-12-06 15:30:00+07:00,9.7,9.7,9.7,9.7,1000.0
2023-12-06 15:32:00+07:00,9.65,9.7,9.65,9.7,1900.0
2023-12-06 15:34:00+07:00,9.7,9.7,9.7,9.7,2100.0
2023-12-06 15:35:00+07:00,9.7,9.7,9.7,9.7,2000.0
2023-12-06 15:36:00+07:00,9.65,9.65,9.65,9.65,2200.0
2023-12-06 15:37:00+07:00,9.7,9.7,9.7,9.7,3100.0
2023-12-06 15:38:00+07:00,9.7,9.7,9.7,9.7,7300.0
2023-12-06 15:39:00+07:00,9.65,9.7,9.65,9.7,7300.0
2023-12-06 15:40:00+07:00,9.7,9.7,9.7,9.7,5000.0
2023-12-06 15:43:00+07:00,9.65,9.65,9.65,9.65,2000.0
2023-12-06 15:44:00+07:00,9.65,9.7,9.65,9.7,800.0
2023-12-06 15:47:00+07:00,9.7,9.7,9.65,9.65,4300.0
2023-12-06 15:48:00+07:00,9.7,9.7,9.7,9.7,2000.0
2023-12-06 15:49:00+07:00,9.7,9.7,9.7,9.7,1000.0
2023-12-06 15:50:00+07:00,9.65,9.65,9.65,9.65,2600.0
2023-12-06 15:51:00+07:00,9.65,9.65,9.65,9.65,1500.0
2023-12-06 15:52:00+07:00,9.65,9.65,9.65,9.65,200.0
2023-12-06 15:53:00+07:00,9.7,9.7,9.7,9.7,1100.0
2023-12-06 15:54:00+07:00,9.7,9.7,9.7,9.7,1000.0
2023-12-06 15:55:00+07:00,9.7,9.7,9.65,9.65,5200.0
2023-12-06 15:59:00+07:00,9.65,9.65,9.65,9.65,1100.0
2023-12-06 16:00:00+07:00,9.65,9.65,9.65,9.65,400.0
2023-12-06 16:01:00+07:00,9.7,9.7,9.7,9.7,1000.0
2023-12-06 16:02:00+07:00,9.7,9.7,9.65,9.65,3300.0
2023-12-06 16:03:00+07:00,9.65,9.65,9.65,9.65,1000.0
2023-12-06 16:05:00+07:00,9.7,9.7,9.7,9.7,10000.0
2023-12-06 16:06:00+07:00,9.65,9.65,9.65,9.65,2200.0
2023-12-06 16:07:00+07:00,9.7,9.7,9.65,9.7,2800.0
2023-12-06 16:08:00+07:00,9.65,9.7,9.65,9.7,300.0
2023-12-06 16:09:00+07:00,9.7,9.7,9.7,9.7,10000.0
2023-12-06 16:11:00+07:00,9.7,9.7,9.65,9.65,6100.0
2023-12-06 16:12:00+07:00,9.65,9.65,9.65,9.65,1500.0
2023-12-06 16:13:00+07:00,9.65,9.7,9.65,9.7,1800.0
2023-12-06 16:14:00+07:00,9.7,9.7,9.65,9.65,3300.0
2023-12-06 16:15:00+07:00,9.7,9.7,9.65,9.65,2700.0
2023-12-06 16:16:00+07:00,9.65,9.7,9.65,9.7,4600.0
2023-12-06 16:17:00+07:00,9.7,9.7,9.65,9.65,2400.0
2023-12-06 16:18:00+07:00,9.65,9.65,9.65,9.65,4900.0
2023-12-06 16:19:00+07:00,9.65,9.65,9.65,9.65,6100.0
2023-12-06 16:20:00+07:00,9.65,9.65,9.65,9.65,20600.0
2023-12-06 16:21:00+07:00,9.65,9.65,9.65,9.65,2500.0
2023-12-06 16:22:00+07:00,9.65,9.65,9.65,9.65,4500.0
2023-12-06 16:23:00+07:00,9.65,9.7,9.65,9.65,10700.0
2023-12-06 16:24:00+07:00,9.65,9.7,9.65,9.65,1800.0
2023-12-06 16:25:00+07:00,9.7,9.7,9.65,9.65,2500.0
2023-12-06 16:26:00+07:00,9.7,9.7,9.65,9.65,4400.0
2023-12-06 16:27:00+07:00,9.65,9.65,9.65,9.65,37800.0
2023-12-06 16:28:00+07:00,9.65,9.7,9.65,9.65,57600.0
2023-12-06 16:29:00+07:00,9.65,9.65,9.65,9.65,5000.0
2023-12-06 16:39:00+07:00,9.7,9.7,9.7,9.7,1065700.0
2023-12-07 09:56:00+07:00,9.65,9.7,9.65,9.65,311800.0
2023-12-07 09:57:00+07:00,9.65,9.65,9.6,9.6,15300.0
2023-12-07 09:58:00+07:00,9.6,9.65,9.6,9.65,92500.0
2023-12-07 09:59:00+07:00,9.7,9.7,9.7,9.7,500.0
2023-12-07 10:00:00+07:00,9.7,9.7,9.7,9.7,19400.0
2023-12-07 10:01:00+07:00,9.7,9.7,9.7,9.7,10000.0
2023-12-07 10:02:00+07:00,9.7,9.7,9.7,9.7,3500.0
2023-12-07 10:03:00+07:00,9.7,9.7,9.7,9.7,200.0
2023-12-07 10:04:00+07:00,9.65,9.65,9.6,9.6,294900.0
2023-12-07 10:05:00+07:00,9.6,9.65,9.6,9.65,1400.0
2023-12-07 10:06:00+07:00,9.65,9.65,9.65,9.65,3000.0
2023-12-07 10:07:00+07:00,9.65,9.65,9.55,9.6,549800.0
2023-12-07 10:08:00+07:00,9.6,9.6,9.55,9.6,15800.0
2023-12-07 10:09:00+07:00,9.6,9.6,9.5,9.5,1084600.0
2023-12-07 10:10:00+07:00,9.5,9.5,9.45,9.5,299200.0
2023-12-07 10:11:00+07:00,9.45,9.5,9.45,9.5,173100.0
2023-12-07 10:12:00+07:00,9.5,9.5,9.5,9.5,188000.0
2023-12-07 10:14:00+07:00,9.55,9.55,9.5,9.55,4000.0
2023-12-07 10:15:00+07:00,9.5,9.5,9.5,9.5,50000.0
2023-12-07 10:16:00+07:00,9.55,9.55,9.55,9.55,100.0
2023-12-07 10:17:00+07:00,9.55,9.55,9.55,9.55,500.0
2023-12-07 10:18:00+07:00,9.55,9.55,9.55,9.55,1400.0
2023-12-07 10:20:00+07:00,9.55,9.55,9.5,9.5,1800.0
2023-12-07 10:21:00+07:00,9.5,9.5,9.5,9.5,607600.0
2023-12-07 10:22:00+07:00,9.5,9.5,9.5,9.5,135800.0
2023-12-07 10:23:00+07:00,9.5,9.5,9.45,9.5,25600.0
2023-12-07 10:24:00+07:00,9.5,9.5,9.5,9.5,8800.0
2023-12-07 10:25:00+07:00,9.5,9.5,9.5,9.5,154800.0
2023-12-07 10:26:00+07:00,9.5,9.5,9.5,9.5,4900.0
2023-12-07 10:27:00+07:00,9.5,9.5,9.45,9.45,9000.0
2023-12-07 10:28:00+07:00,9.45,9.45,9.45,9.45,492600.0
2023-12-07 10:29:00+07:00,9.45,9.45,9.4,9.45,25500.0
2023-12-07 10:30:00+07:00,9.45,9.45,9.4,9.45,11200.0
2023-12-07 10:31:00+07:00,9.45,9.45,9.4,9.45,32500.0
2023-12-07 10:32:00+07:00,9.45,9.45,9.35,9.4,515300.0
2023-12-07 10:33:00+07:00,9.4,9.4,9.4,9.4,244300.0
2023-12-07 10:34:00+07:00,9.45,9.45,9.45,9.45,1900.0
2023-12-07 10:35:00+07:00,9.45,9.45,9.4,9.4,3500.0
2023-12-07 10:37:00+07:00,9.45,9.45,9.45,9.45,2000.0
2023-12-07 10:38:00+07:00,9.45,9.45,9.4,9.45,4600.0
2023-12-07 10:39:00+07:00,9.45,9.45,9.45,9.45,4100.0
2023-12-07 10:40:00+07:00,9.45,9.45,9.45,9.45,1500.0
2023-12-07 10:41:00+07:00,9.45,9.45,9.4,9.4,118100.0
2023-12-07 10:42:00+07:00,9.45,9.45,9.45,9.45,200.0
2023-12-07 10:43:00+07:00,9.45,9.45,9.35,9.4,294200.0
2023-12-07 10:44:00+07:00,9.4,9.4,9.35,9.4,77200.0
2023-12-07 10:45:00+07:00,9.4,9.4,9.4,9.4,16300.0
2023-12-07 10:46:00+07:00,9.4,9.4,9.4,9.4,10500.0
2023-12-07 10:47:00+07:00,9.35,9.4,9.35,9.4,4500.0
2023-12-07 10:48:00+07:00,9.4,9.4,9.35,9.4,3800.0
2023-12-07 10:49:00+07:00,9.4,9.4,9.4,9.4,14200.0
2023-12-07 10:50:00+07:00,9.4,9.4,9.4,9.4,99000.0
2023-12-07 10:51:00+07:00,9.4,9.4,9.4,9.4,94800.0
2023-12-07 10:52:00+07:00,9.4,9.4,9.4,9.4,22100.0
2023-12-07 10:53:00+07:00,9.4,9.4,9.4,9.4,140200.0
2023-12-07 10:55:00+07:00,9.45,9.45,9.45,9.45,2000.0
2023-12-07 10:56:00+07:00,9.45,9.45,9.45,9.45,1100.0
2023-12-07 10:57:00+07:00,9.45,9.45,9.45,9.45,1000.0
2023-12-07 10:59:00+07:00,9.45,9.45,9.45,9.45,1200.0
2023-12-07 11:00:00+07:00,9.45,9.45,9.45,9.45,300.0
2023-12-07 11:01:00+07:00,9.45,9.45,9.45,9.45,100.0
2023-12-07 11:02:00+07:00,9.45,9.45,9.45,9.45,6000.0
2023-12-07 11:03:00+07:00,9.45,9.45,9.4,9.4,3700.0
2023-12-07 11:04:00+07:00,9.45,9.45,9.45,9.45,1600.0
2023-12-07 11:05:00+07:00,9.45,9.45,9.45,9.45,700.0
2023-12-07 11:06:00+07:00,9.45,9.45,9.4,9.4,12100.0
2023-12-07 11:07:00+07:00,9.45,9.45,9.45,9.45,20000.0
2023-12-07 11:08:00+07:00,9.45,9.45,9.45,9.45,20000.0
2023-12-07 11:09:00+07:00,9.45,9.45,9.45,9.45,1200.0
2023-12-07 11:10:00+07:00,9.45,9.45,9.45,9.45,300.0
2023-12-07 11:12:00+07:00,9.45,9.45,9.4,9.45,6300.0
2023-12-07 11:13:00+07:00,9.45,9.45,9.45,9.45,200.0
2023-12-07 11:14:00+07:00,9.45,9.45,9.45,9.45,200.0
2023-12-07 11:15:00+07:00,9.45,9.45,9.4,9.4,7200.0
2023-12-07 11:16:00+07:00,9.45,9.45,9.45,9.45,2500.0
2023-12-07 11:17:00+07:00,9.45,9.45,9.45,9.45,1200.0
2023-12-07 11:18:00+07:00,9.45,9.45,9.45,9.45,1000.0
2023-12-07 11:19:00+07:00,9.45,9.45,9.45,9.45,100.0
2023-12-07 11:20:00+07:00,9.45,9.45,9.45,9.45,1600.0
2023-12-07 11:21:00+07:00,9.45,9.45,9.45,9.45,2500.0
2023-12-07 11:22:00+07:00,9.45,9.45,9.45,9.45,100.0
2023-12-07 11:23:00+07:00,9.45,9.45,9.4,9.45,4200.0
2023-12-07 11:24:00+07:00,9.45,9.45,9.45,9.45,18800.0
2023-12-07 11:25:00+07:00,9.45,9.45,9.45,9.45,1100.0
2023-12-07 11:26:00+07:00,9.45,9.45,9.45,9.45,2900.0
2023-12-07 11:27:00+07:00,9.45,9.45,9.45,9.45,100.0
2023-12-07 11:28:00+07:00,9.4,9.4,9.4,9.4,7600.0
2023-12-07 11:29:00+07:00,9.45,9.45,9.4,9.45,9500.0
2023-12-07 11:31:00+07:00,9.45,9.45,9.45,9.45,2000.0
2023-12-07 11:32:00+07:00,9.45,9.45,9.45,9.45,5300.0
2023-12-07 11:33:00+07:00,9.4,9.4,9.4,9.4,6800.0
2023-12-07 11:34:00+07:00,9.45,9.45,9.45,9.45,10000.0
2023-12-07 11:35:00+07:00,9.4,9.4,9.4,9.4,500.0
2023-12-07 11:36:00+07:00,9.45,9.45,9.45,9.45,5500.0
2023-12-07 11:37:00+07:00,9.45,9.45,9.45,9.45,10500.0
2023-12-07 11:38:00+07:00,9.45,9.45,9.4,9.4,34300.0
2023-12-07 11:40:00+07:00,9.45,9.45,9.45,9.45,15000.0
2023-12-07 11:41:00+07:00,9.45,9.45,9.45,9.45,2300.0
2023-12-07 11:42:00+07:00,9.4,9.45,9.4,9.45,2100.0
2023-12-07 11:43:00+07:00,9.45,9.45,9.45,9.45,100.0
2023-12-07 11:45:00+07:00,9.45,9.45,9.45,9.45,4600.0
2023-12-07 11:46:00+07:00,9.45,9.45,9.4,9.4,10400.0
2023-12-07 11:48:00+07:00,9.45,9.45,9.45,9.45,1500.0
2023-12-07 11:50:00+07:00,9.45,9.45,9.45,9.45,2000.0
2023-12-07 11:51:00+07:00,9.45,9.45,9.45,9.45,200.0
2023-12-07 11:52:00+07:00,9.45,9.45,9.45,9.45,3000.0
2023-12-07 11:53:00+07:00,9.45,9.45,9.45,9.45,300.0
2023-12-07 11:54:00+07:00,9.45,9.45,9.45,9.45,700.0
2023-12-07 11:55:00+07:00,9.4,9.4,9.4,9.4,4600.0
2023-12-07 11:57:00+07:00,9.4,9.4,9.4,9.4,4600.0
2023-12-07 11:58:00+07:00,9.4,9.4,9.4,9.4,12900.0
2023-12-07 11:59:00+07:00,9.45,9.45,9.45,9.45,10000.0
2023-12-07 12:00:00+07:00,9.45,9.45,9.4,9.4,2600.0
2023-12-07 12:01:00+07:00,9.45,9.45,9.45,9.45,11700.0
2023-12-07 12:02:00+07:00,9.45,9.45,9.45,9.45,1000.0
2023-12-07 12:04:00+07:00,9.4,9.4,9.4,9.4,1700.0
2023-12-07 12:05:00+07:00,9.4,9.45,9.4,9.45,12900.0
2023-12-07 12:06:00+07:00,9.45,9.45,9.4,9.45,3300.0
2023-12-07 12:07:00+07:00,9.45,9.45,9.4,9.4,5100.0
2023-12-07 12:08:00+07:00,9.45,9.45,9.4,9.4,17200.0
2023-12-07 12:10:00+07:00,9.4,9.45,9.4,9.45,5600.0
2023-12-07 12:11:00+07:00,9.4,9.4,9.4,9.4,2500.0
2023-12-07 12:12:00+07:00,9.4,9.4,9.4,9.4,500.0
2023-12-07 12:13:00+07:00,9.4,9.4,9.4,9.4,4700.0
2023-12-07 12:14:00+07:00,9.4,9.45,9.4,9.4,5900.0
2023-12-07 12:15:00+07:00,9.4,9.45,9.4,9.45,3400.0
2023-12-07 12:16:00+07:00,9.4,9.4,9.4,9.4,19500.0
2023-12-07 12:17:00+07:00,9.4,9.45,9.4,9.45,13400.0
2023-12-07 12:18:00+07:00,9.4,9.45,9.4,9.45,6100.0
2023-12-07 12:19:00+07:00,9.45,9.45,9.4,9.4,1300.0
2023-12-07 12:20:00+07:00,9.4,9.4,9.4,9.4,2500.0
2023-12-07 12:21:00+07:00,9.4,9.4,9.4,9.4,2600.0
2023-12-07 12:22:00+07:00,9.4,9.45,9.4,9.4,6000.0
2023-12-07 12:23:00+07:00,9.4,9.45,9.4,9.45,6400.0
2023-12-07 12:24:00+07:00,9.4,9.4,9.4,9.4,1200.0
2023-12-07 12:25:00+07:00,9.4,9.4,9.4,9.4,2400.0
2023-12-07 12:26:00+07:00,9.45,9.45,9.4,9.4,4900.0
2023-12-07 12:27:00+07:00,9.4,9.45,9.4,9.4,54600.0
2023-12-07 12:28:00+07:00,9.4,9.4,9.4,9.4,10700.0
2023-12-07 12:29:00+07:00,9.4,9.45,9.4,9.45,6300.0
2023-12-07 14:27:00+07:00,9.4,9.45,9.4,9.45,137300.0
2023-12-07 14:28:00+07:00,9.45,9.45,9.4,9.45,3300.0
2023-12-07 14:29:00+07:00,9.4,9.4,9.4,9.4,3100.0
2023-12-07 14:30:00+07:00,9.4,9.4,9.4,9.4,7400.0
2023-12-07 14:31:00+07:00,9.4,9.4,9.35,9.4,824500.0
2023-12-07 14:32:00+07:00,9.35,9.4,9.35,9.4,154200.0
2023-12-07 14:33:00+07:00,9.4,9.4,9.35,9.4,52300.0
2023-12-07 14:34:00+07:00,9.4,9.4,9.4,9.4,8300.0
2023-12-07 14:35:00+07:00,9.4,9.4,9.35,9.4,6700.0
2023-12-07 14:36:00+07:00,9.4,9.4,9.35,9.35,8900.0
2023-12-07 14:37:00+07:00,9.4,9.4,9.4,9.4,2700.0
2023-12-07 14:38:00+07:00,9.4,9.4,9.4,9.4,4700.0
2023-12-07 14:39:00+07:00,9.4,9.4,9.4,9.4,4600.0
2023-12-07 14:40:00+07:00,9.4,9.4,9.4,9.4,12100.0
2023-12-07 14:41:00+07:00,9.4,9.4,9.4,9.4,14600.0
2023-12-07 14:42:00+07:00,9.4,9.4,9.4,9.4,16200.0
2023-12-07 14:43:00+07:00,9.4,9.4,9.35,9.35,19100.0
2023-12-07 14:44:00+07:00,9.4,9.4,9.35,9.35,600.0
2023-12-07 14:45:00+07:00,9.4,9.4,9.4,9.4,10100.0
2023-12-07 14:46:00+07:00,9.4,9.45,9.4,9.45,403100.0
2023-12-07 14:47:00+07:00,9.45,9.45,9.45,9.45,1000.0
2023-12-07 14:48:00+07:00,9.45,9.45,9.4,9.4,471500.0
2023-12-07 14:50:00+07:00,9.45,9.45,9.4,9.4,103800.0
2023-12-07 14:52:00+07:00,9.45,9.45,9.45,9.45,900.0
2023-12-07 14:54:00+07:00,9.4,9.4,9.4,9.4,7100.0
2023-12-07 14:55:00+07:00,9.45,9.45,9.45,9.45,100.0
2023-12-07 14:56:00+07:00,9.4,9.45,9.4,9.45,1100.0
2023-12-07 14:57:00+07:00,9.4,9.45,9.4,9.45,6200.0
2023-12-07 14:59:00+07:00,9.45,9.45,9.45,9.45,300.0
2023-12-07 15:01:00+07:00,9.45,9.45,9.45,9.45,1000.0
2023-12-07 15:02:00+07:00,9.45,9.45,9.45,9.45,500.0
2023-12-07 15:04:00+07:00,9.45,9.45,9.45,9.45,100.0
2023-12-07 15:05:00+07:00,9.4,9.4,9.4,9.4,500.0
2023-12-07 15:06:00+07:00,9.4,9.4,9.4,9.4,257600.0
2023-12-07 15:07:00+07:00,9.4,9.4,9.35,9.35,19800.0
2023-12-07 15:08:00+07:00,9.4,9.4,9.4,9.4,8600.0
2023-12-07 15:09:00+07:00,9.4,9.4,9.4,9.4,15700.0
2023-12-07 15:10:00+07:00,9.4,9.4,9.4,9.4,6900.0
2023-12-07 15:11:00+07:00,9.4,9.4,9.4,9.4,27200.0
2023-12-07 15:12:00+07:00,9.4,9.4,9.4,9.4,11800.0
2023-12-07 15:13:00+07:00,9.4,9.4,9.4,9.4,3500.0
2023-12-07 15:14:00+07:00,9.4,9.4,9.4,9.4,3300.0
2023-12-07 15:15:00+07:00,9.4,9.4,9.4,9.4,16100.0
2023-12-07 15:16:00+07:00,9.4,9.4,9.4,9.4,10500.0
2023-12-07 15:17:00+07:00,9.4,9.4,9.4,9.4,6200.0
2023-12-07 15:18:00+07:00,9.4,9.4,9.4,9.4,900.0
2023-12-07 15:19:00+07:00,9.4,9.4,9.4,9.4,800.0
2023-12-07 15:20:00+07:00,9.4,9.4,9.35,9.4,3500.0
2023-12-07 15:21:00+07:00,9.4,9.4,9.35,9.4,5800.0
2023-12-07 15:22:00+07:00,9.4,9.4,9.4,9.4,4000.0
2023-12-07 15:23:00+07:00,9.4,9.4,9.35,9.4,47100.0
2023-12-07 15:24:00+07:00,9.4,9.4,9.4,9.4,200.0
2023-12-07 15:25:00+07:00,9.4,9.4,9.4,9.4,1400.0
2023-12-07 15:26:00+07:00,9.4,9.4,9.35,9.35,12600.0
2023-12-07 15:28:00+07:00,9.4,9.4,9.4,9.4,51100.0
2023-12-07 15:29:00+07:00,9.4,9.4,9.4,9.4,6500.0
2023-12-07 15:30:00+07:00,9.4,9.4,9.4,9.4,5100.0
2023-12-07 15:31:00+07:00,9.4,9.4,9.4,9.4,4900.0
2023-12-07 15:32:00+07:00,9.4,9.4,9.35,9.35,19700.0
2023-12-07 15:33:00+07:00,9.4,9.4,9.4,9.4,10800.0
2023-12-07 15:34:00+07:00,9.35,9.4,9.35,9.4,3400.0
2023-12-07 15:35:00+07:00,9.4,9.4,9.4,9.4,100.0
2023-12-07 15:37:00+07:00,9.4,9.4,9.35,9.4,2600.0
2023-12-07 15:38:00+07:00,9.4,9.4,9.4,9.4,1300.0
2023-12-07 15:39:00+07:00,9.4,9.4,9.4,9.4,2700.0
2023-12-07 15:40:00+07:00,9.4,9.4,9.4,9.4,200.0
2023-12-07 15:41:00+07:00,9.35,9.4,9.35,9.4,8300.0
2023-12-07 15:42:00+07:00,9.35,9.35,9.35,9.35,200.0
2023-12-07 15:43:00+07:00,9.35,9.35,9.35,9.35,2300.0
2023-12-07 15:44:00+07:00,9.4,9.4,9.4,9.4,1500.0
2023-12-07 15:45:00+07:00,9.4,9.4,9.4,9.4,500.0
2023-12-07 15:46:00+07:00,9.35,9.35,9.35,9.35,7300.0
2023-12-07 15:47:00+07:00,9.35,9.4,9.35,9.4,3400.0
2023-12-07 15:48:00+07:00,9.4,9.4,9.4,9.4,100.0
2023-12-07 15:49:00+07:00,9.35,9.4,9.35,9.4,1800.0
2023-12-07 15:50:00+07:00,9.4,9.4,9.4,9.4,100.0
2023-12-07 15:51:00+07:00,9.4,9.4,9.35,9.4,60600.0
2023-12-07 15:52:00+07:00,9.4,9.4,9.4,9.4,5100.0
2023-12-07 15:53:00+07:00,9.4,9.4,9.4,9.4,1500.0
2023-12-07 15:55:00+07:00,9.4,9.4,9.4,9.4,100.0
2023-12-07 15:56:00+07:00,9.4,9.4,9.35,9.4,20800.0
2023-12-07 15:57:00+07:00,9.4,9.4,9.4,9.4,15200.0
2023-12-07 15:58:00+07:00,9.4,9.4,9.4,9.4,10900.0
2023-12-07 15:59:00+07:00,9.4,9.4,9.35,9.4,18400.0
2023-12-07 16:00:00+07:00,9.4,9.4,9.4,9.4,2000.0
2023-12-07 16:01:00+07:00,9.4,9.4,9.4,9.4,7400.0
2023-12-07 16:03:00+07:00,9.4,9.4,9.4,9.4,2200.0
2023-12-07 16:04:00+07:00,9.4,9.4,9.4,9.4,3000.0
2023-12-07 16:05:00+07:00,9.4,9.4,9.4,9.4,200.0
2023-12-07 16:06:00+07:00,9.4,9.4,9.4,9.4,100.0
2023-12-07 16:08:00+07:00,9.4,9.4,9.35,9.4,9100.0
2023-12-07 16:09:00+07:00,9.35,9.35,9.35,9.35,63600.0
2023-12-07 16:10:00+07:00,9.35,9.4,9.35,9.4,8100.0
2023-12-07 16:11:00+07:00,9.4,9.4,9.4,9.4,10300.0
2023-12-07 16:12:00+07:00,9.4,9.4,9.4,9.4,1100.0
2023-12-07 16:13:00+07:00,9.35,9.4,9.35,9.35,6800.0
2023-12-07 16:14:00+07:00,9.35,9.4,9.35,9.35,9800.0
2023-12-07 16:15:00+07:00,9.35,9.4,9.35,9.35,41700.0
2023-12-07 16:16:00+07:00,9.35,9.4,9.35,9.35,8600.0
2023-12-07 16:17:00+07:00,9.35,9.35,9.35,9.35,8500.0
2023-12-07 16:18:00+07:00,9.35,9.35,9.35,9.35,8100.0
2023-12-07 16:19:00+07:00,9.35,9.4,9.35,9.35,10500.0
2023-12-07 16:20:00+07:00,9.35,9.4,9.35,9.35,5900.0
2023-12-07 16:21:00+07:00,9.35,9.4,9.35,9.4,10300.0
2023-12-07 16:22:00+07:00,9.35,9.4,9.35,9.35,69200.0
2023-12-07 16:23:00+07:00,9.35,9.35,9.35,9.35,38700.0
2023-12-07 16:24:00+07:00,9.35,9.4,9.35,9.4,10700.0
2023-12-07 16:25:00+07:00,9.35,9.4,9.35,9.35,24900.0
2023-12-07 16:26:00+07:00,9.35,9.35,9.35,9.35,61800.0
2023-12-07 16:27:00+07:00,9.35,9.4,9.35,9.35,47000.0
2023-12-07 16:28:00+07:00,9.35,9.4,9.35,9.35,129600.0
2023-12-07 16:29:00+07:00,9.35,9.4,9.35,9.35,236100.0
2023-12-07 16:39:00+07:00,9.35,9.35,9.35,9.35,1616500.0
2023-12-08 09:59:00+07:00,9.35,9.4,9.35,9.35,155900.0
2023-12-08 10:00:00+07:00,9.35,9.4,9.35,9.4,4600.0
2023-12-08 10:01:00+07:00,9.35,9.4,9.35,9.4,1000.0
2023-12-08 10:02:00+07:00,9.4,9.4,9.4,9.4,8200.0
2023-12-08 10:03:00+07:00,9.35,9.35,9.35,9.35,189700.0
2023-12-08 10:04:00+07:00,9.35,9.35,9.35,9.35,292100.0
2023-12-08 10:05:00+07:00,9.35,9.35,9.35,9.35,199000.0
2023-12-08 10:06:00+07:00,9.35,9.35,9.35,9.35,9800.0
2023-12-08 10:07:00+07:00,9.35,9.35,9.35,9.35,3300.0
2023-12-08 10:08:00+07:00,9.35,9.35,9.35,9.35,232700.0
2023-12-08 10:09:00+07:00,9.35,9.35,9.35,9.35,47000.0
2023-12-08 10:10:00+07:00,9.35,9.35,9.3,9.35,2900.0
2023-12-08 10:11:00+07:00,9.35,9.35,9.3,9.3,5000.0
2023-12-08 10:12:00+07:00,9.35,9.35,9.35,9.35,1300.0
2023-12-08 10:13:00+07:00,9.35,9.35,9.35,9.35,2100.0
2023-12-08 10:14:00+07:00,9.35,9.35,9.35,9.35,14800.0
2023-12-08 10:15:00+07:00,9.35,9.35,9.35,9.35,10800.0
2023-12-08 10:16:00+07:00,9.35,9.35,9.35,9.35,15200.0
2023-12-08 10:17:00+07:00,9.35,9.35,9.35,9.35,435600.0
2023-12-08 10:19:00+07:00,9.35,9.35,9.35,9.35,9500.0
2023-12-08 10:20:00+07:00,9.35,9.35,9.35,9.35,100.0
2023-12-08 10:22:00+07:00,9.4,9.4,9.4,9.4,1000.0
2023-12-08 10:23:00+07:00,9.35,9.35,9.35,9.35,1000.0
2023-12-08 10:24:00+07:00,9.35,9.35,9.35,9.35,283200.0
2023-12-08 10:25:00+07:00,9.35,9.35,9.35,9.35,217600.0
2023-12-08 10:26:00+07:00,9.35,9.35,9.35,9.35,1400.0
2023-12-08 10:29:00+07:00,9.35,9.35,9.35,9.35,86900.0
2023-12-08 10:30:00+07:00,9.35,9.35,9.35,9.35,3000.0
2023-12-08 10:31:00+07:00,9.35,9.35,9.35,9.35,4300.0
2023-12-08 10:32:00+07:00,9.35,9.35,9.35,9.35,300.0
2023-12-08 10:33:00+07:00,9.35,9.35,9.3,9.35,3600.0
2023-12-08 10:34:00+07:00,9.35,9.35,9.35,9.35,3600.0
2023-12-08 10:35:00+07:00,9.3,9.3,9.3,9.3,1000.0
2023-12-08 10:36:00+07:00,9.35,9.35,9.35,9.35,600.0
2023-12-08 10:37:00+07:00,9.35,9.35,9.35,9.35,3000.0
2023-12-08 10:38:00+07:00,9.35,9.35,9.35,9.35,200.0
2023-12-08 10:39:00+07:00,9.35,9.35,9.3,9.35,8300.0
2023-12-08 10:40:00+07:00,9.35,9.35,9.3,9.3,1600.0
2023-12-08 10:41:00+07:00,9.3,9.3,9.3,9.3,5500.0
2023-12-08 10:44:00+07:00,9.35,9.35,9.35,9.35,200.0
2023-12-08 10:45:00+07:00,9.3,9.35,9.3,9.35,400.0
2023-12-08 10:46:00+07:00,9.35,9.35,9.3,9.35,2800.0
2023-12-08 10:47:00+07:00,9.35,9.35,9.35,9.35,1300.0
2023-12-08 10:49:00+07:00,9.35,9.35,9.35,9.35,11200.0
2023-12-08 10:50:00+07:00,9.3,9.3,9.3,9.3,1100.0
2023-12-08 10:51:00+07:00,9.35,9.35,9.35,9.35,200.0
2023-12-08 10:52:00+07:00,9.35,9.35,9.35,9.35,2500.0
2023-12-08 10:53:00+07:00,9.35,9.35,9.3,9.3,3300.0
2023-12-08 10:54:00+07:00,9.35,9.35,9.3,9.3,21000.0
2023-12-08 10:55:00+07:00,9.35,9.35,9.35,9.35,5900.0
2023-12-08 10:56:00+07:00,9.35,9.35,9.3,9.35,80100.0
2023-12-08 10:57:00+07:00,9.3,9.35,9.3,9.35,455700.0
2023-12-08 10:58:00+07:00,9.35,9.35,9.35,9.35,42900.0
2023-12-08 10:59:00+07:00,9.35,9.35,9.35,9.35,9000.0
2023-12-08 11:00:00+07:00,9.35,9.35,9.35,9.35,26400.0
2023-12-08 11:01:00+07:00,9.35,9.35,9.35,9.35,299000.0
2023-12-08 11:02:00+07:00,9.4,9.4,9.4,9.4,12000.0
2023-12-08 11:04:00+07:00,9.4,9.4,9.4,9.4,11000.0
2023-12-08 11:05:00+07:00,9.35,9.35,9.35,9.35,1600.0
2023-12-08 11:08:00+07:00,9.35,9.35,9.35,9.35,100.0
2023-12-08 11:09:00+07:00,9.4,9.4,9.35,9.35,4600.0
2023-12-08 11:10:00+07:00,9.4,9.4,9.4,9.4,600.0
2023-12-08 11:12:00+07:00,9.4,9.4,9.4,9.4,22600.0
2023-12-08 11:14:00+07:00,9.4,9.4,9.4,9.4,500.0
2023-12-08 11:15:00+07:00,9.4,9.4,9.4,9.4,300.0
2023-12-08 11:16:00+07:00,9.4,9.4,9.4,9.4,100.0
2023-12-08 11:17:00+07:00,9.4,9.4,9.4,9.4,100.0
2023-12-08 11:18:00+07:00,9.4,9.4,9.3,9.3,245800.0
2023-12-08 11:20:00+07:00,9.35,9.35,9.35,9.35,200.0
2023-12-08 11:21:00+07:00,9.35,9.35,9.35,9.35,3600.0
2023-12-08 11:24:00+07:00,9.35,9.35,9.35,9.35,100.0
2023-12-08 11:25:00+07:00,9.35,9.35,9.35,9.35,100.0
2023-12-08 11:26:00+07:00,9.35,9.35,9.35,9.35,3000.0
2023-12-08 11:27:00+07:00,9.35,9.35,9.35,9.35,2000.0
2023-12-08 11:28:00+07:00,9.3,9.35,9.3,9.35,1500.0
2023-12-08 11:29:00+07:00,9.35,9.35,9.35,9.35,1400.0
2023-12-08 11:30:00+07:00,9.35,9.35,9.35,9.35,10200.0
2023-12-08 11:31:00+07:00,9.35,9.35,9.35,9.35,2100.0
2023-12-08 11:32:00+07:00,9.35,9.35,9.35,9.35,1200.0
2023-12-08 11:33:00+07:00,9.35,9.35,9.35,9.35,6900.0
2023-12-08 11:35:00+07:00,9.35,9.35,9.35,9.35,600.0
2023-12-08 11:36:00+07:00,9.3,9.35,9.3,9.35,1900.0
2023-12-08 11:37:00+07:00,9.35,9.35,9.35,9.35,500.0
2023-12-08 11:38:00+07:00,9.35,9.35,9.3,9.35,5300.0
2023-12-08 11:39:00+07:00,9.35,9.35,9.35,9.35,500.0
2023-12-08 11:40:00+07:00,9.35,9.35,9.35,9.35,500.0
2023-12-08 11:41:00+07:00,9.35,9.35,9.3,9.35,2000.0
2023-12-08 11:42:00+07:00,9.35,9.35,9.35,9.35,200.0
2023-12-08 11:43:00+07:00,9.35,9.35,9.35,9.35,1000.0
2023-12-08 11:44:00+07:00,9.35,9.35,9.35,9.35,300.0
2023-12-08 11:45:00+07:00,9.35,9.35,9.35,9.35,1300.0
2023-12-08 11:47:00+07:00,9.35,9.35,9.35,9.35,100.0
2023-12-08 11:48:00+07:00,9.3,9.3,9.3,9.3,3600.0
2023-12-08 11:49:00+07:00,9.3,9.35,9.3,9.35,2900.0
2023-12-08 11:50:00+07:00,9.35,9.35,9.35,9.35,200.0
2023-12-08 11:51:00+07:00,9.35,9.35,9.35,9.35,500.0
2023-12-08 11:52:00+07:00,9.35,9.35,9.35,9.35,900.0
2023-12-08 11:53:00+07:00,9.35,9.35,9.35,9.35,100.0
2023-12-08 11:54:00+07:00,9.3,9.3,9.3,9.3,1000.0
2023-12-08 11:55:00+07:00,9.3,9.3,9.3,9.3,3200.0
2023-12-08 11:56:00+07:00,9.35,9.35,9.35,9.35,200.0
2023-12-08 11:57:00+07:00,9.35,9.35,9.3,9.3,200.0
2023-12-08 11:59:00+07:00,9.35,9.35,9.35,9.35,3000.0
2023-12-08 12:00:00+07:00,9.3,9.35,9.3,9.35,11000.0
2023-12-08 12:02:00+07:00,9.35,9.35,9.35,9.35,1100.0
2023-12-08 12:06:00+07:00,9.35,9.35,9.35,9.35,100.0
2023-12-08 12:07:00+07:00,9.35,9.35,9.3,9.3,3900.0
2023-12-08 12:08:00+07:00,9.3,9.3,9.3,9.3,3000.0
2023-12-08 12:09:00+07:00,9.35,9.35,9.35,9.35,100.0
2023-12-08 12:10:00+07:00,9.35,9.35,9.35,9.35,2700.0
2023-12-08 12:12:00+07:00,9.3,9.3,9.3,9.3,3900.0
2023-12-08 12:14:00+07:00,9.3,9.3,9.3,9.3,50000.0
2023-12-08 12:15:00+07:00,9.3,9.3,9.3,9.3,2900.0
2023-12-08 12:16:00+07:00,9.35,9.35,9.35,9.35,200.0
2023-12-08 12:17:00+07:00,9.3,9.3,9.3,9.3,1000.0
2023-12-08 12:19:00+07:00,9.3,9.3,9.3,9.3,2500.0
2023-12-08 12:20:00+07:00,9.3,9.35,9.3,9.35,11500.0
2023-12-08 12:23:00+07:00,9.3,9.3,9.3,9.3,4000.0
2023-12-08 12:27:00+07:00,9.3,9.3,9.3,9.3,3000.0
2023-12-08 12:29:00+07:00,9.35,9.35,9.35,9.35,100.0
2023-12-08 14:28:00+07:00,9.3,9.3,9.3,9.3,17600.0
2023-12-08 14:29:00+07:00,9.3,9.3,9.3,9.3,3500.0
2023-12-08 14:30:00+07:00,9.3,9.3,9.3,9.3,761400.0
2023-12-08 14:31:00+07:00,9.25,9.25,9.2,9.2,1125300.0
2023-12-08 14:32:00+07:00,9.25,9.25,9.2,9.2,40200.0
2023-12-08 14:33:00+07:00,9.2,9.25,9.2,9.25,34300.0
2023-12-08 14:34:00+07:00,9.2,9.25,9.2,9.25,25600.0
2023-12-08 14:35:00+07:00,9.25,9.25,9.2,9.2,24400.0
2023-12-08 14:36:00+07:00,9.25,9.25,9.2,9.2,20400.0
2023-12-08 14:37:00+07:00,9.2,9.25,9.2,9.2,75500.0
2023-12-08 14:38:00+07:00,9.25,9.25,9.2,9.2,18800.0
2023-12-08 14:39:00+07:00,9.2,9.25,9.2,9.2,4100.0
2023-12-08 14:40:00+07:00,9.25,9.25,9.2,9.25,18600.0
2023-12-08 14:41:00+07:00,9.25,9.25,9.2,9.2,196200.0
2023-12-08 14:42:00+07:00,9.2,9.25,9.2,9.25,22800.0
2023-12-08 14:43:00+07:00,9.2,9.2,9.2,9.2,6300.0
2023-12-08 14:44:00+07:00,9.2,9.25,9.2,9.25,29600.0
2023-12-08 14:45:00+07:00,9.2,9.25,9.2,9.2,7500.0
2023-12-08 14:46:00+07:00,9.2,9.25,9.2,9.2,4300.0
2023-12-08 14:47:00+07:00,9.2,9.25,9.2,9.25,5700.0
2023-12-08 14:48:00+07:00,9.25,9.25,9.2,9.25,11900.0
2023-12-08 14:49:00+07:00,9.2,9.25,9.2,9.25,3500.0
2023-12-08 14:50:00+07:00,9.25,9.25,9.25,9.25,1500.0
2023-12-08 14:51:00+07:00,9.25,9.25,9.25,9.25,800.0
2023-12-08 14:52:00+07:00,9.25,9.25,9.2,9.2,6100.0
2023-12-08 14:53:00+07:00,9.25,9.25,9.2,9.2,1800.0
2023-12-08 14:54:00+07:00,9.2,9.2,9.2,9.2,2600.0
2023-12-08 14:55:00+07:00,9.2,9.2,9.2,9.2,45600.0
2023-12-08 14:56:00+07:00,9.2,9.25,9.2,9.25,14900.0
2023-12-08 14:58:00+07:00,9.2,9.2,9.15,9.15,282900.0
2023-12-08 14:59:00+07:00,9.2,9.2,9.15,9.15,5300.0
2023-12-08 15:00:00+07:00,9.15,9.2,9.15,9.15,9700.0
2023-12-08 15:01:00+07:00,9.2,9.2,9.15,9.15,12600.0
2023-12-08 15:02:00+07:00,9.15,9.2,9.15,9.15,4700.0
2023-12-08 15:03:00+07:00,9.15,9.2,9.15,9.2,4700.0
2023-12-08 15:04:00+07:00,9.15,9.2,9.15,9.2,42500.0
2023-12-08 15:05:00+07:00,9.15,9.15,9.15,9.15,3400.0
2023-12-08 15:06:00+07:00,9.15,9.2,9.15,9.2,3600.0
2023-12-08 15:07:00+07:00,9.15,9.2,9.15,9.15,272900.0
2023-12-08 15:08:00+07:00,9.15,9.15,9.15,9.15,6100.0
2023-12-08 15:09:00+07:00,9.2,9.2,9.15,9.15,25300.0
2023-12-08 15:10:00+07:00,9.2,9.2,9.15,9.15,19300.0
2023-12-08 15:11:00+07:00,9.15,9.2,9.15,9.15,4900.0
2023-12-08 15:12:00+07:00,9.15,9.2,9.15,9.15,5700.0
2023-12-08 15:13:00+07:00,9.15,9.2,9.15,9.2,15100.0
2023-12-08 15:14:00+07:00,9.2,9.2,9.15,9.15,21800.0
2023-12-08 15:15:00+07:00,9.15,9.2,9.15,9.2,9200.0
2023-12-08 15:16:00+07:00,9.2,9.2,9.2,9.2,700.0
2023-12-08 15:17:00+07:00,9.2,9.2,9.15,9.2,15500.0
2023-12-08 15:18:00+07:00,9.15,9.2,9.15,9.15,6700.0
2023-12-08 15:19:00+07:00,9.2,9.2,9.2,9.2,10500.0
2023-12-08 15:20:00+07:00,9.2,9.2,9.2,9.2,487100.0
2023-12-08 15:21:00+07:00,9.2,9.2,9.2,9.2,5200.0
2023-12-08 15:22:00+07:00,9.2,9.2,9.2,9.2,4000.0
2023-12-08 15:23:00+07:00,9.2,9.2,9.15,9.2,10200.0
2023-12-08 15:24:00+07:00,9.2,9.2,9.2,9.2,1500.0
2023-12-08 15:26:00+07:00,9.2,9.2,9.2,9.2,100.0
2023-12-08 15:27:00+07:00,9.2,9.2,9.15,9.2,800.0
2023-12-08 15:28:00+07:00,9.15,9.15,9.15,9.15,7200.0
2023-12-08 15:29:00+07:00,9.2,9.2,9.2,9.2,1600.0
2023-12-08 15:30:00+07:00,9.2,9.2,9.2,9.2,1000.0
2023-12-08 15:31:00+07:00,9.15,9.15,9.15,9.15,1300.0
2023-12-08 15:32:00+07:00,9.2,9.2,9.2,9.2,100.0
2023-12-08 15:33:00+07:00,9.15,9.2,9.15,9.2,4300.0
2023-12-08 15:34:00+07:00,9.2,9.2,9.2,9.2,1600.0
2023-12-08 15:35:00+07:00,9.2,9.2,9.2,9.2,2100.0
2023-12-08 15:37:00+07:00,9.15,9.15,9.15,9.15,200.0
2023-12-08 15:38:00+07:00,9.2,9.2,9.15,9.15,300.0
2023-12-08 15:39:00+07:00,9.15,9.2,9.15,9.2,1500.0
2023-12-08 15:40:00+07:00,9.2,9.2,9.2,9.2,1900.0
2023-12-08 15:42:00+07:00,9.2,9.2,9.2,9.2,500.0
2023-12-08 15:43:00+07:00,9.2,9.2,9.2,9.2,3400.0
2023-12-08 15:44:00+07:00,9.2,9.2,9.2,9.2,800.0
2023-12-08 15:45:00+07:00,9.2,9.2,9.2,9.2,600.0
2023-12-08 15:46:00+07:00,9.2,9.2,9.2,9.2,100.0
2023-12-08 15:47:00+07:00,9.2,9.2,9.2,9.2,1000.0
2023-12-08 15:48:00+07:00,9.2,9.2,9.2,9.2,100.0
2023-12-08 15:49:00+07:00,9.2,9.2,9.2,9.2,5900.0
2023-12-08 15:50:00+07:00,9.2,9.2,9.2,9.2,9000.0
2023-12-08 15:51:00+07:00,9.2,9.2,9.15,9.2,33100.0
2023-12-08 15:52:00+07:00,9.2,9.2,9.2,9.2,100.0
2023-12-08 15:53:00+07:00,9.2,9.2,9.2,9.2,11600.0
2023-12-08 15:54:00+07:00,9.2,9.2,9.2,9.2,200.0
2023-12-08 15:55:00+07:00,9.2,9.2,9.2,9.2,2000.0
2023-12-08 15:56:00+07:00,9.2,9.2,9.2,9.2,1000.0
2023-12-08 15:57:00+07:00,9.2,9.2,9.2,9.2,1200.0
2023-12-08 15:58:00+07:00,9.2,9.2,9.2,9.2,2300.0
2023-12-08 16:01:00+07:00,9.2,9.2,9.2,9.2,11600.0
2023-12-08 16:02:00+07:00,9.2,9.2,9.2,9.2,3000.0
2023-12-08 16:03:00+07:00,9.2,9.2,9.2,9.2,1400.0
2023-12-08 16:04:00+07:00,9.2,9.2,9.2,9.2,2800.0
2023-12-08 16:05:00+07:00,9.15,9.2,9.15,9.2,7600.0
2023-12-08 16:06:00+07:00,9.2,9.2,9.2,9.2,20400.0
2023-12-08 16:07:00+07:00,9.2,9.2,9.2,9.2,1000.0
2023-12-08 16:08:00+07:00,9.15,9.15,9.15,9.15,4200.0
2023-12-08 16:09:00+07:00,9.15,9.2,9.15,9.2,3700.0
2023-12-08 16:10:00+07:00,9.2,9.2,9.2,9.2,1300.0
2023-12-08 16:11:00+07:00,9.2,9.2,9.15,9.15,1089900.0
2023-12-08 16:12:00+07:00,9.15,9.2,9.1,9.2,796300.0
2023-12-08 16:13:00+07:00,9.15,9.2,9.1,9.15,582400.0
2023-12-08 16:14:00+07:00,9.15,9.15,9.15,9.15,494800.0
2023-12-08 16:15:00+07:00,9.15,9.15,9.15,9.15,6100.0
2023-12-08 16:16:00+07:00,9.15,9.15,9.15,9.15,47900.0
2023-12-08 16:17:00+07:00,9.1,9.15,9.1,9.15,28000.0
2023-12-08 16:18:00+07:00,9.15,9.15,9.15,9.15,338200.0
2023-12-08 16:19:00+07:00,9.15,9.15,9.15,9.15,14600.0
2023-12-08 16:20:00+07:00,9.15,9.15,9.15,9.15,76000.0
2023-12-08 16:21:00+07:00,9.15,9.15,9.15,9.15,2600.0
2023-12-08 16:22:00+07:00,9.15,9.15,9.15,9.15,30200.0
2023-12-08 16:23:00+07:00,9.15,9.15,9.15,9.15,9300.0
2023-12-08 16:24:00+07:00,9.15,9.15,9.1,9.15,12400.0
2023-12-08 16:25:00+07:00,9.15,9.15,9.1,9.15,5700.0
2023-12-08 16:26:00+07:00,9.15,9.15,9.1,9.1,20300.0
2023-12-08 16:27:00+07:00,9.15,9.15,9.1,9.15,106000.0
2023-12-08 16:28:00+07:00,9.15,9.15,9.1,9.1,7000.0
2023-12-08 16:29:00+07:00,9.15,9.15,9.1,9.15,357700.0
2023-12-08 16:38:00+07:00,9.15,9.15,9.15,9.15,1014600.0
2023-12-12 09:58:00+07:00,9.15,9.2,9.15,9.2,145300.0
2023-12-12 10:02:00+07:00,9.2,9.25,9.2,9.2,129700.0
2023-12-12 10:03:00+07:00,9.2,9.25,9.2,9.2,56300.0
2023-12-12 10:04:00+07:00,9.2,9.2,9.2,9.2,6600.0
2023-12-12 10:05:00+07:00,9.2,9.2,9.2,9.2,3000.0
2023-12-12 10:06:00+07:00,9.2,9.2,9.15,9.2,17800.0
2023-12-12 10:07:00+07:00,9.2,9.2,9.1,9.1,196900.0
2023-12-12 10:08:00+07:00,9.1,9.15,9.1,9.1,3900.0
2023-12-12 10:09:00+07:00,9.15,9.15,9.15,9.15,115600.0
2023-12-12 10:10:00+07:00,9.15,9.15,9.1,9.1,124000.0
2023-12-12 10:11:00+07:00,9.15,9.15,9.15,9.15,227500.0
2023-12-12 10:12:00+07:00,9.15,9.15,9.1,9.15,26000.0
2023-12-12 10:13:00+07:00,9.15,9.15,9.15,9.15,84300.0
2023-12-12 10:15:00+07:00,9.15,9.15,9.15,9.15,400.0
2023-12-12 10:16:00+07:00,9.2,9.2,9.2,9.2,300.0
2023-12-12 10:17:00+07:00,9.2,9.2,9.15,9.15,1400.0
2023-12-12 10:19:00+07:00,9.15,9.15,9.15,9.15,300.0
2023-12-12 10:21:00+07:00,9.15,9.15,9.15,9.15,167000.0
2023-12-12 10:22:00+07:00,9.1,9.15,9.1,9.15,27200.0
2023-12-12 10:23:00+07:00,9.15,9.15,9.15,9.15,7200.0
2023-12-12 10:24:00+07:00,9.15,9.15,9.1,9.1,12300.0
2023-12-12 10:25:00+07:00,9.1,9.1,9.1,9.1,100.0
2023-12-12 10:26:00+07:00,9.15,9.15,9.15,9.15,300.0
2023-12-12 10:27:00+07:00,9.1,9.1,9.1,9.1,214400.0
2023-12-12 10:28:00+07:00,9.1,9.1,9.1,9.1,25700.0
2023-12-12 10:29:00+07:00,9.1,9.1,9.1,9.1,44000.0
2023-12-12 10:30:00+07:00,9.1,9.1,9.1,9.1,5000.0
2023-12-12 10:31:00+07:00,9.1,9.1,9.1,9.1,12000.0
2023-12-12 10:32:00+07:00,9.1,9.1,9.1,9.1,14000.0
2023-12-12 10:33:00+07:00,9.1,9.1,9.1,9.1,3700.0
2023-12-12 10:34:00+07:00,9.1,9.1,9.1,9.1,2800.0
2023-12-12 10:35:00+07:00,9.1,9.1,9.1,9.1,4600.0
2023-12-12 10:36:00+07:00,9.1,9.1,9.1,9.1,1700.0
2023-12-12 10:37:00+07:00,9.1,9.1,9.1,9.1,600.0
2023-12-12 10:38:00+07:00,9.1,9.1,9.1,9.1,9000.0
2023-12-12 10:39:00+07:00,9.05,9.1,9.05,9.1,400.0
2023-12-12 10:40:00+07:00,9.1,9.1,9.1,9.1,6900.0
2023-12-12 10:41:00+07:00,9.1,9.1,9.1,9.1,2000.0
2023-12-12 10:42:00+07:00,9.1,9.1,9.1,9.1,100.0
2023-12-12 10:43:00+07:00,9.1,9.1,9.05,9.1,19300.0
2023-12-12 10:44:00+07:00,9.1,9.1,9.1,9.1,100.0
2023-12-12 10:45:00+07:00,9.1,9.1,9.1,9.1,157500.0
2023-12-12 10:46:00+07:00,9.1,9.1,9.1,9.1,900.0
2023-12-12 10:47:00+07:00,9.1,9.1,9.1,9.1,12000.0
2023-12-12 10:48:00+07:00,9.1,9.15,9.1,9.15,600.0
2023-12-12 10:51:00+07:00,9.1,9.1,9.1,9.1,3900.0
2023-12-12 10:53:00+07:00,9.1,9.1,9.1,9.1,100.0
2023-12-12 10:54:00+07:00,9.1,9.1,9.1,9.1,3400.0
2023-12-12 10:55:00+07:00,9.1,9.15,9.1,9.15,1500.0
2023-12-12 10:57:00+07:00,9.15,9.15,9.15,9.15,1000.0
2023-12-12 10:59:00+07:00,9.15,9.15,9.15,9.15,100.0
2023-12-12 11:01:00+07:00,9.15,9.15,9.15,9.15,700.0
2023-12-12 11:02:00+07:00,9.1,9.1,9.1,9.1,900.0
2023-12-12 11:03:00+07:00,9.15,9.15,9.15,9.15,400.0
2023-12-12 11:04:00+07:00,9.15,9.15,9.15,9.15,500.0
2023-12-12 11:06:00+07:00,9.1,9.1,9.05,9.05,229900.0
2023-12-12 11:07:00+07:00,9.05,9.05,9.05,9.05,1500.0
2023-12-12 11:08:00+07:00,9.05,9.05,9.05,9.05,500.0
2023-12-12 11:09:00+07:00,9.05,9.05,9.05,9.05,4000.0
2023-12-12 11:10:00+07:00,9.05,9.1,9.05,9.1,2800.0
2023-12-12 11:11:00+07:00,9.1,9.1,9.1,9.1,500.0
2023-12-12 11:12:00+07:00,9.1,9.1,9.05,9.05,3500.0
2023-12-12 11:14:00+07:00,9.05,9.05,9.05,9.05,4000.0
2023-12-12 11:15:00+07:00,9.1,9.1,9.05,9.05,1700.0
2023-12-12 11:16:00+07:00,9.05,9.05,9.05,9.05,100.0
2023-12-12 11:18:00+07:00,9.1,9.1,9.1,9.1,4000.0
2023-12-12 11:19:00+07:00,9.05,9.05,9.05,9.05,1000.0
2023-12-12 11:20:00+07:00,9.05,9.05,9.05,9.05,5800.0
2023-12-12 11:21:00+07:00,9.05,9.1,9.05,9.1,3100.0
2023-12-12 11:22:00+07:00,9.1,9.1,9.1,9.1,100.0
2023-12-12 11:23:00+07:00,9.05,9.05,9.05,9.05,400.0
2023-12-12 11:24:00+07:00,9.1,9.1,9.05,9.05,3300.0
2023-12-12 11:25:00+07:00,9.05,9.1,9.05,9.05,2600.0
2023-12-12 11:27:00+07:00,9.05,9.05,9.05,9.05,300.0
2023-12-12 11:28:00+07:00,9.05,9.1,9.05,9.05,1800.0
2023-12-12 11:29:00+07:00,9.05,9.05,9.05,9.05,200.0
2023-12-12 11:30:00+07:00,9.05,9.1,9.05,9.05,20600.0
2023-12-12 11:31:00+07:00,9.05,9.1,9.05,9.05,4500.0
2023-12-12 11:32:00+07:00,9.05,9.1,9.05,9.05,400.0
2023-12-12 11:34:00+07:00,9.05,9.1,9.05,9.1,9900.0
2023-12-12 11:35:00+07:00,9.1,9.1,9.1,9.1,100.0
2023-12-12 11:37:00+07:00,9.05,9.1,9.05,9.1,690000.0
2023-12-12 11:39:00+07:00,9.1,9.1,9.1,9.1,300.0
2023-12-12 11:40:00+07:00,9.05,9.05,9.05,9.05,1800.0
2023-12-12 11:41:00+07:00,9.1,9.1,9.1,9.1,100.0
2023-12-12 11:42:00+07:00,9.05,9.05,9.05,9.05,16000.0
2023-12-12 11:44:00+07:00,9.1,9.1,9.05,9.05,4400.0
2023-12-12 11:45:00+07:00,9.1,9.1,9.1,9.1,300.0
2023-12-12 11:46:00+07:00,9.1,9.1,9.1,9.1,100.0
2023-12-12 11:47:00+07:00,9.05,9.05,9.05,9.05,400.0
2023-12-12 11:55:00+07:00,9.05,9.1,9.05,9.05,700.0
2023-12-12 11:59:00+07:00,9.05,9.05,9.05,9.05,100.0
2023-12-12 12:00:00+07:00,9.05,9.05,9.05,9.05,3000.0
2023-12-12 12:03:00+07:00,9.05,9.05,9.05,9.05,26100.0
2023-12-12 12:04:00+07:00,9.05,9.1,9.05,9.1,2700.0
2023-12-12 12:05:00+07:00,9.05,9.05,9.05,9.05,18500.0
2023-12-12 12:06:00+07:00,9.05,9.05,9.05,9.05,3200.0
2023-12-12 12:07:00+07:00,9.05,9.05,9.05,9.05,101600.0
2023-12-12 12:08:00+07:00,9.05,9.05,9.05,9.05,57000.0
2023-12-12 12:09:00+07:00,9.05,9.05,9.05,9.05,41800.0
2023-12-12 12:10:00+07:00,9.05,9.05,9.05,9.05,200.0
2023-12-12 12:11:00+07:00,9.05,9.05,9.05,9.05,600.0
2023-12-12 12:12:00+07:00,9.05,9.05,9.05,9.05,35300.0
2023-12-12 12:13:00+07:00,9.05,9.05,9.05,9.05,29400.0
2023-12-12 12:14:00+07:00,9.05,9.05,9.05,9.05,10600.0
2023-12-12 12:15:00+07:00,9.05,9.05,9.05,9.05,37700.0
2023-12-12 12:16:00+07:00,9.05,9.05,9.05,9.05,400.0
2023-12-12 12:17:00+07:00,9.05,9.05,9.0,9.0,230300.0
2023-12-12 12:18:00+07:00,9.0,9.0,9.0,9.0,5700.0
2023-12-12 12:19:00+07:00,9.0,9.0,9.0,9.0,4000.0
2023-12-12 12:20:00+07:00,9.0,9.05,9.0,9.0,16300.0
2023-12-12 12:21:00+07:00,9.0,9.0,9.0,9.0,3100.0
2023-12-12 12:22:00+07:00,9.0,9.05,9.0,9.0,4400.0
2023-12-12 12:23:00+07:00,9.05,9.05,9.0,9.0,1800.0
2023-12-12 12:24:00+07:00,9.0,9.05,9.0,9.05,2200.0
2023-12-12 12:25:00+07:00,9.05,9.05,9.05,9.05,400.0
2023-12-12 12:27:00+07:00,9.0,9.05,9.0,9.05,400.0
2023-12-12 12:29:00+07:00,9.05,9.05,9.05,9.05,200.0
2023-12-12 14:27:00+07:00,9.05,9.05,9.0,9.0,83500.0
2023-12-12 14:28:00+07:00,9.05,9.05,9.05,9.05,200.0
2023-12-12 14:29:00+07:00,9.0,9.0,9.0,9.0,400.0
2023-12-12 14:30:00+07:00,9.05,9.05,9.05,9.05,1700.0
2023-12-12 14:31:00+07:00,9.05,9.05,9.05,9.05,500.0
2023-12-12 14:32:00+07:00,9.05,9.05,9.05,9.05,700.0
2023-12-12 14:33:00+07:00,9.0,9.05,9.0,9.05,2900.0
2023-12-12 14:34:00+07:00,9.05,9.05,9.05,9.05,2400.0
2023-12-12 14:35:00+07:00,9.05,9.05,9.05,9.05,200.0
2023-12-12 14:36:00+07:00,9.05,9.05,9.05,9.05,700.0
2023-12-12 14:37:00+07:00,9.05,9.05,9.0,9.05,900.0
2023-12-12 14:39:00+07:00,9.05,9.05,9.05,9.05,700.0
2023-12-12 14:41:00+07:00,9.0,9.05,9.0,9.05,700.0
2023-12-12 14:43:00+07:00,9.05,9.05,9.05,9.05,3500.0
2023-12-12 14:44:00+07:00,9.05,9.05,9.05,9.05,200.0
2023-12-12 14:45:00+07:00,9.0,9.05,9.0,9.05,500.0
2023-12-12 14:46:00+07:00,9.05,9.05,9.05,9.05,100.0
2023-12-12 14:47:00+07:00,9.05,9.05,9.05,9.05,300.0
2023-12-12 14:48:00+07:00,9.05,9.05,9.05,9.05,400.0
2023-12-12 14:49:00+07:00,9.0,9.05,9.0,9.05,500.0
2023-12-12 14:52:00+07:00,9.0,9.05,9.0,9.05,8400.0
2023-12-12 14:53:00+07:00,9.05,9.05,9.0,9.0,500.0
2023-12-12 14:54:00+07:00,9.0,9.05,9.0,9.05,3900.0
2023-12-12 14:55:00+07:00,9.05,9.05,9.05,9.05,100.0
2023-12-12 14:56:00+07:00,9.05,9.05,9.05,9.05,1700.0
2023-12-12 14:57:00+07:00,9.05,9.05,9.0,9.05,700.0
2023-12-12 14:58:00+07:00,9.05,9.05,9.05,9.05,6600.0
2023-12-12 14:59:00+07:00,9.05,9.05,9.0,9.05,3600.0
2023-12-12 15:00:00+07:00,9.05,9.05,9.0,9.0,16100.0
2023-12-12 15:01:00+07:00,9.05,9.05,9.0,9.0,600.0
2023-12-12 15:02:00+07:00,9.05,9.05,9.0,9.05,8400.0
2023-12-12 15:03:00+07:00,9.05,9.05,9.05,9.05,10100.0
2023-12-12 15:04:00+07:00,9.05,9.05,9.0,9.0,1100.0
2023-12-12 15:05:00+07:00,9.0,9.0,9.0,9.0,400.0
2023-12-12 15:06:00+07:00,9.0,9.05,9.0,9.05,13100.0
2023-12-12 15:07:00+07:00,9.05,9.05,9.05,9.05,1200.0
2023-12-12 15:08:00+07:00,9.05,9.05,9.05,9.05,2500.0
2023-12-12 15:09:00+07:00,9.05,9.05,9.0,9.0,1400.0
2023-12-12 15:10:00+07:00,9.05,9.05,9.05,9.05,3000.0
2023-12-12 15:13:00+07:00,9.05,9.05,9.0,9.0,500.0
2023-12-12 15:14:00+07:00,9.05,9.05,9.05,9.05,500.0
2023-12-12 15:15:00+07:00,9.0,9.0,9.0,9.0,100.0
2023-12-12 15:17:00+07:00,9.0,9.0,9.0,9.0,400.0
2023-12-12 15:18:00+07:00,9.05,9.05,9.05,9.05,8100.0
2023-12-12 15:19:00+07:00,9.05,9.05,9.0,9.0,196900.0
2023-12-12 15:20:00+07:00,9.0,9.0,9.0,9.0,133600.0
2023-12-12 15:21:00+07:00,9.0,9.0,9.0,9.0,7800.0
2023-12-12 15:22:00+07:00,9.0,9.0,9.0,9.0,400.0
2023-12-12 15:23:00+07:00,9.05,9.05,9.0,9.0,5100.0
2023-12-12 15:26:00+07:00,9.0,9.0,9.0,9.0,400.0
2023-12-12 15:27:00+07:00,9.0,9.0,9.0,9.0,4000.0
2023-12-12 15:28:00+07:00,9.05,9.05,9.0,9.0,800.0
2023-12-12 15:29:00+07:00,9.05,9.05,9.0,9.0,36100.0
2023-12-12 15:30:00+07:00,9.05,9.05,9.0,9.0,2600.0
2023-12-12 15:31:00+07:00,9.0,9.0,9.0,9.0,2600.0
2023-12-12 15:32:00+07:00,9.0,9.0,9.0,9.0,1600.0
2023-12-12 15:34:00+07:00,9.0,9.0,8.95,8.95,1337500.0
2023-12-12 15:35:00+07:00,8.95,9.0,8.95,9.0,26400.0
2023-12-12 15:36:00+07:00,8.95,9.0,8.95,8.95,62600.0
2023-12-12 15:37:00+07:00,8.95,9.0,8.95,8.95,6800.0
2023-12-12 15:38:00+07:00,8.95,9.0,8.95,8.95,6800.0
2023-12-12 15:39:00+07:00,8.95,8.95,8.95,8.95,3600.0
2023-12-12 15:40:00+07:00,9.0,9.0,8.95,8.95,6400.0
2023-12-12 15:41:00+07:00,8.95,9.0,8.95,8.95,6600.0
2023-12-12 15:42:00+07:00,9.0,9.0,8.95,8.95,6400.0
2023-12-12 15:43:00+07:00,8.95,8.95,8.95,8.95,3500.0
2023-12-12 15:44:00+07:00,8.95,9.0,8.95,8.95,6700.0
2023-12-12 15:45:00+07:00,9.0,9.0,8.95,8.95,6400.0
2023-12-12 15:46:00+07:00,8.95,8.95,8.95,8.95,2700.0
2023-12-12 15:47:00+07:00,8.95,8.95,8.95,8.95,5400.0
2023-12-12 15:48:00+07:00,9.0,9.0,8.95,8.95,9700.0
2023-12-12 15:49:00+07:00,8.95,9.0,8.95,9.0,17600.0
2023-12-12 15:50:00+07:00,8.95,9.0,8.95,8.95,8900.0
2023-12-12 15:51:00+07:00,9.0,9.0,8.95,8.95,7700.0
2023-12-12 15:52:00+07:00,8.95,9.0,8.95,9.0,118000.0
2023-12-12 15:53:00+07:00,9.0,9.0,8.95,9.0,4200.0
2023-12-12 15:54:00+07:00,8.95,8.95,8.95,8.95,6300.0
2023-12-12 15:55:00+07:00,8.95,8.95,8.95,8.95,6300.0
2023-12-12 15:56:00+07:00,8.95,8.95,8.95,8.95,5000.0
2023-12-12 15:57:00+07:00,8.95,8.95,8.95,8.95,5600.0
2023-12-12 15:58:00+07:00,8.95,8.95,8.95,8.95,6000.0
2023-12-12 15:59:00+07:00,8.95,8.95,8.95,8.95,4700.0
2023-12-12 16:00:00+07:00,8.95,8.95,8.95,8.95,12700.0
2023-12-12 16:01:00+07:00,8.95,8.95,8.95,8.95,4200.0
2023-12-12 16:02:00+07:00,8.95,8.95,8.95,8.95,7600.0
2023-12-12 16:03:00+07:00,8.95,9.0,8.95,8.95,5400.0
2023-12-12 16:04:00+07:00,8.95,8.95,8.95,8.95,2700.0
2023-12-12 16:05:00+07:00,8.95,9.0,8.95,8.95,18200.0
2023-12-12 16:06:00+07:00,8.95,9.0,8.95,9.0,4500.0
2023-12-12 16:07:00+07:00,8.95,9.0,8.95,8.95,6500.0
2023-12-12 16:08:00+07:00,8.95,9.0,8.95,8.95,8700.0
2023-12-12 16:09:00+07:00,8.95,9.0,8.95,8.95,6700.0
2023-12-12 16:10:00+07:00,9.0,9.0,8.95,8.95,19700.0
2023-12-12 16:11:00+07:00,9.0,9.0,8.95,8.95,21400.0
2023-12-12 16:12:00+07:00,8.95,9.0,8.95,9.0,17900.0
2023-12-12 16:13:00+07:00,8.95,9.0,8.95,8.95,26500.0
2023-12-12 16:14:00+07:00,8.95,9.0,8.95,8.95,9300.0
2023-12-12 16:15:00+07:00,8.95,8.95,8.95,8.95,1600.0
2023-12-12 16:16:00+07:00,8.95,8.95,8.95,8.95,4700.0
2023-12-12 16:17:00+07:00,8.95,9.0,8.95,9.0,2500.0
2023-12-12 16:18:00+07:00,8.95,9.0,8.95,8.95,3300.0
2023-12-12 16:19:00+07:00,8.95,9.0,8.95,8.95,7100.0
2023-12-12 16:20:00+07:00,8.95,8.95,8.95,8.95,1700.0
2023-12-12 16:21:00+07:00,9.0,9.0,8.95,8.95,73700.0
2023-12-12 16:22:00+07:00,9.0,9.0,8.95,8.95,80600.0
2023-12-12 16:23:00+07:00,8.95,9.0,8.95,8.95,33600.0
2023-12-12 16:24:00+07:00,8.95,9.0,8.95,9.0,4600.0
2023-12-12 16:25:00+07:00,8.95,9.0,8.95,9.0,1700.0
2023-12-12 16:26:00+07:00,8.95,8.95,8.95,8.95,5200.0
2023-12-12 16:27:00+07:00,8.95,8.95,8.95,8.95,37800.0
2023-12-12 16:28:00+07:00,8.95,9.0,8.95,8.95,81600.0
2023-12-12 16:29:00+07:00,9.0,9.0,8.95,8.95,3000.0
2023-12-12 16:35:00+07:00,8.95,8.95,8.95,8.95,955900.0
2023-12-13 09:58:00+07:00,8.95,9.0,8.95,9.0,59900.0
2023-12-13 09:59:00+07:00,8.95,8.95,8.95,8.95,83400.0
2023-12-13 10:00:00+07:00,8.95,8.95,8.95,8.95,40000.0
2023-12-13 10:01:00+07:00,8.9,8.95,8.9,8.95,1300.0
2023-12-13 10:02:00+07:00,8.95,8.95,8.9,8.9,259900.0
2023-12-13 10:03:00+07:00,8.9,8.9,8.9,8.9,1100.0
2023-12-13 10:04:00+07:00,8.9,8.9,8.8,8.8,207600.0
2023-12-13 10:05:00+07:00,8.85,8.85,8.8,8.8,454700.0
2023-12-13 10:06:00+07:00,8.8,8.85,8.8,8.85,16200.0
2023-12-13 10:07:00+07:00,8.8,8.85,8.8,8.85,23300.0
2023-12-13 10:08:00+07:00,8.85,8.85,8.85,8.85,156800.0
2023-12-13 10:09:00+07:00,8.85,8.85,8.85,8.85,9600.0
2023-12-13 10:10:00+07:00,8.9,8.9,8.9,8.9,500.0
2023-12-13 10:12:00+07:00,8.9,8.9,8.9,8.9,400.0
2023-12-13 10:13:00+07:00,8.9,8.9,8.9,8.9,1100.0
2023-12-13 10:14:00+07:00,8.9,8.9,8.9,8.9,300.0
2023-12-13 10:15:00+07:00,8.9,8.9,8.9,8.9,2300.0
2023-12-13 10:16:00+07:00,8.9,8.9,8.9,8.9,5300.0
2023-12-13 10:17:00+07:00,8.9,8.9,8.9,8.9,2600.0
2023-12-13 10:18:00+07:00,8.9,8.9,8.85,8.9,26900.0
2023-12-13 10:19:00+07:00,8.9,8.9,8.85,8.9,6800.0
2023-12-13 10:20:00+07:00,8.9,8.9,8.9,8.9,500.0
2023-12-13 10:21:00+07:00,8.9,8.9,8.9,8.9,500.0
2023-12-13 10:22:00+07:00,8.9,8.9,8.9,8.9,100.0
2023-12-13 10:23:00+07:00,8.9,8.9,8.85,8.85,1300.0
2023-12-13 10:24:00+07:00,8.9,8.9,8.9,8.9,3200.0
2023-12-13 10:25:00+07:00,8.85,8.9,8.85,8.9,444200.0
2023-12-13 10:26:00+07:00,8.9,8.9,8.9,8.9,170100.0
2023-12-13 10:27:00+07:00,8.9,8.9,8.85,8.85,152000.0
2023-12-13 10:28:00+07:00,8.9,8.9,8.9,8.9,8100.0
2023-12-13 10:29:00+07:00,8.9,8.9,8.9,8.9,100.0
2023-12-13 10:30:00+07:00,8.9,8.9,8.9,8.9,188600.0
2023-12-13 10:31:00+07:00,8.95,8.95,8.95,8.95,1000.0
2023-12-13 10:32:00+07:00,8.9,8.9,8.9,8.9,1000.0
2023-12-13 10:33:00+07:00,8.95,8.95,8.95,8.95,4500.0
2023-12-13 10:34:00+07:00,8.95,8.95,8.95,8.95,100.0
2023-12-13 10:35:00+07:00,8.95,8.95,8.9,8.9,35200.0
2023-12-13 10:36:00+07:00,8.95,8.95,8.9,8.9,33900.0
2023-12-13 10:37:00+07:00,8.95,8.95,8.9,8.9,10500.0
2023-12-13 10:38:00+07:00,8.9,8.9,8.9,8.9,700.0
2023-12-13 10:40:00+07:00,8.9,8.9,8.9,8.9,600.0
2023-12-13 10:41:00+07:00,8.9,8.9,8.85,8.85,279400.0
2023-12-13 10:42:00+07:00,8.85,8.85,8.85,8.85,300.0
2023-12-13 10:43:00+07:00,8.9,8.9,8.9,8.9,100.0
2023-12-13 10:44:00+07:00,8.9,8.9,8.85,8.85,500.0
2023-12-13 10:45:00+07:00,8.9,8.9,8.9,8.9,100.0
2023-12-13 10:46:00+07:00,8.9,8.9,8.9,8.9,400.0
2023-12-13 10:47:00+07:00,8.9,8.9,8.9,8.9,3900.0
2023-12-13 10:48:00+07:00,8.9,8.9,8.85,8.85,5100.0
2023-12-13 10:49:00+07:00,8.85,8.9,8.85,8.85,27800.0
2023-12-13 10:50:00+07:00,8.85,8.85,8.85,8.85,247000.0
2023-12-13 10:51:00+07:00,8.85,8.85,8.85,8.85,1600.0
2023-12-13 10:52:00+07:00,8.85,8.85,8.8,8.8,900.0
2023-12-13 10:53:00+07:00,8.8,8.85,8.8,8.85,4500.0
2023-12-13 10:55:00+07:00,8.8,8.8,8.8,8.8,59000.0
2023-12-13 10:56:00+07:00,8.8,8.85,8.8,8.85,2900.0
2023-12-13 10:57:00+07:00,8.85,8.85,8.8,8.8,129500.0
2023-12-13 10:58:00+07:00,8.8,8.85,8.8,8.8,28700.0
2023-12-13 10:59:00+07:00,8.85,8.85,8.85,8.85,200.0
2023-12-13 11:00:00+07:00,8.85,8.85,8.85,8.85,4300.0
2023-12-13 11:01:00+07:00,8.85,8.85,8.85,8.85,1600.0
2023-12-13 11:02:00+07:00,8.85,8.85,8.85,8.85,300.0
2023-12-13 11:03:00+07:00,8.85,8.85,8.85,8.85,1100.0
2023-12-13 11:04:00+07:00,8.8,8.85,8.8,8.85,4800.0
2023-12-13 11:05:00+07:00,8.8,8.85,8.8,8.85,12600.0
2023-12-13 11:06:00+07:00,8.85,8.85,8.8,8.8,5600.0
2023-12-13 11:07:00+07:00,8.85,8.85,8.8,8.8,5700.0
2023-12-13 11:08:00+07:00,8.85,8.85,8.8,8.85,3100.0
2023-12-13 11:09:00+07:00,8.8,8.85,8.8,8.85,6700.0
2023-12-13 11:10:00+07:00,8.8,8.85,8.8,8.85,4200.0
2023-12-13 11:11:00+07:00,8.8,8.8,8.8,8.8,3300.0
2023-12-13 11:12:00+07:00,8.8,8.8,8.8,8.8,3500.0
2023-12-13 11:13:00+07:00,8.8,8.85,8.8,8.8,17700.0
2023-12-13 11:14:00+07:00,8.85,8.85,8.8,8.85,3700.0
2023-12-13 11:15:00+07:00,8.8,8.85,8.8,8.85,25800.0
2023-12-13 11:16:00+07:00,8.8,8.8,8.8,8.8,3000.0
2023-12-13 11:17:00+07:00,8.8,8.85,8.8,8.85,14000.0
2023-12-13 11:18:00+07:00,8.8,8.8,8.8,8.8,400.0
2023-12-13 11:19:00+07:00,8.8,8.85,8.8,8.85,4100.0
2023-12-13 11:20:00+07:00,8.85,8.85,8.85,8.85,4500.0
2023-12-13 11:23:00+07:00,8.8,8.8,8.8,8.8,3300.0
2023-12-13 11:24:00+07:00,8.8,8.8,8.8,8.8,2500.0
2023-12-13 11:25:00+07:00,8.8,8.8,8.8,8.8,3200.0
2023-12-13 11:26:00+07:00,8.8,8.8,8.8,8.8,3200.0
2023-12-13 11:27:00+07:00,8.8,8.8,8.8,8.8,1600.0
2023-12-13 11:28:00+07:00,8.8,8.85,8.8,8.85,2900.0
2023-12-13 11:29:00+07:00,8.85,8.85,8.8,8.8,11000.0
2023-12-13 11:31:00+07:00,8.85,8.85,8.85,8.85,9400.0
2023-12-13 11:32:00+07:00,8.85,8.85,8.85,8.85,500.0
2023-12-13 11:33:00+07:00,8.85,8.85,8.85,8.85,200.0
2023-12-13 11:34:00+07:00,8.85,8.85,8.85,8.85,10100.0
2023-12-13 11:35:00+07:00,8.85,8.85,8.85,8.85,2100.0
2023-12-13 11:36:00+07:00,8.85,8.85,8.85,8.85,300.0
2023-12-13 11:37:00+07:00,8.85,8.85,8.85,8.85,4900.0
2023-12-13 11:39:00+07:00,8.85,8.85,8.85,8.85,1900.0
2023-12-13 11:40:00+07:00,8.85,8.85,8.8,8.85,3100.0
2023-12-13 11:41:00+07:00,8.8,8.8,8.8,8.8,10000.0
2023-12-13 11:42:00+07:00,8.85,8.85,8.8,8.8,304300.0
2023-12-13 11:43:00+07:00,8.8,8.8,8.75,8.75,46400.0
2023-12-13 11:44:00+07:00,8.75,8.75,8.75,8.75,173700.0
2023-12-13 11:45:00+07:00,8.75,8.75,8.75,8.75,1500.0
2023-12-13 11:46:00+07:00,8.8,8.8,8.8,8.8,500.0
2023-12-13 11:47:00+07:00,8.75,8.75,8.75,8.75,401200.0
2023-12-13 11:48:00+07:00,8.75,8.8,8.75,8.75,3400.0
2023-12-13 11:49:00+07:00,8.75,8.75,8.75,8.75,2000.0
2023-12-13 11:50:00+07:00,8.75,8.8,8.75,8.75,3900.0
2023-12-13 11:51:00+07:00,8.75,8.75,8.75,8.75,2300.0
2023-12-13 11:52:00+07:00,8.75,8.75,8.75,8.75,2500.0
2023-12-13 11:53:00+07:00,8.75,8.8,8.75,8.75,4500.0
2023-12-13 11:54:00+07:00,8.8,8.8,8.75,8.75,4100.0
2023-12-13 11:55:00+07:00,8.75,8.8,8.75,8.75,41300.0
2023-12-13 11:56:00+07:00,8.75,8.8,8.75,8.8,3300.0
2023-12-13 11:57:00+07:00,8.75,8.75,8.75,8.75,5200.0
2023-12-13 11:58:00+07:00,8.75,8.8,8.75,8.8,3600.0
2023-12-13 11:59:00+07:00,8.75,8.8,8.75,8.75,4500.0
2023-12-13 12:00:00+07:00,8.75,8.8,8.75,8.8,3300.0
2023-12-13 12:01:00+07:00,8.8,8.8,8.75,8.75,2400.0
2023-12-13 12:02:00+07:00,8.75,8.8,8.75,8.75,13300.0
2023-12-13 12:03:00+07:00,8.75,8.8,8.75,8.75,12600.0
2023-12-13 12:04:00+07:00,8.75,8.8,8.75,8.8,4500.0
2023-12-13 12:05:00+07:00,8.75,8.75,8.75,8.75,67800.0
2023-12-13 12:06:00+07:00,8.75,8.8,8.75,8.75,5000.0
2023-12-13 12:07:00+07:00,8.75,8.8,8.75,8.8,15000.0
2023-12-13 12:08:00+07:00,8.75,8.8,8.75,8.75,4600.0
2023-12-13 12:09:00+07:00,8.75,8.8,8.75,8.75,725900.0
2023-12-13 12:10:00+07:00,8.75,8.75,8.75,8.75,126900.0
2023-12-13 12:11:00+07:00,8.75,8.75,8.75,8.75,111900.0
2023-12-13 12:12:00+07:00,8.8,8.8,8.8,8.8,1000.0
2023-12-13 12:14:00+07:00,8.8,8.8,8.75,8.75,1000.0
2023-12-13 12:15:00+07:00,8.75,8.8,8.75,8.8,19400.0
2023-12-13 12:16:00+07:00,8.75,8.75,8.75,8.75,3200.0
2023-12-13 12:18:00+07:00,8.75,8.8,8.75,8.75,16400.0
2023-12-13 12:19:00+07:00,8.8,8.8,8.75,8.8,22100.0
2023-12-13 12:20:00+07:00,8.8,8.8,8.75,8.75,15900.0
2023-12-13 12:21:00+07:00,8.75,8.8,8.75,8.8,3000.0
2023-12-13 12:22:00+07:00,8.75,8.75,8.75,8.75,7700.0
2023-12-13 12:23:00+07:00,8.75,8.8,8.75,8.75,78300.0
2023-12-13 12:24:00+07:00,8.7,8.8,8.7,8.75,43300.0
2023-12-13 12:25:00+07:00,8.75,8.75,8.75,8.75,100.0
2023-12-13 12:26:00+07:00,8.75,8.8,8.75,8.75,18700.0
2023-12-13 12:27:00+07:00,8.75,8.75,8.75,8.75,10000.0
2023-12-13 12:28:00+07:00,8.8,8.8,8.75,8.75,6600.0
2023-12-13 12:29:00+07:00,8.75,8.8,8.75,8.75,5600.0
2023-12-13 14:28:00+07:00,8.7,8.7,8.7,8.7,275800.0
2023-12-13 14:29:00+07:00,8.75,8.75,8.7,8.7,145300.0
2023-12-13 14:30:00+07:00,8.75,8.75,8.7,8.7,9400.0
2023-12-13 14:32:00+07:00,8.7,8.7,8.7,8.7,144800.0
2023-12-13 14:33:00+07:00,8.7,8.7,8.7,8.7,74700.0
2023-12-13 14:34:00+07:00,8.7,8.7,8.7,8.7,72500.0
2023-12-13 14:35:00+07:00,8.7,8.7,8.65,8.7,208400.0
2023-12-13 14:36:00+07:00,8.7,8.75,8.7,8.75,3200.0
2023-12-13 14:37:00+07:00,8.7,8.7,8.7,8.7,7300.0
2023-12-13 14:38:00+07:00,8.75,8.75,8.7,8.7,18700.0
2023-12-13 14:40:00+07:00,8.7,8.7,8.7,8.7,3300.0
2023-12-13 14:41:00+07:00,8.75,8.75,8.7,8.7,2600.0
2023-12-13 14:42:00+07:00,8.7,8.7,8.65,8.7,261600.0
2023-12-13 14:43:00+07:00,8.7,8.7,8.65,8.7,186600.0
2023-12-13 14:44:00+07:00,8.7,8.75,8.7,8.75,3500.0
2023-12-13 14:45:00+07:00,8.7,8.7,8.7,8.7,5000.0
2023-12-13 14:47:00+07:00,8.7,8.7,8.7,8.7,45300.0
2023-12-13 14:48:00+07:00,8.75,8.75,8.7,8.7,10100.0
2023-12-13 14:49:00+07:00,8.75,8.75,8.7,8.7,400.0
2023-12-13 14:51:00+07:00,8.7,8.7,8.7,8.7,500.0
2023-12-13 14:52:00+07:00,8.7,8.7,8.7,8.7,3500.0
2023-12-13 14:54:00+07:00,8.7,8.75,8.7,8.75,2600.0
2023-12-13 14:55:00+07:00,8.7,8.7,8.7,8.7,3200.0
2023-12-13 14:56:00+07:00,8.75,8.75,8.7,8.7,134700.0
2023-12-13 14:57:00+07:00,8.75,8.75,8.75,8.75,100.0
2023-12-13 14:58:00+07:00,8.75,8.75,8.75,8.75,1000.0
2023-12-13 15:00:00+07:00,8.75,8.75,8.75,8.75,300.0
2023-12-13 15:01:00+07:00,8.75,8.75,8.7,8.75,4800.0
2023-12-13 15:02:00+07:00,8.7,8.7,8.7,8.7,88900.0
2023-12-13 15:03:00+07:00,8.7,8.7,8.7,8.7,1000.0
2023-12-13 15:04:00+07:00,8.7,8.7,8.7,8.7,17800.0
2023-12-13 15:05:00+07:00,8.75,8.75,8.75,8.75,2000.0
2023-12-13 15:07:00+07:00,8.7,8.7,8.7,8.7,1000.0
2023-12-13 15:08:00+07:00,8.75,8.75,8.7,8.7,3500.0
2023-12-13 15:09:00+07:00,8.7,8.7,8.7,8.7,1100.0
2023-12-13 15:10:00+07:00,8.75,8.75,8.7,8.7,11300.0
2023-12-13 15:12:00+07:00,8.7,8.7,8.7,8.7,3000.0
2023-12-13 15:13:00+07:00,8.7,8.7,8.7,8.7,100.0
2023-12-13 15:15:00+07:00,8.75,8.75,8.7,8.7,123300.0
2023-12-13 15:18:00+07:00,8.7,8.75,8.7,8.75,10100.0
2023-12-13 15:19:00+07:00,8.75,8.75,8.7,8.7,3800.0
2023-12-13 15:20:00+07:00,8.7,8.75,8.7,8.75,16000.0
2023-12-13 15:22:00+07:00,8.7,8.75,8.7,8.75,1400.0
2023-12-13 15:23:00+07:00,8.75,8.75,8.75,8.75,1500.0
2023-12-13 15:24:00+07:00,8.7,8.7,8.7,8.7,13700.0
2023-12-13 15:25:00+07:00,8.7,8.75,8.7,8.75,5100.0
2023-12-13 15:26:00+07:00,8.75,8.75,8.75,8.75,6700.0
2023-12-13 15:27:00+07:00,8.75,8.75,8.75,8.75,1300.0
2023-12-13 15:28:00+07:00,8.7,8.7,8.7,8.7,3000.0
2023-12-13 15:29:00+07:00,8.7,8.75,8.7,8.7,6800.0
2023-12-13 15:30:00+07:00,8.7,8.7,8.7,8.7,5400.0
2023-12-13 15:31:00+07:00,8.7,8.75,8.7,8.7,4500.0
2023-12-13 15:32:00+07:00,8.7,8.7,8.7,8.7,4700.0
2023-12-13 15:33:00+07:00,8.7,8.75,8.7,8.7,7900.0
2023-12-13 15:34:00+07:00,8.75,8.75,8.75,8.75,31800.0
2023-12-13 15:35:00+07:00,8.75,8.75,8.75,8.75,100.0
2023-12-13 15:36:00+07:00,8.7,8.7,8.7,8.7,2600.0
2023-12-13 15:37:00+07:00,8.7,8.75,8.7,8.7,34500.0
2023-12-13 15:38:00+07:00,8.7,8.7,8.7,8.7,3700.0
2023-12-13 15:39:00+07:00,8.7,8.75,8.7,8.75,8900.0
2023-12-13 15:40:00+07:00,8.75,8.75,8.7,8.7,9200.0
2023-12-13 15:41:00+07:00,8.75,8.75,8.7,8.7,3100.0
2023-12-13 15:42:00+07:00,8.7,8.75,8.7,8.7,4100.0
2023-12-13 15:43:00+07:00,8.7,8.7,8.7,8.7,5600.0
2023-12-13 15:44:00+07:00,8.75,8.75,8.75,8.75,2800.0
2023-12-13 15:45:00+07:00,8.7,8.7,8.7,8.7,6700.0
2023-12-13 15:46:00+07:00,8.7,8.75,8.7,8.7,15500.0
2023-12-13 15:47:00+07:00,8.7,8.75,8.7,8.7,5400.0
2023-12-13 15:48:00+07:00,8.7,8.75,8.7,8.75,25300.0
2023-12-13 15:49:00+07:00,8.75,8.75,8.7,8.7,18600.0
2023-12-13 15:50:00+07:00,8.7,8.75,8.7,8.75,26000.0
2023-12-13 15:51:00+07:00,8.7,8.7,8.7,8.7,5900.0
2023-12-13 15:52:00+07:00,8.7,8.7,8.7,8.7,9200.0
2023-12-13 15:53:00+07:00,8.7,8.7,8.7,8.7,8400.0
2023-12-13 15:54:00+07:00,8.7,8.7,8.7,8.7,40700.0
2023-12-13 15:55:00+07:00,8.7,8.7,8.7,8.7,19700.0
2023-12-13 15:56:00+07:00,8.7,8.75,8.7,8.75,14100.0
2023-12-13 15:57:00+07:00,8.7,8.7,8.65,8.65,148000.0
2023-12-13 15:58:00+07:00,8.65,8.75,8.65,8.7,55600.0
2023-12-13 15:59:00+07:00,8.65,8.75,8.65,8.65,1050200.0
2023-12-13 16:00:00+07:00,8.7,8.7,8.7,8.7,93500.0
2023-12-13 16:02:00+07:00,8.7,8.7,8.7,8.7,1000.0
2023-12-13 16:03:00+07:00,8.7,8.7,8.7,8.7,144900.0
2023-12-13 16:04:00+07:00,8.7,8.7,8.7,8.7,33100.0
2023-12-13 16:05:00+07:00,8.75,8.75,8.75,8.75,6000.0
2023-12-13 16:06:00+07:00,8.75,8.75,8.7,8.7,3300.0
2023-12-13 16:07:00+07:00,8.7,8.7,8.7,8.7,7500.0
2023-12-13 16:08:00+07:00,8.75,8.75,8.75,8.75,1000.0
2023-12-13 16:09:00+07:00,8.75,8.75,8.75,8.75,600.0
2023-12-13 16:10:00+07:00,8.75,8.75,8.75,8.75,1000.0
2023-12-13 16:11:00+07:00,8.75,8.75,8.7,8.7,27900.0
2023-12-13 16:13:00+07:00,8.75,8.75,8.75,8.75,2100.0
2023-12-13 16:14:00+07:00,8.75,8.75,8.75,8.75,12900.0
2023-12-13 16:15:00+07:00,8.75,8.75,8.75,8.75,34500.0
2023-12-13 16:16:00+07:00,8.75,8.75,8.7,8.7,1500.0
2023-12-13 16:17:00+07:00,8.7,8.7,8.7,8.7,24900.0
2023-12-13 16:18:00+07:00,8.7,8.7,8.7,8.7,143100.0
2023-12-13 16:19:00+07:00,8.75,8.75,8.75,8.75,1000.0
2023-12-13 16:20:00+07:00,8.75,8.75,8.7,8.7,18200.0
2023-12-13 16:21:00+07:00,8.7,8.75,8.7,8.75,6100.0
2023-12-13 16:22:00+07:00,8.75,8.75,8.75,8.75,3100.0
2023-12-13 16:23:00+07:00,8.75,8.75,8.75,8.75,2500.0
2023-12-13 16:25:00+07:00,8.7,8.75,8.7,8.75,2900.0
2023-12-13 16:26:00+07:00,8.75,8.75,8.7,8.7,101700.0
2023-12-13 16:27:00+07:00,8.75,8.75,8.7,8.7,21800.0
2023-12-13 16:28:00+07:00,8.7,8.75,8.7,8.7,101200.0
2023-12-13 16:29:00+07:00,8.75,8.75,8.7,8.7,61200.0
2023-12-13 16:35:00+07:00,8.7,8.7,8.7,8.7,702900.0
2023-12-14 09:57:00+07:00,8.85,8.85,8.85,8.85,320400.0
2023-12-14 09:58:00+07:00,8.85,8.85,8.85,8.85,1200.0
2023-12-14 09:59:00+07:00,8.8,8.8,8.8,8.8,1100.0
2023-12-14 10:00:00+07:00,8.8,8.85,8.8,8.8,1800.0
2023-12-14 10:01:00+07:00,8.8,8.8,8.8,8.8,2800.0
2023-12-14 10:02:00+07:00,8.85,8.85,8.85,8.85,700.0
2023-12-14 10:03:00+07:00,8.8,8.8,8.75,8.8,444000.0
2023-12-14 10:04:00+07:00,8.8,8.85,8.8,8.85,36400.0
2023-12-14 10:05:00+07:00,8.8,8.85,8.8,8.85,10300.0
2023-12-14 10:06:00+07:00,8.85,8.85,8.8,8.85,7000.0
2023-12-14 10:07:00+07:00,8.85,8.85,8.8,8.85,431700.0
2023-12-14 10:08:00+07:00,8.9,8.9,8.85,8.9,5600.0
2023-12-14 10:09:00+07:00,8.9,8.9,8.85,8.9,30100.0
2023-12-14 10:10:00+07:00,8.9,8.9,8.85,8.85,10300.0
2023-12-14 10:11:00+07:00,8.85,8.85,8.8,8.85,469300.0
2023-12-14 10:12:00+07:00,8.8,8.85,8.8,8.85,6300.0
2023-12-14 10:14:00+07:00,8.85,8.85,8.85,8.85,100.0
2023-12-14 10:15:00+07:00,8.85,8.85,8.85,8.85,1100.0
2023-12-14 10:16:00+07:00,8.85,8.85,8.8,8.85,4200.0
2023-12-14 10:17:00+07:00,8.85,8.85,8.8,8.8,1700.0
2023-12-14 10:18:00+07:00,8.8,8.8,8.8,8.8,5100.0
2023-12-14 10:19:00+07:00,8.8,8.8,8.8,8.8,5400.0
2023-12-14 10:20:00+07:00,8.8,8.8,8.8,8.8,26800.0
2023-12-14 10:21:00+07:00,8.85,8.85,8.8,8.8,7500.0
2023-12-14 10:22:00+07:00,8.8,8.85,8.8,8.85,9000.0
2023-12-14 10:23:00+07:00,8.8,8.8,8.8,8.8,9900.0
2023-12-14 10:24:00+07:00,8.8,8.8,8.8,8.8,4900.0
2023-12-14 10:25:00+07:00,8.8,8.85,8.8,8.8,9400.0
2023-12-14 10:26:00+07:00,8.8,8.85,8.8,8.8,5500.0
2023-12-14 10:27:00+07:00,8.8,8.85,8.8,8.8,6100.0
2023-12-14 10:28:00+07:00,8.8,8.85,8.8,8.8,16600.0
2023-12-14 10:29:00+07:00,8.85,8.85,8.8,8.8,7600.0
2023-12-14 10:30:00+07:00,8.8,8.85,8.8,8.85,10800.0
2023-12-14 10:31:00+07:00,8.8,8.85,8.8,8.8,5500.0
2023-12-14 10:32:00+07:00,8.85,8.85,8.8,8.85,2300.0
2023-12-14 10:33:00+07:00,8.85,8.85,8.8,8.8,101200.0
2023-12-14 10:34:00+07:00,8.8,8.8,8.8,8.8,20200.0
2023-12-14 10:35:00+07:00,8.85,8.9,8.85,8.85,332900.0
2023-12-14 10:36:00+07:00,8.85,8.85,8.85,8.85,95700.0
2023-12-14 10:37:00+07:00,8.9,8.9,8.85,8.9,13200.0
2023-12-14 10:38:00+07:00,8.85,8.85,8.85,8.85,500.0
2023-12-14 10:39:00+07:00,8.9,8.9,8.9,8.9,3100.0
2023-12-14 10:41:00+07:00,8.9,8.9,8.85,8.85,62400.0
2023-12-14 10:42:00+07:00,8.85,8.85,8.85,8.85,100.0
2023-12-14 10:43:00+07:00,8.85,8.85,8.85,8.85,2300.0
2023-12-14 10:44:00+07:00,8.85,8.85,8.85,8.85,202500.0
2023-12-14 10:46:00+07:00,8.9,8.9,8.9,8.9,1700.0
2023-12-14 10:47:00+07:00,8.85,8.85,8.85,8.85,5500.0
2023-12-14 10:48:00+07:00,8.85,8.9,8.85,8.9,1800.0
2023-12-14 10:49:00+07:00,8.9,8.9,8.85,8.85,400.0
2023-12-14 10:50:00+07:00,8.85,8.85,8.85,8.85,1000.0
2023-12-14 10:51:00+07:00,8.85,8.85,8.85,8.85,273300.0
2023-12-14 10:52:00+07:00,8.85,8.85,8.85,8.85,57100.0
2023-12-14 10:53:00+07:00,8.85,8.85,8.85,8.85,2400.0
2023-12-14 10:54:00+07:00,8.85,8.85,8.85,8.85,100.0
2023-12-14 10:56:00+07:00,8.85,8.85,8.85,8.85,10400.0
2023-12-14 10:57:00+07:00,8.85,8.85,8.85,8.85,600.0
2023-12-14 10:59:00+07:00,8.85,8.85,8.85,8.85,1000.0
2023-12-14 11:00:00+07:00,8.9,8.9,8.9,8.9,1000.0
2023-12-14 11:01:00+07:00,8.85,8.9,8.85,8.9,1200.0
2023-12-14 11:02:00+07:00,8.85,8.85,8.85,8.85,12600.0
2023-12-14 11:04:00+07:00,8.9,8.9,8.9,8.9,1100.0
2023-12-14 11:07:00+07:00,8.9,8.9,8.9,8.9,1400.0
2023-12-14 11:09:00+07:00,8.9,8.95,8.9,8.95,667300.0
2023-12-14 11:10:00+07:00,8.95,8.95,8.9,8.95,700.0
2023-12-14 11:11:00+07:00,8.9,8.95,8.9,8.95,8700.0
2023-12-14 11:12:00+07:00,8.95,8.95,8.95,8.95,589900.0
2023-12-14 11:13:00+07:00,8.95,8.95,8.85,8.85,257200.0
2023-12-14 11:14:00+07:00,8.9,8.9,8.9,8.9,3300.0
2023-12-14 11:15:00+07:00,8.9,8.95,8.9,8.95,385000.0
2023-12-14 11:16:00+07:00,8.95,8.95,8.95,8.95,500.0
2023-12-14 11:17:00+07:00,8.95,8.95,8.95,8.95,3400.0
2023-12-14 11:18:00+07:00,8.95,8.95,8.95,8.95,200.0
2023-12-14 11:19:00+07:00,8.95,8.95,8.95,8.95,1200.0
2023-12-14 11:20:00+07:00,8.95,8.95,8.9,8.9,2300.0
2023-12-14 11:21:00+07:00,8.95,8.95,8.95,8.95,200.0
2023-12-14 11:22:00+07:00,8.95,8.95,8.9,8.95,400.0
2023-12-14 11:23:00+07:00,8.95,8.95,8.95,8.95,6800.0
2023-12-14 11:24:00+07:00,8.95,8.95,8.95,8.95,100600.0
2023-12-14 11:25:00+07:00,8.9,8.95,8.9,8.95,36900.0
2023-12-14 11:26:00+07:00,8.95,8.95,8.95,8.95,3200.0
2023-12-14 11:27:00+07:00,8.95,8.95,8.95,8.95,1600.0
2023-12-14 11:28:00+07:00,8.95,8.95,8.95,8.95,2800.0
2023-12-14 11:29:00+07:00,8.9,8.95,8.9,8.95,300.0
2023-12-14 11:30:00+07:00,8.95,8.95,8.95,8.95,3600.0
2023-12-14 11:31:00+07:00,8.95,8.95,8.9,8.9,25300.0
2023-12-14 11:33:00+07:00,8.9,8.95,8.9,8.95,2700.0
2023-12-14 11:34:00+07:00,8.95,8.95,8.95,8.95,300.0
2023-12-14 11:35:00+07:00,8.9,8.9,8.9,8.9,100.0
2023-12-14 11:36:00+07:00,8.9,8.95,8.9,8.95,300.0
2023-12-14 11:37:00+07:00,8.9,8.9,8.9,8.9,900.0
2023-12-14 11:38:00+07:00,8.95,8.95,8.95,8.95,1300.0
2023-12-14 11:39:00+07:00,8.95,8.95,8.95,8.95,13500.0
2023-12-14 11:40:00+07:00,8.95,8.95,8.95,8.95,300.0
2023-12-14 11:41:00+07:00,8.9,8.95,8.9,8.95,3200.0
2023-12-14 11:42:00+07:00,8.95,8.95,8.9,8.9,2500.0
2023-12-14 11:43:00+07:00,8.9,8.95,8.9,8.95,1700.0
2023-12-14 11:44:00+07:00,8.95,8.95,8.95,8.95,2000.0
2023-12-14 11:45:00+07:00,8.95,8.95,8.95,8.95,400.0
2023-12-14 11:46:00+07:00,8.9,8.9,8.9,8.9,1100.0
2023-12-14 11:48:00+07:00,8.9,8.9,8.9,8.9,200.0
2023-12-14 11:49:00+07:00,8.95,8.95,8.9,8.9,12400.0
2023-12-14 11:50:00+07:00,8.95,8.95,8.95,8.95,5900.0
2023-12-14 11:52:00+07:00,8.95,8.95,8.95,8.95,600.0
2023-12-14 11:54:00+07:00,8.95,8.95,8.95,8.95,2600.0
2023-12-14 11:56:00+07:00,8.95,8.95,8.9,8.9,381800.0
2023-12-14 11:57:00+07:00,8.85,8.85,8.85,8.85,50000.0
2023-12-14 11:58:00+07:00,8.85,8.85,8.85,8.85,30000.0
2023-12-14 11:59:00+07:00,8.85,8.85,8.85,8.85,57000.0
2023-12-14 12:00:00+07:00,8.85,8.85,8.85,8.85,43100.0
2023-12-14 12:02:00+07:00,8.85,8.85,8.85,8.85,31000.0
2023-12-14 12:03:00+07:00,8.85,8.9,8.8,8.9,387000.0
2023-12-14 12:04:00+07:00,8.85,8.85,8.85,8.85,700.0
2023-12-14 12:05:00+07:00,8.9,8.9,8.85,8.9,1700.0
2023-12-14 12:06:00+07:00,8.9,8.9,8.9,8.9,600.0
2023-12-14 12:07:00+07:00,8.9,8.9,8.9,8.9,5700.0
2023-12-14 12:08:00+07:00,8.9,8.9,8.9,8.9,600.0
2023-12-14 12:09:00+07:00,8.9,8.9,8.9,8.9,800.0
2023-12-14 12:10:00+07:00,8.9,8.9,8.85,8.85,1300.0
2023-12-14 12:11:00+07:00,8.85,8.9,8.85,8.85,2400.0
2023-12-14 12:12:00+07:00,8.9,8.9,8.9,8.9,700.0
2023-12-14 12:16:00+07:00,8.9,8.9,8.9,8.9,1200.0
2023-12-14 12:19:00+07:00,8.85,8.9,8.85,8.9,400.0
2023-12-14 12:20:00+07:00,8.9,8.9,8.9,8.9,2400.0
2023-12-14 12:21:00+07:00,8.9,8.95,8.85,8.9,1016400.0
2023-12-14 12:22:00+07:00,8.9,8.9,8.9,8.9,51400.0
2023-12-14 12:23:00+07:00,8.9,8.9,8.85,8.85,8100.0
2023-12-14 12:26:00+07:00,8.85,8.85,8.85,8.85,200.0
2023-12-14 12:28:00+07:00,8.9,8.9,8.9,8.9,1100.0
2023-12-14 12:29:00+07:00,8.9,8.9,8.9,8.9,1900.0
2023-12-14 14:27:00+07:00,8.85,8.85,8.85,8.85,206900.0
2023-12-14 14:28:00+07:00,8.85,8.85,8.85,8.85,98200.0
2023-12-14 14:29:00+07:00,8.85,8.85,8.85,8.85,20000.0
2023-12-14 14:30:00+07:00,8.85,8.85,8.85,8.85,200.0
2023-12-14 14:32:00+07:00,8.85,8.85,8.85,8.85,372300.0
2023-12-14 14:35:00+07:00,8.85,8.9,8.85,8.9,35400.0
2023-12-14 14:36:00+07:00,8.9,8.9,8.9,8.9,400.0
2023-12-14 14:37:00+07:00,8.9,8.9,8.9,8.9,300.0
2023-12-14 14:38:00+07:00,8.9,8.9,8.9,8.9,1100.0
2023-12-14 14:39:00+07:00,8.9,8.9,8.85,8.85,323900.0
2023-12-14 14:40:00+07:00,8.85,8.85,8.85,8.85,5500.0
2023-12-14 14:41:00+07:00,8.85,8.85,8.85,8.85,1400.0
2023-12-14 14:42:00+07:00,8.85,8.85,8.85,8.85,1900.0
2023-12-14 14:43:00+07:00,8.85,8.85,8.85,8.85,200.0
2023-12-14 14:45:00+07:00,8.85,8.85,8.85,8.85,2100.0
2023-12-14 14:46:00+07:00,8.85,8.85,8.85,8.85,3300.0
2023-12-14 14:47:00+07:00,8.85,8.85,8.85,8.85,200.0
2023-12-14 14:48:00+07:00,8.8,8.85,8.8,8.85,2100.0
2023-12-14 14:49:00+07:00,8.85,8.85,8.85,8.85,500.0
2023-12-14 14:50:00+07:00,8.85,8.85,8.85,8.85,400.0
2023-12-14 14:51:00+07:00,8.8,8.85,8.8,8.85,18800.0
2023-12-14 14:52:00+07:00,8.85,8.85,8.85,8.85,300.0
2023-12-14 14:53:00+07:00,8.8,8.8,8.8,8.8,1000.0
2023-12-14 14:54:00+07:00,8.8,8.85,8.8,8.8,5100.0
2023-12-14 14:57:00+07:00,8.8,8.8,8.8,8.8,100.0
2023-12-14 14:58:00+07:00,8.85,8.85,8.8,8.8,1100.0
2023-12-14 14:59:00+07:00,8.8,8.8,8.8,8.8,1000.0
2023-12-14 15:00:00+07:00,8.85,8.85,8.85,8.85,100.0
2023-12-14 15:01:00+07:00,8.85,8.85,8.85,8.85,1000.0
2023-12-14 15:02:00+07:00,8.85,8.85,8.85,8.85,5000.0
2023-12-14 15:03:00+07:00,8.85,8.85,8.85,8.85,1100.0
2023-12-14 15:06:00+07:00,8.85,8.85,8.85,8.85,4300.0
2023-12-14 15:07:00+07:00,8.85,8.85,8.85,8.85,200.0
2023-12-14 15:09:00+07:00,8.85,8.85,8.85,8.85,1200.0
2023-12-14 15:10:00+07:00,8.85,8.85,8.8,8.85,97300.0
2023-12-14 15:11:00+07:00,8.85,8.85,8.8,8.85,8000.0
2023-12-14 15:12:00+07:00,8.85,8.85,8.8,8.8,47800.0
2023-12-14 15:13:00+07:00,8.8,8.8,8.75,8.75,468300.0
2023-12-14 15:14:00+07:00,8.75,8.75,8.75,8.75,2900.0
2023-12-14 15:15:00+07:00,8.8,8.8,8.75,8.75,8400.0
2023-12-14 15:16:00+07:00,8.75,8.8,8.75,8.75,3900.0
2023-12-14 15:17:00+07:00,8.8,8.8,8.75,8.75,33700.0
2023-12-14 15:18:00+07:00,8.75,8.8,8.75,8.8,51100.0
2023-12-14 15:19:00+07:00,8.75,8.8,8.75,8.8,4300.0
2023-12-14 15:20:00+07:00,8.8,8.8,8.75,8.75,5400.0
2023-12-14 15:21:00+07:00,8.75,8.8,8.75,8.75,3800.0
2023-12-14 15:22:00+07:00,8.75,8.8,8.75,8.75,4500.0
2023-12-14 15:23:00+07:00,8.75,8.8,8.75,8.8,2000.0
2023-12-14 15:24:00+07:00,8.75,8.8,8.75,8.8,6300.0
2023-12-14 15:25:00+07:00,8.75,8.8,8.75,8.8,4200.0
2023-12-14 15:26:00+07:00,8.75,8.8,8.75,8.75,5400.0
2023-12-14 15:27:00+07:00,8.8,8.8,8.75,8.8,3900.0
2023-12-14 15:28:00+07:00,8.75,8.8,8.75,8.75,5600.0
2023-12-14 15:29:00+07:00,8.8,8.8,8.75,8.8,5600.0
2023-12-14 15:30:00+07:00,8.8,8.8,8.75,8.8,24400.0
2023-12-14 15:31:00+07:00,8.8,8.8,8.75,8.8,3900.0
2023-12-14 15:32:00+07:00,8.8,8.8,8.75,8.75,8600.0
2023-12-14 15:33:00+07:00,8.75,8.8,8.75,8.75,7600.0
2023-12-14 15:34:00+07:00,8.8,8.8,8.75,8.75,8300.0
2023-12-14 15:35:00+07:00,8.75,8.8,8.75,8.8,4900.0
2023-12-14 15:36:00+07:00,8.8,8.8,8.75,8.8,2400.0
2023-12-14 15:37:00+07:00,8.75,8.8,8.75,8.75,5700.0
2023-12-14 15:38:00+07:00,8.8,8.8,8.75,8.8,4200.0
2023-12-14 15:39:00+07:00,8.75,8.75,8.75,8.75,3800.0
2023-12-14 15:40:00+07:00,8.75,8.8,8.75,8.75,2900.0
2023-12-14 15:41:00+07:00,8.8,8.8,8.75,8.75,4700.0
2023-12-14 15:42:00+07:00,8.75,8.8,8.75,8.75,7100.0
2023-12-14 15:43:00+07:00,8.75,8.75,8.75,8.75,2800.0
2023-12-14 15:44:00+07:00,8.75,8.75,8.75,8.75,4800.0
2023-12-14 15:45:00+07:00,8.8,8.8,8.75,8.8,5500.0
2023-12-14 15:46:00+07:00,8.8,8.8,8.75,8.75,17500.0
2023-12-14 15:47:00+07:00,8.75,8.75,8.75,8.75,1096900.0
2023-12-14 15:48:00+07:00,8.75,8.75,8.75,8.75,2900.0
2023-12-14 15:49:00+07:00,8.75,8.75,8.75,8.75,27900.0
2023-12-14 15:50:00+07:00,8.75,8.75,8.75,8.75,9800.0
2023-12-14 15:51:00+07:00,8.75,8.8,8.75,8.8,64800.0
2023-12-14 15:52:00+07:00,8.75,8.8,8.75,8.75,24300.0
2023-12-14 15:53:00+07:00,8.75,8.8,8.75,8.75,26900.0
2023-12-14 15:54:00+07:00,8.75,8.8,8.75,8.75,24400.0
2023-12-14 15:55:00+07:00,8.75,8.8,8.75,8.8,5400.0
2023-12-14 15:56:00+07:00,8.75,8.8,8.75,8.8,7300.0
2023-12-14 15:57:00+07:00,8.75,8.8,8.75,8.75,10300.0
2023-12-14 15:58:00+07:00,8.75,8.8,8.75,8.8,5400.0
2023-12-14 15:59:00+07:00,8.75,8.8,8.75,8.75,11300.0
2023-12-14 16:00:00+07:00,8.75,8.8,8.75,8.8,5200.0
2023-12-14 16:01:00+07:00,8.75,8.8,8.75,8.75,6800.0
2023-12-14 16:02:00+07:00,8.75,8.8,8.75,8.75,4400.0
2023-12-14 16:03:00+07:00,8.75,8.8,8.75,8.75,4700.0
2023-12-14 16:04:00+07:00,8.75,8.8,8.75,8.75,4600.0
2023-12-14 16:05:00+07:00,8.75,8.75,8.75,8.75,5500.0
2023-12-14 16:06:00+07:00,8.75,8.75,8.75,8.75,5200.0
2023-12-14 16:07:00+07:00,8.75,8.75,8.75,8.75,4200.0
2023-12-14 16:08:00+07:00,8.75,8.75,8.75,8.75,8500.0
2023-12-14 16:09:00+07:00,8.75,8.8,8.75,8.75,31000.0
2023-12-14 16:10:00+07:00,8.75,8.8,8.75,8.75,5600.0
2023-12-14 16:11:00+07:00,8.75,8.8,8.75,8.75,14400.0
2023-12-14 16:12:00+07:00,8.75,8.8,8.75,8.75,17600.0
2023-12-14 16:13:00+07:00,8.75,8.8,8.75,8.8,5700.0
2023-12-14 16:14:00+07:00,8.75,8.75,8.75,8.75,6400.0
2023-12-14 16:15:00+07:00,8.75,8.75,8.75,8.75,5700.0
2023-12-14 16:16:00+07:00,8.75,8.75,8.75,8.75,5700.0
2023-12-14 16:17:00+07:00,8.75,8.8,8.75,8.75,8100.0
2023-12-14 16:18:00+07:00,8.75,8.75,8.7,8.75,854000.0
2023-12-14 16:19:00+07:00,8.75,8.75,8.75,8.75,429500.0
2023-12-14 16:21:00+07:00,8.8,8.8,8.8,8.8,1000.0
2023-12-14 16:22:00+07:00,8.8,8.8,8.75,8.75,21500.0
2023-12-14 16:24:00+07:00,8.8,8.8,8.8,8.8,2800.0
2023-12-14 16:25:00+07:00,8.8,8.8,8.75,8.8,63700.0
2023-12-14 16:27:00+07:00,8.8,8.8,8.8,8.8,2300.0
2023-12-14 16:28:00+07:00,8.75,8.8,8.75,8.8,60400.0
2023-12-14 16:29:00+07:00,8.8,8.8,8.8,8.8,3800.0
2023-12-14 16:39:00+07:00,8.8,8.8,8.8,8.8,848700.0
2023-12-15 09:55:00+07:00,9.0,9.0,8.9,8.9,303100.0
2023-12-15 09:56:00+07:00,8.9,8.95,8.9,8.95,107700.0
2023-12-15 09:57:00+07:00,8.95,8.95,8.95,8.95,1400.0
2023-12-15 09:58:00+07:00,8.95,8.95,8.95,8.95,4500.0
2023-12-15 09:59:00+07:00,8.95,8.95,8.95,8.95,7000.0
2023-12-15 10:00:00+07:00,8.95,8.95,8.95,8.95,900.0
2023-12-15 10:01:00+07:00,9.0,9.0,8.95,8.95,2200.0
2023-12-15 10:02:00+07:00,9.0,9.05,9.0,9.05,833100.0
2023-12-15 10:03:00+07:00,9.05,9.05,9.0,9.05,169400.0
2023-12-15 10:04:00+07:00,9.05,9.1,9.05,9.05,67700.0
2023-12-15 10:05:00+07:00,9.1,9.1,9.05,9.1,465800.0
2023-12-15 10:06:00+07:00,9.1,9.1,9.05,9.1,37200.0
2023-12-15 10:07:00+07:00,9.1,9.1,9.05,9.05,8300.0
2023-12-15 10:08:00+07:00,9.05,9.1,9.05,9.1,383500.0
2023-12-15 10:09:00+07:00,9.05,9.05,9.05,9.05,8800.0
2023-12-15 10:10:00+07:00,9.1,9.1,9.05,9.05,10900.0
2023-12-15 10:11:00+07:00,9.05,9.05,9.05,9.05,49200.0
2023-12-15 10:12:00+07:00,9.05,9.1,9.05,9.1,37500.0
2023-12-15 10:13:00+07:00,9.05,9.05,9.05,9.05,4600.0
2023-12-15 10:14:00+07:00,9.05,9.05,9.05,9.05,7000.0
2023-12-15 10:15:00+07:00,9.05,9.05,9.05,9.05,1200.0
2023-12-15 10:16:00+07:00,9.05,9.05,9.05,9.05,2300.0
2023-12-15 10:17:00+07:00,9.05,9.05,9.05,9.05,21300.0
2023-12-15 10:18:00+07:00,9.1,9.1,9.1,9.1,3000.0
2023-12-15 10:19:00+07:00,9.05,9.05,9.05,9.05,700.0
2023-12-15 10:20:00+07:00,9.05,9.05,9.05,9.05,2000.0
2023-12-15 10:22:00+07:00,9.05,9.05,9.05,9.05,10000.0
2023-12-15 10:23:00+07:00,9.1,9.1,9.1,9.1,2000.0
2023-12-15 10:24:00+07:00,9.1,9.1,9.1,9.1,600.0
2023-12-15 10:25:00+07:00,9.1,9.1,9.05,9.05,1000.0
2023-12-15 10:26:00+07:00,9.05,9.05,9.05,9.05,37700.0
2023-12-15 10:27:00+07:00,9.05,9.05,9.05,9.05,54800.0
2023-12-15 10:28:00+07:00,9.05,9.1,9.05,9.1,21600.0
2023-12-15 10:29:00+07:00,9.1,9.1,9.1,9.1,20000.0
2023-12-15 10:30:00+07:00,9.1,9.1,9.05,9.05,2700.0
2023-12-15 10:31:00+07:00,9.05,9.1,9.05,9.1,561000.0
2023-12-15 10:32:00+07:00,9.1,9.1,9.05,9.1,16600.0
2023-12-15 10:33:00+07:00,9.1,9.1,9.05,9.05,20400.0
2023-12-15 10:34:00+07:00,9.1,9.1,9.1,9.1,100.0
2023-12-15 10:35:00+07:00,9.1,9.1,9.05,9.05,5800.0
2023-12-15 10:38:00+07:00,9.1,9.1,9.1,9.1,250600.0
2023-12-15 10:39:00+07:00,9.1,9.1,9.1,9.1,1500.0
2023-12-15 10:40:00+07:00,9.1,9.1,9.1,9.1,8000.0
2023-12-15 10:41:00+07:00,9.1,9.15,9.1,9.1,62700.0
2023-12-15 10:43:00+07:00,9.1,9.1,9.1,9.1,100.0
2023-12-15 10:44:00+07:00,9.1,9.1,9.1,9.1,10500.0
2023-12-15 10:46:00+07:00,9.15,9.15,9.1,9.1,3700.0
2023-12-15 10:47:00+07:00,9.15,9.15,9.15,9.15,2000.0
2023-12-15 10:48:00+07:00,9.1,9.15,9.1,9.15,11500.0
2023-12-15 10:49:00+07:00,9.15,9.15,9.1,9.1,78700.0
2023-12-15 10:50:00+07:00,9.1,9.15,9.1,9.15,99300.0
2023-12-15 10:51:00+07:00,9.15,9.15,9.15,9.15,3000.0
2023-12-15 10:52:00+07:00,9.1,9.1,9.1,9.1,1000.0
2023-12-15 10:54:00+07:00,9.15,9.15,9.15,9.15,43700.0
2023-12-15 10:55:00+07:00,9.15,9.15,9.1,9.15,7900.0
2023-12-15 10:56:00+07:00,9.15,9.15,9.15,9.15,2300.0
2023-12-15 10:57:00+07:00,9.15,9.15,9.15,9.15,344800.0
2023-12-15 10:58:00+07:00,9.15,9.15,9.15,9.15,69000.0
2023-12-15 10:59:00+07:00,9.15,9.15,9.15,9.15,13400.0
2023-12-15 11:00:00+07:00,9.15,9.15,9.15,9.15,33500.0
2023-12-15 11:01:00+07:00,9.15,9.15,9.15,9.15,500.0
2023-12-15 11:02:00+07:00,9.15,9.15,9.15,9.15,10000.0
2023-12-15 11:03:00+07:00,9.15,9.15,9.15,9.15,102900.0
2023-12-15 11:04:00+07:00,9.15,9.15,9.15,9.15,152100.0
2023-12-15 11:05:00+07:00,9.15,9.15,9.15,9.15,128600.0
2023-12-15 11:06:00+07:00,9.15,9.15,9.15,9.15,15200.0
2023-12-15 11:07:00+07:00,9.2,9.2,9.15,9.15,600.0
2023-12-15 11:08:00+07:00,9.2,9.2,9.2,9.2,35600.0
2023-12-15 11:09:00+07:00,9.2,9.2,9.15,9.2,11800.0
2023-12-15 11:10:00+07:00,9.2,9.2,9.2,9.2,300.0
2023-12-15 11:11:00+07:00,9.15,9.15,9.15,9.15,200.0
2023-12-15 11:12:00+07:00,9.2,9.2,9.15,9.2,6500.0
2023-12-15 11:13:00+07:00,9.2,9.2,9.2,9.2,200.0
2023-12-15 11:14:00+07:00,9.2,9.2,9.15,9.15,4100.0
2023-12-15 11:15:00+07:00,9.2,9.2,9.15,9.15,1100.0
2023-12-15 11:16:00+07:00,9.15,9.15,9.15,9.15,9000.0
2023-12-15 11:17:00+07:00,9.15,9.2,9.15,9.15,94100.0
2023-12-15 11:18:00+07:00,9.15,9.15,9.15,9.15,20500.0
2023-12-15 11:19:00+07:00,9.15,9.15,9.15,9.15,79500.0
2023-12-15 11:21:00+07:00,9.2,9.2,9.15,9.15,2000.0
2023-12-15 11:23:00+07:00,9.15,9.15,9.15,9.15,69900.0
2023-12-15 11:24:00+07:00,9.15,9.15,9.15,9.15,13500.0
2023-12-15 11:26:00+07:00,9.15,9.15,9.15,9.15,1500.0
2023-12-15 11:27:00+07:00,9.15,9.15,9.15,9.15,5000.0
2023-12-15 11:30:00+07:00,9.15,9.15,9.15,9.15,7000.0
2023-12-15 11:31:00+07:00,9.1,9.15,9.1,9.15,20700.0
2023-12-15 11:32:00+07:00,9.1,9.1,9.1,9.1,3200.0
2023-12-15 11:33:00+07:00,9.1,9.15,9.1,9.15,18900.0
2023-12-15 11:36:00+07:00,9.15,9.15,9.1,9.1,2500.0
2023-12-15 11:37:00+07:00,9.15,9.15,9.15,9.15,500.0
2023-12-15 11:38:00+07:00,9.15,9.15,9.15,9.15,1000.0
2023-12-15 11:40:00+07:00,9.1,9.1,9.1,9.1,1500.0
2023-12-15 11:41:00+07:00,9.15,9.15,9.1,9.1,12500.0
2023-12-15 11:42:00+07:00,9.15,9.15,9.15,9.15,2500.0
2023-12-15 11:43:00+07:00,9.1,9.1,9.1,9.1,2500.0
2023-12-15 11:44:00+07:00,9.15,9.15,9.1,9.1,103500.0
2023-12-15 11:45:00+07:00,9.1,9.1,9.1,9.1,755800.0
2023-12-15 11:46:00+07:00,9.1,9.1,9.1,9.1,200.0
2023-12-15 11:49:00+07:00,9.1,9.1,9.1,9.1,200.0
2023-12-15 11:51:00+07:00,9.15,9.2,9.15,9.15,277800.0
2023-12-15 11:52:00+07:00,9.2,9.2,9.2,9.2,929600.0
2023-12-15 11:54:00+07:00,9.15,9.15,9.15,9.15,1000.0
2023-12-15 11:56:00+07:00,9.2,9.2,9.2,9.2,249600.0
2023-12-15 11:57:00+07:00,9.2,9.2,9.2,9.2,1000.0
2023-12-15 11:58:00+07:00,9.15,9.2,9.15,9.2,3200.0
2023-12-15 11:59:00+07:00,9.2,9.2,9.2,9.2,1400.0
2023-12-15 12:01:00+07:00,9.2,9.2,9.15,9.15,21000.0
2023-12-15 12:02:00+07:00,9.15,9.15,9.15,9.15,500.0
2023-12-15 12:05:00+07:00,9.15,9.15,9.15,9.15,5000.0
2023-12-15 12:07:00+07:00,9.15,9.2,9.15,9.2,9900.0
2023-12-15 12:08:00+07:00,9.15,9.15,9.15,9.15,239700.0
2023-12-15 12:10:00+07:00,9.15,9.15,9.15,9.15,2500.0
2023-12-15 12:11:00+07:00,9.15,9.15,9.15,9.15,15500.0
2023-12-15 12:12:00+07:00,9.15,9.15,9.15,9.15,100.0
2023-12-15 12:13:00+07:00,9.1,9.1,9.1,9.1,501900.0
2023-12-15 12:14:00+07:00,9.1,9.1,9.1,9.1,326500.0
2023-12-15 12:15:00+07:00,9.1,9.15,9.05,9.1,453100.0
2023-12-15 12:16:00+07:00,9.1,9.1,9.1,9.1,286300.0
2023-12-15 12:17:00+07:00,9.1,9.1,9.1,9.1,219500.0
2023-12-15 12:18:00+07:00,9.1,9.1,9.1,9.1,78300.0
2023-12-15 12:19:00+07:00,9.1,9.1,9.1,9.1,35600.0
2023-12-15 12:20:00+07:00,9.1,9.1,9.1,9.1,17700.0
2023-12-15 12:21:00+07:00,9.1,9.1,9.1,9.1,4800.0
2023-12-15 12:22:00+07:00,9.1,9.1,9.1,9.1,4900.0
2023-12-15 12:23:00+07:00,9.1,9.1,9.1,9.1,2700.0
2023-12-15 12:24:00+07:00,9.1,9.1,9.1,9.1,14200.0
2023-12-15 12:25:00+07:00,9.1,9.1,9.1,9.1,10000.0
2023-12-15 12:26:00+07:00,9.1,9.1,9.1,9.1,22000.0
2023-12-15 12:27:00+07:00,9.1,9.1,9.1,9.1,101000.0
2023-12-15 12:28:00+07:00,9.15,9.15,9.15,9.15,4200.0
2023-12-15 12:29:00+07:00,9.15,9.15,9.15,9.15,1600.0
2023-12-15 14:27:00+07:00,9.1,9.15,9.1,9.15,59400.0
2023-12-15 14:29:00+07:00,9.15,9.15,9.1,9.1,8200.0
2023-12-15 14:32:00+07:00,9.1,9.1,9.1,9.1,1300.0
2023-12-15 14:33:00+07:00,9.1,9.1,9.1,9.1,182300.0
2023-12-15 14:35:00+07:00,9.1,9.1,9.1,9.1,4000.0
2023-12-15 14:38:00+07:00,9.1,9.1,9.1,9.1,3300.0
2023-12-15 14:39:00+07:00,9.1,9.1,9.1,9.1,4000.0
2023-12-15 14:40:00+07:00,9.1,9.1,9.1,9.1,4100.0
2023-12-15 14:41:00+07:00,9.1,9.1,9.1,9.1,4900.0
2023-12-15 14:42:00+07:00,9.15,9.15,9.15,9.15,478000.0
2023-12-15 14:44:00+07:00,9.15,9.2,9.15,9.2,52500.0
2023-12-15 14:45:00+07:00,9.2,9.2,9.15,9.15,1400.0
2023-12-15 14:46:00+07:00,9.15,9.15,9.15,9.15,200.0
2023-12-15 14:47:00+07:00,9.2,9.2,9.2,9.2,4700.0
2023-12-15 14:48:00+07:00,9.2,9.2,9.15,9.15,1200.0
2023-12-15 14:50:00+07:00,9.15,9.2,9.15,9.2,2500.0
2023-12-15 14:51:00+07:00,9.15,9.15,9.15,9.15,500.0
2023-12-15 14:52:00+07:00,9.2,9.2,9.2,9.2,19500.0
2023-12-15 14:54:00+07:00,9.2,9.2,9.15,9.2,24300.0
2023-12-15 14:55:00+07:00,9.15,9.15,9.15,9.15,100.0
2023-12-15 14:56:00+07:00,9.15,9.15,9.15,9.15,120100.0
2023-12-15 14:57:00+07:00,9.15,9.15,9.15,9.15,242200.0
2023-12-15 15:00:00+07:00,9.15,9.15,9.15,9.15,14900.0
2023-12-15 15:01:00+07:00,9.15,9.15,9.15,9.15,100000.0
2023-12-15 15:02:00+07:00,9.15,9.15,9.15,9.15,51000.0
2023-12-15 15:04:00+07:00,9.15,9.15,9.15,9.15,5900.0
2023-12-15 15:05:00+07:00,9.15,9.15,9.15,9.15,1100.0
2023-12-15 15:06:00+07:00,9.15,9.15,9.15,9.15,34400.0
2023-12-15 15:10:00+07:00,9.15,9.15,9.15,9.15,1000.0
2023-12-15 15:12:00+07:00,9.15,9.15,9.15,9.15,17700.0
2023-12-15 15:13:00+07:00,9.1,9.15,9.1,9.15,99100.0
2023-12-15 15:14:00+07:00,9.15,9.15,9.15,9.15,103200.0
2023-12-15 15:15:00+07:00,9.15,9.15,9.15,9.15,1000.0
2023-12-15 15:18:00+07:00,9.15,9.15,9.15,9.15,200.0
2023-12-15 15:19:00+07:00,9.15,9.15,9.15,9.15,49100.0
2023-12-15 15:20:00+07:00,9.15,9.15,9.15,9.15,2800.0
2023-12-15 15:22:00+07:00,9.15,9.15,9.15,9.15,20000.0
2023-12-15 15:24:00+07:00,9.15,9.15,9.15,9.15,19100.0
2023-12-15 15:25:00+07:00,9.15,9.15,9.1,9.1,10600.0
2023-12-15 15:26:00+07:00,9.15,9.15,9.15,9.15,100.0
2023-12-15 15:28:00+07:00,9.15,9.15,9.15,9.15,1000.0
2023-12-15 15:29:00+07:00,9.1,9.1,9.1,9.1,200.0
2023-12-15 15:32:00+07:00,9.15,9.15,9.15,9.15,29500.0
2023-12-15 15:34:00+07:00,9.15,9.15,9.15,9.15,29400.0
2023-12-15 15:35:00+07:00,9.15,9.15,9.15,9.15,3000.0
2023-12-15 15:36:00+07:00,9.15,9.15,9.15,9.15,1000.0
2023-12-15 15:39:00+07:00,9.1,9.1,9.1,9.1,500.0
2023-12-15 15:40:00+07:00,9.15,9.15,9.1,9.1,1300.0
2023-12-15 15:41:00+07:00,9.15,9.15,9.15,9.15,2000.0
2023-12-15 15:42:00+07:00,9.15,9.15,9.15,9.15,25600.0
2023-12-15 15:43:00+07:00,9.15,9.15,9.15,9.15,35400.0
2023-12-15 15:44:00+07:00,9.15,9.15,9.15,9.15,25900.0
2023-12-15 15:45:00+07:00,9.15,9.15,9.1,9.1,5100.0
2023-12-15 15:46:00+07:00,9.15,9.15,9.15,9.15,5800.0
2023-12-15 15:47:00+07:00,9.15,9.15,9.15,9.15,1800.0
2023-12-15 15:49:00+07:00,9.15,9.15,9.15,9.15,100.0
2023-12-15 15:50:00+07:00,9.15,9.15,9.15,9.15,500.0
2023-12-15 15:51:00+07:00,9.15,9.15,9.15,9.15,1000.0
2023-12-15 15:52:00+07:00,9.15,9.15,9.1,9.1,26300.0
2023-12-15 15:53:00+07:00,9.15,9.15,9.15,9.15,800.0
2023-12-15 15:54:00+07:00,9.15,9.15,9.15,9.15,1000.0
2023-12-15 15:55:00+07:00,9.15,9.15,9.15,9.15,23600.0
2023-12-15 15:56:00+07:00,9.15,9.15,9.15,9.15,500.0
2023-12-15 15:57:00+07:00,9.15,9.15,9.15,9.15,1000.0
2023-12-15 15:58:00+07:00,9.15,9.15,9.15,9.15,2000.0
2023-12-15 16:01:00+07:00,9.15,9.15,9.15,9.15,1300.0
2023-12-15 16:02:00+07:00,9.15,9.15,9.1,9.1,26300.0
2023-12-15 16:03:00+07:00,9.15,9.15,9.1,9.1,2000.0
2023-12-15 16:04:00+07:00,9.1,9.1,9.1,9.1,2000.0
2023-12-15 16:05:00+07:00,9.15,9.15,9.15,9.15,19500.0
2023-12-15 16:06:00+07:00,9.15,9.15,9.15,9.15,37700.0
2023-12-15 16:07:00+07:00,9.15,9.15,9.15,9.15,2500.0
2023-12-15 16:08:00+07:00,9.15,9.15,9.15,9.15,2300.0
2023-12-15 16:09:00+07:00,9.15,9.15,9.15,9.15,1000.0
2023-12-15 16:10:00+07:00,9.15,9.15,9.15,9.15,1000.0
2023-12-15 16:12:00+07:00,9.15,9.15,9.1,9.15,48300.0
2023-12-15 16:14:00+07:00,9.15,9.15,9.15,9.15,25900.0
2023-12-15 16:15:00+07:00,9.15,9.15,9.15,9.15,1000.0
2023-12-15 16:17:00+07:00,9.15,9.15,9.15,9.15,8000.0
2023-12-15 16:18:00+07:00,9.1,9.15,9.1,9.15,45300.0
2023-12-15 16:19:00+07:00,9.15,9.15,9.15,9.15,800.0
2023-12-15 16:21:00+07:00,9.15,9.15,9.1,9.1,2100.0
2023-12-15 16:22:00+07:00,9.15,9.15,9.1,9.1,50800.0
2023-12-15 16:23:00+07:00,9.1,9.2,9.1,9.2,725500.0
2023-12-15 16:24:00+07:00,9.15,9.2,9.15,9.2,2600.0
2023-12-15 16:25:00+07:00,9.2,9.2,9.15,9.15,2200.0
2023-12-15 16:26:00+07:00,9.15,9.15,9.15,9.15,10000.0
2023-12-15 16:27:00+07:00,9.2,9.2,9.2,9.2,11000.0
2023-12-15 16:28:00+07:00,9.2,9.2,9.15,9.2,11600.0
2023-12-15 16:29:00+07:00,9.15,9.15,9.15,9.15,5200.0
2023-12-15 16:38:00+07:00,9.25,9.25,9.25,9.25,4759800.0
2023-12-18 09:59:00+07:00,9.2,9.2,9.2,9.2,144200.0
2023-12-18 10:00:00+07:00,9.15,9.2,9.15,9.15,101000.0
2023-12-18 10:01:00+07:00,9.15,9.15,9.15,9.15,151000.0
2023-12-18 10:02:00+07:00,9.15,9.15,9.1,9.15,8500.0
2023-12-18 10:03:00+07:00,9.15,9.15,9.15,9.15,99600.0
2023-12-18 10:05:00+07:00,9.15,9.15,9.15,9.15,185600.0
2023-12-18 10:06:00+07:00,9.15,9.15,9.15,9.15,3000.0
2023-12-18 10:07:00+07:00,9.15,9.15,9.15,9.15,5000.0
2023-12-18 10:08:00+07:00,9.15,9.15,9.15,9.15,6000.0
2023-12-18 10:09:00+07:00,9.2,9.2,9.2,9.2,100.0
2023-12-18 10:10:00+07:00,9.2,9.2,9.2,9.2,1000.0
2023-12-18 10:11:00+07:00,9.2,9.2,9.15,9.2,4100.0
2023-12-18 10:13:00+07:00,9.2,9.2,9.2,9.2,20000.0
2023-12-18 10:14:00+07:00,9.2,9.2,9.2,9.2,100.0
2023-12-18 10:15:00+07:00,9.2,9.2,9.2,9.2,33300.0
2023-12-18 10:16:00+07:00,9.2,9.2,9.2,9.2,2300.0
2023-12-18 10:17:00+07:00,9.2,9.2,9.2,9.2,200.0
2023-12-18 10:18:00+07:00,9.2,9.2,9.2,9.2,64600.0
2023-12-18 10:19:00+07:00,9.2,9.2,9.2,9.2,96400.0
2023-12-18 10:20:00+07:00,9.2,9.2,9.2,9.2,100.0
2023-12-18 10:21:00+07:00,9.15,9.2,9.15,9.2,1400.0
2023-12-18 10:24:00+07:00,9.15,9.2,9.15,9.2,4800.0
2023-12-18 10:25:00+07:00,9.2,9.2,9.2,9.2,1100.0
2023-12-18 10:27:00+07:00,9.15,9.15,9.15,9.15,6500.0
2023-12-18 10:28:00+07:00,9.15,9.15,9.15,9.15,700.0
2023-12-18 10:32:00+07:00,9.2,9.2,9.15,9.2,33500.0
2023-12-18 10:33:00+07:00,9.2,9.2,9.2,9.2,2200.0
2023-12-18 10:34:00+07:00,9.15,9.15,9.15,9.15,500.0
2023-12-18 10:35:00+07:00,9.15,9.2,9.15,9.2,5500.0
2023-12-18 10:36:00+07:00,9.15,9.2,9.15,9.2,187400.0
2023-12-18 10:37:00+07:00,9.2,9.2,9.2,9.2,10500.0
2023-12-18 10:38:00+07:00,9.2,9.2,9.2,9.2,500.0
2023-12-18 10:40:00+07:00,9.15,9.2,9.15,9.2,1000.0
2023-12-18 10:42:00+07:00,9.15,9.15,9.15,9.15,600.0
2023-12-18 10:44:00+07:00,9.2,9.2,9.2,9.2,100.0
2023-12-18 10:46:00+07:00,9.15,9.2,9.15,9.2,700.0
2023-12-18 10:47:00+07:00,9.2,9.2,9.2,9.2,11100.0
2023-12-18 10:48:00+07:00,9.15,9.2,9.15,9.2,900.0
2023-12-18 10:49:00+07:00,9.15,9.15,9.15,9.15,600.0
2023-12-18 10:50:00+07:00,9.15,9.15,9.15,9.15,100.0
2023-12-18 10:51:00+07:00,9.15,9.15,9.15,9.15,500.0
2023-12-18 10:52:00+07:00,9.2,9.2,9.2,9.2,100.0
2023-12-18 10:53:00+07:00,9.15,9.2,9.15,9.2,1500.0
2023-12-18 10:56:00+07:00,9.15,9.15,9.15,9.15,500.0
2023-12-18 10:59:00+07:00,9.15,9.15,9.15,9.15,500.0
2023-12-18 11:01:00+07:00,9.2,9.2,9.2,9.2,600.0
2023-12-18 11:02:00+07:00,9.15,9.15,9.15,9.15,500.0
2023-12-18 11:03:00+07:00,9.15,9.15,9.15,9.15,100.0
2023-12-18 11:04:00+07:00,9.15,9.15,9.15,9.15,500.0
2023-12-18 11:05:00+07:00,9.2,9.2,9.2,9.2,600.0
2023-12-18 11:06:00+07:00,9.15,9.15,9.15,9.15,500.0
2023-12-18 11:07:00+07:00,9.15,9.15,9.15,9.15,500.0
2023-12-18 11:08:00+07:00,9.2,9.2,9.2,9.2,600.0
2023-12-18 11:09:00+07:00,9.15,9.15,9.15,9.15,500.0
2023-12-18 11:10:00+07:00,9.2,9.2,9.15,9.15,900.0
2023-12-18 11:11:00+07:00,9.2,9.2,9.2,9.2,600.0
2023-12-18 11:12:00+07:00,9.15,9.15,9.15,9.15,500.0
2023-12-18 11:13:00+07:00,9.15,9.2,9.15,9.2,600.0
2023-12-18 11:15:00+07:00,9.15,9.15,9.15,9.15,1300.0
2023-12-18 11:16:00+07:00,9.15,9.15,9.15,9.15,14100.0
2023-12-18 11:17:00+07:00,9.15,9.2,9.15,9.2,6600.0
2023-12-18 11:19:00+07:00,9.15,9.15,9.15,9.15,100.0
2023-12-18 11:20:00+07:00,9.15,9.15,9.15,9.15,200.0
2023-12-18 11:22:00+07:00,9.15,9.2,9.15,9.2,2000.0
2023-12-18 11:24:00+07:00,9.15,9.15,9.15,9.15,500.0
2023-12-18 11:26:00+07:00,9.15,9.2,9.15,9.2,1300.0
2023-12-18 11:28:00+07:00,9.2,9.2,9.2,9.2,300.0
2023-12-18 11:29:00+07:00,9.2,9.2,9.15,9.2,1500.0
2023-12-18 11:30:00+07:00,9.2,9.2,9.2,9.2,200.0
2023-12-18 11:32:00+07:00,9.2,9.2,9.2,9.2,600.0
2023-12-18 11:33:00+07:00,9.15,9.15,9.15,9.15,500.0
2023-12-18 11:35:00+07:00,9.2,9.2,9.2,9.2,600.0
2023-12-18 11:36:00+07:00,9.15,9.15,9.15,9.15,7500.0
2023-12-18 11:37:00+07:00,9.15,9.15,9.15,9.15,183600.0
2023-12-18 11:38:00+07:00,9.15,9.15,9.15,9.15,1900.0
2023-12-18 11:39:00+07:00,9.15,9.15,9.1,9.15,6000.0
2023-12-18 11:40:00+07:00,9.15,9.15,9.15,9.15,200.0
2023-12-18 11:41:00+07:00,9.15,9.15,9.15,9.15,600.0
2023-12-18 11:42:00+07:00,9.15,9.15,9.1,9.1,700.0
2023-12-18 11:43:00+07:00,9.15,9.15,9.15,9.15,10000.0
2023-12-18 11:44:00+07:00,9.15,9.15,9.15,9.15,3500.0
2023-12-18 11:45:00+07:00,9.1,9.1,9.1,9.1,500.0
2023-12-18 11:46:00+07:00,9.15,9.15,9.15,9.15,100.0
2023-12-18 11:47:00+07:00,9.15,9.15,9.1,9.1,2500.0
2023-12-18 11:48:00+07:00,9.15,9.15,9.15,9.15,600.0
2023-12-18 11:49:00+07:00,9.15,9.15,9.15,9.15,9000.0
2023-12-18 11:50:00+07:00,9.1,9.1,9.1,9.1,500.0
2023-12-18 11:52:00+07:00,9.15,9.15,9.15,9.15,600.0
2023-12-18 11:53:00+07:00,9.1,9.15,9.1,9.15,1400.0
2023-12-18 11:54:00+07:00,9.15,9.15,9.1,9.15,30200.0
2023-12-18 11:55:00+07:00,9.15,9.15,9.15,9.15,51000.0
2023-12-18 11:56:00+07:00,9.1,9.1,9.1,9.1,500.0
2023-12-18 11:57:00+07:00,9.15,9.15,9.15,9.15,72400.0
2023-12-18 11:58:00+07:00,9.1,9.15,9.1,9.15,3500.0
2023-12-18 11:59:00+07:00,9.15,9.15,9.15,9.15,400.0
2023-12-18 12:00:00+07:00,9.15,9.15,9.15,9.15,100.0
2023-12-18 12:01:00+07:00,9.15,9.15,9.15,9.15,800.0
2023-12-18 12:02:00+07:00,9.1,9.1,9.1,9.1,1000.0
2023-12-18 12:05:00+07:00,9.15,9.15,9.1,9.1,1700.0
2023-12-18 12:06:00+07:00,9.15,9.15,9.15,9.15,100.0
2023-12-18 12:07:00+07:00,9.1,9.1,9.1,9.1,500.0
2023-12-18 12:09:00+07:00,9.1,9.1,9.1,9.1,500.0
2023-12-18 12:12:00+07:00,9.15,9.15,9.15,9.15,1300.0
2023-12-18 12:13:00+07:00,9.1,9.1,9.1,9.1,500.0
2023-12-18 12:15:00+07:00,9.1,9.1,9.1,9.1,500.0
2023-12-18 12:17:00+07:00,9.15,9.15,9.1,9.15,2200.0
2023-12-18 12:18:00+07:00,9.15,9.15,9.15,9.15,400.0
2023-12-18 12:19:00+07:00,9.15,9.15,9.15,9.15,300.0
2023-12-18 12:20:00+07:00,9.1,9.15,9.1,9.15,2300.0
2023-12-18 12:23:00+07:00,9.1,9.15,9.1,9.15,1100.0
2023-12-18 12:24:00+07:00,9.1,9.1,9.1,9.1,500.0
2023-12-18 12:25:00+07:00,9.15,9.15,9.1,9.15,400.0
2023-12-18 12:26:00+07:00,9.15,9.15,9.1,9.1,700.0
2023-12-18 12:27:00+07:00,9.15,9.15,9.15,9.15,700.0
2023-12-18 12:28:00+07:00,9.1,9.1,9.1,9.1,300.0
2023-12-18 12:29:00+07:00,9.15,9.15,9.15,9.15,300.0
2023-12-18 14:28:00+07:00,9.15,9.15,9.1,9.15,18500.0
2023-12-18 14:30:00+07:00,9.15,9.15,9.15,9.15,89700.0
2023-12-18 14:31:00+07:00,9.15,9.15,9.15,9.15,132000.0
2023-12-18 14:32:00+07:00,9.15,9.15,9.15,9.15,2000.0
2023-12-18 14:34:00+07:00,9.1,9.1,9.1,9.1,800.0
2023-12-18 14:35:00+07:00,9.15,9.15,9.15,9.15,1600.0
2023-12-18 14:36:00+07:00,9.15,9.15,9.1,9.1,11400.0
2023-12-18 14:37:00+07:00,9.15,9.15,9.15,9.15,1200.0
2023-12-18 14:38:00+07:00,9.15,9.15,9.1,9.15,1300.0
2023-12-18 14:39:00+07:00,9.15,9.15,9.15,9.15,200.0
2023-12-18 14:40:00+07:00,9.15,9.15,9.1,9.1,1100.0
2023-12-18 14:42:00+07:00,9.15,9.15,9.15,9.15,3600.0
2023-12-18 14:43:00+07:00,9.15,9.15,9.1,9.1,800.0
2023-12-18 14:44:00+07:00,9.15,9.15,9.15,9.15,1100.0
2023-12-18 14:45:00+07:00,9.15,9.15,9.15,9.15,23300.0
2023-12-18 14:47:00+07:00,9.15,9.15,9.15,9.15,100.0
2023-12-18 14:48:00+07:00,9.15,9.15,9.15,9.15,1100.0
2023-12-18 14:51:00+07:00,9.15,9.15,9.1,9.15,20700.0
2023-12-18 14:54:00+07:00,9.1,9.15,9.1,9.15,2600.0
2023-12-18 14:55:00+07:00,9.15,9.15,9.15,9.15,600.0
2023-12-18 14:56:00+07:00,9.15,9.15,9.15,9.15,100.0
2023-12-18 14:57:00+07:00,9.15,9.15,9.15,9.15,700.0
2023-12-18 14:58:00+07:00,9.15,9.15,9.15,9.15,8600.0
2023-12-18 14:59:00+07:00,9.15,9.15,9.1,9.15,100900.0
2023-12-18 15:00:00+07:00,9.15,9.15,9.15,9.15,406500.0
2023-12-18 15:01:00+07:00,9.15,9.15,9.15,9.15,7500.0
2023-12-18 15:02:00+07:00,9.15,9.15,9.1,9.15,2300.0
2023-12-18 15:03:00+07:00,9.1,9.15,9.1,9.1,3300.0
2023-12-18 15:04:00+07:00,9.1,9.1,9.1,9.1,1000.0
2023-12-18 15:05:00+07:00,9.15,9.15,9.15,9.15,100.0
2023-12-18 15:06:00+07:00,9.15,9.15,9.1,9.1,900.0
2023-12-18 15:07:00+07:00,9.15,9.15,9.15,9.15,6000.0
2023-12-18 15:08:00+07:00,9.15,9.15,9.15,9.15,4400.0
2023-12-18 15:09:00+07:00,9.1,9.1,9.1,9.1,400.0
2023-12-18 15:10:00+07:00,9.15,9.15,9.1,9.1,800.0
2023-12-18 15:11:00+07:00,9.15,9.15,9.15,9.15,1000.0
2023-12-18 15:12:00+07:00,9.1,9.1,9.1,9.1,600.0
2023-12-18 15:13:00+07:00,9.15,9.15,9.15,9.15,100.0
2023-12-18 15:15:00+07:00,9.15,9.15,9.15,9.15,300.0
2023-12-18 15:17:00+07:00,9.15,9.15,9.1,9.1,800.0
2023-12-18 15:18:00+07:00,9.1,9.15,9.1,9.15,900.0
2023-12-18 15:19:00+07:00,9.15,9.15,9.15,9.15,400.0
2023-12-18 15:20:00+07:00,9.1,9.15,9.1,9.15,2100.0
2023-12-18 15:21:00+07:00,9.15,9.15,9.15,9.15,900.0
2023-12-18 15:22:00+07:00,9.1,9.1,9.1,9.1,600.0
2023-12-18 15:23:00+07:00,9.15,9.15,9.15,9.15,300.0
2023-12-18 15:25:00+07:00,9.15,9.15,9.15,9.15,10000.0
2023-12-18 15:27:00+07:00,9.1,9.15,9.1,9.15,2600.0
2023-12-18 15:28:00+07:00,9.15,9.15,9.15,9.15,900.0
2023-12-18 15:29:00+07:00,9.15,9.15,9.15,9.15,500.0
2023-12-18 15:30:00+07:00,9.15,9.15,9.15,9.15,200.0
2023-12-18 15:32:00+07:00,9.1,9.1,9.1,9.1,800.0
2023-12-18 15:33:00+07:00,9.15,9.15,9.1,9.1,2500.0
2023-12-18 15:34:00+07:00,9.15,9.15,9.15,9.15,1000.0
2023-12-18 15:35:00+07:00,9.15,9.15,9.1,9.1,1000.0
2023-12-18 15:36:00+07:00,9.1,9.15,9.1,9.15,1700.0
2023-12-18 15:37:00+07:00,9.15,9.15,9.15,9.15,2200.0
2023-12-18 15:38:00+07:00,9.15,9.15,9.15,9.15,1000.0
2023-12-18 15:39:00+07:00,9.1,9.1,9.0,9.0,937600.0
2023-12-18 15:40:00+07:00,9.0,9.05,9.0,9.05,462600.0
2023-12-18 15:41:00+07:00,9.05,9.05,9.05,9.05,35300.0
2023-12-18 15:42:00+07:00,9.05,9.05,9.05,9.05,2400.0
2023-12-18 15:43:00+07:00,9.05,9.05,9.0,9.05,36000.0
2023-12-18 15:44:00+07:00,9.05,9.05,9.0,9.05,68500.0
2023-12-18 15:45:00+07:00,9.05,9.05,9.05,9.05,26300.0
2023-12-18 15:46:00+07:00,9.05,9.05,9.05,9.05,15700.0
2023-12-18 15:47:00+07:00,9.05,9.05,9.05,9.05,143000.0
2023-12-18 15:48:00+07:00,9.05,9.05,9.0,9.05,23000.0
2023-12-18 15:49:00+07:00,9.05,9.05,9.05,9.05,3100.0
2023-12-18 15:50:00+07:00,9.05,9.05,9.05,9.05,17600.0
2023-12-18 15:51:00+07:00,9.05,9.05,9.05,9.05,12200.0
2023-12-18 15:52:00+07:00,9.05,9.05,9.0,9.0,900.0
2023-12-18 15:53:00+07:00,9.05,9.05,9.05,9.05,2400.0
2023-12-18 15:54:00+07:00,9.05,9.05,9.05,9.05,1400.0
2023-12-18 15:55:00+07:00,9.05,9.05,9.05,9.05,20200.0
2023-12-18 15:56:00+07:00,9.05,9.05,9.05,9.05,6700.0
2023-12-18 15:57:00+07:00,9.05,9.05,9.05,9.05,11000.0
2023-12-18 15:58:00+07:00,9.05,9.05,9.0,9.0,51300.0
2023-12-18 15:59:00+07:00,9.05,9.05,9.05,9.05,14600.0
2023-12-18 16:00:00+07:00,9.05,9.05,9.05,9.05,7100.0
2023-12-18 16:01:00+07:00,9.05,9.05,9.05,9.05,600.0
2023-12-18 16:02:00+07:00,9.05,9.05,9.05,9.05,2700.0
2023-12-18 16:03:00+07:00,9.05,9.05,9.05,9.05,600.0
2023-12-18 16:04:00+07:00,9.05,9.05,9.0,9.0,1500.0
2023-12-18 16:06:00+07:00,9.05,9.05,9.05,9.05,200.0
2023-12-18 16:07:00+07:00,9.05,9.05,9.05,9.05,1100.0
2023-12-18 16:08:00+07:00,9.05,9.05,9.05,9.05,900.0
2023-12-18 16:09:00+07:00,9.0,9.05,9.0,9.05,3000.0
2023-12-18 16:10:00+07:00,9.0,9.05,9.0,9.05,900.0
2023-12-18 16:12:00+07:00,9.0,9.0,9.0,9.0,5000.0
2023-12-18 16:13:00+07:00,9.05,9.05,9.0,9.0,1400.0
2023-12-18 16:14:00+07:00,9.05,9.05,9.05,9.05,600.0
2023-12-18 16:15:00+07:00,9.05,9.05,9.0,9.0,10800.0
2023-12-18 16:16:00+07:00,9.0,9.05,9.0,9.05,700.0
2023-12-18 16:17:00+07:00,9.0,9.05,9.0,9.05,27000.0
2023-12-18 16:18:00+07:00,9.05,9.05,9.05,9.05,2300.0
2023-12-18 16:19:00+07:00,9.05,9.05,9.0,9.05,3000.0
2023-12-18 16:20:00+07:00,9.05,9.05,9.0,9.0,20700.0
2023-12-18 16:21:00+07:00,9.05,9.05,9.05,9.05,600.0
2023-12-18 16:22:00+07:00,9.05,9.05,9.0,9.0,1300.0
2023-12-18 16:23:00+07:00,9.05,9.05,9.05,9.05,2800.0
2023-12-18 16:24:00+07:00,9.05,9.05,9.05,9.05,2800.0
2023-12-18 16:25:00+07:00,9.0,9.05,9.0,9.05,7900.0
2023-12-18 16:26:00+07:00,9.05,9.05,9.05,9.05,200.0
2023-12-18 16:27:00+07:00,9.0,9.0,9.0,9.0,600.0
2023-12-18 16:28:00+07:00,9.0,9.0,9.0,9.0,30300.0
2023-12-18 16:29:00+07:00,9.05,9.05,9.0,9.0,3800.0
2023-12-18 16:36:00+07:00,9.05,9.05,9.05,9.05,952400.0
2023-12-19 09:58:00+07:00,9.35,9.4,9.35,9.4,2076800.0
2023-12-19 09:59:00+07:00,9.4,9.55,9.4,9.5,780800.0
2023-12-19 10:00:00+07:00,9.5,9.5,9.4,9.45,378700.0
2023-12-19 10:01:00+07:00,9.45,9.5,9.45,9.5,945500.0
2023-12-19 10:02:00+07:00,9.5,9.55,9.45,9.5,656200.0
2023-12-19 10:03:00+07:00,9.5,9.5,9.45,9.5,792900.0
2023-12-19 10:04:00+07:00,9.5,9.55,9.45,9.5,1019600.0
2023-12-19 10:05:00+07:00,9.5,9.55,9.5,9.5,276200.0
2023-12-19 10:06:00+07:00,9.5,9.55,9.5,9.5,214500.0
2023-12-19 10:07:00+07:00,9.5,9.5,9.5,9.5,6100.0
2023-12-19 10:08:00+07:00,9.45,9.45,9.4,9.4,274800.0
2023-12-19 10:09:00+07:00,9.4,9.4,9.4,9.4,5400.0
2023-12-19 10:10:00+07:00,9.45,9.45,9.4,9.45,3900.0
2023-12-19 10:11:00+07:00,9.4,9.4,9.35,9.4,623800.0
2023-12-19 10:12:00+07:00,9.4,9.4,9.35,9.4,95100.0
2023-12-19 10:13:00+07:00,9.4,9.4,9.35,9.4,5400.0
2023-12-19 10:14:00+07:00,9.4,9.4,9.4,9.4,405300.0
2023-12-19 10:15:00+07:00,9.4,9.4,9.4,9.4,42600.0
2023-12-19 10:16:00+07:00,9.4,9.4,9.4,9.4,5300.0
2023-12-19 10:17:00+07:00,9.4,9.4,9.4,9.4,23900.0
2023-12-19 10:18:00+07:00,9.4,9.4,9.4,9.4,1200.0
2023-12-19 10:19:00+07:00,9.4,9.4,9.4,9.4,80200.0
2023-12-19 10:20:00+07:00,9.4,9.4,9.4,9.4,30200.0
2023-12-19 10:21:00+07:00,9.4,9.4,9.35,9.4,43400.0
2023-12-19 10:22:00+07:00,9.35,9.4,9.35,9.4,5600.0
2023-12-19 10:23:00+07:00,9.4,9.4,9.35,9.35,6500.0
2023-12-19 10:25:00+07:00,9.4,9.45,9.4,9.4,430700.0
2023-12-19 10:26:00+07:00,9.45,9.45,9.4,9.45,3700.0
2023-12-19 10:27:00+07:00,9.45,9.45,9.4,9.4,391100.0
2023-12-19 10:28:00+07:00,9.4,9.4,9.35,9.4,376300.0
2023-12-19 10:29:00+07:00,9.4,9.45,9.4,9.45,88800.0
2023-12-19 10:30:00+07:00,9.4,9.45,9.4,9.45,1800.0
2023-12-19 10:31:00+07:00,9.45,9.45,9.45,9.45,500.0
2023-12-19 10:32:00+07:00,9.45,9.45,9.45,9.45,200.0
2023-12-19 10:33:00+07:00,9.45,9.45,9.45,9.45,5000.0
2023-12-19 10:35:00+07:00,9.45,9.45,9.4,9.4,4100.0
2023-12-19 10:36:00+07:00,9.4,9.4,9.4,9.4,800.0
2023-12-19 10:37:00+07:00,9.4,9.4,9.4,9.4,2600.0
2023-12-19 10:38:00+07:00,9.4,9.5,9.4,9.45,1069000.0
2023-12-19 10:39:00+07:00,9.45,9.45,9.4,9.4,1700.0
2023-12-19 10:40:00+07:00,9.45,9.45,9.45,9.45,173100.0
2023-12-19 10:41:00+07:00,9.45,9.45,9.45,9.45,338200.0
2023-12-19 10:42:00+07:00,9.45,9.45,9.45,9.45,15000.0
2023-12-19 10:43:00+07:00,9.4,9.4,9.4,9.4,10000.0
2023-12-19 10:44:00+07:00,9.45,9.45,9.45,9.45,200.0
2023-12-19 10:45:00+07:00,9.45,9.45,9.4,9.4,33000.0
2023-12-19 10:46:00+07:00,9.45,9.45,9.45,9.45,200.0
2023-12-19 10:47:00+07:00,9.45,9.45,9.45,9.45,683000.0
2023-12-19 10:48:00+07:00,9.4,9.45,9.4,9.45,400.0
2023-12-19 10:49:00+07:00,9.4,9.4,9.4,9.4,5100.0
2023-12-19 10:50:00+07:00,9.4,9.45,9.4,9.45,547200.0
2023-12-19 10:51:00+07:00,9.45,9.45,9.45,9.45,6900.0
2023-12-19 10:52:00+07:00,9.45,9.45,9.45,9.45,5100.0
2023-12-19 10:53:00+07:00,9.45,9.45,9.45,9.45,8000.0
2023-12-19 10:54:00+07:00,9.5,9.5,9.45,9.45,2300.0
2023-12-19 10:55:00+07:00,9.45,9.45,9.45,9.45,200.0
2023-12-19 10:56:00+07:00,9.5,9.55,9.5,9.5,1259100.0
2023-12-19 10:57:00+07:00,9.55,9.6,9.55,9.6,1138500.0
2023-12-19 10:58:00+07:00,9.55,9.6,9.55,9.55,91600.0
2023-12-19 10:59:00+07:00,9.55,9.6,9.55,9.55,83100.0
2023-12-19 11:00:00+07:00,9.55,9.6,9.55,9.6,8200.0
2023-12-19 11:01:00+07:00,9.6,9.6,9.55,9.55,66500.0
2023-12-19 11:02:00+07:00,9.55,9.6,9.55,9.6,28600.0
2023-12-19 11:03:00+07:00,9.6,9.6,9.55,9.55,21100.0
2023-12-19 11:04:00+07:00,9.55,9.6,9.55,9.55,2000.0
2023-12-19 11:05:00+07:00,9.6,9.6,9.6,9.6,5000.0
2023-12-19 11:06:00+07:00,9.55,9.55,9.55,9.55,32800.0
2023-12-19 11:07:00+07:00,9.55,9.55,9.55,9.55,900.0
2023-12-19 11:08:00+07:00,9.55,9.55,9.55,9.55,152200.0
2023-12-19 11:09:00+07:00,9.55,9.55,9.55,9.55,81300.0
2023-12-19 11:10:00+07:00,9.55,9.55,9.55,9.55,6800.0
2023-12-19 11:11:00+07:00,9.55,9.55,9.55,9.55,73400.0
2023-12-19 11:12:00+07:00,9.55,9.55,9.55,9.55,16900.0
2023-12-19 11:13:00+07:00,9.55,9.6,9.55,9.6,15700.0
2023-12-19 11:14:00+07:00,9.55,9.6,9.55,9.55,5300.0
2023-12-19 11:15:00+07:00,9.55,9.6,9.55,9.55,13100.0
2023-12-19 11:16:00+07:00,9.55,9.55,9.55,9.55,12400.0
2023-12-19 11:17:00+07:00,9.55,9.6,9.55,9.55,8800.0
2023-12-19 11:18:00+07:00,9.55,9.55,9.55,9.55,10100.0
2023-12-19 11:19:00+07:00,9.55,9.55,9.55,9.55,9800.0
2023-12-19 11:20:00+07:00,9.55,9.55,9.55,9.55,34400.0
2023-12-19 11:21:00+07:00,9.55,9.55,9.55,9.55,68800.0
2023-12-19 11:22:00+07:00,9.55,9.55,9.55,9.55,3400.0
2023-12-19 11:23:00+07:00,9.55,9.6,9.55,9.55,100400.0
2023-12-19 11:24:00+07:00,9.55,9.55,9.55,9.55,6200.0
2023-12-19 11:25:00+07:00,9.55,9.55,9.55,9.55,18100.0
2023-12-19 11:26:00+07:00,9.55,9.55,9.55,9.55,51300.0
2023-12-19 11:27:00+07:00,9.55,9.55,9.55,9.55,157500.0
2023-12-19 11:28:00+07:00,9.55,9.65,9.55,9.6,1126900.0
2023-12-19 11:29:00+07:00,9.6,9.65,9.6,9.65,849100.0
2023-12-19 11:30:00+07:00,9.65,9.7,9.65,9.65,73700.0
2023-12-19 11:31:00+07:00,9.65,9.7,9.65,9.65,36900.0
2023-12-19 11:32:00+07:00,9.65,9.75,9.65,9.75,1086700.0
2023-12-19 11:33:00+07:00,9.75,9.75,9.7,9.7,720000.0
2023-12-19 11:34:00+07:00,9.75,9.75,9.7,9.75,279500.0
2023-12-19 11:35:00+07:00,9.75,9.75,9.7,9.7,63800.0
2023-12-19 11:36:00+07:00,9.7,9.75,9.7,9.7,24400.0
2023-12-19 11:37:00+07:00,9.75,9.75,9.7,9.7,3700.0
2023-12-19 11:38:00+07:00,9.7,9.7,9.7,9.7,496700.0
2023-12-19 11:39:00+07:00,9.7,9.8,9.7,9.75,475900.0
2023-12-19 11:40:00+07:00,9.75,9.75,9.75,9.75,74100.0
2023-12-19 11:41:00+07:00,9.8,9.85,9.8,9.8,1169800.0
2023-12-19 11:42:00+07:00,9.8,9.9,9.8,9.85,328800.0
2023-12-19 11:43:00+07:00,9.8,9.85,9.8,9.85,31000.0
2023-12-19 11:44:00+07:00,9.8,9.9,9.8,9.85,395300.0
2023-12-19 11:45:00+07:00,9.85,9.9,9.85,9.85,596700.0
2023-12-19 11:46:00+07:00,9.85,9.9,9.85,9.85,129200.0
2023-12-19 11:47:00+07:00,9.85,9.9,9.8,9.8,793200.0
2023-12-19 11:48:00+07:00,9.85,9.9,9.85,9.85,505600.0
2023-12-19 11:49:00+07:00,9.8,9.85,9.8,9.8,345000.0
2023-12-19 11:50:00+07:00,9.8,9.8,9.8,9.8,12300.0
2023-12-19 11:51:00+07:00,9.8,9.8,9.8,9.8,19800.0
2023-12-19 11:52:00+07:00,9.8,9.8,9.8,9.8,56100.0
2023-12-19 11:53:00+07:00,9.8,9.8,9.8,9.8,2700.0
2023-12-19 11:54:00+07:00,9.8,9.8,9.8,9.8,87500.0
2023-12-19 11:55:00+07:00,9.8,9.8,9.8,9.8,45200.0
2023-12-19 11:56:00+07:00,9.8,9.8,9.8,9.8,200700.0
2023-12-19 11:57:00+07:00,9.8,9.8,9.8,9.8,19100.0
2023-12-19 11:58:00+07:00,9.8,9.8,9.8,9.8,12600.0
2023-12-19 11:59:00+07:00,9.8,9.85,9.8,9.8,132900.0
2023-12-19 12:00:00+07:00,9.8,9.8,9.8,9.8,465900.0
2023-12-19 12:01:00+07:00,9.8,9.85,9.8,9.85,3400.0
2023-12-19 12:02:00+07:00,9.8,9.8,9.8,9.8,5100.0
2023-12-19 12:03:00+07:00,9.85,9.9,9.85,9.9,965500.0
2023-12-19 12:04:00+07:00,9.9,9.9,9.9,9.9,14300.0
2023-12-19 12:05:00+07:00,9.9,9.95,9.9,9.9,8400.0
2023-12-19 12:06:00+07:00,9.9,9.95,9.9,9.9,126900.0
2023-12-19 12:07:00+07:00,9.9,9.9,9.9,9.9,28600.0
2023-12-19 12:08:00+07:00,9.9,9.9,9.9,9.9,21500.0
2023-12-19 12:09:00+07:00,9.9,9.95,9.9,9.9,848700.0
2023-12-19 12:10:00+07:00,9.9,9.9,9.9,9.9,656100.0
2023-12-19 12:11:00+07:00,9.9,9.9,9.9,9.9,112200.0
2023-12-19 12:12:00+07:00,9.9,9.95,9.9,9.9,29500.0
2023-12-19 12:13:00+07:00,9.95,9.95,9.9,9.9,56700.0
2023-12-19 12:14:00+07:00,9.9,9.95,9.9,9.95,13500.0
2023-12-19 12:15:00+07:00,9.9,9.9,9.9,9.9,11800.0
2023-12-19 12:16:00+07:00,9.9,9.95,9.9,9.9,512700.0
2023-12-19 12:17:00+07:00,9.9,9.9,9.9,9.9,25100.0
2023-12-19 12:18:00+07:00,9.9,9.9,9.9,9.9,29300.0
2023-12-19 12:19:00+07:00,9.95,9.95,9.9,9.9,9200.0
2023-12-19 12:20:00+07:00,9.9,9.9,9.9,9.9,10100.0
2023-12-19 12:21:00+07:00,9.9,9.9,9.9,9.9,45200.0
2023-12-19 12:22:00+07:00,9.9,9.9,9.9,9.9,12100.0
2023-12-19 12:23:00+07:00,9.9,9.9,9.9,9.9,4300.0
2023-12-19 12:24:00+07:00,9.9,9.9,9.9,9.9,21800.0
2023-12-19 12:25:00+07:00,9.9,9.95,9.9,9.9,4200.0
2023-12-19 12:26:00+07:00,9.9,9.95,9.9,9.9,26500.0
2023-12-19 12:27:00+07:00,9.95,9.95,9.9,9.9,16600.0
2023-12-19 12:28:00+07:00,9.9,9.95,9.9,9.95,37200.0
2023-12-19 12:29:00+07:00,9.9,9.9,9.9,9.9,12100.0
2023-12-19 14:25:00+07:00,9.9,9.9,9.9,9.9,220000.0
2023-12-19 14:26:00+07:00,9.9,9.9,9.85,9.85,686700.0
2023-12-19 14:27:00+07:00,9.9,9.9,9.85,9.85,600.0
2023-12-19 14:28:00+07:00,9.85,9.85,9.85,9.85,34800.0
2023-12-19 14:29:00+07:00,9.85,9.85,9.85,9.85,10400.0
2023-12-19 14:30:00+07:00,9.85,9.85,9.8,9.8,418200.0
2023-12-19 14:31:00+07:00,9.8,9.8,9.75,9.75,705400.0
2023-12-19 14:32:00+07:00,9.75,9.75,9.75,9.75,30700.0
2023-12-19 14:33:00+07:00,9.75,9.75,9.75,9.75,1000.0
2023-12-19 14:34:00+07:00,9.8,9.8,9.75,9.75,5500.0
2023-12-19 14:35:00+07:00,9.75,9.8,9.75,9.8,4600.0
2023-12-19 14:36:00+07:00,9.8,9.8,9.8,9.8,100.0
2023-12-19 14:37:00+07:00,9.75,9.75,9.75,9.75,100.0
2023-12-19 14:38:00+07:00,9.75,9.8,9.75,9.8,13900.0
2023-12-19 14:39:00+07:00,9.8,9.8,9.75,9.75,1500.0
2023-12-19 14:40:00+07:00,9.75,9.8,9.75,9.75,17300.0
2023-12-19 14:41:00+07:00,9.8,9.8,9.8,9.8,2000.0
2023-12-19 14:42:00+07:00,9.8,9.8,9.75,9.75,64700.0
2023-12-19 14:43:00+07:00,9.75,9.75,9.75,9.75,14000.0
2023-12-19 14:44:00+07:00,9.8,9.8,9.75,9.75,1300.0
2023-12-19 14:45:00+07:00,9.8,9.8,9.75,9.75,400.0
2023-12-19 14:46:00+07:00,9.75,9.75,9.75,9.75,500.0
2023-12-19 14:48:00+07:00,9.75,9.75,9.75,9.75,1500.0
2023-12-19 14:49:00+07:00,9.75,9.8,9.75,9.8,59700.0
2023-12-19 14:50:00+07:00,9.8,9.8,9.75,9.75,700.0
2023-12-19 14:51:00+07:00,9.75,9.75,9.75,9.75,3500.0
2023-12-19 14:52:00+07:00,9.75,9.8,9.75,9.75,600.0
2023-12-19 14:53:00+07:00,9.8,9.8,9.75,9.8,1800.0
2023-12-19 14:54:00+07:00,9.8,9.8,9.75,9.75,1700.0
2023-12-19 14:55:00+07:00,9.75,9.75,9.75,9.75,6200.0
2023-12-19 14:56:00+07:00,9.75,9.75,9.75,9.75,89100.0
2023-12-19 14:57:00+07:00,9.75,9.75,9.75,9.75,17700.0
2023-12-19 14:58:00+07:00,9.75,9.75,9.75,9.75,500.0
2023-12-19 14:59:00+07:00,9.75,9.75,9.75,9.75,800.0
2023-12-19 15:00:00+07:00,9.8,9.8,9.75,9.75,23300.0
2023-12-19 15:01:00+07:00,9.75,9.75,9.75,9.75,800.0
2023-12-19 15:02:00+07:00,9.75,9.75,9.75,9.75,400.0
2023-12-19 15:03:00+07:00,9.8,9.8,9.75,9.8,602700.0
2023-12-19 15:04:00+07:00,9.8,9.8,9.75,9.8,62900.0
2023-12-19 15:05:00+07:00,9.8,9.8,9.7,9.7,607100.0
2023-12-19 15:06:00+07:00,9.7,9.75,9.7,9.75,188700.0
2023-12-19 15:07:00+07:00,9.7,9.7,9.7,9.7,4200.0
2023-12-19 15:08:00+07:00,9.7,9.75,9.7,9.7,1500.0
2023-12-19 15:09:00+07:00,9.75,9.75,9.7,9.75,478600.0
2023-12-19 15:10:00+07:00,9.75,9.75,9.75,9.75,10200.0
2023-12-19 15:11:00+07:00,9.75,9.75,9.7,9.75,3100.0
2023-12-19 15:12:00+07:00,9.7,9.7,9.7,9.7,2600.0
2023-12-19 15:13:00+07:00,9.75,9.75,9.7,9.75,1800.0
2023-12-19 15:14:00+07:00,9.75,9.75,9.75,9.75,500.0
2023-12-19 15:15:00+07:00,9.75,9.75,9.7,9.7,100600.0
2023-12-19 15:16:00+07:00,9.75,9.75,9.75,9.75,6000.0
2023-12-19 15:17:00+07:00,9.7,9.7,9.7,9.7,1500.0
2023-12-19 15:18:00+07:00,9.7,9.75,9.7,9.7,28500.0
2023-12-19 15:19:00+07:00,9.7,9.75,9.7,9.7,67300.0
2023-12-19 15:20:00+07:00,9.7,9.75,9.7,9.75,66500.0
2023-12-19 15:21:00+07:00,9.75,9.75,9.7,9.75,631300.0
2023-12-19 15:22:00+07:00,9.75,9.75,9.75,9.75,800.0
2023-12-19 15:23:00+07:00,9.75,9.75,9.75,9.75,50700.0
2023-12-19 15:24:00+07:00,9.75,9.75,9.75,9.75,6500.0
2023-12-19 15:25:00+07:00,9.75,9.8,9.75,9.8,12100.0
2023-12-19 15:26:00+07:00,9.8,9.8,9.75,9.75,5200.0
2023-12-19 15:27:00+07:00,9.75,9.75,9.75,9.75,900.0
2023-12-19 15:28:00+07:00,9.75,9.75,9.75,9.75,300.0
2023-12-19 15:29:00+07:00,9.75,9.75,9.75,9.75,300.0
2023-12-19 15:30:00+07:00,9.75,9.75,9.75,9.75,700.0
2023-12-19 15:31:00+07:00,9.75,9.8,9.75,9.8,10900.0
2023-12-19 15:32:00+07:00,9.75,9.75,9.75,9.75,4900.0
2023-12-19 15:33:00+07:00,9.75,9.75,9.75,9.75,100.0
2023-12-19 15:34:00+07:00,9.8,9.8,9.75,9.75,75600.0
2023-12-19 15:35:00+07:00,9.75,9.8,9.75,9.8,532100.0
2023-12-19 15:36:00+07:00,9.8,9.8,9.8,9.8,25000.0
2023-12-19 15:37:00+07:00,9.75,9.8,9.75,9.75,2800.0
2023-12-19 15:38:00+07:00,9.75,9.8,9.75,9.8,700.0
2023-12-19 15:39:00+07:00,9.75,9.75,9.75,9.75,5300.0
2023-12-19 15:40:00+07:00,9.75,9.8,9.75,9.8,336400.0
2023-12-19 15:41:00+07:00,9.8,9.85,9.8,9.8,11500.0
2023-12-19 15:42:00+07:00,9.85,9.9,9.85,9.85,795200.0
2023-12-19 15:43:00+07:00,9.85,9.9,9.85,9.9,200.0
2023-12-19 15:44:00+07:00,9.85,9.85,9.85,9.85,200.0
2023-12-19 15:45:00+07:00,9.85,9.85,9.85,9.85,7700.0
2023-12-19 15:46:00+07:00,9.85,9.85,9.85,9.85,41400.0
2023-12-19 15:47:00+07:00,9.85,9.9,9.85,9.9,17900.0
2023-12-19 15:48:00+07:00,9.85,9.85,9.85,9.85,11700.0
2023-12-19 15:49:00+07:00,9.9,9.9,9.85,9.9,23800.0
2023-12-19 15:50:00+07:00,9.9,9.9,9.9,9.9,906700.0
2023-12-19 15:51:00+07:00,9.9,9.9,9.9,9.9,60600.0
2023-12-19 15:52:00+07:00,9.9,9.95,9.9,9.9,77100.0
2023-12-19 15:53:00+07:00,9.9,9.9,9.9,9.9,18500.0
2023-12-19 15:54:00+07:00,9.9,9.95,9.9,9.9,46200.0
2023-12-19 15:55:00+07:00,9.9,9.95,9.9,9.9,17000.0
2023-12-19 15:56:00+07:00,9.9,9.9,9.9,9.9,19700.0
2023-12-19 15:57:00+07:00,9.9,9.9,9.9,9.9,28300.0
2023-12-19 15:58:00+07:00,9.95,9.95,9.9,9.95,29200.0
2023-12-19 15:59:00+07:00,9.9,9.9,9.85,9.9,477600.0
2023-12-19 16:00:00+07:00,9.85,9.9,9.85,9.9,756700.0
2023-12-19 16:01:00+07:00,9.85,9.9,9.85,9.85,13000.0
2023-12-19 16:02:00+07:00,9.85,9.9,9.85,9.9,6200.0
2023-12-19 16:03:00+07:00,9.9,9.9,9.9,9.9,200.0
2023-12-19 16:04:00+07:00,9.9,9.9,9.85,9.85,900.0
2023-12-19 16:05:00+07:00,9.85,9.9,9.85,9.85,4100.0
2023-12-19 16:06:00+07:00,9.85,9.85,9.85,9.85,29100.0
2023-12-19 16:07:00+07:00,9.9,9.9,9.85,9.85,15000.0
2023-12-19 16:08:00+07:00,9.85,9.9,9.85,9.85,1600.0
2023-12-19 16:09:00+07:00,9.85,9.85,9.85,9.85,800.0
2023-12-19 16:10:00+07:00,9.85,9.85,9.85,9.85,1200.0
2023-12-19 16:11:00+07:00,9.85,9.85,9.85,9.85,39400.0
2023-12-19 16:12:00+07:00,9.85,9.9,9.85,9.85,8600.0
2023-12-19 16:13:00+07:00,9.9,9.9,9.85,9.85,700.0
2023-12-19 16:14:00+07:00,9.85,9.85,9.8,9.8,485000.0
2023-12-19 16:15:00+07:00,9.8,9.85,9.8,9.8,192000.0
2023-12-19 16:16:00+07:00,9.8,9.85,9.8,9.8,12200.0
2023-12-19 16:17:00+07:00,9.8,9.8,9.8,9.8,2800.0
2023-12-19 16:18:00+07:00,9.8,9.8,9.8,9.8,4100.0
2023-12-19 16:19:00+07:00,9.8,9.8,9.8,9.8,1700.0
2023-12-19 16:20:00+07:00,9.8,9.8,9.8,9.8,5100.0
2023-12-19 16:21:00+07:00,9.8,9.8,9.8,9.8,4800.0
2023-12-19 16:22:00+07:00,9.8,9.8,9.8,9.8,3400.0
2023-12-19 16:23:00+07:00,9.8,9.8,9.8,9.8,700.0
2023-12-19 16:24:00+07:00,9.8,9.8,9.8,9.8,600.0
2023-12-19 16:25:00+07:00,9.8,9.85,9.8,9.8,1200.0
2023-12-19 16:26:00+07:00,9.85,9.85,9.8,9.8,17900.0
2023-12-19 16:27:00+07:00,9.8,9.85,9.8,9.85,169800.0
2023-12-19 16:28:00+07:00,9.85,9.9,9.85,9.9,409400.0
2023-12-19 16:29:00+07:00,9.9,9.9,9.85,9.85,8400.0
2023-12-19 16:35:00+07:00,9.8,9.8,9.8,9.8,2904900.0
2023-12-20 09:56:00+07:00,9.8,9.8,9.75,9.75,513800.0
2023-12-20 09:57:00+07:00,9.75,9.75,9.75,9.75,230700.0
2023-12-20 09:58:00+07:00,9.75,9.75,9.75,9.75,70100.0
2023-12-20 09:59:00+07:00,9.8,9.8,9.75,9.75,20000.0
2023-12-20 10:00:00+07:00,9.75,9.75,9.75,9.75,5000.0
2023-12-20 10:01:00+07:00,9.75,9.75,9.75,9.75,291200.0
2023-12-20 10:02:00+07:00,9.75,9.75,9.75,9.75,1000.0
2023-12-20 10:03:00+07:00,9.75,9.75,9.75,9.75,3100.0
2023-12-20 10:04:00+07:00,9.75,9.75,9.75,9.75,11000.0
2023-12-20 10:05:00+07:00,9.75,9.75,9.75,9.75,3900.0
2023-12-20 10:07:00+07:00,9.75,9.75,9.75,9.75,351500.0
2023-12-20 10:08:00+07:00,9.75,9.75,9.75,9.75,4400.0
2023-12-20 10:09:00+07:00,9.8,9.8,9.75,9.75,37900.0
2023-12-20 10:10:00+07:00,9.75,9.75,9.75,9.75,2900.0
2023-12-20 10:12:00+07:00,9.75,9.75,9.75,9.75,11200.0
2023-12-20 10:13:00+07:00,9.75,9.75,9.75,9.75,5000.0
2023-12-20 10:14:00+07:00,9.75,9.75,9.75,9.75,3500.0
2023-12-20 10:15:00+07:00,9.75,9.75,9.75,9.75,7700.0
2023-12-20 10:16:00+07:00,9.75,9.75,9.75,9.75,29000.0
2023-12-20 10:17:00+07:00,9.75,9.75,9.75,9.75,100.0
2023-12-20 10:18:00+07:00,9.75,9.75,9.75,9.75,100.0
2023-12-20 10:19:00+07:00,9.8,9.8,9.75,9.75,900.0
2023-12-20 10:20:00+07:00,9.8,9.8,9.8,9.8,100.0
2023-12-20 10:21:00+07:00,9.75,9.75,9.75,9.75,200.0
2023-12-20 10:22:00+07:00,9.75,9.75,9.75,9.75,100.0
2023-12-20 10:23:00+07:00,9.75,9.75,9.75,9.75,500.0
2023-12-20 10:24:00+07:00,9.75,9.75,9.75,9.75,5000.0
2023-12-20 10:25:00+07:00,9.75,9.75,9.75,9.75,10700.0
2023-12-20 10:26:00+07:00,9.75,9.75,9.75,9.75,34200.0
2023-12-20 10:27:00+07:00,9.75,9.75,9.75,9.75,460600.0
2023-12-20 10:28:00+07:00,9.75,9.75,9.75,9.75,37400.0
2023-12-20 10:29:00+07:00,9.75,9.8,9.75,9.75,8900.0
2023-12-20 10:30:00+07:00,9.75,9.75,9.75,9.75,11300.0
2023-12-20 10:31:00+07:00,9.75,9.75,9.75,9.75,1700.0
2023-12-20 10:32:00+07:00,9.75,9.75,9.75,9.75,600.0
2023-12-20 10:34:00+07:00,9.75,9.75,9.75,9.75,700.0
2023-12-20 10:35:00+07:00,9.75,9.75,9.75,9.75,100.0
2023-12-20 10:36:00+07:00,9.75,9.8,9.75,9.75,13600.0
2023-12-20 10:37:00+07:00,9.75,9.75,9.75,9.75,1300.0
2023-12-20 10:38:00+07:00,9.75,9.8,9.75,9.75,800.0
2023-12-20 10:39:00+07:00,9.75,9.8,9.75,9.8,1165100.0
2023-12-20 10:40:00+07:00,9.8,9.8,9.8,9.8,6500.0
2023-12-20 10:41:00+07:00,9.8,9.8,9.8,9.8,21400.0
2023-12-20 10:42:00+07:00,9.8,9.8,9.8,9.8,1000.0
2023-12-20 10:43:00+07:00,9.8,9.85,9.8,9.8,700.0
2023-12-20 10:44:00+07:00,9.8,9.8,9.8,9.8,1000.0
2023-12-20 10:45:00+07:00,9.8,9.85,9.8,9.8,22800.0
2023-12-20 10:46:00+07:00,9.8,9.8,9.8,9.8,800.0
2023-12-20 10:47:00+07:00,9.8,9.8,9.8,9.8,2100.0
2023-12-20 10:48:00+07:00,9.8,9.85,9.8,9.8,500.0
2023-12-20 10:49:00+07:00,9.85,9.85,9.8,9.8,5200.0
2023-12-20 10:50:00+07:00,9.8,9.8,9.8,9.8,900.0
2023-12-20 10:51:00+07:00,9.8,9.8,9.8,9.8,200.0
2023-12-20 10:52:00+07:00,9.85,9.85,9.8,9.8,2400.0
2023-12-20 10:53:00+07:00,9.8,9.8,9.8,9.8,1100.0
2023-12-20 10:54:00+07:00,9.85,9.85,9.8,9.85,555000.0
2023-12-20 10:55:00+07:00,9.8,9.85,9.8,9.8,25500.0
2023-12-20 10:56:00+07:00,9.8,9.8,9.75,9.75,1102300.0
2023-12-20 10:57:00+07:00,9.75,9.75,9.75,9.75,100.0
2023-12-20 10:58:00+07:00,9.75,9.75,9.75,9.75,100.0
2023-12-20 10:59:00+07:00,9.75,9.75,9.75,9.75,200.0
2023-12-20 11:00:00+07:00,9.75,9.75,9.75,9.75,100.0
2023-12-20 11:01:00+07:00,9.75,9.8,9.75,9.8,200.0
2023-12-20 11:02:00+07:00,9.75,9.8,9.75,9.75,1300.0
2023-12-20 11:06:00+07:00,9.8,9.8,9.8,9.8,100.0
2023-12-20 11:09:00+07:00,9.8,9.8,9.8,9.8,10000.0
2023-12-20 11:11:00+07:00,9.8,9.8,9.75,9.75,7100.0
2023-12-20 11:12:00+07:00,9.8,9.8,9.8,9.8,11000.0
2023-12-20 11:16:00+07:00,9.75,9.8,9.75,9.8,700.0
2023-12-20 11:18:00+07:00,9.75,9.75,9.75,9.75,1500.0
2023-12-20 11:19:00+07:00,9.8,9.8,9.8,9.8,1000.0
2023-12-20 11:23:00+07:00,9.75,9.75,9.75,9.75,1700.0
2023-12-20 11:26:00+07:00,9.75,9.75,9.75,9.75,100.0
2023-12-20 11:27:00+07:00,9.75,9.75,9.75,9.75,1000.0
2023-12-20 11:29:00+07:00,9.75,9.75,9.75,9.75,10600.0
2023-12-20 11:30:00+07:00,9.8,9.8,9.75,9.75,300.0
2023-12-20 11:31:00+07:00,9.75,9.75,9.75,9.75,4300.0
2023-12-20 11:33:00+07:00,9.75,9.75,9.75,9.75,6100.0
2023-12-20 11:34:00+07:00,9.75,9.75,9.75,9.75,1700.0
2023-12-20 11:35:00+07:00,9.75,9.75,9.75,9.75,2900.0
2023-12-20 11:36:00+07:00,9.75,9.75,9.75,9.75,1700.0
2023-12-20 11:37:00+07:00,9.75,9.75,9.75,9.75,2600.0
2023-12-20 11:38:00+07:00,9.75,9.75,9.75,9.75,300.0
2023-12-20 11:39:00+07:00,9.75,9.75,9.75,9.75,500.0
2023-12-20 11:40:00+07:00,9.75,9.75,9.75,9.75,4200.0
2023-12-20 11:41:00+07:00,9.75,9.8,9.75,9.8,400.0
2023-12-20 11:42:00+07:00,9.75,9.75,9.75,9.75,300.0
2023-12-20 11:43:00+07:00,9.8,9.8,9.75,9.75,10700.0
2023-12-20 11:44:00+07:00,9.75,9.75,9.75,9.75,200.0
2023-12-20 11:45:00+07:00,9.75,9.75,9.75,9.75,200.0
2023-12-20 11:46:00+07:00,9.75,9.8,9.75,9.75,48500.0
2023-12-20 11:47:00+07:00,9.75,9.8,9.75,9.75,1400.0
2023-12-20 11:48:00+07:00,9.75,9.75,9.75,9.75,300.0
2023-12-20 11:49:00+07:00,9.75,9.75,9.75,9.75,6000.0
2023-12-20 11:50:00+07:00,9.75,9.8,9.75,9.75,5200.0
2023-12-20 11:51:00+07:00,9.75,9.75,9.75,9.75,200.0
2023-12-20 11:52:00+07:00,9.75,9.75,9.75,9.75,3100.0
2023-12-20 11:53:00+07:00,9.75,9.8,9.75,9.75,7500.0
2023-12-20 11:54:00+07:00,9.75,9.75,9.75,9.75,3900.0
2023-12-20 11:55:00+07:00,9.75,9.75,9.75,9.75,4000.0
2023-12-20 11:56:00+07:00,9.75,9.75,9.75,9.75,200.0
2023-12-20 11:57:00+07:00,9.75,9.75,9.75,9.75,12700.0
2023-12-20 11:58:00+07:00,9.75,9.75,9.75,9.75,3300.0
2023-12-20 11:59:00+07:00,9.75,9.75,9.75,9.75,500.0
2023-12-20 12:00:00+07:00,9.75,9.75,9.75,9.75,900.0
2023-12-20 12:01:00+07:00,9.75,9.75,9.75,9.75,3800.0
2023-12-20 12:02:00+07:00,9.75,9.75,9.75,9.75,600.0
2023-12-20 12:04:00+07:00,9.75,9.75,9.75,9.75,3400.0
2023-12-20 12:05:00+07:00,9.75,9.75,9.75,9.75,3900.0
2023-12-20 12:06:00+07:00,9.75,9.75,9.75,9.75,200.0
2023-12-20 12:07:00+07:00,9.75,9.75,9.7,9.7,482900.0
2023-12-20 12:08:00+07:00,9.7,9.75,9.7,9.75,331400.0
2023-12-20 12:09:00+07:00,9.75,9.75,9.75,9.75,300.0
2023-12-20 12:10:00+07:00,9.75,9.75,9.75,9.75,300.0
2023-12-20 12:11:00+07:00,9.75,9.75,9.75,9.75,300.0
2023-12-20 12:12:00+07:00,9.75,9.75,9.75,9.75,8600.0
2023-12-20 12:13:00+07:00,9.75,9.75,9.75,9.75,900.0
2023-12-20 12:14:00+07:00,9.75,9.75,9.75,9.75,1400.0
2023-12-20 12:17:00+07:00,9.75,9.75,9.75,9.75,1200.0
2023-12-20 12:18:00+07:00,9.75,9.75,9.75,9.75,200.0
2023-12-20 12:20:00+07:00,9.75,9.75,9.75,9.75,400.0
2023-12-20 12:22:00+07:00,9.75,9.75,9.75,9.75,4900.0
2023-12-20 12:23:00+07:00,9.75,9.75,9.75,9.75,200.0
2023-12-20 12:24:00+07:00,9.75,9.75,9.75,9.75,200.0
2023-12-20 12:26:00+07:00,9.75,9.75,9.75,9.75,200.0
2023-12-20 12:27:00+07:00,9.75,9.75,9.75,9.75,3600.0
2023-12-20 12:28:00+07:00,9.75,9.75,9.75,9.75,2900.0
2023-12-20 12:29:00+07:00,9.8,9.8,9.75,9.75,7700.0
2023-12-20 14:28:00+07:00,9.75,9.75,9.75,9.75,53600.0
2023-12-20 14:29:00+07:00,9.75,9.75,9.75,9.75,7400.0
2023-12-20 14:31:00+07:00,9.75,9.75,9.75,9.75,1500.0
2023-12-20 14:32:00+07:00,9.75,9.75,9.75,9.75,5000.0
2023-12-20 14:33:00+07:00,9.75,9.75,9.75,9.75,117000.0
2023-12-20 14:34:00+07:00,9.75,9.75,9.7,9.7,319400.0
2023-12-20 14:35:00+07:00,9.7,9.7,9.7,9.7,14000.0
2023-12-20 14:36:00+07:00,9.7,9.75,9.7,9.7,10700.0
2023-12-20 14:37:00+07:00,9.7,9.7,9.7,9.7,12100.0
2023-12-20 14:38:00+07:00,9.7,9.7,9.7,9.7,400.0
2023-12-20 14:39:00+07:00,9.75,9.75,9.7,9.7,14200.0
2023-12-20 14:40:00+07:00,9.7,9.75,9.7,9.7,900.0
2023-12-20 14:41:00+07:00,9.7,9.7,9.7,9.7,200.0
2023-12-20 14:42:00+07:00,9.7,9.7,9.7,9.7,1900.0
2023-12-20 14:44:00+07:00,9.7,9.75,9.7,9.7,292600.0
2023-12-20 14:45:00+07:00,9.7,9.7,9.7,9.7,28600.0
2023-12-20 14:47:00+07:00,9.7,9.7,9.7,9.7,11700.0
2023-12-20 14:49:00+07:00,9.7,9.75,9.7,9.7,47400.0
2023-12-20 14:50:00+07:00,9.7,9.7,9.7,9.7,6000.0
2023-12-20 14:52:00+07:00,9.75,9.75,9.7,9.7,47900.0
2023-12-20 14:54:00+07:00,9.75,9.75,9.7,9.75,339900.0
2023-12-20 14:56:00+07:00,9.75,9.75,9.75,9.75,10200.0
2023-12-20 14:57:00+07:00,9.75,9.75,9.75,9.75,400.0
2023-12-20 14:58:00+07:00,9.75,9.75,9.7,9.7,261600.0
2023-12-20 14:59:00+07:00,9.7,9.7,9.7,9.7,400.0
2023-12-20 15:00:00+07:00,9.7,9.7,9.7,9.7,600.0
2023-12-20 15:01:00+07:00,9.7,9.7,9.7,9.7,400.0
2023-12-20 15:02:00+07:00,9.7,9.7,9.7,9.7,500.0
2023-12-20 15:03:00+07:00,9.7,9.7,9.7,9.7,1400.0
2023-12-20 15:04:00+07:00,9.75,9.75,9.7,9.7,800.0
2023-12-20 15:06:00+07:00,9.7,9.7,9.7,9.7,2200.0
2023-12-20 15:07:00+07:00,9.75,9.75,9.7,9.7,8800.0
2023-12-20 15:10:00+07:00,9.7,9.7,9.7,9.7,300.0
2023-12-20 15:11:00+07:00,9.75,9.75,9.75,9.75,1000.0
2023-12-20 15:12:00+07:00,9.7,9.7,9.7,9.7,200.0
2023-12-20 15:13:00+07:00,9.7,9.7,9.7,9.7,200.0
2023-12-20 15:14:00+07:00,9.75,9.75,9.7,9.7,3400.0
2023-12-20 15:15:00+07:00,9.75,9.75,9.7,9.7,800.0
2023-12-20 15:17:00+07:00,9.75,9.75,9.75,9.75,100.0
2023-12-20 15:18:00+07:00,9.75,9.75,9.7,9.7,3200.0
2023-12-20 15:19:00+07:00,9.7,9.7,9.7,9.7,51300.0
2023-12-20 15:20:00+07:00,9.7,9.75,9.7,9.75,1400.0
2023-12-20 15:21:00+07:00,9.7,9.75,9.7,9.7,1100.0
2023-12-20 15:22:00+07:00,9.7,9.75,9.7,9.75,454200.0
2023-12-20 15:23:00+07:00,9.8,9.8,9.75,9.8,530900.0
2023-12-20 15:24:00+07:00,9.85,9.85,9.8,9.85,12000.0
2023-12-20 15:25:00+07:00,9.85,9.85,9.8,9.8,38000.0
2023-12-20 15:26:00+07:00,9.85,9.85,9.8,9.8,6300.0
2023-12-20 15:27:00+07:00,9.8,9.8,9.8,9.8,510800.0
2023-12-20 15:28:00+07:00,9.8,9.8,9.8,9.8,34000.0
2023-12-20 15:29:00+07:00,9.8,9.8,9.8,9.8,900.0
2023-12-20 15:30:00+07:00,9.8,9.8,9.8,9.8,2800.0
2023-12-20 15:31:00+07:00,9.8,9.8,9.8,9.8,3100.0
2023-12-20 15:32:00+07:00,9.8,9.8,9.8,9.8,9700.0
2023-12-20 15:33:00+07:00,9.8,9.8,9.8,9.8,300.0
2023-12-20 15:34:00+07:00,9.8,9.8,9.8,9.8,5600.0
2023-12-20 15:35:00+07:00,9.8,9.85,9.8,9.8,3000.0
2023-12-20 15:36:00+07:00,9.8,9.8,9.8,9.8,200.0
2023-12-20 15:37:00+07:00,9.85,9.85,9.8,9.8,1100.0
2023-12-20 15:38:00+07:00,9.85,9.9,9.85,9.9,539300.0
2023-12-20 15:39:00+07:00,9.9,9.9,9.85,9.85,25800.0
2023-12-20 15:40:00+07:00,9.85,9.85,9.85,9.85,1900.0
2023-12-20 15:41:00+07:00,9.85,9.85,9.8,9.8,411700.0
2023-12-20 15:42:00+07:00,9.8,9.8,9.8,9.8,261300.0
2023-12-20 15:43:00+07:00,9.8,9.85,9.8,9.8,13500.0
2023-12-20 15:44:00+07:00,9.8,9.8,9.8,9.8,12700.0
2023-12-20 15:45:00+07:00,9.8,9.8,9.8,9.8,2000.0
2023-12-20 15:46:00+07:00,9.8,9.8,9.8,9.8,14800.0
2023-12-20 15:47:00+07:00,9.8,9.8,9.75,9.8,202900.0
2023-12-20 15:48:00+07:00,9.75,9.75,9.75,9.75,2000.0
2023-12-20 15:49:00+07:00,9.75,9.75,9.75,9.75,800.0
2023-12-20 15:50:00+07:00,9.75,9.75,9.75,9.75,800.0
2023-12-20 15:51:00+07:00,9.75,9.75,9.75,9.75,1400.0
2023-12-20 15:52:00+07:00,9.75,9.75,9.75,9.75,1900.0
2023-12-20 15:53:00+07:00,9.8,9.8,9.75,9.75,400.0
2023-12-20 15:54:00+07:00,9.8,9.8,9.75,9.8,155300.0
2023-12-20 15:55:00+07:00,9.8,9.8,9.8,9.8,1600.0
2023-12-20 15:56:00+07:00,9.85,9.85,9.8,9.8,1200.0
2023-12-20 15:57:00+07:00,9.8,9.8,9.8,9.8,100.0
2023-12-20 15:58:00+07:00,9.8,9.8,9.8,9.8,2200.0
2023-12-20 15:59:00+07:00,9.8,9.8,9.8,9.8,100.0
2023-12-20 16:00:00+07:00,9.8,9.8,9.8,9.8,10800.0
2023-12-20 16:01:00+07:00,9.8,9.85,9.8,9.8,13500.0
2023-12-20 16:02:00+07:00,9.8,9.8,9.75,9.8,237500.0
2023-12-20 16:03:00+07:00,9.8,9.8,9.8,9.8,400.0
2023-12-20 16:04:00+07:00,9.8,9.8,9.8,9.8,100.0
2023-12-20 16:05:00+07:00,9.8,9.8,9.75,9.75,500.0
2023-12-20 16:06:00+07:00,9.75,9.75,9.75,9.75,1200.0
2023-12-20 16:07:00+07:00,9.75,9.75,9.75,9.75,200.0
2023-12-20 16:09:00+07:00,9.75,9.75,9.75,9.75,300.0
2023-12-20 16:10:00+07:00,9.75,9.75,9.75,9.75,300.0
2023-12-20 16:11:00+07:00,9.75,9.75,9.75,9.75,2400.0
2023-12-20 16:13:00+07:00,9.75,9.75,9.75,9.75,34500.0
2023-12-20 16:14:00+07:00,9.75,9.75,9.75,9.75,4500.0
2023-12-20 16:15:00+07:00,9.8,9.8,9.75,9.75,31200.0
2023-12-20 16:16:00+07:00,9.75,9.8,9.75,9.8,600.0
2023-12-20 16:17:00+07:00,9.75,9.8,9.75,9.75,101500.0
2023-12-20 16:18:00+07:00,9.75,9.75,9.75,9.75,500.0
2023-12-20 16:19:00+07:00,9.75,9.8,9.75,9.8,900.0
2023-12-20 16:20:00+07:00,9.8,9.8,9.75,9.75,600.0
2023-12-20 16:21:00+07:00,9.75,9.75,9.75,9.75,2700.0
2023-12-20 16:22:00+07:00,9.75,9.8,9.75,9.75,2300.0
2023-12-20 16:23:00+07:00,9.75,9.8,9.75,9.75,42900.0
2023-12-20 16:24:00+07:00,9.75,9.75,9.75,9.75,700.0
2023-12-20 16:26:00+07:00,9.75,9.75,9.75,9.75,2400.0
2023-12-20 16:27:00+07:00,9.75,9.75,9.75,9.75,2600.0
2023-12-20 16:28:00+07:00,9.75,9.75,9.75,9.75,3100.0
2023-12-20 16:29:00+07:00,9.75,9.8,9.75,9.75,4400.0
2023-12-20 16:37:00+07:00,9.75,9.75,9.75,9.75,1226700.0
2023-12-21 09:56:00+07:00,9.7,9.7,9.7,9.7,241000.0
2023-12-21 09:57:00+07:00,9.7,9.7,9.7,9.7,80100.0
2023-12-21 09:58:00+07:00,9.7,9.7,9.7,9.7,20400.0
2023-12-21 09:59:00+07:00,9.7,9.7,9.65,9.65,166500.0
2023-12-21 10:00:00+07:00,9.65,9.65,9.65,9.65,12900.0
2023-12-21 10:01:00+07:00,9.7,9.7,9.65,9.65,530400.0
2023-12-21 10:02:00+07:00,9.65,9.65,9.65,9.65,335600.0
2023-12-21 10:03:00+07:00,9.65,9.65,9.65,9.65,9400.0
2023-12-21 10:04:00+07:00,9.65,9.7,9.65,9.7,6800.0
2023-12-21 10:05:00+07:00,9.7,9.7,9.7,9.7,100.0
2023-12-21 10:06:00+07:00,9.65,9.65,9.65,9.65,6000.0
2023-12-21 10:07:00+07:00,9.65,9.65,9.65,9.65,2100.0
2023-12-21 10:08:00+07:00,9.65,9.65,9.65,9.65,8900.0
2023-12-21 10:09:00+07:00,9.65,9.65,9.65,9.65,686000.0
2023-12-21 10:10:00+07:00,9.65,9.65,9.65,9.65,3900.0
2023-12-21 10:11:00+07:00,9.65,9.65,9.65,9.65,500.0
2023-12-21 10:12:00+07:00,9.65,9.7,9.65,9.7,50600.0
2023-12-21 10:13:00+07:00,9.65,9.65,9.65,9.65,200.0
2023-12-21 10:14:00+07:00,9.7,9.7,9.7,9.7,100.0
2023-12-21 10:15:00+07:00,9.7,9.7,9.7,9.7,5100.0
2023-12-21 10:16:00+07:00,9.7,9.7,9.7,9.7,400.0
2023-12-21 10:17:00+07:00,9.7,9.7,9.7,9.7,1200.0
2023-12-21 10:19:00+07:00,9.7,9.7,9.7,9.7,2100.0
2023-12-21 10:22:00+07:00,9.7,9.7,9.7,9.7,5000.0
2023-12-21 10:23:00+07:00,9.7,9.7,9.7,9.7,100100.0
2023-12-21 10:24:00+07:00,9.7,9.7,9.7,9.7,10000.0
2023-12-21 10:25:00+07:00,9.7,9.7,9.7,9.7,32300.0
2023-12-21 10:26:00+07:00,9.7,9.7,9.7,9.7,400.0
2023-12-21 10:27:00+07:00,9.7,9.7,9.7,9.7,6000.0
2023-12-21 10:28:00+07:00,9.7,9.7,9.7,9.7,26700.0
2023-12-21 10:29:00+07:00,9.7,9.7,9.7,9.7,4000.0
2023-12-21 10:30:00+07:00,9.7,9.7,9.7,9.7,14100.0
2023-12-21 10:31:00+07:00,9.7,9.7,9.65,9.7,308000.0
2023-12-21 10:33:00+07:00,9.7,9.7,9.7,9.7,400.0
2023-12-21 10:36:00+07:00,9.7,9.7,9.7,9.7,2900.0
2023-12-21 10:37:00+07:00,9.65,9.65,9.65,9.65,100.0
2023-12-21 10:42:00+07:00,9.7,9.7,9.7,9.7,2800.0
2023-12-21 10:44:00+07:00,9.7,9.7,9.7,9.7,10000.0
2023-12-21 10:45:00+07:00,9.7,9.7,9.7,9.7,2400.0
2023-12-21 10:46:00+07:00,9.65,9.65,9.65,9.65,10000.0
2023-12-21 10:47:00+07:00,9.7,9.7,9.7,9.7,100.0
2023-12-21 10:48:00+07:00,9.7,9.7,9.7,9.7,3100.0
2023-12-21 10:49:00+07:00,9.7,9.7,9.65,9.65,30300.0
2023-12-21 10:51:00+07:00,9.7,9.7,9.7,9.7,500.0
2023-12-21 10:52:00+07:00,9.7,9.7,9.7,9.7,50200.0
2023-12-21 10:53:00+07:00,9.7,9.7,9.7,9.7,67100.0
2023-12-21 10:54:00+07:00,9.7,9.7,9.7,9.7,8300.0
2023-12-21 10:55:00+07:00,9.7,9.7,9.7,9.7,24400.0
2023-12-21 10:56:00+07:00,9.7,9.7,9.7,9.7,56200.0
2023-12-21 10:57:00+07:00,9.7,9.7,9.7,9.7,26900.0
2023-12-21 10:58:00+07:00,9.7,9.75,9.7,9.75,94700.0
2023-12-21 11:00:00+07:00,9.75,9.75,9.75,9.75,7700.0
2023-12-21 11:05:00+07:00,9.7,9.7,9.7,9.7,100.0
2023-12-21 11:06:00+07:00,9.75,9.75,9.7,9.7,3100.0
2023-12-21 11:07:00+07:00,9.7,9.75,9.7,9.75,100300.0
2023-12-21 11:08:00+07:00,9.7,9.75,9.7,9.7,52600.0
2023-12-21 11:09:00+07:00,9.7,9.7,9.7,9.7,100.0
2023-12-21 11:10:00+07:00,9.7,9.7,9.7,9.7,1200.0
2023-12-21 11:11:00+07:00,9.7,9.7,9.7,9.7,200.0
2023-12-21 11:12:00+07:00,9.7,9.7,9.7,9.7,11300.0
2023-12-21 11:13:00+07:00,9.7,9.7,9.7,9.7,38600.0
2023-12-21 11:15:00+07:00,9.7,9.7,9.7,9.7,1600.0
2023-12-21 11:16:00+07:00,9.7,9.7,9.7,9.7,1600.0
2023-12-21 11:17:00+07:00,9.7,9.7,9.7,9.7,117100.0
2023-12-21 11:18:00+07:00,9.7,9.7,9.7,9.7,192800.0
2023-12-21 11:19:00+07:00,9.7,9.7,9.7,9.7,300.0
2023-12-21 11:20:00+07:00,9.7,9.7,9.7,9.7,2500.0
2023-12-21 11:21:00+07:00,9.7,9.7,9.7,9.7,25500.0
2023-12-21 11:22:00+07:00,9.7,9.7,9.7,9.7,300.0
2023-12-21 11:23:00+07:00,9.7,9.7,9.65,9.7,99200.0
2023-12-21 11:24:00+07:00,9.65,9.65,9.65,9.65,200.0
2023-12-21 11:25:00+07:00,9.65,9.65,9.65,9.65,400.0
2023-12-21 11:26:00+07:00,9.7,9.7,9.65,9.65,1400.0
2023-12-21 11:27:00+07:00,9.65,9.65,9.65,9.65,700.0
2023-12-21 11:28:00+07:00,9.65,9.65,9.65,9.65,200.0
2023-12-21 11:29:00+07:00,9.65,9.65,9.65,9.65,400.0
2023-12-21 11:30:00+07:00,9.65,9.65,9.65,9.65,400.0
2023-12-21 11:31:00+07:00,9.65,9.65,9.65,9.65,400.0
2023-12-21 11:32:00+07:00,9.65,9.65,9.65,9.65,400.0
2023-12-21 11:33:00+07:00,9.7,9.7,9.7,9.7,2200.0
2023-12-21 11:34:00+07:00,9.7,9.7,9.7,9.7,100.0
2023-12-21 11:35:00+07:00,9.7,9.7,9.7,9.7,100.0
2023-12-21 11:36:00+07:00,9.7,9.7,9.7,9.7,21000.0
2023-12-21 11:39:00+07:00,9.65,9.65,9.65,9.65,200.0
2023-12-21 11:42:00+07:00,9.65,9.65,9.65,9.65,600.0
2023-12-21 11:43:00+07:00,9.65,9.65,9.65,9.65,3000.0
2023-12-21 11:47:00+07:00,9.65,9.65,9.65,9.65,1000.0
2023-12-21 11:48:00+07:00,9.7,9.7,9.7,9.7,90100.0
2023-12-21 11:49:00+07:00,9.7,9.7,9.7,9.7,1000.0
2023-12-21 11:50:00+07:00,9.7,9.7,9.7,9.7,1000.0
2023-12-21 11:51:00+07:00,9.7,9.7,9.7,9.7,2000.0
2023-12-21 11:52:00+07:00,9.7,9.7,9.7,9.7,1400.0
2023-12-21 11:53:00+07:00,9.65,9.65,9.65,9.65,5700.0
2023-12-21 11:54:00+07:00,9.7,9.7,9.7,9.7,284900.0
2023-12-21 11:55:00+07:00,9.75,9.75,9.75,9.75,2900.0
2023-12-21 11:59:00+07:00,9.7,9.7,9.7,9.7,5000.0
2023-12-21 12:00:00+07:00,9.7,9.7,9.7,9.7,3300.0
2023-12-21 12:02:00+07:00,9.75,9.75,9.75,9.75,2900.0
2023-12-21 12:03:00+07:00,9.7,9.7,9.7,9.7,500.0
2023-12-21 12:06:00+07:00,9.7,9.7,9.7,9.7,600.0
2023-12-21 12:07:00+07:00,9.75,9.8,9.75,9.8,528000.0
2023-12-21 12:08:00+07:00,9.75,9.75,9.75,9.75,100.0
2023-12-21 12:09:00+07:00,9.75,9.8,9.75,9.8,1100.0
2023-12-21 12:10:00+07:00,9.8,9.85,9.8,9.8,482300.0
2023-12-21 12:11:00+07:00,9.8,9.8,9.75,9.8,700.0
2023-12-21 12:12:00+07:00,9.75,9.8,9.75,9.8,2600.0
2023-12-21 12:15:00+07:00,9.75,9.75,9.75,9.75,555800.0
2023-12-21 12:21:00+07:00,9.75,9.75,9.75,9.75,1000.0
2023-12-21 12:24:00+07:00,9.8,9.8,9.75,9.75,1200.0
2023-12-21 12:26:00+07:00,9.8,9.8,9.75,9.75,3600.0
2023-12-21 12:27:00+07:00,9.8,9.8,9.75,9.75,6400.0
2023-12-21 12:28:00+07:00,9.8,9.8,9.75,9.75,600.0
2023-12-21 12:29:00+07:00,9.8,9.8,9.75,9.75,26100.0
2023-12-21 14:27:00+07:00,9.75,9.75,9.75,9.75,100000.0
2023-12-21 14:28:00+07:00,9.75,9.75,9.75,9.75,81700.0
2023-12-21 14:30:00+07:00,9.75,9.75,9.75,9.75,2000.0
2023-12-21 14:33:00+07:00,9.8,9.8,9.8,9.8,8000.0
2023-12-21 14:37:00+07:00,9.8,9.8,9.8,9.8,6100.0
2023-12-21 14:42:00+07:00,9.8,9.8,9.8,9.8,700.0
2023-12-21 14:43:00+07:00,9.8,9.8,9.8,9.8,10000.0
2023-12-21 14:44:00+07:00,9.75,9.75,9.75,9.75,14200.0
2023-12-21 14:45:00+07:00,9.75,9.75,9.75,9.75,2000.0
2023-12-21 14:46:00+07:00,9.75,9.75,9.75,9.75,193800.0
2023-12-21 14:47:00+07:00,9.75,9.75,9.75,9.75,10400.0
2023-12-21 14:48:00+07:00,9.75,9.75,9.75,9.75,500.0
2023-12-21 14:50:00+07:00,9.75,9.75,9.75,9.75,500.0
2023-12-21 14:52:00+07:00,9.75,9.75,9.75,9.75,100.0
2023-12-21 14:55:00+07:00,9.7,9.7,9.7,9.7,3600.0
2023-12-21 14:56:00+07:00,9.75,9.75,9.75,9.75,50000.0
2023-12-21 14:57:00+07:00,9.7,9.7,9.7,9.7,4200.0
2023-12-21 14:59:00+07:00,9.75,9.75,9.7,9.75,29600.0
2023-12-21 15:00:00+07:00,9.75,9.75,9.75,9.75,6000.0
2023-12-21 15:01:00+07:00,9.75,9.75,9.75,9.75,10000.0
2023-12-21 15:03:00+07:00,9.75,9.75,9.75,9.75,10000.0
2023-12-21 15:04:00+07:00,9.75,9.75,9.7,9.7,1500.0
2023-12-21 15:06:00+07:00,9.7,9.7,9.7,9.7,3900.0
2023-12-21 15:07:00+07:00,9.7,9.7,9.7,9.7,100.0
2023-12-21 15:08:00+07:00,9.7,9.75,9.7,9.75,300.0
2023-12-21 15:09:00+07:00,9.7,9.7,9.7,9.7,100.0
2023-12-21 15:10:00+07:00,9.7,9.7,9.7,9.7,100.0
2023-12-21 15:11:00+07:00,9.7,9.75,9.7,9.75,198700.0
2023-12-21 15:12:00+07:00,9.8,9.8,9.8,9.8,2000.0
2023-12-21 15:13:00+07:00,9.8,9.8,9.8,9.8,8000.0
2023-12-21 15:16:00+07:00,9.8,9.8,9.75,9.75,2900.0
2023-12-21 15:18:00+07:00,9.75,9.8,9.75,9.8,900.0
2023-12-21 15:20:00+07:00,9.8,9.8,9.75,9.8,1200.0
2023-12-21 15:22:00+07:00,9.8,9.8,9.75,9.75,500.0
2023-12-21 15:24:00+07:00,9.8,9.8,9.75,9.75,3200.0
2023-12-21 15:25:00+07:00,9.75,9.75,9.75,9.75,100.0
2023-12-21 15:26:00+07:00,9.75,9.75,9.75,9.75,1200.0
2023-12-21 15:27:00+07:00,9.75,9.75,9.75,9.75,300.0
2023-12-21 15:28:00+07:00,9.8,9.8,9.75,9.75,15200.0
2023-12-21 15:29:00+07:00,9.75,9.75,9.75,9.75,100.0
2023-12-21 15:30:00+07:00,9.75,9.75,9.75,9.75,200.0
2023-12-21 15:31:00+07:00,9.75,9.75,9.75,9.75,700.0
2023-12-21 15:32:00+07:00,9.75,9.8,9.75,9.75,3000.0
2023-12-21 15:36:00+07:00,9.75,9.75,9.75,9.75,2800.0
2023-12-21 15:37:00+07:00,9.75,9.75,9.75,9.75,100.0
2023-12-21 15:39:00+07:00,9.8,9.8,9.75,9.75,7800.0
2023-12-21 15:40:00+07:00,9.75,9.8,9.75,9.75,3000.0
2023-12-21 15:41:00+07:00,9.8,9.8,9.75,9.75,1100.0
2023-12-21 15:42:00+07:00,9.75,9.75,9.75,9.75,200.0
2023-12-21 15:43:00+07:00,9.75,9.75,9.75,9.75,5000.0
2023-12-21 15:44:00+07:00,9.75,9.75,9.75,9.75,1300.0
2023-12-21 15:47:00+07:00,9.75,9.75,9.75,9.75,100.0
2023-12-21 15:48:00+07:00,9.8,9.8,9.8,9.8,3000.0
2023-12-21 15:49:00+07:00,9.75,9.75,9.75,9.75,12300.0
2023-12-21 15:54:00+07:00,9.8,9.8,9.75,9.75,3100.0
2023-12-21 15:55:00+07:00,9.75,9.75,9.75,9.75,100.0
2023-12-21 15:57:00+07:00,9.75,9.8,9.75,9.75,161300.0
2023-12-21 15:58:00+07:00,9.75,9.85,9.75,9.85,505000.0
2023-12-21 15:59:00+07:00,9.8,9.85,9.8,9.85,3100.0
2023-12-21 16:00:00+07:00,9.85,9.85,9.8,9.8,10500.0
2023-12-21 16:01:00+07:00,9.8,9.8,9.8,9.8,1200.0
2023-12-21 16:02:00+07:00,9.85,9.85,9.8,9.85,1600.0
2023-12-21 16:03:00+07:00,9.85,9.85,9.85,9.85,2500.0
2023-12-21 16:07:00+07:00,9.8,9.85,9.8,9.8,15400.0
2023-12-21 16:08:00+07:00,9.85,9.85,9.8,9.85,13400.0
2023-12-21 16:09:00+07:00,9.8,9.8,9.8,9.8,2900.0
2023-12-21 16:10:00+07:00,9.85,9.9,9.8,9.85,774700.0
2023-12-21 16:11:00+07:00,9.9,9.9,9.8,9.85,461800.0
2023-12-21 16:12:00+07:00,9.85,9.85,9.8,9.85,4300.0
2023-12-21 16:13:00+07:00,9.8,9.85,9.8,9.8,3500.0
2023-12-21 16:14:00+07:00,9.85,9.85,9.8,9.8,3500.0
2023-12-21 16:15:00+07:00,9.85,9.85,9.8,9.8,23200.0
2023-12-21 16:16:00+07:00,9.85,9.85,9.8,9.85,247600.0
2023-12-21 16:17:00+07:00,9.85,9.9,9.85,9.85,5000.0
2023-12-21 16:18:00+07:00,9.9,9.9,9.85,9.9,5900.0
2023-12-21 16:19:00+07:00,9.85,9.85,9.85,9.85,3300.0
2023-12-21 16:20:00+07:00,9.9,9.9,9.85,9.85,5000.0
2023-12-21 16:21:00+07:00,9.9,9.9,9.85,9.9,255600.0
2023-12-21 16:22:00+07:00,9.9,9.95,9.85,9.9,700100.0
2023-12-21 16:23:00+07:00,9.9,9.9,9.85,9.85,16200.0
2023-12-21 16:24:00+07:00,9.85,9.9,9.85,9.9,300.0
2023-12-21 16:25:00+07:00,9.9,9.9,9.85,9.85,32600.0
2023-12-21 16:26:00+07:00,9.9,9.9,9.85,9.9,14200.0
2023-12-21 16:27:00+07:00,9.9,9.9,9.85,9.85,3100.0
2023-12-21 16:28:00+07:00,9.85,9.9,9.85,9.9,1200.0
2023-12-21 16:29:00+07:00,9.85,9.9,9.85,9.9,216600.0
2023-12-21 16:38:00+07:00,9.85,9.85,9.85,9.85,1250500.0
2023-12-22 09:59:00+07:00,9.85,9.85,9.85,9.85,293200.0
2023-12-22 10:00:00+07:00,9.8,9.8,9.8,9.8,360100.0
2023-12-22 10:01:00+07:00,9.8,9.85,9.8,9.85,73500.0
2023-12-22 10:03:00+07:00,9.8,9.9,9.8,9.9,228400.0
2023-12-22 10:04:00+07:00,9.85,9.95,9.85,9.9,521900.0
2023-12-22 10:05:00+07:00,9.9,9.9,9.85,9.85,160200.0
2023-12-22 10:06:00+07:00,9.85,9.85,9.85,9.85,30400.0
2023-12-22 10:08:00+07:00,9.85,9.85,9.85,9.85,40000.0
2023-12-22 10:09:00+07:00,9.85,9.85,9.8,9.8,10500.0
2023-12-22 10:10:00+07:00,9.85,9.85,9.85,9.85,100.0
2023-12-22 10:12:00+07:00,9.85,9.85,9.85,9.85,200.0
2023-12-22 10:13:00+07:00,9.85,9.85,9.85,9.85,1000.0
2023-12-22 10:14:00+07:00,9.85,9.85,9.8,9.8,273400.0
2023-12-22 10:15:00+07:00,9.8,9.8,9.8,9.8,358900.0
2023-12-22 10:16:00+07:00,9.8,9.8,9.75,9.8,17200.0
2023-12-22 10:17:00+07:00,9.8,9.8,9.75,9.75,10700.0
2023-12-22 10:18:00+07:00,9.8,9.8,9.75,9.8,11300.0
2023-12-22 10:19:00+07:00,9.8,9.8,9.75,9.8,23200.0
2023-12-22 10:20:00+07:00,9.75,9.8,9.75,9.75,47300.0
2023-12-22 10:21:00+07:00,9.8,9.8,9.8,9.8,30100.0
2023-12-22 10:22:00+07:00,9.8,9.8,9.8,9.8,20300.0
2023-12-22 10:23:00+07:00,9.8,9.8,9.8,9.8,2000.0
2023-12-22 10:24:00+07:00,9.8,9.8,9.8,9.8,100.0
2023-12-22 10:25:00+07:00,9.75,9.8,9.75,9.8,12000.0
2023-12-22 10:26:00+07:00,9.75,9.75,9.75,9.75,300.0
2023-12-22 10:27:00+07:00,9.8,9.8,9.8,9.8,6500.0
2023-12-22 10:29:00+07:00,9.75,9.75,9.75,9.75,4000.0
2023-12-22 10:30:00+07:00,9.75,9.8,9.75,9.8,2100.0
2023-12-22 10:31:00+07:00,9.8,9.8,9.75,9.75,400.0
2023-12-22 10:32:00+07:00,9.75,9.75,9.75,9.75,2100.0
2023-12-22 10:34:00+07:00,9.75,9.8,9.75,9.8,300.0
2023-12-22 10:36:00+07:00,9.8,9.8,9.75,9.75,3500.0
2023-12-22 10:37:00+07:00,9.8,9.8,9.75,9.75,1200.0
2023-12-22 10:38:00+07:00,9.75,9.75,9.75,9.75,100.0
2023-12-22 10:39:00+07:00,9.75,9.75,9.75,9.75,1200.0
2023-12-22 10:40:00+07:00,9.75,9.75,9.75,9.75,3600.0
2023-12-22 10:41:00+07:00,9.75,9.75,9.7,9.7,826400.0
2023-12-22 10:42:00+07:00,9.7,9.7,9.7,9.7,982500.0
2023-12-22 10:43:00+07:00,9.7,9.7,9.7,9.7,35900.0
2023-12-22 10:44:00+07:00,9.7,9.7,9.7,9.7,31700.0
2023-12-22 10:45:00+07:00,9.7,9.75,9.7,9.7,30400.0
2023-12-22 10:46:00+07:00,9.7,9.7,9.7,9.7,24300.0
2023-12-22 10:47:00+07:00,9.7,9.7,9.7,9.7,23900.0
2023-12-22 10:48:00+07:00,9.7,9.7,9.7,9.7,10100.0
2023-12-22 10:49:00+07:00,9.7,9.7,9.7,9.7,100.0
2023-12-22 10:51:00+07:00,9.7,9.7,9.7,9.7,1000.0
2023-12-22 10:52:00+07:00,9.7,9.7,9.7,9.7,3400.0
2023-12-22 10:53:00+07:00,9.7,9.7,9.7,9.7,5600.0
2023-12-22 10:54:00+07:00,9.7,9.7,9.7,9.7,7700.0
2023-12-22 10:55:00+07:00,9.7,9.7,9.7,9.7,100.0
2023-12-22 10:59:00+07:00,9.75,9.75,9.7,9.7,5500.0
2023-12-22 11:01:00+07:00,9.7,9.7,9.7,9.7,100.0
2023-12-22 11:03:00+07:00,9.7,9.7,9.7,9.7,23600.0
2023-12-22 11:04:00+07:00,9.75,9.75,9.7,9.7,2300.0
2023-12-22 11:05:00+07:00,9.7,9.7,9.7,9.7,10100.0
2023-12-22 11:08:00+07:00,9.7,9.7,9.7,9.7,200.0
2023-12-22 11:09:00+07:00,9.75,9.75,9.7,9.7,6400.0
2023-12-22 11:11:00+07:00,9.75,9.75,9.75,9.75,100.0
2023-12-22 11:13:00+07:00,9.75,9.75,9.7,9.75,621100.0
2023-12-22 11:15:00+07:00,9.8,9.8,9.8,9.8,100.0
2023-12-22 11:16:00+07:00,9.8,9.8,9.8,9.8,300.0
2023-12-22 11:18:00+07:00,9.8,9.8,9.75,9.8,1400.0
2023-12-22 11:19:00+07:00,9.75,9.75,9.75,9.75,1500.0
2023-12-22 11:21:00+07:00,9.8,9.8,9.8,9.8,2000.0
2023-12-22 11:23:00+07:00,9.8,9.8,9.8,9.8,2900.0
2023-12-22 11:25:00+07:00,9.75,9.75,9.75,9.75,100.0
2023-12-22 11:26:00+07:00,9.8,9.8,9.75,9.75,7100.0
2023-12-22 11:30:00+07:00,9.8,9.8,9.8,9.8,2600.0
2023-12-22 11:32:00+07:00,9.8,9.8,9.8,9.8,1000.0
2023-12-22 11:34:00+07:00,9.75,9.8,9.75,9.8,290000.0
2023-12-22 11:36:00+07:00,9.8,9.85,9.8,9.85,44200.0
2023-12-22 11:37:00+07:00,9.8,9.8,9.8,9.8,11900.0
2023-12-22 11:38:00+07:00,9.8,9.8,9.8,9.8,203300.0
2023-12-22 11:39:00+07:00,9.8,9.8,9.8,9.8,400.0
2023-12-22 11:41:00+07:00,9.8,9.8,9.75,9.75,38700.0
2023-12-22 11:42:00+07:00,9.8,9.8,9.8,9.8,200.0
2023-12-22 11:44:00+07:00,9.8,9.8,9.8,9.8,100.0
2023-12-22 11:46:00+07:00,9.8,9.8,9.75,9.8,1700.0
2023-12-22 11:47:00+07:00,9.8,9.8,9.8,9.8,1000.0
2023-12-22 11:48:00+07:00,9.8,9.8,9.8,9.8,1000.0
2023-12-22 11:50:00+07:00,9.75,9.75,9.75,9.75,100.0
2023-12-22 11:53:00+07:00,9.8,9.8,9.75,9.75,1400.0
2023-12-22 11:54:00+07:00,9.8,9.8,9.8,9.8,1000.0
2023-12-22 11:55:00+07:00,9.8,9.8,9.8,9.8,166900.0
2023-12-22 11:57:00+07:00,9.85,9.85,9.85,9.85,1000.0
2023-12-22 11:58:00+07:00,9.8,9.8,9.8,9.8,200.0
2023-12-22 11:59:00+07:00,9.85,9.85,9.85,9.85,500.0
2023-12-22 12:02:00+07:00,9.8,9.8,9.8,9.8,1200.0
2023-12-22 12:05:00+07:00,9.8,9.8,9.8,9.8,100.0
2023-12-22 12:06:00+07:00,9.8,9.85,9.8,9.85,433700.0
2023-12-22 12:07:00+07:00,9.9,9.9,9.85,9.85,104900.0
2023-12-22 12:08:00+07:00,9.85,9.85,9.85,9.85,100.0
2023-12-22 12:09:00+07:00,9.85,9.85,9.85,9.85,100.0
2023-12-22 12:10:00+07:00,9.85,9.85,9.85,9.85,300.0
2023-12-22 12:11:00+07:00,9.85,9.85,9.85,9.85,100.0
2023-12-22 12:12:00+07:00,9.85,9.85,9.85,9.85,700.0
2023-12-22 12:13:00+07:00,9.9,9.9,9.85,9.9,793000.0
2023-12-22 12:14:00+07:00,9.9,9.9,9.9,9.9,12300.0
2023-12-22 12:15:00+07:00,9.9,9.95,9.9,9.9,66300.0
2023-12-22 12:16:00+07:00,9.9,9.95,9.9,9.9,9000.0
2023-12-22 12:17:00+07:00,9.9,9.9,9.9,9.9,1500.0
2023-12-22 12:18:00+07:00,9.9,9.9,9.9,9.9,500.0
2023-12-22 12:19:00+07:00,9.9,9.95,9.9,9.9,11100.0
2023-12-22 12:20:00+07:00,9.9,9.9,9.9,9.9,15200.0
2023-12-22 12:21:00+07:00,9.9,9.9,9.9,9.9,20900.0
2023-12-22 12:22:00+07:00,9.9,9.95,9.9,9.9,30800.0
2023-12-22 12:23:00+07:00,9.95,9.95,9.9,9.9,40200.0
2023-12-22 12:24:00+07:00,9.9,9.9,9.9,9.9,3700.0
2023-12-22 12:25:00+07:00,9.9,9.95,9.9,9.9,9500.0
2023-12-22 12:26:00+07:00,9.9,9.9,9.9,9.9,10000.0
2023-12-22 12:27:00+07:00,9.9,9.9,9.9,9.9,14500.0
2023-12-22 12:28:00+07:00,9.9,9.9,9.9,9.9,300.0
2023-12-22 12:29:00+07:00,9.95,9.95,9.95,9.95,14500.0
2023-12-22 14:25:00+07:00,9.9,9.9,9.85,9.85,224300.0
2023-12-22 14:27:00+07:00,9.85,9.85,9.85,9.85,1600.0
2023-12-22 14:28:00+07:00,9.85,9.85,9.85,9.85,100.0
2023-12-22 14:30:00+07:00,9.85,9.85,9.85,9.85,150100.0
2023-12-22 14:31:00+07:00,9.85,9.85,9.85,9.85,100.0
2023-12-22 14:32:00+07:00,9.85,9.85,9.85,9.85,3600.0
2023-12-22 14:33:00+07:00,9.85,9.85,9.85,9.85,5200.0
2023-12-22 14:34:00+07:00,9.85,9.85,9.85,9.85,3100.0
2023-12-22 14:36:00+07:00,9.85,9.85,9.85,9.85,100.0
2023-12-22 14:37:00+07:00,9.85,9.85,9.85,9.85,1900.0
2023-12-22 14:38:00+07:00,9.85,9.85,9.85,9.85,2000.0
2023-12-22 14:39:00+07:00,9.85,9.85,9.85,9.85,1800.0
2023-12-22 14:40:00+07:00,9.85,9.9,9.85,9.9,2600.0
2023-12-22 14:41:00+07:00,9.85,9.85,9.85,9.85,6000.0
2023-12-22 14:44:00+07:00,9.85,9.85,9.85,9.85,15400.0
2023-12-22 14:45:00+07:00,9.85,9.85,9.85,9.85,100.0
2023-12-22 14:46:00+07:00,9.85,9.85,9.85,9.85,100.0
2023-12-22 14:47:00+07:00,9.85,9.85,9.85,9.85,5000.0
2023-12-22 14:48:00+07:00,9.85,9.85,9.85,9.85,13200.0
2023-12-22 14:49:00+07:00,9.85,9.85,9.85,9.85,1000.0
2023-12-22 14:50:00+07:00,9.85,9.85,9.85,9.85,100.0
2023-12-22 14:51:00+07:00,9.85,9.85,9.85,9.85,2100.0
2023-12-22 14:53:00+07:00,9.85,9.85,9.85,9.85,1500.0
2023-12-22 14:54:00+07:00,9.85,9.85,9.85,9.85,81000.0
2023-12-22 14:55:00+07:00,9.85,9.85,9.85,9.85,102200.0
2023-12-22 14:56:00+07:00,9.85,9.85,9.85,9.85,118900.0
2023-12-22 14:57:00+07:00,9.85,9.85,9.85,9.85,1400.0
2023-12-22 14:58:00+07:00,9.85,9.85,9.85,9.85,800.0
2023-12-22 14:59:00+07:00,9.85,9.85,9.85,9.85,11200.0
2023-12-22 15:00:00+07:00,9.85,9.85,9.85,9.85,600.0
2023-12-22 15:01:00+07:00,9.85,9.85,9.85,9.85,2600.0
2023-12-22 15:02:00+07:00,9.85,9.85,9.85,9.85,400.0
2023-12-22 15:03:00+07:00,9.85,9.85,9.85,9.85,100.0
2023-12-22 15:04:00+07:00,9.85,9.85,9.85,9.85,100.0
2023-12-22 15:05:00+07:00,9.85,9.85,9.85,9.85,200.0
2023-12-22 15:06:00+07:00,9.85,9.85,9.85,9.85,1600.0
2023-12-22 15:07:00+07:00,9.85,9.85,9.85,9.85,900.0
2023-12-22 15:10:00+07:00,9.85,9.85,9.85,9.85,6300.0
2023-12-22 15:11:00+07:00,9.85,9.9,9.85,9.9,2600.0
2023-12-22 15:13:00+07:00,9.9,9.9,9.85,9.85,3000.0
2023-12-22 15:14:00+07:00,9.85,9.85,9.85,9.85,3000.0
2023-12-22 15:15:00+07:00,9.85,9.85,9.85,9.85,1000.0
2023-12-22 15:16:00+07:00,9.85,9.85,9.85,9.85,2200.0
2023-12-22 15:17:00+07:00,9.85,9.85,9.85,9.85,700.0
2023-12-22 15:18:00+07:00,9.85,9.85,9.85,9.85,200.0
2023-12-22 15:19:00+07:00,9.9,9.9,9.85,9.85,700.0
2023-12-22 15:20:00+07:00,9.85,9.85,9.85,9.85,500.0
2023-12-22 15:21:00+07:00,9.85,9.9,9.85,9.85,12700.0
2023-12-22 15:22:00+07:00,9.9,9.9,9.85,9.85,600.0
2023-12-22 15:23:00+07:00,9.85,9.85,9.85,9.85,200.0
2023-12-22 15:26:00+07:00,9.85,9.85,9.85,9.85,1800.0
2023-12-22 15:27:00+07:00,9.85,9.85,9.85,9.85,200.0
2023-12-22 15:28:00+07:00,9.85,9.85,9.85,9.85,400.0
2023-12-22 15:29:00+07:00,9.9,9.9,9.85,9.85,3100.0
2023-12-22 15:30:00+07:00,9.85,9.85,9.85,9.85,1400.0
2023-12-22 15:31:00+07:00,9.85,9.85,9.85,9.85,19100.0
2023-12-22 15:32:00+07:00,9.85,9.85,9.85,9.85,2200.0
2023-12-22 15:33:00+07:00,9.85,9.85,9.85,9.85,1100.0
2023-12-22 15:34:00+07:00,9.85,9.85,9.85,9.85,100.0
2023-12-22 15:35:00+07:00,9.85,9.85,9.85,9.85,1100.0
2023-12-22 15:38:00+07:00,9.9,9.9,9.85,9.85,4700.0
2023-12-22 15:39:00+07:00,9.85,9.85,9.85,9.85,100.0
2023-12-22 15:41:00+07:00,9.85,9.85,9.85,9.85,15300.0
2023-12-22 15:42:00+07:00,9.85,9.85,9.85,9.85,1100.0
2023-12-22 15:43:00+07:00,9.85,9.85,9.85,9.85,2100.0
2023-12-22 15:44:00+07:00,9.85,9.85,9.85,9.85,1200.0
2023-12-22 15:45:00+07:00,9.85,9.85,9.85,9.85,5000.0
2023-12-22 15:46:00+07:00,9.85,9.85,9.85,9.85,1000.0
2023-12-22 15:47:00+07:00,9.9,9.9,9.85,9.85,8800.0
2023-12-22 15:48:00+07:00,9.85,9.85,9.85,9.85,800.0
2023-12-22 15:49:00+07:00,9.85,9.85,9.85,9.85,7000.0
2023-12-22 15:50:00+07:00,9.85,9.85,9.85,9.85,3400.0
2023-12-22 15:51:00+07:00,9.85,9.85,9.85,9.85,500.0
2023-12-22 15:52:00+07:00,9.85,9.85,9.85,9.85,11100.0
2023-12-22 15:53:00+07:00,9.9,9.9,9.85,9.85,5200.0
2023-12-22 15:55:00+07:00,9.85,9.85,9.85,9.85,2200.0
2023-12-22 15:56:00+07:00,9.85,9.85,9.85,9.85,200.0
2023-12-22 15:57:00+07:00,9.9,9.9,9.85,9.85,223300.0
2023-12-22 15:58:00+07:00,9.85,9.85,9.85,9.85,100.0
2023-12-22 15:59:00+07:00,9.85,9.85,9.85,9.85,126100.0
2023-12-22 16:00:00+07:00,9.85,9.85,9.85,9.85,800.0
2023-12-22 16:01:00+07:00,9.85,9.9,9.85,9.85,7300.0
2023-12-22 16:02:00+07:00,9.85,9.85,9.85,9.85,100.0
2023-12-22 16:03:00+07:00,9.85,9.85,9.85,9.85,4700.0
2023-12-22 16:05:00+07:00,9.85,9.85,9.85,9.85,2100.0
2023-12-22 16:06:00+07:00,9.9,9.9,9.85,9.85,4000.0
2023-12-22 16:07:00+07:00,9.85,9.9,9.85,9.9,2000.0
2023-12-22 16:08:00+07:00,9.85,9.9,9.85,9.9,1400.0
2023-12-22 16:09:00+07:00,9.85,9.9,9.85,9.85,3200.0
2023-12-22 16:10:00+07:00,9.85,9.85,9.85,9.85,600.0
2023-12-22 16:11:00+07:00,9.9,9.9,9.85,9.85,3100.0
2023-12-22 16:12:00+07:00,9.85,9.85,9.85,9.85,1800.0
2023-12-22 16:13:00+07:00,9.85,9.9,9.85,9.9,21600.0
2023-12-22 16:14:00+07:00,9.9,9.95,9.9,9.9,1535700.0
2023-12-22 16:15:00+07:00,9.9,9.95,9.9,9.95,133000.0
2023-12-22 16:16:00+07:00,9.9,9.9,9.9,9.9,17000.0
2023-12-22 16:17:00+07:00,9.95,9.95,9.9,9.9,8400.0
2023-12-22 16:18:00+07:00,9.9,9.9,9.9,9.9,33600.0
2023-12-22 16:19:00+07:00,9.9,9.9,9.9,9.9,10800.0
2023-12-22 16:20:00+07:00,9.9,9.9,9.9,9.9,10100.0
2023-12-22 16:21:00+07:00,9.9,9.9,9.9,9.9,10000.0
2023-12-22 16:22:00+07:00,9.9,9.95,9.9,9.95,942800.0
2023-12-22 16:23:00+07:00,9.9,9.9,9.9,9.9,8000.0
2023-12-22 16:24:00+07:00,9.9,9.95,9.9,9.9,448900.0
2023-12-22 16:25:00+07:00,9.9,9.9,9.9,9.9,4500.0
2023-12-22 16:26:00+07:00,9.9,9.95,9.9,9.95,1500.0
2023-12-22 16:27:00+07:00,9.9,9.9,9.9,9.9,100.0
2023-12-22 16:28:00+07:00,9.9,9.95,9.9,9.95,5500.0
2023-12-22 16:29:00+07:00,9.9,9.95,9.9,9.95,14200.0
2023-12-22 16:38:00+07:00,9.9,9.9,9.9,9.9,1496200.0
2023-12-25 09:56:00+07:00,9.95,9.95,9.95,9.95,223700.0
2023-12-25 09:57:00+07:00,9.95,10.0,9.95,10.0,391200.0
2023-12-25 09:58:00+07:00,10.0,10.0,10.0,10.0,401800.0
2023-12-25 09:59:00+07:00,9.95,10.1,9.95,10.0,287700.0
2023-12-25 10:00:00+07:00,9.95,9.95,9.9,9.9,358700.0
2023-12-25 10:01:00+07:00,9.9,9.9,9.9,9.9,11300.0
2023-12-25 10:02:00+07:00,9.9,9.9,9.9,9.9,18200.0
2023-12-25 10:03:00+07:00,9.9,9.9,9.9,9.9,105100.0
2023-12-25 10:04:00+07:00,9.9,9.9,9.9,9.9,195000.0
2023-12-25 10:05:00+07:00,9.9,9.9,9.85,9.85,33100.0
2023-12-25 10:06:00+07:00,9.9,9.9,9.9,9.9,3200.0
2023-12-25 10:07:00+07:00,9.9,9.9,9.85,9.85,22100.0
2023-12-25 10:08:00+07:00,9.85,9.85,9.85,9.85,1000.0
2023-12-25 10:10:00+07:00,9.85,9.85,9.85,9.85,100.0
2023-12-25 10:11:00+07:00,9.9,9.9,9.9,9.9,1100.0
2023-12-25 10:13:00+07:00,9.85,9.9,9.85,9.9,300.0
2023-12-25 10:14:00+07:00,9.9,9.9,9.9,9.9,300.0
2023-12-25 10:15:00+07:00,9.9,9.9,9.9,9.9,2000.0
2023-12-25 10:16:00+07:00,9.9,9.9,9.9,9.9,100.0
2023-12-25 10:17:00+07:00,9.9,9.9,9.9,9.9,6000.0
2023-12-25 10:18:00+07:00,9.9,9.9,9.9,9.9,1000.0
2023-12-25 10:19:00+07:00,9.9,9.9,9.9,9.9,100000.0
2023-12-25 10:20:00+07:00,9.9,9.9,9.9,9.9,5000.0
2023-12-25 10:22:00+07:00,9.9,9.9,9.9,9.9,100.0
2023-12-25 10:23:00+07:00,9.9,9.9,9.9,9.9,100.0
2023-12-25 10:26:00+07:00,9.9,9.9,9.9,9.9,100.0
2023-12-25 10:27:00+07:00,9.85,9.85,9.85,9.85,542800.0
2023-12-25 10:28:00+07:00,9.85,9.85,9.8,9.85,22100.0
2023-12-25 10:29:00+07:00,9.85,9.85,9.85,9.85,10000.0
2023-12-25 10:30:00+07:00,9.85,9.85,9.85,9.85,3100.0
2023-12-25 10:31:00+07:00,9.85,9.85,9.85,9.85,200.0
2023-12-25 10:32:00+07:00,9.85,9.85,9.85,9.85,10000.0
2023-12-25 10:33:00+07:00,9.85,9.85,9.85,9.85,5000.0
2023-12-25 10:34:00+07:00,9.85,9.85,9.8,9.8,6000.0
2023-12-25 10:35:00+07:00,9.85,9.85,9.85,9.85,101400.0
2023-12-25 10:36:00+07:00,9.85,9.85,9.85,9.85,38600.0
2023-12-25 10:37:00+07:00,9.85,9.85,9.85,9.85,13000.0
2023-12-25 10:38:00+07:00,9.85,9.85,9.85,9.85,2000.0
2023-12-25 10:39:00+07:00,9.85,9.85,9.85,9.85,21000.0
2023-12-25 10:40:00+07:00,9.85,9.85,9.85,9.85,17000.0
2023-12-25 10:43:00+07:00,9.8,9.8,9.8,9.8,800.0
2023-12-25 10:44:00+07:00,9.85,9.85,9.85,9.85,5000.0
2023-12-25 10:45:00+07:00,9.85,9.85,9.85,9.85,10200.0
2023-12-25 10:46:00+07:00,9.85,9.85,9.85,9.85,4000.0
2023-12-25 10:47:00+07:00,9.85,9.85,9.8,9.85,10900.0
2023-12-25 10:48:00+07:00,9.85,9.85,9.85,9.85,15000.0
2023-12-25 10:49:00+07:00,9.85,9.85,9.85,9.85,10000.0
2023-12-25 10:50:00+07:00,9.85,9.85,9.85,9.85,2500.0
2023-12-25 10:52:00+07:00,9.85,9.85,9.85,9.85,30000.0
2023-12-25 10:53:00+07:00,9.85,9.85,9.85,9.85,1600.0
2023-12-25 10:54:00+07:00,9.85,9.85,9.85,9.85,100.0
2023-12-25 10:56:00+07:00,9.85,9.85,9.85,9.85,5000.0
2023-12-25 10:57:00+07:00,9.85,9.85,9.85,9.85,3700.0
2023-12-25 10:59:00+07:00,9.85,9.85,9.85,9.85,1800.0
2023-12-25 11:00:00+07:00,9.85,9.85,9.85,9.85,5100.0
2023-12-25 11:02:00+07:00,9.85,9.85,9.85,9.85,220600.0
2023-12-25 11:03:00+07:00,9.85,9.85,9.85,9.85,58100.0
2023-12-25 11:04:00+07:00,9.85,9.85,9.85,9.85,1000.0
2023-12-25 11:05:00+07:00,9.85,9.85,9.8,9.8,13000.0
2023-12-25 11:06:00+07:00,9.8,9.8,9.8,9.8,892800.0
2023-12-25 11:07:00+07:00,9.8,9.8,9.8,9.8,146100.0
2023-12-25 11:08:00+07:00,9.8,9.8,9.8,9.8,223200.0
2023-12-25 11:09:00+07:00,9.8,9.8,9.8,9.8,1800.0
2023-12-25 11:10:00+07:00,9.8,9.8,9.8,9.8,12100.0
2023-12-25 11:11:00+07:00,9.8,9.8,9.8,9.8,27300.0
2023-12-25 11:13:00+07:00,9.75,9.8,9.75,9.8,219600.0
2023-12-25 11:14:00+07:00,9.8,9.8,9.8,9.8,133600.0
2023-12-25 11:20:00+07:00,9.8,9.8,9.8,9.8,200.0
2023-12-25 11:36:00+07:00,9.8,9.8,9.8,9.8,10000.0
2023-12-25 11:39:00+07:00,9.8,9.8,9.8,9.8,100.0
2023-12-25 11:40:00+07:00,9.85,9.85,9.85,9.85,2800.0
2023-12-25 11:41:00+07:00,9.8,9.8,9.8,9.8,30200.0
2023-12-25 11:43:00+07:00,9.8,9.8,9.8,9.8,20000.0
2023-12-25 11:47:00+07:00,9.85,9.85,9.85,9.85,4200.0
2023-12-25 11:50:00+07:00,9.85,9.85,9.85,9.85,200.0
2023-12-25 11:54:00+07:00,9.85,9.85,9.85,9.85,2500.0
2023-12-25 11:56:00+07:00,9.85,9.85,9.85,9.85,3000.0
2023-12-25 11:57:00+07:00,9.85,9.85,9.85,9.85,100.0
2023-12-25 12:00:00+07:00,9.85,9.85,9.85,9.85,2900.0
2023-12-25 12:07:00+07:00,9.85,9.85,9.85,9.85,100.0
2023-12-25 12:08:00+07:00,9.85,9.85,9.85,9.85,2600.0
2023-12-25 12:09:00+07:00,9.85,9.85,9.8,9.8,1900.0
2023-12-25 12:14:00+07:00,9.85,9.85,9.85,9.85,3000.0
2023-12-25 12:17:00+07:00,9.8,9.85,9.8,9.85,6600.0
2023-12-25 12:20:00+07:00,9.85,9.85,9.85,9.85,2600.0
2023-12-25 12:23:00+07:00,9.85,9.85,9.85,9.85,2900.0
2023-12-25 12:26:00+07:00,9.85,9.85,9.85,9.85,100.0
2023-12-25 12:27:00+07:00,9.85,9.85,9.85,9.85,2800.0
2023-12-25 12:28:00+07:00,9.85,9.85,9.85,9.85,200.0
2023-12-25 12:29:00+07:00,9.8,9.85,9.8,9.85,700.0
2023-12-25 14:29:00+07:00,9.8,9.8,9.8,9.8,50700.0
2023-12-25 14:30:00+07:00,9.85,9.85,9.85,9.85,1000.0
2023-12-25 14:31:00+07:00,9.85,9.85,9.85,9.85,100.0
2023-12-25 14:32:00+07:00,9.85,9.85,9.85,9.85,500.0
2023-12-25 14:39:00+07:00,9.85,9.85,9.85,9.85,2000.0
2023-12-25 14:42:00+07:00,9.8,9.85,9.8,9.8,2500.0
2023-12-25 14:44:00+07:00,9.85,9.85,9.85,9.85,7000.0
2023-12-25 14:45:00+07:00,9.8,9.8,9.8,9.8,4800.0
2023-12-25 14:47:00+07:00,9.8,9.8,9.8,9.8,1300.0
2023-12-25 14:48:00+07:00,9.85,9.85,9.85,9.85,2600.0
2023-12-25 14:51:00+07:00,9.85,9.85,9.85,9.85,100.0
2023-12-25 14:53:00+07:00,9.8,9.8,9.8,9.8,10800.0
2023-12-25 14:55:00+07:00,9.85,9.85,9.8,9.8,7800.0
2023-12-25 14:57:00+07:00,9.85,9.85,9.85,9.85,100.0
2023-12-25 14:59:00+07:00,9.85,9.85,9.85,9.85,5000.0
2023-12-25 15:02:00+07:00,9.85,9.85,9.85,9.85,2600.0
2023-12-25 15:04:00+07:00,9.85,9.85,9.85,9.85,100.0
2023-12-25 15:05:00+07:00,9.8,9.8,9.8,9.8,6200.0
2023-12-25 15:06:00+07:00,9.85,9.85,9.85,9.85,199000.0
2023-12-25 15:07:00+07:00,9.85,9.85,9.85,9.85,10000.0
2023-12-25 15:08:00+07:00,9.8,9.8,9.8,9.8,200.0
2023-12-25 15:09:00+07:00,9.85,9.85,9.85,9.85,2600.0
2023-12-25 15:11:00+07:00,9.8,9.8,9.8,9.8,500.0
2023-12-25 15:15:00+07:00,9.85,9.85,9.85,9.85,100.0
2023-12-25 15:16:00+07:00,9.85,9.85,9.8,9.8,7600.0
2023-12-25 15:21:00+07:00,9.8,9.8,9.8,9.8,300.0
2023-12-25 15:23:00+07:00,9.85,9.85,9.85,9.85,2700.0
2023-12-25 15:26:00+07:00,9.8,9.8,9.8,9.8,2000.0
2023-12-25 15:27:00+07:00,9.8,9.8,9.8,9.8,6000.0
2023-12-25 15:28:00+07:00,9.8,9.8,9.8,9.8,100.0
2023-12-25 15:29:00+07:00,9.85,9.85,9.85,9.85,300.0
2023-12-25 15:31:00+07:00,9.85,9.85,9.85,9.85,3000.0
2023-12-25 15:34:00+07:00,9.85,9.85,9.85,9.85,1000.0
2023-12-25 15:35:00+07:00,9.85,9.85,9.85,9.85,200.0
2023-12-25 15:37:00+07:00,9.8,9.8,9.8,9.8,400.0
2023-12-25 15:38:00+07:00,9.8,9.8,9.8,9.8,4000.0
2023-12-25 15:40:00+07:00,9.85,9.85,9.85,9.85,2700.0
2023-12-25 15:41:00+07:00,9.8,9.85,9.8,9.85,10400.0
2023-12-25 15:42:00+07:00,9.8,9.8,9.8,9.8,1600.0
2023-12-25 15:49:00+07:00,9.8,9.8,9.8,9.8,2000.0
2023-12-25 15:51:00+07:00,9.85,9.85,9.85,9.85,2700.0
2023-12-25 15:52:00+07:00,9.85,9.85,9.85,9.85,500.0
2023-12-25 15:55:00+07:00,9.8,9.8,9.8,9.8,500.0
2023-12-25 15:56:00+07:00,9.85,9.85,9.85,9.85,2600.0
2023-12-25 15:58:00+07:00,9.8,9.8,9.8,9.8,10000.0
2023-12-25 15:59:00+07:00,9.8,9.8,9.8,9.8,3100.0
2023-12-25 16:00:00+07:00,9.85,9.85,9.8,9.85,3800.0
2023-12-25 16:01:00+07:00,9.85,9.85,9.85,9.85,200.0
2023-12-25 16:02:00+07:00,9.8,9.8,9.8,9.8,6000.0
2023-12-25 16:04:00+07:00,9.85,9.85,9.85,9.85,2800.0
2023-12-25 16:08:00+07:00,9.85,9.85,9.85,9.85,4000.0
2023-12-25 16:09:00+07:00,9.85,9.85,9.85,9.85,2700.0
2023-12-25 16:10:00+07:00,9.8,9.8,9.8,9.8,2600.0
2023-12-25 16:11:00+07:00,9.8,9.8,9.8,9.8,4000.0
2023-12-25 16:13:00+07:00,9.8,9.85,9.8,9.85,2900.0
2023-12-25 16:16:00+07:00,9.85,9.85,9.85,9.85,100.0
2023-12-25 16:17:00+07:00,9.85,9.85,9.85,9.85,2900.0
2023-12-25 16:19:00+07:00,9.8,9.8,9.8,9.8,1300.0
2023-12-25 16:21:00+07:00,9.8,9.8,9.8,9.8,13300.0
2023-12-25 16:23:00+07:00,9.85,9.85,9.8,9.85,4500.0
2023-12-25 16:24:00+07:00,9.8,9.8,9.8,9.8,1300.0
2023-12-25 16:25:00+07:00,9.8,9.8,9.8,9.8,20200.0
2023-12-25 16:26:00+07:00,9.8,9.85,9.8,9.85,2500.0
2023-12-25 16:28:00+07:00,9.8,9.8,9.8,9.8,2200.0
2023-12-25 16:29:00+07:00,9.85,9.85,9.8,9.8,11100.0
2023-12-25 16:39:00+07:00,9.75,9.75,9.75,9.75,3317600.0
2023-12-26 10:00:00+07:00,9.7,9.7,9.65,9.65,302200.0
2023-12-26 10:01:00+07:00,9.7,9.7,9.7,9.7,12500.0
2023-12-26 10:02:00+07:00,9.7,9.7,9.7,9.7,57100.0
2023-12-26 10:03:00+07:00,9.7,9.7,9.7,9.7,5800.0
2023-12-26 10:04:00+07:00,9.7,9.7,9.7,9.7,46400.0
2023-12-26 10:05:00+07:00,9.7,9.7,9.7,9.7,2600.0
2023-12-26 10:06:00+07:00,9.7,9.7,9.65,9.65,1700.0
2023-12-26 10:07:00+07:00,9.7,9.7,9.7,9.7,19000.0
2023-12-26 10:08:00+07:00,9.7,9.7,9.6,9.6,742600.0
2023-12-26 10:09:00+07:00,9.55,9.6,9.5,9.5,965000.0
2023-12-26 10:10:00+07:00,9.5,9.55,9.5,9.5,985800.0
2023-12-26 10:11:00+07:00,9.5,9.55,9.5,9.5,185500.0
2023-12-26 10:12:00+07:00,9.5,9.55,9.5,9.5,80800.0
2023-12-26 10:13:00+07:00,9.5,9.55,9.5,9.55,18400.0
2023-12-26 10:14:00+07:00,9.55,9.55,9.55,9.55,34300.0
2023-12-26 10:15:00+07:00,9.55,9.55,9.55,9.55,9300.0
2023-12-26 10:16:00+07:00,9.55,9.55,9.55,9.55,7700.0
2023-12-26 10:17:00+07:00,9.5,9.55,9.5,9.55,33400.0
2023-12-26 10:18:00+07:00,9.5,9.5,9.5,9.5,500.0
2023-12-26 10:19:00+07:00,9.5,9.55,9.5,9.5,610900.0
2023-12-26 10:20:00+07:00,9.5,9.55,9.5,9.55,7600.0
2023-12-26 10:21:00+07:00,9.55,9.55,9.55,9.55,1000.0
2023-12-26 10:22:00+07:00,9.55,9.55,9.5,9.5,500.0
2023-12-26 10:23:00+07:00,9.55,9.55,9.5,9.5,4500.0
2023-12-26 10:24:00+07:00,9.5,9.55,9.5,9.5,220600.0
2023-12-26 10:25:00+07:00,9.55,9.55,9.55,9.55,223000.0
2023-12-26 10:26:00+07:00,9.55,9.6,9.5,9.55,245700.0
2023-12-26 10:27:00+07:00,9.55,9.55,9.55,9.55,300.0
2023-12-26 10:28:00+07:00,9.55,9.6,9.55,9.55,500.0
2023-12-26 10:29:00+07:00,9.55,9.55,9.55,9.55,300.0
2023-12-26 10:30:00+07:00,9.6,9.6,9.55,9.55,600.0
2023-12-26 10:31:00+07:00,9.6,9.6,9.55,9.55,10700.0
2023-12-26 10:32:00+07:00,9.55,9.55,9.55,9.55,400.0
2023-12-26 10:33:00+07:00,9.55,9.55,9.55,9.55,248100.0
2023-12-26 10:36:00+07:00,9.55,9.55,9.55,9.55,3000.0
2023-12-26 10:37:00+07:00,9.55,9.55,9.55,9.55,10300.0
2023-12-26 10:38:00+07:00,9.55,9.55,9.5,9.5,6000.0
2023-12-26 10:39:00+07:00,9.5,9.5,9.5,9.5,1000.0
2023-12-26 10:40:00+07:00,9.55,9.55,9.55,9.55,200.0
2023-12-26 10:41:00+07:00,9.5,9.55,9.5,9.55,63300.0
2023-12-26 10:42:00+07:00,9.55,9.55,9.55,9.55,500.0
2023-12-26 10:43:00+07:00,9.55,9.55,9.55,9.55,100.0
2023-12-26 10:45:00+07:00,9.55,9.55,9.55,9.55,40000.0
2023-12-26 10:46:00+07:00,9.55,9.55,9.55,9.55,11500.0
2023-12-26 10:47:00+07:00,9.55,9.55,9.55,9.55,4000.0
2023-12-26 10:48:00+07:00,9.55,9.55,9.55,9.55,200.0
2023-12-26 10:49:00+07:00,9.55,9.55,9.55,9.55,1500.0
2023-12-26 10:50:00+07:00,9.55,9.55,9.5,9.55,1700.0
2023-12-26 10:51:00+07:00,9.55,9.55,9.55,9.55,300.0
2023-12-26 10:52:00+07:00,9.55,9.55,9.5,9.55,1900.0
2023-12-26 10:53:00+07:00,9.5,9.55,9.5,9.55,11200.0
2023-12-26 10:54:00+07:00,9.55,9.55,9.55,9.55,3900.0
2023-12-26 10:55:00+07:00,9.55,9.55,9.55,9.55,2600.0
2023-12-26 10:56:00+07:00,9.55,9.55,9.55,9.55,100.0
2023-12-26 10:57:00+07:00,9.55,9.55,9.55,9.55,100.0
2023-12-26 10:58:00+07:00,9.55,9.55,9.55,9.55,100.0
2023-12-26 10:59:00+07:00,9.55,9.55,9.55,9.55,10000.0
2023-12-26 11:00:00+07:00,9.55,9.55,9.55,9.55,5000.0
2023-12-26 11:01:00+07:00,9.55,9.55,9.55,9.55,800.0
2023-12-26 11:02:00+07:00,9.55,9.55,9.55,9.55,4000.0
2023-12-26 11:03:00+07:00,9.55,9.55,9.55,9.55,12200.0
2023-12-26 11:04:00+07:00,9.55,9.55,9.55,9.55,600.0
2023-12-26 11:05:00+07:00,9.55,9.55,9.55,9.55,200.0
2023-12-26 11:06:00+07:00,9.55,9.55,9.55,9.55,4500.0
2023-12-26 11:08:00+07:00,9.55,9.55,9.55,9.55,200.0
2023-12-26 11:10:00+07:00,9.55,9.55,9.55,9.55,1100.0
2023-12-26 11:11:00+07:00,9.55,9.6,9.55,9.6,1048800.0
2023-12-26 11:12:00+07:00,9.65,9.65,9.6,9.65,682800.0
2023-12-26 11:13:00+07:00,9.65,9.65,9.65,9.65,100.0
2023-12-26 11:14:00+07:00,9.65,9.65,9.65,9.65,26600.0
2023-12-26 11:15:00+07:00,9.65,9.65,9.65,9.65,900.0
2023-12-26 11:18:00+07:00,9.65,9.65,9.65,9.65,100.0
2023-12-26 11:19:00+07:00,9.6,9.6,9.6,9.6,100.0
2023-12-26 11:20:00+07:00,9.65,9.65,9.6,9.6,47900.0
2023-12-26 11:22:00+07:00,9.65,9.65,9.65,9.65,100.0
2023-12-26 11:25:00+07:00,9.65,9.65,9.65,9.65,100.0
2023-12-26 11:28:00+07:00,9.65,9.65,9.65,9.65,100.0
2023-12-26 11:30:00+07:00,9.65,9.65,9.65,9.65,1100.0
2023-12-26 11:32:00+07:00,9.65,9.65,9.65,9.65,500.0
2023-12-26 11:33:00+07:00,9.65,9.65,9.65,9.65,100.0
2023-12-26 11:35:00+07:00,9.65,9.65,9.65,9.65,100.0
2023-12-26 11:36:00+07:00,9.6,9.65,9.6,9.65,4700.0
2023-12-26 11:38:00+07:00,9.6,9.6,9.6,9.6,10000.0
2023-12-26 11:39:00+07:00,9.6,9.6,9.6,9.6,600.0
2023-12-26 11:40:00+07:00,9.6,9.6,9.6,9.6,3000.0
2023-12-26 11:41:00+07:00,9.65,9.65,9.65,9.65,100.0
2023-12-26 11:42:00+07:00,9.65,9.65,9.65,9.65,1800.0
2023-12-26 11:43:00+07:00,9.6,9.65,9.6,9.6,418100.0
2023-12-26 11:44:00+07:00,9.6,9.6,9.6,9.6,1000.0
2023-12-26 11:45:00+07:00,9.6,9.6,9.6,9.6,314300.0
2023-12-26 11:47:00+07:00,9.6,9.6,9.6,9.6,400.0
2023-12-26 11:51:00+07:00,9.6,9.6,9.6,9.6,100.0
2023-12-26 11:55:00+07:00,9.6,9.6,9.6,9.6,100.0
2023-12-26 11:57:00+07:00,9.55,9.55,9.55,9.55,1800.0
2023-12-26 11:58:00+07:00,9.6,9.6,9.6,9.6,1000.0
2023-12-26 12:00:00+07:00,9.6,9.6,9.6,9.6,500.0
2023-12-26 12:02:00+07:00,9.6,9.6,9.6,9.6,300.0
2023-12-26 12:04:00+07:00,9.6,9.6,9.6,9.6,200.0
2023-12-26 12:06:00+07:00,9.6,9.6,9.6,9.6,1000.0
2023-12-26 12:07:00+07:00,9.6,9.6,9.55,9.55,2200.0
2023-12-26 12:08:00+07:00,9.55,9.55,9.55,9.55,21700.0
2023-12-26 12:11:00+07:00,9.6,9.6,9.6,9.6,100.0
2023-12-26 12:13:00+07:00,9.55,9.55,9.55,9.55,10000.0
2023-12-26 12:14:00+07:00,9.6,9.6,9.6,9.6,2700.0
2023-12-26 12:15:00+07:00,9.6,9.6,9.6,9.6,100.0
2023-12-26 12:18:00+07:00,9.55,9.6,9.55,9.6,5500.0
2023-12-26 12:20:00+07:00,9.6,9.6,9.6,9.6,100.0
2023-12-26 12:21:00+07:00,9.6,9.6,9.6,9.6,300.0
2023-12-26 12:22:00+07:00,9.6,9.6,9.6,9.6,3900.0
2023-12-26 12:23:00+07:00,9.6,9.6,9.6,9.6,100.0
2023-12-26 12:25:00+07:00,9.6,9.6,9.6,9.6,20100.0
2023-12-26 12:26:00+07:00,9.6,9.6,9.6,9.6,4700.0
2023-12-26 12:27:00+07:00,9.6,9.6,9.6,9.6,200.0
2023-12-26 12:28:00+07:00,9.6,9.6,9.6,9.6,20000.0
2023-12-26 12:29:00+07:00,9.55,9.6,9.55,9.6,2000.0
2023-12-26 14:27:00+07:00,9.6,9.6,9.55,9.55,795500.0
2023-12-26 14:28:00+07:00,9.55,9.55,9.55,9.55,100.0
2023-12-26 14:29:00+07:00,9.5,9.5,9.5,9.5,500.0
2023-12-26 14:31:00+07:00,9.5,9.55,9.5,9.55,2900.0
2023-12-26 14:32:00+07:00,9.55,9.55,9.55,9.55,500.0
2023-12-26 14:33:00+07:00,9.55,9.55,9.55,9.55,1100.0
2023-12-26 14:34:00+07:00,9.55,9.55,9.55,9.55,200.0
2023-12-26 14:35:00+07:00,9.55,9.55,9.5,9.55,400.0
2023-12-26 14:36:00+07:00,9.55,9.55,9.55,9.55,10100.0
2023-12-26 14:37:00+07:00,9.55,9.55,9.55,9.55,400.0
2023-12-26 14:38:00+07:00,9.55,9.55,9.55,9.55,12500.0
2023-12-26 14:39:00+07:00,9.55,9.55,9.55,9.55,500.0
2023-12-26 14:40:00+07:00,9.55,9.55,9.55,9.55,100.0
2023-12-26 14:41:00+07:00,9.5,9.5,9.5,9.5,100.0
2023-12-26 14:43:00+07:00,9.5,9.55,9.5,9.55,1300800.0
2023-12-26 14:44:00+07:00,9.55,9.55,9.55,9.55,79800.0
2023-12-26 14:46:00+07:00,9.55,9.55,9.55,9.55,1000.0
2023-12-26 14:50:00+07:00,9.6,9.6,9.6,9.6,900.0
2023-12-26 14:57:00+07:00,9.6,9.6,9.6,9.6,200.0
2023-12-26 14:59:00+07:00,9.6,9.6,9.55,9.55,1400.0
2023-12-26 15:02:00+07:00,9.6,9.6,9.6,9.6,100.0
2023-12-26 15:04:00+07:00,9.6,9.6,9.6,9.6,100.0
2023-12-26 15:05:00+07:00,9.6,9.6,9.6,9.6,1000.0
2023-12-26 15:07:00+07:00,9.6,9.6,9.6,9.6,3100.0
2023-12-26 15:09:00+07:00,9.6,9.6,9.6,9.6,1500.0
2023-12-26 15:10:00+07:00,9.6,9.6,9.6,9.6,500.0
2023-12-26 15:11:00+07:00,9.6,9.6,9.6,9.6,1100.0
2023-12-26 15:14:00+07:00,9.6,9.6,9.6,9.6,101000.0
2023-12-26 15:16:00+07:00,9.6,9.6,9.6,9.6,100.0
2023-12-26 15:17:00+07:00,9.6,9.6,9.6,9.6,200.0
2023-12-26 15:18:00+07:00,9.6,9.6,9.6,9.6,100.0
2023-12-26 15:21:00+07:00,9.6,9.6,9.6,9.6,5000.0
2023-12-26 15:22:00+07:00,9.6,9.6,9.6,9.6,200.0
2023-12-26 15:23:00+07:00,9.6,9.6,9.6,9.6,5100.0
2023-12-26 15:25:00+07:00,9.6,9.6,9.6,9.6,2100.0
2023-12-26 15:26:00+07:00,9.55,9.55,9.55,9.55,600.0
2023-12-26 15:27:00+07:00,9.55,9.6,9.55,9.6,1300.0
2023-12-26 15:32:00+07:00,9.6,9.6,9.6,9.6,2900.0
2023-12-26 15:33:00+07:00,9.6,9.6,9.6,9.6,100.0
2023-12-26 15:35:00+07:00,9.55,9.55,9.55,9.55,1400.0
2023-12-26 15:37:00+07:00,9.6,9.6,9.6,9.6,100.0
2023-12-26 15:41:00+07:00,9.6,9.6,9.6,9.6,300.0
2023-12-26 15:42:00+07:00,9.6,9.6,9.6,9.6,2500.0
2023-12-26 15:45:00+07:00,9.6,9.6,9.6,9.6,100.0
2023-12-26 15:47:00+07:00,9.55,9.55,9.55,9.55,1089600.0
2023-12-26 15:48:00+07:00,9.55,9.55,9.5,9.5,300.0
2023-12-26 15:50:00+07:00,9.5,9.5,9.5,9.5,17000.0
2023-12-26 15:51:00+07:00,9.55,9.55,9.5,9.5,2500.0
2023-12-26 15:53:00+07:00,9.55,9.55,9.55,9.55,2300.0
2023-12-26 15:55:00+07:00,9.55,9.55,9.55,9.55,300.0
2023-12-26 15:56:00+07:00,9.5,9.55,9.5,9.55,3600.0
2023-12-26 15:57:00+07:00,9.55,9.55,9.55,9.55,100.0
2023-12-26 15:58:00+07:00,9.5,9.5,9.5,9.5,100.0
2023-12-26 16:00:00+07:00,9.5,9.55,9.5,9.5,98000.0
2023-12-26 16:01:00+07:00,9.55,9.55,9.5,9.5,2300.0
2023-12-26 16:02:00+07:00,9.5,9.5,9.5,9.5,8400.0
2023-12-26 16:03:00+07:00,9.5,9.5,9.5,9.5,200.0
2023-12-26 16:04:00+07:00,9.5,9.5,9.5,9.5,400.0
2023-12-26 16:05:00+07:00,9.55,9.55,9.5,9.5,6100.0
2023-12-26 16:06:00+07:00,9.55,9.55,9.55,9.55,1000.0
2023-12-26 16:08:00+07:00,9.5,9.55,9.5,9.55,9900.0
2023-12-26 16:10:00+07:00,9.55,9.55,9.55,9.55,100.0
2023-12-26 16:11:00+07:00,9.55,9.55,9.55,9.55,800.0
2023-12-26 16:12:00+07:00,9.5,9.5,9.5,9.5,28000.0
2023-12-26 16:13:00+07:00,9.5,9.55,9.5,9.55,200.0
2023-12-26 16:14:00+07:00,9.55,9.55,9.5,9.5,3600.0
2023-12-26 16:15:00+07:00,9.5,9.5,9.5,9.5,2500.0
2023-12-26 16:16:00+07:00,9.5,9.5,9.5,9.5,3200.0
2023-12-26 16:17:00+07:00,9.5,9.55,9.5,9.55,52100.0
2023-12-26 16:18:00+07:00,9.55,9.55,9.55,9.55,2800.0
2023-12-26 16:19:00+07:00,9.5,9.55,9.5,9.55,2200.0
2023-12-26 16:20:00+07:00,9.5,9.5,9.5,9.5,200.0
2023-12-26 16:21:00+07:00,9.5,9.55,9.5,9.55,2700.0
2023-12-26 16:22:00+07:00,9.55,9.55,9.5,9.55,6100.0
2023-12-26 16:23:00+07:00,9.5,9.55,9.5,9.5,3000.0
2023-12-26 16:24:00+07:00,9.5,9.5,9.5,9.5,13100.0
2023-12-26 16:25:00+07:00,9.55,9.55,9.5,9.55,4600.0
2023-12-26 16:26:00+07:00,9.5,9.55,9.5,9.55,2900.0
2023-12-26 16:27:00+07:00,9.55,9.55,9.5,9.5,4200.0
2023-12-26 16:28:00+07:00,9.55,9.55,9.5,9.5,6900.0
2023-12-26 16:29:00+07:00,9.55,9.55,9.45,9.45,925500.0
2023-12-26 16:36:00+07:00,9.45,9.45,9.45,9.45,2833800.0
2023-12-27 09:59:00+07:00,9.45,9.45,9.45,9.45,695300.0
2023-12-27 10:00:00+07:00,9.45,9.45,9.45,9.45,21800.0
2023-12-27 10:01:00+07:00,9.45,9.45,9.45,9.45,194400.0
2023-12-27 10:02:00+07:00,9.45,9.45,9.45,9.45,150700.0
2023-12-27 10:03:00+07:00,9.45,9.45,9.4,9.45,2400.0
2023-12-27 10:04:00+07:00,9.45,9.45,9.45,9.45,200.0
2023-12-27 10:05:00+07:00,9.4,9.45,9.4,9.45,1200.0
2023-12-27 10:06:00+07:00,9.45,9.45,9.45,9.45,2700.0
2023-12-27 10:07:00+07:00,9.45,9.45,9.45,9.45,3000.0
2023-12-27 10:08:00+07:00,9.45,9.45,9.45,9.45,200.0
2023-12-27 10:09:00+07:00,9.45,9.45,9.4,9.45,6900.0
2023-12-27 10:12:00+07:00,9.45,9.45,9.45,9.45,600.0
2023-12-27 10:13:00+07:00,9.45,9.45,9.4,9.45,452600.0
2023-12-27 10:15:00+07:00,9.45,9.45,9.45,9.45,200.0
2023-12-27 10:16:00+07:00,9.45,9.45,9.4,9.45,20000.0
2023-12-27 10:17:00+07:00,9.45,9.45,9.45,9.45,22800.0
2023-12-27 10:18:00+07:00,9.45,9.45,9.45,9.45,600.0
2023-12-27 10:19:00+07:00,9.45,9.45,9.45,9.45,46500.0
2023-12-27 10:20:00+07:00,9.45,9.45,9.45,9.45,4800.0
2023-12-27 10:21:00+07:00,9.45,9.45,9.45,9.45,100.0
2023-12-27 10:22:00+07:00,9.45,9.45,9.45,9.45,6000.0
2023-12-27 10:23:00+07:00,9.45,9.5,9.45,9.5,259800.0
2023-12-27 10:24:00+07:00,9.5,9.5,9.45,9.5,5100.0
2023-12-27 10:25:00+07:00,9.5,9.5,9.5,9.5,100.0
2023-12-27 10:26:00+07:00,9.45,9.5,9.45,9.5,579500.0
2023-12-27 10:27:00+07:00,9.5,9.55,9.5,9.55,459400.0
2023-12-27 10:28:00+07:00,9.55,9.55,9.55,9.55,5300.0
2023-12-27 10:29:00+07:00,9.55,9.55,9.5,9.55,2500.0
2023-12-27 10:31:00+07:00,9.55,9.55,9.55,9.55,100.0
2023-12-27 10:32:00+07:00,9.55,9.55,9.55,9.55,2500.0
2023-12-27 10:35:00+07:00,9.55,9.55,9.55,9.55,1500.0
2023-12-27 10:36:00+07:00,9.55,9.55,9.55,9.55,5000.0
2023-12-27 10:37:00+07:00,9.55,9.55,9.55,9.55,400.0
2023-12-27 10:38:00+07:00,9.55,9.55,9.55,9.55,1000.0
2023-12-27 10:39:00+07:00,9.55,9.55,9.55,9.55,800.0
2023-12-27 10:43:00+07:00,9.55,9.55,9.55,9.55,1500.0
2023-12-27 10:44:00+07:00,9.55,9.55,9.55,9.55,500.0
2023-12-27 10:47:00+07:00,9.55,9.55,9.55,9.55,700.0
2023-12-27 10:49:00+07:00,9.55,9.55,9.55,9.55,51200.0
2023-12-27 10:50:00+07:00,9.55,9.55,9.55,9.55,5200.0
2023-12-27 10:51:00+07:00,9.55,9.55,9.55,9.55,500.0
2023-12-27 10:54:00+07:00,9.5,9.55,9.5,9.5,3200.0
2023-12-27 10:55:00+07:00,9.55,9.55,9.5,9.5,23900.0
2023-12-27 10:56:00+07:00,9.55,9.55,9.55,9.55,1000.0
2023-12-27 10:57:00+07:00,9.55,9.55,9.55,9.55,400.0
2023-12-27 10:58:00+07:00,9.5,9.5,9.5,9.5,2600.0
2023-12-27 10:59:00+07:00,9.5,9.5,9.5,9.5,200.0
2023-12-27 11:00:00+07:00,9.5,9.55,9.5,9.5,604300.0
2023-12-27 11:01:00+07:00,9.5,9.5,9.5,9.5,326300.0
2023-12-27 11:02:00+07:00,9.5,9.5,9.5,9.5,6200.0
2023-12-27 11:05:00+07:00,9.55,9.55,9.55,9.55,200.0
2023-12-27 11:06:00+07:00,9.55,9.55,9.5,9.5,500.0
2023-12-27 11:07:00+07:00,9.55,9.55,9.55,9.55,300.0
2023-12-27 11:09:00+07:00,9.55,9.55,9.55,9.55,1086300.0
2023-12-27 11:10:00+07:00,9.55,9.6,9.55,9.6,109900.0
2023-12-27 11:12:00+07:00,9.55,9.55,9.55,9.55,500.0
2023-12-27 11:14:00+07:00,9.55,9.55,9.55,9.55,500.0
2023-12-27 11:18:00+07:00,9.6,9.6,9.6,9.6,10400.0
2023-12-27 11:19:00+07:00,9.6,9.6,9.6,9.6,28700.0
2023-12-27 11:21:00+07:00,9.55,9.55,9.55,9.55,1100.0
2023-12-27 11:24:00+07:00,9.55,9.55,9.55,9.55,423400.0
2023-12-27 11:29:00+07:00,9.5,9.5,9.5,9.5,100.0
2023-12-27 11:30:00+07:00,9.55,9.55,9.55,9.55,200.0
2023-12-27 11:31:00+07:00,9.55,9.55,9.55,9.55,1000.0
2023-12-27 11:32:00+07:00,9.55,9.55,9.5,9.5,10100.0
2023-12-27 11:33:00+07:00,9.55,9.55,9.55,9.55,200.0
2023-12-27 11:37:00+07:00,9.55,9.55,9.55,9.55,100.0
2023-12-27 11:38:00+07:00,9.55,9.55,9.55,9.55,600.0
2023-12-27 11:40:00+07:00,9.55,9.55,9.5,9.55,6100.0
2023-12-27 11:41:00+07:00,9.55,9.55,9.55,9.55,1300.0
2023-12-27 11:46:00+07:00,9.55,9.55,9.55,9.55,600.0
2023-12-27 11:48:00+07:00,9.55,9.55,9.5,9.5,48500.0
2023-12-27 11:51:00+07:00,9.55,9.55,9.55,9.55,1200.0
2023-12-27 11:52:00+07:00,9.55,9.55,9.55,9.55,3100.0
2023-12-27 11:56:00+07:00,9.55,9.55,9.55,9.55,200.0
2023-12-27 11:59:00+07:00,9.55,9.55,9.55,9.55,3200.0
2023-12-27 12:01:00+07:00,9.55,9.55,9.55,9.55,200.0
2023-12-27 12:04:00+07:00,9.55,9.55,9.55,9.55,500.0
2023-12-27 12:05:00+07:00,9.5,9.5,9.45,9.5,1157900.0
2023-12-27 12:06:00+07:00,9.45,9.5,9.45,9.45,3700.0
2023-12-27 12:07:00+07:00,9.45,9.45,9.45,9.45,5900.0
2023-12-27 12:08:00+07:00,9.45,9.45,9.45,9.45,3600.0
2023-12-27 12:09:00+07:00,9.45,9.45,9.45,9.45,6200.0
2023-12-27 12:10:00+07:00,9.45,9.45,9.45,9.45,3500.0
2023-12-27 12:11:00+07:00,9.45,9.45,9.45,9.45,7500.0
2023-12-27 12:12:00+07:00,9.45,9.45,9.45,9.45,3800.0
2023-12-27 12:13:00+07:00,9.45,9.5,9.45,9.45,6000.0
2023-12-27 12:14:00+07:00,9.45,9.5,9.45,9.5,1900.0
2023-12-27 12:15:00+07:00,9.5,9.5,9.5,9.5,1200.0
2023-12-27 12:16:00+07:00,9.5,9.5,9.45,9.5,2000.0
2023-12-27 12:18:00+07:00,9.5,9.5,9.45,9.45,22700.0
2023-12-27 12:19:00+07:00,9.5,9.5,9.5,9.5,600.0
2023-12-27 12:20:00+07:00,9.5,9.5,9.45,9.45,30200.0
2023-12-27 12:21:00+07:00,9.5,9.5,9.5,9.5,400.0
2023-12-27 12:22:00+07:00,9.5,9.5,9.45,9.45,800.0
2023-12-27 12:24:00+07:00,9.5,9.5,9.5,9.5,11800.0
2023-12-27 12:25:00+07:00,9.45,9.5,9.45,9.5,1500.0
2023-12-27 12:27:00+07:00,9.5,9.5,9.5,9.5,400.0
2023-12-27 12:28:00+07:00,9.5,9.5,9.5,9.5,600.0
2023-12-27 12:29:00+07:00,9.5,9.5,9.5,9.5,300.0
2023-12-27 14:27:00+07:00,9.5,9.5,9.5,9.5,32400.0
2023-12-27 14:28:00+07:00,9.5,9.5,9.5,9.5,1400.0
2023-12-27 14:29:00+07:00,9.45,9.45,9.45,9.45,600.0
2023-12-27 14:31:00+07:00,9.45,9.45,9.45,9.45,1500.0
2023-12-27 14:32:00+07:00,9.45,9.45,9.45,9.45,500.0
2023-12-27 14:33:00+07:00,9.45,9.45,9.45,9.45,2000.0
2023-12-27 14:34:00+07:00,9.5,9.5,9.5,9.5,200.0
2023-12-27 14:35:00+07:00,9.5,9.5,9.5,9.5,210600.0
2023-12-27 14:36:00+07:00,9.5,9.5,9.5,9.5,4600.0
2023-12-27 14:37:00+07:00,9.5,9.5,9.5,9.5,600.0
2023-12-27 14:38:00+07:00,9.5,9.5,9.5,9.5,100.0
2023-12-27 14:39:00+07:00,9.5,9.5,9.5,9.5,200.0
2023-12-27 14:41:00+07:00,9.5,9.5,9.5,9.5,200.0
2023-12-27 14:42:00+07:00,9.5,9.5,9.5,9.5,200.0
2023-12-27 14:43:00+07:00,9.5,9.5,9.5,9.5,300.0
2023-12-27 14:44:00+07:00,9.5,9.5,9.45,9.45,2100.0
2023-12-27 14:45:00+07:00,9.5,9.5,9.5,9.5,400.0
2023-12-27 14:46:00+07:00,9.5,9.5,9.5,9.5,1100.0
2023-12-27 14:47:00+07:00,9.5,9.5,9.5,9.5,200.0
2023-12-27 14:48:00+07:00,9.5,9.5,9.5,9.5,100.0
2023-12-27 14:49:00+07:00,9.5,9.5,9.5,9.5,300.0
2023-12-27 14:50:00+07:00,9.5,9.5,9.5,9.5,1500.0
2023-12-27 14:51:00+07:00,9.5,9.5,9.5,9.5,200.0
2023-12-27 14:52:00+07:00,9.45,9.5,9.45,9.5,4000.0
2023-12-27 14:53:00+07:00,9.5,9.5,9.5,9.5,7600.0
2023-12-27 14:56:00+07:00,9.5,9.5,9.5,9.5,1400.0
2023-12-27 14:57:00+07:00,9.5,9.5,9.5,9.5,2900.0
2023-12-27 14:58:00+07:00,9.5,9.5,9.5,9.5,200.0
2023-12-27 15:00:00+07:00,9.5,9.5,9.5,9.5,400.0
2023-12-27 15:01:00+07:00,9.5,9.5,9.5,9.5,5900.0
2023-12-27 15:02:00+07:00,9.5,9.5,9.5,9.5,5300.0
2023-12-27 15:03:00+07:00,9.45,9.5,9.45,9.5,400.0
2023-12-27 15:04:00+07:00,9.5,9.5,9.5,9.5,3000.0
2023-12-27 15:05:00+07:00,9.5,9.5,9.5,9.5,400.0
2023-12-27 15:06:00+07:00,9.45,9.5,9.45,9.45,2500.0
2023-12-27 15:08:00+07:00,9.45,9.45,9.45,9.45,3100.0
2023-12-27 15:09:00+07:00,9.5,9.5,9.5,9.5,100.0
2023-12-27 15:11:00+07:00,9.5,9.5,9.5,9.5,3600.0
2023-12-27 15:12:00+07:00,9.5,9.5,9.5,9.5,2200.0
2023-12-27 15:15:00+07:00,9.5,9.5,9.5,9.5,200.0
2023-12-27 15:18:00+07:00,9.5,9.5,9.5,9.5,5300.0
2023-12-27 15:19:00+07:00,9.5,9.5,9.45,9.45,600.0
2023-12-27 15:20:00+07:00,9.5,9.5,9.5,9.5,2800.0
2023-12-27 15:21:00+07:00,9.5,9.5,9.5,9.5,10000.0
2023-12-27 15:23:00+07:00,9.5,9.5,9.5,9.5,200.0
2023-12-27 15:25:00+07:00,9.5,9.5,9.5,9.5,900.0
2023-12-27 15:26:00+07:00,9.5,9.5,9.5,9.5,149200.0
2023-12-27 15:28:00+07:00,9.5,9.5,9.5,9.5,3100.0
2023-12-27 15:29:00+07:00,9.5,9.5,9.5,9.5,200.0
2023-12-27 15:30:00+07:00,9.45,9.45,9.45,9.45,3300.0
2023-12-27 15:31:00+07:00,9.5,9.5,9.5,9.5,10000.0
2023-12-27 15:32:00+07:00,9.5,9.5,9.5,9.5,400.0
2023-12-27 15:33:00+07:00,9.45,9.45,9.45,9.45,600.0
2023-12-27 15:34:00+07:00,9.5,9.5,9.5,9.5,200.0
2023-12-27 15:35:00+07:00,9.45,9.45,9.4,9.4,760600.0
2023-12-27 15:36:00+07:00,9.45,9.45,9.4,9.4,11300.0
2023-12-27 15:37:00+07:00,9.4,9.4,9.4,9.4,909400.0
2023-12-27 15:38:00+07:00,9.4,9.45,9.4,9.4,20100.0
2023-12-27 15:39:00+07:00,9.4,9.4,9.4,9.4,90400.0
2023-12-27 15:40:00+07:00,9.4,9.4,9.4,9.4,27600.0
2023-12-27 15:41:00+07:00,9.4,9.4,9.4,9.4,12500.0
2023-12-27 15:42:00+07:00,9.4,9.4,9.4,9.4,21800.0
2023-12-27 15:43:00+07:00,9.4,9.4,9.4,9.4,21300.0
2023-12-27 15:44:00+07:00,9.4,9.45,9.4,9.4,482200.0
2023-12-27 15:45:00+07:00,9.4,9.4,9.4,9.4,7700.0
2023-12-27 15:46:00+07:00,9.4,9.4,9.4,9.4,3800.0
2023-12-27 15:47:00+07:00,9.4,9.4,9.4,9.4,11700.0
2023-12-27 15:48:00+07:00,9.4,9.4,9.4,9.4,7900.0
2023-12-27 15:49:00+07:00,9.4,9.4,9.4,9.4,1200.0
2023-12-27 15:50:00+07:00,9.4,9.4,9.4,9.4,3900.0
2023-12-27 15:51:00+07:00,9.4,9.4,9.4,9.4,7300.0
2023-12-27 15:52:00+07:00,9.4,9.4,9.4,9.4,19100.0
2023-12-27 15:53:00+07:00,9.4,9.4,9.4,9.4,3800.0
2023-12-27 15:54:00+07:00,9.4,9.4,9.4,9.4,3300.0
2023-12-27 15:55:00+07:00,9.4,9.4,9.4,9.4,45200.0
2023-12-27 15:56:00+07:00,9.4,9.4,9.35,9.35,39000.0
2023-12-27 15:57:00+07:00,9.35,9.4,9.35,9.35,28200.0
2023-12-27 15:58:00+07:00,9.35,9.4,9.35,9.35,719900.0
2023-12-27 15:59:00+07:00,9.35,9.4,9.35,9.35,906800.0
2023-12-27 16:00:00+07:00,9.35,9.35,9.35,9.35,13200.0
2023-12-27 16:01:00+07:00,9.35,9.35,9.35,9.35,5000.0
2023-12-27 16:02:00+07:00,9.35,9.4,9.35,9.35,46200.0
2023-12-27 16:03:00+07:00,9.35,9.35,9.3,9.3,625400.0
2023-12-27 16:04:00+07:00,9.3,9.35,9.3,9.3,11700.0
2023-12-27 16:05:00+07:00,9.3,9.35,9.3,9.3,34200.0
2023-12-27 16:08:00+07:00,9.3,9.35,9.3,9.35,200.0
2023-12-27 16:09:00+07:00,9.3,9.3,9.3,9.3,100.0
2023-12-27 16:10:00+07:00,9.3,9.35,9.3,9.35,3400.0
2023-12-27 16:11:00+07:00,9.3,9.35,9.3,9.3,3900.0
2023-12-27 16:12:00+07:00,9.35,9.35,9.35,9.35,600.0
2023-12-27 16:13:00+07:00,9.35,9.35,9.3,9.35,4000.0
2023-12-27 16:14:00+07:00,9.35,9.35,9.3,9.3,13100.0
2023-12-27 16:15:00+07:00,9.35,9.35,9.3,9.3,39100.0
2023-12-27 16:16:00+07:00,9.3,9.35,9.25,9.3,750700.0
2023-12-27 16:17:00+07:00,9.25,9.3,9.2,9.25,981300.0
2023-12-27 16:18:00+07:00,9.2,9.25,9.2,9.25,103600.0
2023-12-27 16:19:00+07:00,9.25,9.25,9.2,9.2,66700.0
2023-12-27 16:20:00+07:00,9.2,9.25,9.2,9.25,88100.0
2023-12-27 16:21:00+07:00,9.25,9.25,9.2,9.2,15800.0
2023-12-27 16:22:00+07:00,9.2,9.25,9.2,9.25,98500.0
2023-12-27 16:23:00+07:00,9.25,9.25,9.2,9.25,23800.0
2023-12-27 16:24:00+07:00,9.2,9.25,9.2,9.25,24700.0
2023-12-27 16:25:00+07:00,9.25,9.25,9.2,9.2,21200.0
2023-12-27 16:26:00+07:00,9.25,9.25,9.2,9.25,30200.0
2023-12-27 16:27:00+07:00,9.25,9.25,9.2,9.2,814900.0
2023-12-27 16:28:00+07:00,9.2,9.25,9.2,9.2,58200.0
2023-12-27 16:29:00+07:00,9.25,9.25,9.15,9.15,484300.0
2023-12-27 16:37:00+07:00,9.25,9.25,9.25,9.25,1833200.0
2023-12-28 09:55:00+07:00,9.25,9.3,9.25,9.25,342300.0
2023-12-28 09:56:00+07:00,9.25,9.25,9.25,9.25,69800.0
2023-12-28 09:57:00+07:00,9.25,9.25,9.25,9.25,1300.0
2023-12-28 09:58:00+07:00,9.2,9.2,9.2,9.2,10600.0
2023-12-28 09:59:00+07:00,9.2,9.2,9.15,9.15,115200.0
2023-12-28 10:00:00+07:00,9.2,9.2,9.15,9.15,30000.0
2023-12-28 10:01:00+07:00,9.2,9.25,9.15,9.25,92000.0
2023-12-28 10:02:00+07:00,9.2,9.2,9.15,9.15,770600.0
2023-12-28 10:03:00+07:00,9.15,9.2,9.15,9.2,163300.0
2023-12-28 10:04:00+07:00,9.15,9.2,9.15,9.2,15100.0
2023-12-28 10:05:00+07:00,9.2,9.2,9.2,9.2,800.0
2023-12-28 10:06:00+07:00,9.2,9.2,9.2,9.2,3600.0
2023-12-28 10:07:00+07:00,9.2,9.2,9.2,9.2,1900.0
2023-12-28 10:08:00+07:00,9.2,9.2,9.2,9.2,382400.0
2023-12-28 10:09:00+07:00,9.25,9.25,9.2,9.2,200.0
2023-12-28 10:11:00+07:00,9.2,9.25,9.2,9.2,529800.0
2023-12-28 10:12:00+07:00,9.2,9.2,9.2,9.2,5500.0
2023-12-28 10:13:00+07:00,9.2,9.2,9.2,9.2,297500.0
2023-12-28 10:14:00+07:00,9.2,9.2,9.2,9.2,65200.0
2023-12-28 10:15:00+07:00,9.2,9.2,9.2,9.2,26300.0
2023-12-28 10:16:00+07:00,9.15,9.2,9.15,9.2,10100.0
2023-12-28 10:17:00+07:00,9.2,9.2,9.2,9.2,2300.0
2023-12-28 10:18:00+07:00,9.2,9.2,9.15,9.2,39000.0
2023-12-28 10:19:00+07:00,9.2,9.2,9.2,9.2,6800.0
2023-12-28 10:20:00+07:00,9.2,9.2,9.2,9.2,700.0
2023-12-28 10:21:00+07:00,9.2,9.2,9.2,9.2,24400.0
2023-12-28 10:22:00+07:00,9.2,9.2,9.2,9.2,3900.0
2023-12-28 10:23:00+07:00,9.2,9.2,9.2,9.2,59100.0
2023-12-28 10:24:00+07:00,9.2,9.2,9.2,9.2,260200.0
2023-12-28 10:25:00+07:00,9.2,9.2,9.2,9.2,16200.0
2023-12-28 10:26:00+07:00,9.2,9.2,9.2,9.2,43400.0
2023-12-28 10:27:00+07:00,9.2,9.2,9.2,9.2,106100.0
2023-12-28 10:28:00+07:00,9.25,9.25,9.25,9.25,100.0
2023-12-28 10:29:00+07:00,9.25,9.25,9.25,9.25,30000.0
2023-12-28 10:30:00+07:00,9.25,9.3,9.25,9.3,1354600.0
2023-12-28 10:31:00+07:00,9.3,9.3,9.3,9.3,425200.0
2023-12-28 10:32:00+07:00,9.35,9.35,9.3,9.35,72700.0
2023-12-28 10:33:00+07:00,9.35,9.35,9.3,9.35,4800.0
2023-12-28 10:34:00+07:00,9.35,9.35,9.35,9.35,1200.0
2023-12-28 10:35:00+07:00,9.3,9.35,9.3,9.35,29500.0
2023-12-28 10:36:00+07:00,9.35,9.35,9.3,9.35,1800.0
2023-12-28 10:37:00+07:00,9.35,9.35,9.35,9.35,1300.0
2023-12-28 10:38:00+07:00,9.35,9.4,9.35,9.35,884900.0
2023-12-28 10:39:00+07:00,9.35,9.4,9.35,9.4,131100.0
2023-12-28 10:40:00+07:00,9.4,9.45,9.4,9.45,696100.0
2023-12-28 10:41:00+07:00,9.4,9.45,9.4,9.4,18700.0
2023-12-28 10:42:00+07:00,9.4,9.45,9.4,9.4,13100.0
2023-12-28 10:43:00+07:00,9.4,9.4,9.4,9.4,10200.0
2023-12-28 10:44:00+07:00,9.4,9.45,9.4,9.4,24000.0
2023-12-28 10:45:00+07:00,9.45,9.5,9.4,9.45,953000.0
2023-12-28 10:46:00+07:00,9.5,9.55,9.5,9.5,1637300.0
2023-12-28 10:47:00+07:00,9.5,9.5,9.5,9.5,31400.0
2023-12-28 10:48:00+07:00,9.45,9.5,9.45,9.5,39900.0
2023-12-28 10:49:00+07:00,9.45,9.5,9.45,9.5,277000.0
2023-12-28 10:50:00+07:00,9.5,9.55,9.5,9.5,640700.0
2023-12-28 10:51:00+07:00,9.5,9.5,9.5,9.5,14200.0
2023-12-28 10:52:00+07:00,9.5,9.5,9.5,9.5,127500.0
2023-12-28 10:53:00+07:00,9.5,9.55,9.5,9.5,698700.0
2023-12-28 10:54:00+07:00,9.5,9.5,9.5,9.5,27400.0
2023-12-28 10:55:00+07:00,9.5,9.5,9.5,9.5,6600.0
2023-12-28 10:56:00+07:00,9.5,9.5,9.5,9.5,400.0
2023-12-28 10:57:00+07:00,9.5,9.5,9.5,9.5,5000.0
2023-12-28 10:58:00+07:00,9.5,9.55,9.5,9.55,663300.0
2023-12-28 10:59:00+07:00,9.55,9.55,9.55,9.55,10200.0
2023-12-28 11:00:00+07:00,9.55,9.65,9.55,9.65,818700.0
2023-12-28 11:01:00+07:00,9.65,9.65,9.6,9.6,8900.0
2023-12-28 11:02:00+07:00,9.6,9.6,9.6,9.6,226100.0
2023-12-28 11:03:00+07:00,9.6,9.65,9.6,9.6,442900.0
2023-12-28 11:04:00+07:00,9.6,9.6,9.6,9.6,200.0
2023-12-28 11:05:00+07:00,9.6,9.6,9.6,9.6,7300.0
2023-12-28 11:06:00+07:00,9.6,9.6,9.55,9.55,46200.0
2023-12-28 11:07:00+07:00,9.55,9.6,9.55,9.6,1400.0
2023-12-28 11:08:00+07:00,9.55,9.55,9.55,9.55,653500.0
2023-12-28 11:09:00+07:00,9.5,9.55,9.5,9.55,8500.0
2023-12-28 11:10:00+07:00,9.55,9.55,9.55,9.55,100.0
2023-12-28 11:11:00+07:00,9.5,9.5,9.5,9.5,40500.0
2023-12-28 11:12:00+07:00,9.5,9.5,9.5,9.5,1500.0
2023-12-28 11:13:00+07:00,9.55,9.55,9.5,9.55,400.0
2023-12-28 11:14:00+07:00,9.5,9.55,9.5,9.55,1200.0
2023-12-28 11:15:00+07:00,9.5,9.5,9.5,9.5,100.0
2023-12-28 11:16:00+07:00,9.5,9.55,9.5,9.5,5900.0
2023-12-28 11:17:00+07:00,9.55,9.55,9.5,9.55,18200.0
2023-12-28 11:18:00+07:00,9.5,9.55,9.5,9.55,1300.0
2023-12-28 11:20:00+07:00,9.55,9.55,9.5,9.5,1700.0
2023-12-28 11:21:00+07:00,9.55,9.55,9.55,9.55,5200.0
2023-12-28 11:22:00+07:00,9.5,9.5,9.45,9.45,706600.0
2023-12-28 11:23:00+07:00,9.5,9.55,9.5,9.55,257300.0
2023-12-28 11:25:00+07:00,9.55,9.55,9.55,9.55,1100.0
2023-12-28 11:26:00+07:00,9.5,9.55,9.5,9.55,9400.0
2023-12-28 11:27:00+07:00,9.55,9.55,9.5,9.5,22600.0
2023-12-28 11:28:00+07:00,9.55,9.55,9.55,9.55,1200.0
2023-12-28 11:29:00+07:00,9.55,9.55,9.55,9.55,1300.0
2023-12-28 11:30:00+07:00,9.55,9.55,9.55,9.55,1300.0
2023-12-28 11:31:00+07:00,9.55,9.55,9.5,9.55,2500.0
2023-12-28 11:32:00+07:00,9.55,9.55,9.55,9.55,2200.0
2023-12-28 11:34:00+07:00,9.55,9.6,9.55,9.6,678700.0
2023-12-28 11:35:00+07:00,9.6,9.6,9.55,9.6,12100.0
2023-12-28 11:36:00+07:00,9.55,9.6,9.55,9.6,45900.0
2023-12-28 11:37:00+07:00,9.55,9.6,9.55,9.6,2700.0
2023-12-28 11:38:00+07:00,9.6,9.6,9.6,9.6,2000.0
2023-12-28 11:39:00+07:00,9.6,9.6,9.6,9.6,1000.0
2023-12-28 11:40:00+07:00,9.6,9.6,9.6,9.6,1100.0
2023-12-28 11:41:00+07:00,9.6,9.6,9.6,9.6,2300.0
2023-12-28 11:42:00+07:00,9.55,9.6,9.55,9.6,1600.0
2023-12-28 11:43:00+07:00,9.55,9.55,9.55,9.55,1100.0
2023-12-28 11:44:00+07:00,9.6,9.6,9.5,9.5,832700.0
2023-12-28 11:45:00+07:00,9.5,9.5,9.5,9.5,27600.0
2023-12-28 11:46:00+07:00,9.5,9.55,9.5,9.5,12600.0
2023-12-28 11:48:00+07:00,9.55,9.55,9.55,9.55,300.0
2023-12-28 11:49:00+07:00,9.55,9.55,9.55,9.55,200.0
2023-12-28 11:52:00+07:00,9.55,9.55,9.55,9.55,852200.0
2023-12-28 11:53:00+07:00,9.55,9.55,9.55,9.55,30000.0
2023-12-28 11:54:00+07:00,9.55,9.55,9.55,9.55,30900.0
2023-12-28 11:56:00+07:00,9.55,9.55,9.55,9.55,30000.0
2023-12-28 11:57:00+07:00,9.55,9.55,9.5,9.5,18000.0
2023-12-28 11:58:00+07:00,9.5,9.5,9.45,9.45,1023500.0
2023-12-28 11:59:00+07:00,9.45,9.5,9.45,9.45,33300.0
2023-12-28 12:00:00+07:00,9.5,9.5,9.45,9.45,800.0
2023-12-28 12:01:00+07:00,9.45,9.45,9.45,9.45,500.0
2023-12-28 12:02:00+07:00,9.5,9.5,9.45,9.45,4400.0
2023-12-28 12:06:00+07:00,9.5,9.5,9.5,9.5,100.0
2023-12-28 12:09:00+07:00,9.5,9.5,9.45,9.5,3400.0
2023-12-28 12:10:00+07:00,9.5,9.5,9.5,9.5,800.0
2023-12-28 12:11:00+07:00,9.5,9.5,9.45,9.5,13100.0
2023-12-28 12:14:00+07:00,9.5,9.5,9.45,9.5,114400.0
2023-12-28 12:15:00+07:00,9.5,9.5,9.45,9.5,12700.0
2023-12-28 12:16:00+07:00,9.5,9.5,9.5,9.5,1400.0
2023-12-28 12:17:00+07:00,9.5,9.5,9.45,9.5,2000.0
2023-12-28 12:18:00+07:00,9.5,9.5,9.45,9.45,3500.0
2023-12-28 12:19:00+07:00,9.5,9.55,9.4,9.4,2361200.0
2023-12-28 12:20:00+07:00,9.4,9.45,9.4,9.4,19700.0
2023-12-28 12:21:00+07:00,9.45,9.45,9.4,9.4,26700.0
2023-12-28 12:22:00+07:00,9.4,9.45,9.4,9.4,21500.0
2023-12-28 12:23:00+07:00,9.4,9.4,9.35,9.35,1647700.0
2023-12-28 12:24:00+07:00,9.35,9.4,9.35,9.4,62000.0
2023-12-28 12:25:00+07:00,9.35,9.4,9.35,9.35,204500.0
2023-12-28 12:26:00+07:00,9.4,9.4,9.35,9.35,7600.0
2023-12-28 12:27:00+07:00,9.4,9.4,9.35,9.35,66000.0
2023-12-28 12:28:00+07:00,9.4,9.4,9.4,9.4,1100.0
2023-12-28 12:29:00+07:00,9.4,9.4,9.35,9.35,21600.0
2023-12-28 14:27:00+07:00,9.35,9.4,9.3,9.3,1550000.0
2023-12-28 14:28:00+07:00,9.35,9.4,9.35,9.35,369400.0
2023-12-28 14:29:00+07:00,9.35,9.35,9.3,9.35,207100.0
2023-12-28 14:30:00+07:00,9.35,9.35,9.35,9.35,236300.0
2023-12-28 14:31:00+07:00,9.35,9.4,9.35,9.35,45700.0
2023-12-28 14:32:00+07:00,9.35,9.35,9.35,9.35,1500.0
2023-12-28 14:33:00+07:00,9.4,9.4,9.4,9.4,200.0
2023-12-28 14:36:00+07:00,9.4,9.4,9.4,9.4,200.0
2023-12-28 14:37:00+07:00,9.4,9.4,9.4,9.4,1000.0
2023-12-28 14:38:00+07:00,9.4,9.4,9.4,9.4,1700.0
2023-12-28 14:41:00+07:00,9.4,9.4,9.4,9.4,100.0
2023-12-28 14:43:00+07:00,9.4,9.4,9.4,9.4,100.0
2023-12-28 14:44:00+07:00,9.4,9.4,9.4,9.4,300.0
2023-12-28 14:45:00+07:00,9.4,9.4,9.4,9.4,500.0
2023-12-28 14:46:00+07:00,9.35,9.35,9.3,9.3,547600.0
2023-12-28 14:47:00+07:00,9.3,9.3,9.3,9.3,4700.0
2023-12-28 14:48:00+07:00,9.3,9.35,9.3,9.3,9600.0
2023-12-28 14:50:00+07:00,9.35,9.35,9.3,9.3,2700.0
2023-12-28 14:51:00+07:00,9.35,9.35,9.35,9.35,12200.0
2023-12-28 14:52:00+07:00,9.3,9.35,9.3,9.35,7300.0
2023-12-28 14:54:00+07:00,9.35,9.35,9.3,9.3,2600.0
2023-12-28 14:55:00+07:00,9.35,9.35,9.3,9.3,58400.0
2023-12-28 14:56:00+07:00,9.35,9.35,9.35,9.35,1100.0
2023-12-28 14:57:00+07:00,9.35,9.35,9.3,9.35,34800.0
2023-12-28 14:58:00+07:00,9.35,9.35,9.3,9.35,50600.0
2023-12-28 14:59:00+07:00,9.35,9.35,9.35,9.35,1200.0
2023-12-28 15:00:00+07:00,9.35,9.35,9.3,9.35,23400.0
2023-12-28 15:01:00+07:00,9.3,9.35,9.3,9.35,505600.0
2023-12-28 15:02:00+07:00,9.35,9.35,9.3,9.35,55000.0
2023-12-28 15:03:00+07:00,9.35,9.35,9.35,9.35,2900.0
2023-12-28 15:04:00+07:00,9.35,9.35,9.35,9.35,5900.0
2023-12-28 15:05:00+07:00,9.35,9.35,9.35,9.35,53100.0
2023-12-28 15:06:00+07:00,9.3,9.35,9.3,9.35,1100.0
2023-12-28 15:07:00+07:00,9.35,9.35,9.35,9.35,1700.0
2023-12-28 15:08:00+07:00,9.35,9.35,9.35,9.35,2500.0
2023-12-28 15:09:00+07:00,9.35,9.35,9.35,9.35,1600.0
2023-12-28 15:10:00+07:00,9.35,9.35,9.35,9.35,2900.0
2023-12-28 15:11:00+07:00,9.35,9.35,9.35,9.35,6500.0
2023-12-28 15:12:00+07:00,9.35,9.35,9.35,9.35,2100.0
2023-12-28 15:13:00+07:00,9.35,9.35,9.35,9.35,800.0
2023-12-28 15:14:00+07:00,9.35,9.35,9.35,9.35,1300.0
2023-12-28 15:15:00+07:00,9.35,9.35,9.35,9.35,2900.0
2023-12-28 15:16:00+07:00,9.35,9.35,9.35,9.35,106200.0
2023-12-28 15:17:00+07:00,9.35,9.35,9.3,9.35,2200.0
2023-12-28 15:18:00+07:00,9.35,9.35,9.35,9.35,11200.0
2023-12-28 15:19:00+07:00,9.35,9.35,9.35,9.35,900.0
2023-12-28 15:20:00+07:00,9.35,9.35,9.35,9.35,2100.0
2023-12-28 15:21:00+07:00,9.35,9.35,9.35,9.35,1000.0
2023-12-28 15:22:00+07:00,9.35,9.35,9.3,9.35,5900.0
2023-12-28 15:24:00+07:00,9.35,9.35,9.35,9.35,5800.0
2023-12-28 15:26:00+07:00,9.35,9.35,9.35,9.35,1200.0
2023-12-28 15:27:00+07:00,9.35,9.35,9.35,9.35,500.0
2023-12-28 15:28:00+07:00,9.35,9.35,9.35,9.35,1200.0
2023-12-28 15:29:00+07:00,9.35,9.35,9.35,9.35,200.0
2023-12-28 15:30:00+07:00,9.35,9.35,9.35,9.35,21100.0
2023-12-28 15:31:00+07:00,9.35,9.35,9.35,9.35,8400.0
2023-12-28 15:32:00+07:00,9.35,9.35,9.35,9.35,1000.0
2023-12-28 15:34:00+07:00,9.35,9.35,9.25,9.25,1780000.0
2023-12-28 15:35:00+07:00,9.25,9.25,9.2,9.25,1374200.0
2023-12-28 15:36:00+07:00,9.2,9.25,9.2,9.2,1069000.0
2023-12-28 15:37:00+07:00,9.2,9.25,9.2,9.2,7500.0
2023-12-28 15:38:00+07:00,9.25,9.25,9.15,9.15,720900.0
2023-12-28 15:39:00+07:00,9.2,9.2,9.15,9.15,160100.0
2023-12-28 15:40:00+07:00,9.15,9.2,9.15,9.15,37900.0
2023-12-28 15:41:00+07:00,9.2,9.2,9.15,9.15,47500.0
2023-12-28 15:42:00+07:00,9.15,9.2,9.15,9.2,39900.0
2023-12-28 15:43:00+07:00,9.15,9.2,9.15,9.15,63500.0
2023-12-28 15:44:00+07:00,9.2,9.2,9.15,9.2,946100.0
2023-12-28 15:45:00+07:00,9.2,9.2,9.2,9.2,499700.0
2023-12-28 15:46:00+07:00,9.2,9.2,9.15,9.15,1367500.0
2023-12-28 15:47:00+07:00,9.15,9.15,9.1,9.15,153900.0
2023-12-28 15:48:00+07:00,9.1,9.15,9.1,9.1,61900.0
2023-12-28 15:49:00+07:00,9.15,9.15,9.1,9.1,45900.0
2023-12-28 15:50:00+07:00,9.15,9.15,9.0,9.0,2502800.0
2023-12-28 15:51:00+07:00,9.05,9.05,8.9,9.0,4584700.0
2023-12-28 15:52:00+07:00,9.0,9.05,9.0,9.05,1001600.0
2023-12-28 15:53:00+07:00,9.0,9.0,8.95,9.0,328600.0
2023-12-28 15:54:00+07:00,9.0,9.0,8.95,9.0,281700.0
2023-12-28 15:55:00+07:00,9.0,9.0,8.95,9.0,253600.0
2023-12-28 15:56:00+07:00,9.0,9.0,9.0,9.0,1120100.0
2023-12-28 15:57:00+07:00,9.0,9.0,9.0,9.0,251600.0
2023-12-28 15:58:00+07:00,9.0,9.0,9.0,9.0,753900.0
2023-12-28 15:59:00+07:00,9.05,9.05,9.0,9.0,405600.0
2023-12-28 16:00:00+07:00,9.05,9.05,9.05,9.05,21300.0
2023-12-28 16:01:00+07:00,9.0,9.05,9.0,9.0,29500.0
2023-12-28 16:02:00+07:00,9.05,9.05,9.0,9.0,800900.0
2023-12-28 16:03:00+07:00,9.05,9.05,9.05,9.05,100.0
2023-12-28 16:04:00+07:00,9.0,9.05,8.95,8.95,1506700.0
2023-12-28 16:05:00+07:00,9.0,9.0,9.0,9.0,312100.0
2023-12-28 16:06:00+07:00,9.05,9.1,9.05,9.05,318000.0
2023-12-28 16:07:00+07:00,9.05,9.05,9.05,9.05,20500.0
2023-12-28 16:08:00+07:00,9.1,9.1,9.05,9.1,571300.0
2023-12-28 16:09:00+07:00,9.1,9.1,9.1,9.1,23700.0
2023-12-28 16:10:00+07:00,9.1,9.1,9.1,9.1,24600.0
2023-12-28 16:11:00+07:00,9.1,9.1,9.05,9.1,87500.0
2023-12-28 16:12:00+07:00,9.1,9.1,9.1,9.1,23000.0
2023-12-28 16:13:00+07:00,9.1,9.1,9.1,9.1,601500.0
2023-12-28 16:14:00+07:00,9.1,9.1,9.1,9.1,53300.0
2023-12-28 16:15:00+07:00,9.1,9.1,9.05,9.1,23000.0
2023-12-28 16:16:00+07:00,9.1,9.1,9.1,9.1,25100.0
2023-12-28 16:17:00+07:00,9.1,9.1,9.1,9.1,16800.0
2023-12-28 16:18:00+07:00,9.1,9.1,9.1,9.1,19100.0
2023-12-28 16:19:00+07:00,9.1,9.1,9.1,9.1,13400.0
2023-12-28 16:20:00+07:00,9.1,9.1,9.1,9.1,8400.0
2023-12-28 16:21:00+07:00,9.1,9.1,9.1,9.1,4700.0
2023-12-28 16:22:00+07:00,9.1,9.1,9.1,9.1,3600.0
2023-12-28 16:23:00+07:00,9.1,9.1,9.1,9.1,12600.0
2023-12-28 16:24:00+07:00,9.1,9.1,9.1,9.1,24300.0
2023-12-28 16:25:00+07:00,9.1,9.1,9.1,9.1,6700.0
2023-12-28 16:26:00+07:00,9.1,9.1,9.05,9.05,46200.0
2023-12-28 16:27:00+07:00,9.1,9.1,9.1,9.1,19000.0
2023-12-28 16:28:00+07:00,9.1,9.1,9.05,9.1,36300.0
2023-12-28 16:29:00+07:00,9.05,9.1,9.0,9.05,3005700.0
2023-12-28 16:37:00+07:00,9.15,9.15,9.15,9.15,3420100.0
